,symbol,report_date,open,close,high,low,volume
0,TSLA,2010-06-29,1.27,1.59,1.67,1.17,281494500
1,TSLA,2010-06-30,1.72,1.59,2.03,1.55,257806500
2,TSLA,2010-07-01,1.67,1.46,1.73,1.35,123282000
3,TSLA,2010-07-02,1.53,1.28,1.54,1.25,77097000
4,TSLA,2010-07-06,1.33,1.07,1.33,1.06,103003500
5,TSLA,2010-07-07,1.09,1.05,1.11,1.0,103825500
6,TSLA,2010-07-08,1.08,1.16,1.17,1.04,115671000
7,TSLA,2010-07-09,1.17,1.16,1.19,1.1,60759000
8,TSLA,2010-07-12,1.2,1.14,1.2,1.13,33037500
9,TSLA,2010-07-13,1.16,1.21,1.24,1.13,40201500
10,TSLA,2010-07-14,1.2,1.32,1.34,1.18,62928000
11,TSLA,2010-07-15,1.33,1.33,1.43,1.27,56097000
12,TSLA,2010-07-16,1.38,1.38,1.42,1.34,39319500
13,TSLA,2010-07-19,1.42,1.46,1.48,1.39,37297500
14,TSLA,2010-07-20,1.46,1.35,1.46,1.34,27379500
15,TSLA,2010-07-21,1.38,1.35,1.39,1.3,18787500
16,TSLA,2010-07-22,1.37,1.4,1.42,1.36,14367000
17,TSLA,2010-07-23,1.41,1.42,1.44,1.4,9804000
18,TSLA,2010-07-26,1.43,1.4,1.43,1.35,13833000
19,TSLA,2010-07-27,1.39,1.37,1.41,1.35,9295500
20,TSLA,2010-07-28,1.37,1.38,1.39,1.37,7008000
21,TSLA,2010-07-29,1.38,1.36,1.39,1.33,9240000
22,TSLA,2010-07-30,1.35,1.33,1.36,1.3,6403500
23,TSLA,2010-08-02,1.37,1.39,1.4,1.36,10771500
24,TSLA,2010-08-03,1.4,1.46,1.46,1.39,18457500
25,TSLA,2010-08-04,1.46,1.42,1.48,1.39,13695000
26,TSLA,2010-08-05,1.44,1.36,1.44,1.34,11943000
27,TSLA,2010-08-06,1.34,1.31,1.34,1.3,11128500
28,TSLA,2010-08-09,1.33,1.31,1.33,1.3,12190500
29,TSLA,2010-08-10,1.31,1.27,1.31,1.25,19219500
30,TSLA,2010-08-11,1.25,1.19,1.26,1.19,11964000
31,TSLA,2010-08-12,1.19,1.17,1.19,1.16,10365000
32,TSLA,2010-08-13,1.21,1.22,1.23,1.18,9510000
33,TSLA,2010-08-16,1.23,1.25,1.25,1.22,7287000
34,TSLA,2010-08-17,1.26,1.28,1.29,1.25,6718500
35,TSLA,2010-08-18,1.31,1.25,1.31,1.24,9019500
36,TSLA,2010-08-19,1.24,1.25,1.28,1.22,8686500
37,TSLA,2010-08-20,1.24,1.27,1.27,1.23,4440000
38,TSLA,2010-08-23,1.27,1.34,1.36,1.27,16321500
39,TSLA,2010-08-24,1.28,1.28,1.31,1.26,10096500
40,TSLA,2010-08-25,1.28,1.33,1.33,1.24,7549500
41,TSLA,2010-08-26,1.33,1.32,1.35,1.31,6507000
42,TSLA,2010-08-27,1.32,1.31,1.32,1.3,5694000
43,TSLA,2010-08-30,1.31,1.32,1.35,1.31,10992000
44,TSLA,2010-08-31,1.31,1.3,1.32,1.29,3016500
45,TSLA,2010-09-01,1.31,1.36,1.38,1.31,7423500
46,TSLA,2010-09-02,1.36,1.4,1.42,1.35,7306500
47,TSLA,2010-09-03,1.39,1.4,1.42,1.38,6519000
48,TSLA,2010-09-07,1.37,1.37,1.4,1.37,3651000
49,TSLA,2010-09-08,1.38,1.39,1.4,1.37,4326000
50,TSLA,2010-09-09,1.4,1.38,1.4,1.38,5643000
51,TSLA,2010-09-10,1.38,1.34,1.4,1.32,5799000
52,TSLA,2010-09-13,1.39,1.38,1.39,1.37,5412000
53,TSLA,2010-09-14,1.37,1.41,1.44,1.37,9820500
54,TSLA,2010-09-15,1.4,1.47,1.47,1.39,10269000
55,TSLA,2010-09-16,1.48,1.4,1.54,1.39,40267500
56,TSLA,2010-09-17,1.4,1.35,1.42,1.32,17977500
57,TSLA,2010-09-20,1.38,1.4,1.42,1.34,14212500
58,TSLA,2010-09-21,1.39,1.38,1.44,1.38,11940000
59,TSLA,2010-09-22,1.39,1.32,1.4,1.32,14443500
60,TSLA,2010-09-23,1.33,1.3,1.34,1.3,10021500
61,TSLA,2010-09-24,1.33,1.34,1.35,1.31,8683500
62,TSLA,2010-09-27,1.36,1.37,1.39,1.34,6279000
63,TSLA,2010-09-28,1.4,1.43,1.43,1.38,18217500
64,TSLA,2010-09-29,1.41,1.47,1.47,1.41,29539500
65,TSLA,2010-09-30,1.47,1.36,1.48,1.35,32937000
66,TSLA,2010-10-01,1.38,1.37,1.38,1.35,8965500
67,TSLA,2010-10-04,1.36,1.4,1.41,1.35,9654000
68,TSLA,2010-10-05,1.41,1.41,1.42,1.4,4980000
69,TSLA,2010-10-06,1.4,1.36,1.42,1.35,4701000
70,TSLA,2010-10-07,1.37,1.36,1.38,1.36,2115000
71,TSLA,2010-10-08,1.36,1.36,1.39,1.36,4017000
72,TSLA,2010-10-11,1.36,1.35,1.38,1.34,2568000
73,TSLA,2010-10-12,1.35,1.35,1.35,1.34,3660000
74,TSLA,2010-10-13,1.38,1.37,1.39,1.36,4773000
75,TSLA,2010-10-14,1.4,1.38,1.4,1.36,4422000
76,TSLA,2010-10-15,1.39,1.37,1.39,1.35,4270500
77,TSLA,2010-10-18,1.37,1.35,1.38,1.35,2442000
78,TSLA,2010-10-19,1.35,1.34,1.36,1.33,3678000
79,TSLA,2010-10-20,1.34,1.38,1.38,1.34,4687500
80,TSLA,2010-10-21,1.37,1.38,1.4,1.36,6256500
81,TSLA,2010-10-22,1.38,1.38,1.4,1.37,2416500
82,TSLA,2010-10-25,1.4,1.39,1.4,1.38,1777500
83,TSLA,2010-10-26,1.39,1.42,1.46,1.37,9913500
84,TSLA,2010-10-27,1.42,1.4,1.43,1.38,5347500
85,TSLA,2010-10-28,1.43,1.41,1.43,1.4,3363000
86,TSLA,2010-10-29,1.41,1.46,1.46,1.4,4209000
87,TSLA,2010-11-01,1.46,1.43,1.52,1.42,6837000
88,TSLA,2010-11-02,1.45,1.42,1.46,1.4,4837500
89,TSLA,2010-11-03,1.42,1.45,1.5,1.41,5589000
90,TSLA,2010-11-04,1.51,1.66,1.69,1.48,28110000
91,TSLA,2010-11-05,1.66,1.63,1.66,1.58,15165000
92,TSLA,2010-11-08,1.63,1.67,1.67,1.6,7642500
93,TSLA,2010-11-09,1.67,1.64,1.71,1.6,14346000
94,TSLA,2010-11-10,1.63,1.96,2.0,1.6,45907500
95,TSLA,2010-11-11,1.91,1.87,1.94,1.82,29179500
96,TSLA,2010-11-12,1.88,1.99,2.03,1.87,40936500
97,TSLA,2010-11-15,2.01,2.05,2.2,2.01,39343500
98,TSLA,2010-11-16,2.07,1.98,2.09,1.89,20214000
99,TSLA,2010-11-17,2.01,1.97,2.05,1.91,11250000
100,TSLA,2010-11-18,2.04,1.99,2.05,1.93,14341500
101,TSLA,2010-11-19,2.01,2.07,2.09,1.98,17257500
102,TSLA,2010-11-22,2.1,2.23,2.23,2.1,22945500
103,TSLA,2010-11-23,2.22,2.3,2.38,2.15,23667000
104,TSLA,2010-11-24,2.35,2.36,2.4,2.29,21375000
105,TSLA,2010-11-26,2.37,2.35,2.4,2.32,5259000
106,TSLA,2010-11-29,2.36,2.29,2.4,2.22,17184000
107,TSLA,2010-11-30,2.25,2.36,2.36,2.23,33339000
108,TSLA,2010-12-01,2.39,2.29,2.43,2.23,19488000
109,TSLA,2010-12-02,2.27,2.16,2.29,2.08,30105000
110,TSLA,2010-12-03,2.13,2.1,2.15,2.06,17401500
111,TSLA,2010-12-06,2.09,2.02,2.1,1.97,19116000
112,TSLA,2010-12-07,2.03,2.1,2.16,2.0,19669500
113,TSLA,2010-12-08,2.17,2.16,2.17,2.1,9900000
114,TSLA,2010-12-09,2.17,2.14,2.18,2.11,6090000
115,TSLA,2010-12-10,2.14,2.1,2.19,2.08,6441000
116,TSLA,2010-12-13,2.11,2.04,2.12,2.03,6156000
117,TSLA,2010-12-14,2.02,1.9,2.03,1.85,26485500
118,TSLA,2010-12-15,1.91,1.97,2.0,1.9,11143500
119,TSLA,2010-12-16,2.0,2.05,2.06,1.98,11851500
120,TSLA,2010-12-17,2.09,2.09,2.1,2.05,12195000
121,TSLA,2010-12-20,2.11,2.11,2.15,2.08,7851000
122,TSLA,2010-12-21,2.12,2.15,2.18,2.11,11665500
123,TSLA,2010-12-22,2.15,2.18,2.19,2.11,12499500
124,TSLA,2010-12-23,2.08,2.01,2.17,1.99,23289000
125,TSLA,2010-12-27,1.87,1.7,1.91,1.67,139528500
126,TSLA,2010-12-28,1.72,1.76,1.78,1.67,60844500
127,TSLA,2010-12-29,1.8,1.85,1.87,1.77,49788000
128,TSLA,2010-12-30,1.85,1.77,1.86,1.76,30616500
129,TSLA,2010-12-31,1.77,1.78,1.82,1.77,21268500
130,TSLA,2011-01-03,1.79,1.77,1.8,1.73,19245000
131,TSLA,2011-01-04,1.78,1.78,1.8,1.73,17811000
132,TSLA,2011-01-05,1.77,1.79,1.79,1.75,21700500
133,TSLA,2011-01-06,1.79,1.86,1.87,1.79,30918000
134,TSLA,2011-01-07,1.87,1.88,1.91,1.86,33718500
135,TSLA,2011-01-10,1.88,1.9,1.91,1.87,20140500
136,TSLA,2011-01-11,1.91,1.8,1.91,1.79,25653000
137,TSLA,2011-01-12,1.8,1.8,1.83,1.77,14466000
138,TSLA,2011-01-13,1.8,1.75,1.8,1.74,10854000
139,TSLA,2011-01-14,1.74,1.72,1.77,1.71,17880000
140,TSLA,2011-01-18,1.7,1.71,1.71,1.65,24325500
141,TSLA,2011-01-19,1.68,1.6,1.7,1.58,35572500
142,TSLA,2011-01-20,1.6,1.51,1.63,1.49,34198500
143,TSLA,2011-01-21,1.54,1.54,1.57,1.51,18255000
144,TSLA,2011-01-24,1.57,1.63,1.65,1.55,24676500
145,TSLA,2011-01-25,1.64,1.65,1.66,1.6,19072500
146,TSLA,2011-01-26,1.65,1.65,1.66,1.61,16198500
147,TSLA,2011-01-27,1.65,1.66,1.67,1.64,13435500
148,TSLA,2011-01-28,1.66,1.6,1.66,1.58,15726000
149,TSLA,2011-01-31,1.6,1.61,1.61,1.57,12454500
150,TSLA,2011-02-01,1.62,1.59,1.65,1.57,10617000
151,TSLA,2011-02-02,1.61,1.6,1.61,1.58,8542500
152,TSLA,2011-02-03,1.59,1.58,1.59,1.54,7680000
153,TSLA,2011-02-04,1.56,1.56,1.58,1.55,8160000
154,TSLA,2011-02-07,1.55,1.54,1.55,1.53,13426500
155,TSLA,2011-02-08,1.59,1.63,1.68,1.53,52573500
156,TSLA,2011-02-09,1.61,1.55,1.61,1.52,39534000
157,TSLA,2011-02-10,1.55,1.55,1.58,1.52,12541500
158,TSLA,2011-02-11,1.55,1.55,1.58,1.53,9517500
159,TSLA,2011-02-14,1.58,1.54,1.61,1.54,19246500
160,TSLA,2011-02-15,1.53,1.52,1.54,1.5,14305500
161,TSLA,2011-02-16,1.54,1.65,1.66,1.54,61726500
162,TSLA,2011-02-17,1.64,1.57,1.7,1.57,39276000
163,TSLA,2011-02-18,1.56,1.55,1.57,1.53,35560500
164,TSLA,2011-02-22,1.53,1.46,1.53,1.45,30969000
165,TSLA,2011-02-23,1.48,1.46,1.5,1.41,24084000
166,TSLA,2011-02-24,1.45,1.5,1.51,1.43,15829500
167,TSLA,2011-02-25,1.52,1.57,1.59,1.51,20194500
168,TSLA,2011-02-28,1.58,1.59,1.61,1.57,15768000
169,TSLA,2011-03-01,1.6,1.6,1.62,1.58,16596000
170,TSLA,2011-03-02,1.59,1.6,1.62,1.58,9949500
171,TSLA,2011-03-03,1.63,1.62,1.65,1.6,9603000
172,TSLA,2011-03-04,1.63,1.66,1.67,1.59,23701500
173,TSLA,2011-03-07,1.66,1.66,1.69,1.65,30504000
174,TSLA,2011-03-08,1.64,1.64,1.66,1.6,20998500
175,TSLA,2011-03-09,1.64,1.65,1.67,1.62,13872000
176,TSLA,2011-03-10,1.63,1.6,1.63,1.58,15255000
177,TSLA,2011-03-11,1.59,1.6,1.62,1.57,13962000
178,TSLA,2011-03-14,1.59,1.55,1.6,1.55,17490000
179,TSLA,2011-03-15,1.48,1.53,1.53,1.45,19782000
180,TSLA,2011-03-16,1.52,1.52,1.55,1.51,17545500
181,TSLA,2011-03-17,1.55,1.52,1.56,1.51,13839000
182,TSLA,2011-03-18,1.55,1.53,1.55,1.5,10318500
183,TSLA,2011-03-21,1.54,1.52,1.54,1.5,6175500
184,TSLA,2011-03-22,1.52,1.48,1.52,1.47,8743500
185,TSLA,2011-03-23,1.47,1.48,1.48,1.45,6342000
186,TSLA,2011-03-24,1.48,1.49,1.49,1.47,6933000
187,TSLA,2011-03-25,1.5,1.52,1.53,1.49,8520000
188,TSLA,2011-03-28,1.51,1.55,1.57,1.5,15871500
189,TSLA,2011-03-29,1.55,1.59,1.6,1.55,11331000
190,TSLA,2011-03-30,1.61,1.58,1.63,1.53,18349500
191,TSLA,2011-03-31,1.77,1.85,1.91,1.77,172767000
192,TSLA,2011-04-01,1.83,1.78,1.88,1.77,42972000
193,TSLA,2011-04-04,1.79,1.72,1.8,1.68,39139500
194,TSLA,2011-04-05,1.73,1.78,1.8,1.71,47713500
195,TSLA,2011-04-06,1.8,1.77,1.8,1.72,19324500
196,TSLA,2011-04-07,1.79,1.82,1.86,1.76,42154500
197,TSLA,2011-04-08,1.84,1.77,1.84,1.76,29196000
198,TSLA,2011-04-11,1.76,1.68,1.77,1.67,20541000
199,TSLA,2011-04-12,1.67,1.64,1.68,1.62,20361000
200,TSLA,2011-04-13,1.68,1.66,1.71,1.65,18172500
201,TSLA,2011-04-14,1.66,1.68,1.69,1.61,14751000
202,TSLA,2011-04-15,1.71,1.71,1.75,1.69,14152500
203,TSLA,2011-04-18,1.68,1.67,1.71,1.62,15508500
204,TSLA,2011-04-19,1.68,1.68,1.68,1.64,8230500
205,TSLA,2011-04-20,1.71,1.72,1.74,1.69,12558000
206,TSLA,2011-04-21,1.72,1.78,1.8,1.71,20791500
207,TSLA,2011-04-25,1.78,1.76,1.78,1.73,12013500
208,TSLA,2011-04-26,1.78,1.8,1.82,1.75,21000000
209,TSLA,2011-04-27,1.8,1.81,1.82,1.78,14953500
210,TSLA,2011-04-28,1.8,1.84,1.85,1.78,24000000
211,TSLA,2011-04-29,1.85,1.84,1.86,1.83,10890000
212,TSLA,2011-05-02,1.84,1.83,1.85,1.8,11769000
213,TSLA,2011-05-03,1.83,1.79,1.83,1.77,13708500
214,TSLA,2011-05-04,1.79,1.78,1.8,1.72,15667500
215,TSLA,2011-05-05,1.81,1.76,1.83,1.74,18277500
216,TSLA,2011-05-06,1.79,1.81,1.85,1.77,14725500
217,TSLA,2011-05-09,1.8,1.86,1.87,1.79,13746000
218,TSLA,2011-05-10,1.88,1.89,1.93,1.86,23029500
219,TSLA,2011-05-11,1.88,1.8,1.89,1.79,14437500
220,TSLA,2011-05-12,1.8,1.84,1.85,1.78,9420000
221,TSLA,2011-05-13,1.87,1.84,1.88,1.82,9922500
222,TSLA,2011-05-16,1.87,1.77,1.87,1.77,11335500
223,TSLA,2011-05-17,1.8,1.73,1.8,1.71,18513000
224,TSLA,2011-05-18,1.74,1.76,1.76,1.7,10942500
225,TSLA,2011-05-19,1.8,1.88,1.9,1.77,39826500
226,TSLA,2011-05-20,1.88,1.86,1.89,1.82,12637500
227,TSLA,2011-05-23,1.84,1.79,1.84,1.77,12954000
228,TSLA,2011-05-24,1.8,1.78,1.83,1.77,9205500
229,TSLA,2011-05-25,1.79,1.93,1.93,1.74,70396500
230,TSLA,2011-05-26,1.92,1.97,1.98,1.87,50053500
231,TSLA,2011-05-27,1.97,1.97,1.98,1.92,25306500
232,TSLA,2011-05-31,1.98,2.01,2.02,1.97,49357500
233,TSLA,2011-06-01,2.0,1.9,2.01,1.89,22948500
234,TSLA,2011-06-02,1.9,1.92,1.95,1.9,14794500
235,TSLA,2011-06-03,2.0,2.01,2.1,1.97,93138000
236,TSLA,2011-06-06,2.01,1.91,2.01,1.88,34966500
237,TSLA,2011-06-07,1.93,1.89,1.96,1.88,18331500
238,TSLA,2011-06-08,1.9,1.81,1.91,1.8,25438500
239,TSLA,2011-06-09,1.83,1.84,1.87,1.81,24048000
240,TSLA,2011-06-10,1.83,1.86,1.89,1.82,23499000
241,TSLA,2011-06-13,1.87,1.9,1.93,1.86,25701000
242,TSLA,2011-06-14,1.9,1.91,1.98,1.9,23601000
243,TSLA,2011-06-15,1.9,1.82,1.9,1.8,20175000
244,TSLA,2011-06-16,1.84,1.77,1.87,1.72,27633000
245,TSLA,2011-06-17,1.79,1.77,1.85,1.74,25710000
246,TSLA,2011-06-20,1.75,1.73,1.76,1.7,23067000
247,TSLA,2011-06-21,1.75,1.84,1.85,1.73,22440000
248,TSLA,2011-06-22,1.82,1.81,1.88,1.81,22134000
249,TSLA,2011-06-23,1.81,1.85,1.85,1.75,17550000
250,TSLA,2011-06-24,1.84,1.84,1.86,1.82,54127500
251,TSLA,2011-06-27,1.85,1.83,1.89,1.82,27141000
252,TSLA,2011-06-28,1.85,1.87,1.88,1.84,13338000
253,TSLA,2011-06-29,1.9,1.89,1.94,1.87,21927000
254,TSLA,2011-06-30,1.9,1.94,1.96,1.89,14200500
255,TSLA,2011-07-01,1.94,1.93,1.97,1.92,12823500
256,TSLA,2011-07-05,1.93,1.94,1.97,1.91,14940000
257,TSLA,2011-07-06,1.94,1.93,1.94,1.9,13903500
258,TSLA,2011-07-07,1.94,1.98,2.0,1.93,19918500
259,TSLA,2011-07-08,1.99,1.92,1.99,1.91,18609000
260,TSLA,2011-07-11,1.89,1.89,1.9,1.87,14637000
261,TSLA,2011-07-12,1.89,1.88,1.94,1.87,15681000
262,TSLA,2011-07-13,1.9,1.91,1.94,1.86,15990000
263,TSLA,2011-07-14,1.9,1.84,1.93,1.82,17385000
264,TSLA,2011-07-15,1.85,1.84,1.86,1.83,10635000
265,TSLA,2011-07-18,1.82,1.82,1.83,1.78,12778500
266,TSLA,2011-07-19,1.84,1.86,1.87,1.84,15391500
267,TSLA,2011-07-20,1.87,1.91,2.03,1.85,45724500
268,TSLA,2011-07-21,1.93,1.91,1.94,1.87,15172500
269,TSLA,2011-07-22,1.91,1.95,1.97,1.9,8752500
270,TSLA,2011-07-25,1.93,1.9,1.95,1.9,10099500
271,TSLA,2011-07-26,1.89,1.87,1.92,1.86,11409000
272,TSLA,2011-07-27,1.9,1.84,1.9,1.83,14377500
273,TSLA,2011-07-28,1.84,1.88,1.9,1.84,14080500
274,TSLA,2011-07-29,1.85,1.88,1.89,1.83,14223000
275,TSLA,2011-08-01,1.91,1.92,1.93,1.88,17473500
276,TSLA,2011-08-02,1.91,1.82,1.95,1.82,23241000
277,TSLA,2011-08-03,1.83,1.81,1.86,1.76,26917500
278,TSLA,2011-08-04,1.77,1.65,1.79,1.64,45967500
279,TSLA,2011-08-05,1.67,1.62,1.69,1.52,29466000
280,TSLA,2011-08-08,1.54,1.58,1.63,1.54,39127500
281,TSLA,2011-08-09,1.61,1.67,1.7,1.58,20001000
282,TSLA,2011-08-10,1.7,1.59,1.7,1.58,23463000
283,TSLA,2011-08-11,1.6,1.69,1.72,1.6,12547500
284,TSLA,2011-08-12,1.71,1.75,1.81,1.69,15136500
285,TSLA,2011-08-15,1.77,1.75,1.78,1.73,11079000
286,TSLA,2011-08-16,1.74,1.74,1.77,1.72,8065500
287,TSLA,2011-08-17,1.76,1.72,1.78,1.7,9655500
288,TSLA,2011-08-18,1.67,1.62,1.68,1.56,15849000
289,TSLA,2011-08-19,1.59,1.49,1.61,1.47,20629500
290,TSLA,2011-08-22,1.54,1.46,1.59,1.45,14791500
291,TSLA,2011-08-23,1.46,1.53,1.54,1.43,13035000
292,TSLA,2011-08-24,1.54,1.59,1.6,1.52,10264500
293,TSLA,2011-08-25,1.59,1.54,1.59,1.53,10197000
294,TSLA,2011-08-26,1.51,1.58,1.6,1.47,11427000
295,TSLA,2011-08-29,1.61,1.65,1.66,1.6,12051000
296,TSLA,2011-08-30,1.63,1.64,1.65,1.61,5493000
297,TSLA,2011-08-31,1.65,1.65,1.7,1.62,12357000
298,TSLA,2011-09-01,1.64,1.6,1.66,1.59,12721500
299,TSLA,2011-09-02,1.58,1.54,1.6,1.51,11548500
300,TSLA,2011-09-06,1.5,1.53,1.55,1.49,12147000
301,TSLA,2011-09-07,1.56,1.59,1.6,1.55,6888000
302,TSLA,2011-09-08,1.57,1.57,1.6,1.55,7585500
303,TSLA,2011-09-09,1.56,1.53,1.57,1.5,10039500
304,TSLA,2011-09-12,1.5,1.53,1.55,1.5,8499000
305,TSLA,2011-09-13,1.53,1.61,1.61,1.52,10897500
306,TSLA,2011-09-14,1.62,1.62,1.66,1.59,12462000
307,TSLA,2011-09-15,1.64,1.65,1.66,1.62,8439000
308,TSLA,2011-09-16,1.65,1.72,1.72,1.63,21256500
309,TSLA,2011-09-19,1.66,1.72,1.72,1.59,17361000
310,TSLA,2011-09-20,1.73,1.73,1.77,1.71,17706000
311,TSLA,2011-09-21,1.73,1.72,1.8,1.71,14814000
312,TSLA,2011-09-22,1.71,1.71,1.74,1.66,11637000
313,TSLA,2011-09-23,1.7,1.76,1.77,1.69,17346000
314,TSLA,2011-09-26,1.77,1.7,1.77,1.66,14022000
315,TSLA,2011-09-27,1.73,1.75,1.8,1.7,10117500
316,TSLA,2011-09-28,1.73,1.64,1.77,1.63,10849500
317,TSLA,2011-09-29,1.71,1.61,1.72,1.57,13944000
318,TSLA,2011-09-30,1.65,1.63,1.66,1.57,20041500
319,TSLA,2011-10-03,1.66,1.58,1.67,1.55,15348000
320,TSLA,2011-10-04,1.55,1.58,1.62,1.53,18004500
321,TSLA,2011-10-05,1.6,1.69,1.72,1.56,18442500
322,TSLA,2011-10-06,1.69,1.8,1.84,1.67,26536500
323,TSLA,2011-10-07,1.8,1.8,1.84,1.74,19674000
324,TSLA,2011-10-10,1.82,1.86,1.88,1.8,13852500
325,TSLA,2011-10-11,1.83,1.84,1.85,1.81,8635500
326,TSLA,2011-10-12,1.82,1.85,1.87,1.81,16851000
327,TSLA,2011-10-13,1.84,1.86,1.9,1.83,15652500
328,TSLA,2011-10-14,1.87,1.87,1.9,1.82,21007500
329,TSLA,2011-10-17,1.86,1.83,1.87,1.82,11317500
330,TSLA,2011-10-18,1.82,1.89,1.9,1.78,14995500
331,TSLA,2011-10-19,1.87,1.84,1.87,1.82,11893500
332,TSLA,2011-10-20,1.83,1.82,1.83,1.8,14995500
333,TSLA,2011-10-21,1.83,1.87,1.89,1.8,17139000
334,TSLA,2011-10-24,1.86,1.9,1.93,1.85,14109000
335,TSLA,2011-10-25,1.88,1.88,1.92,1.85,9816000
336,TSLA,2011-10-26,1.88,1.87,1.89,1.83,7657500
337,TSLA,2011-10-27,1.89,1.92,1.93,1.87,13041000
338,TSLA,2011-10-28,1.9,1.99,2.0,1.87,18960000
339,TSLA,2011-10-31,1.97,1.96,1.97,1.92,17010000
340,TSLA,2011-11-01,1.89,1.93,1.93,1.87,9528000
341,TSLA,2011-11-02,1.93,1.91,1.95,1.88,13129500
342,TSLA,2011-11-03,2.0,2.16,2.17,1.97,37645500
343,TSLA,2011-11-04,2.1,2.15,2.16,2.03,45493500
344,TSLA,2011-11-07,2.11,2.08,2.13,2.05,18994500
345,TSLA,2011-11-08,2.09,2.12,2.13,2.05,17518500
346,TSLA,2011-11-09,2.06,2.06,2.1,2.02,14305500
347,TSLA,2011-11-10,2.06,2.09,2.1,2.04,11209500
348,TSLA,2011-11-11,2.13,2.24,2.3,2.04,58024500
349,TSLA,2011-11-14,2.2,2.21,2.24,2.17,19885500
350,TSLA,2011-11-15,2.19,2.26,2.29,2.18,13365000
351,TSLA,2011-11-16,2.23,2.33,2.33,2.23,27498000
352,TSLA,2011-11-17,2.3,2.25,2.33,2.21,20239500
353,TSLA,2011-11-18,2.24,2.17,2.27,2.17,13542000
354,TSLA,2011-11-21,2.16,2.12,2.16,2.07,15474000
355,TSLA,2011-11-22,2.12,2.14,2.19,2.07,10989000
356,TSLA,2011-11-23,2.12,2.1,2.14,2.08,6777000
357,TSLA,2011-11-25,2.1,2.11,2.16,2.07,3594000
358,TSLA,2011-11-28,2.13,2.17,2.22,2.12,10218000
359,TSLA,2011-11-29,2.17,2.12,2.2,2.11,8866500
360,TSLA,2011-11-30,2.17,2.18,2.2,2.15,11404500
361,TSLA,2011-12-01,2.17,2.17,2.27,2.13,15453000
362,TSLA,2011-12-02,2.19,2.22,2.25,2.16,12042000
363,TSLA,2011-12-05,2.24,2.29,2.33,2.23,17401500
364,TSLA,2011-12-06,2.28,2.32,2.33,2.27,14277000
365,TSLA,2011-12-07,2.31,2.28,2.33,2.25,10114500
366,TSLA,2011-12-08,2.06,2.06,2.11,1.97,49587000
367,TSLA,2011-12-09,2.04,2.07,2.07,2.02,18592500
368,TSLA,2011-12-12,2.03,2.03,2.04,2.0,11380500
369,TSLA,2011-12-13,2.04,1.96,2.06,1.93,14911500
370,TSLA,2011-12-14,1.97,1.9,1.98,1.87,17458500
371,TSLA,2011-12-15,1.91,1.91,1.94,1.87,10504500
372,TSLA,2011-12-16,1.92,1.87,1.93,1.87,15445500
373,TSLA,2011-12-19,1.87,1.85,1.9,1.82,14805000
374,TSLA,2011-12-20,1.87,1.86,1.9,1.85,12649500
375,TSLA,2011-12-21,1.86,1.84,1.87,1.74,25582500
376,TSLA,2011-12-22,1.84,1.85,1.87,1.82,15141000
377,TSLA,2011-12-23,1.87,1.86,1.87,1.83,8871000
378,TSLA,2011-12-27,1.84,1.9,1.92,1.84,11662500
379,TSLA,2011-12-28,1.93,1.9,1.95,1.87,8628000
380,TSLA,2011-12-29,1.91,1.92,1.96,1.9,7323000
381,TSLA,2011-12-30,1.9,1.9,1.93,1.88,5097000
382,TSLA,2012-01-03,1.93,1.87,1.97,1.84,13921500
383,TSLA,2012-01-04,1.88,1.85,1.91,1.83,9451500
384,TSLA,2012-01-05,1.85,1.81,1.86,1.79,15082500
385,TSLA,2012-01-06,1.81,1.79,1.85,1.76,14794500
386,TSLA,2012-01-09,1.8,1.82,1.83,1.74,13455000
387,TSLA,2012-01-10,1.83,1.84,1.85,1.82,10077000
388,TSLA,2012-01-11,1.84,1.88,1.89,1.82,10084500
389,TSLA,2012-01-12,1.9,1.88,1.91,1.85,10939500
390,TSLA,2012-01-13,1.89,1.52,1.9,1.51,82506000
391,TSLA,2012-01-17,1.77,1.77,1.82,1.76,69774000
392,TSLA,2012-01-18,1.78,1.79,1.79,1.75,18903000
393,TSLA,2012-01-19,1.81,1.78,1.85,1.77,18694500
394,TSLA,2012-01-20,1.79,1.77,1.8,1.76,9934500
395,TSLA,2012-01-23,1.79,1.78,1.81,1.77,8919000
396,TSLA,2012-01-24,1.78,1.83,1.85,1.76,12870000
397,TSLA,2012-01-25,1.82,1.86,1.87,1.8,9168000
398,TSLA,2012-01-26,1.87,1.93,1.97,1.87,19066500
399,TSLA,2012-01-27,1.9,1.96,1.98,1.9,11226000
400,TSLA,2012-01-30,1.97,1.97,1.97,1.9,10935000
401,TSLA,2012-01-31,1.99,1.94,2.0,1.92,14346000
402,TSLA,2012-02-01,1.94,1.97,1.98,1.93,7848000
403,TSLA,2012-02-02,1.98,2.02,2.06,1.97,12085500
404,TSLA,2012-02-03,2.03,2.08,2.09,2.02,11467500
405,TSLA,2012-02-06,2.07,2.12,2.13,2.07,9781500
406,TSLA,2012-02-07,2.12,2.11,2.12,2.05,15324000
407,TSLA,2012-02-08,2.11,2.13,2.13,2.09,9355500
408,TSLA,2012-02-09,2.13,2.17,2.19,2.1,19156500
409,TSLA,2012-02-10,2.15,2.07,2.15,1.99,28113000
410,TSLA,2012-02-13,2.1,2.1,2.14,2.06,17368500
411,TSLA,2012-02-14,2.12,2.21,2.25,2.09,27162000
412,TSLA,2012-02-15,2.21,2.24,2.29,2.15,41427000
413,TSLA,2012-02-16,2.23,2.28,2.3,2.17,33295500
414,TSLA,2012-02-17,2.27,2.33,2.33,2.23,20650500
415,TSLA,2012-02-21,2.32,2.3,2.32,2.25,17037000
416,TSLA,2012-02-22,2.3,2.28,2.31,2.17,24819000
417,TSLA,2012-02-23,2.27,2.3,2.33,2.24,12306000
418,TSLA,2012-02-24,2.28,2.25,2.3,2.22,14398500
419,TSLA,2012-02-27,2.23,2.24,2.27,2.2,9090000
420,TSLA,2012-02-28,2.24,2.25,2.3,2.21,9183000
421,TSLA,2012-02-29,2.25,2.23,2.27,2.21,8035500
422,TSLA,2012-03-01,2.23,2.29,2.3,2.22,10552500
423,TSLA,2012-03-02,2.29,2.27,2.3,2.25,8250000
424,TSLA,2012-03-05,2.29,2.25,2.29,2.23,7005000
425,TSLA,2012-03-06,2.22,2.21,2.22,2.17,8607000
426,TSLA,2012-03-07,2.21,2.21,2.22,2.19,5473500
427,TSLA,2012-03-08,2.21,2.2,2.23,2.2,9499500
428,TSLA,2012-03-09,2.21,2.32,2.35,2.21,23301000
429,TSLA,2012-03-12,2.31,2.4,2.42,2.31,29449500
430,TSLA,2012-03-13,2.43,2.41,2.44,2.37,15024000
431,TSLA,2012-03-14,2.4,2.35,2.4,2.32,12772500
432,TSLA,2012-03-15,2.35,2.33,2.37,2.32,8574000
433,TSLA,2012-03-16,2.33,2.35,2.39,2.32,10939500
434,TSLA,2012-03-19,2.35,2.33,2.35,2.3,15234000
435,TSLA,2012-03-20,2.33,2.33,2.35,2.3,8505000
436,TSLA,2012-03-21,2.33,2.34,2.35,2.31,9108000
437,TSLA,2012-03-22,2.33,2.29,2.34,2.29,7836000
438,TSLA,2012-03-23,2.28,2.27,2.31,2.21,17559000
439,TSLA,2012-03-26,2.37,2.49,2.54,2.34,47107500
440,TSLA,2012-03-27,2.48,2.53,2.66,2.47,38088000
441,TSLA,2012-03-28,2.52,2.52,2.56,2.47,14325000
442,TSLA,2012-03-29,2.55,2.49,2.55,2.47,11946000
443,TSLA,2012-03-30,2.5,2.48,2.53,2.45,13296000
444,TSLA,2012-04-02,2.49,2.44,2.53,2.44,15429000
445,TSLA,2012-04-03,2.45,2.53,2.56,2.44,16471500
446,TSLA,2012-04-04,2.35,2.33,2.37,2.31,67227000
447,TSLA,2012-04-05,2.34,2.3,2.36,2.29,22641000
448,TSLA,2012-04-09,2.27,2.21,2.29,2.21,24835500
449,TSLA,2012-04-10,2.21,2.16,2.26,2.14,27715500
450,TSLA,2012-04-11,2.22,2.21,2.22,2.13,16582500
451,TSLA,2012-04-12,2.25,2.23,2.3,2.19,15508500
452,TSLA,2012-04-13,2.26,2.24,2.27,2.19,9744000
453,TSLA,2012-04-16,2.23,2.15,2.25,2.14,16494000
454,TSLA,2012-04-17,2.16,2.15,2.2,2.14,16732500
455,TSLA,2012-04-18,2.14,2.18,2.18,2.1,12346500
456,TSLA,2012-04-19,2.18,2.21,2.23,2.17,11623500
457,TSLA,2012-04-20,2.21,2.21,2.25,2.2,12327000
458,TSLA,2012-04-23,2.19,2.13,2.2,2.11,13362000
459,TSLA,2012-04-24,2.12,2.12,2.15,2.07,10117500
460,TSLA,2012-04-25,2.14,2.19,2.2,2.14,10683000
461,TSLA,2012-04-26,2.2,2.23,2.23,2.19,6379500
462,TSLA,2012-04-27,2.24,2.22,2.24,2.19,8865000
463,TSLA,2012-04-30,2.22,2.21,2.22,2.17,6208500
464,TSLA,2012-05-01,2.21,2.25,2.28,2.21,9885000
465,TSLA,2012-05-02,2.23,2.26,2.29,2.23,7459500
466,TSLA,2012-05-03,2.26,2.16,2.27,2.14,12619500
467,TSLA,2012-05-04,2.15,2.12,2.16,2.09,18712500
468,TSLA,2012-05-07,2.13,2.16,2.17,2.11,17370000
469,TSLA,2012-05-08,2.17,2.01,2.18,1.96,46458000
470,TSLA,2012-05-09,2.02,2.0,2.05,1.98,29218500
471,TSLA,2012-05-10,2.2,2.2,2.31,2.16,83344500
472,TSLA,2012-05-11,2.17,2.15,2.23,2.14,18319500
473,TSLA,2012-05-14,2.13,2.0,2.14,2.0,20713500
474,TSLA,2012-05-15,2.02,1.96,2.06,1.95,23785500
475,TSLA,2012-05-16,1.97,1.95,2.01,1.93,18856500
476,TSLA,2012-05-17,1.95,1.9,1.99,1.88,17235000
477,TSLA,2012-05-18,1.89,1.84,1.9,1.79,24247500
478,TSLA,2012-05-21,1.84,1.92,1.95,1.81,22128000
479,TSLA,2012-05-22,2.01,2.05,2.09,2.0,35493000
480,TSLA,2012-05-23,2.04,2.07,2.07,1.97,18306000
481,TSLA,2012-05-24,2.08,2.02,2.08,1.98,16134000
482,TSLA,2012-05-25,2.01,1.99,2.03,1.95,11355000
483,TSLA,2012-05-29,2.0,2.11,2.13,2.0,24750000
484,TSLA,2012-05-30,2.07,2.03,2.09,2.02,19608000
485,TSLA,2012-05-31,2.0,1.97,2.02,1.92,16780500
486,TSLA,2012-06-01,1.9,1.88,1.94,1.85,13287000
487,TSLA,2012-06-04,1.87,1.86,1.89,1.81,15463500
488,TSLA,2012-06-05,1.86,1.86,1.89,1.84,9463500
489,TSLA,2012-06-06,1.88,1.95,1.96,1.88,13648500
490,TSLA,2012-06-07,1.99,1.93,1.99,1.92,7381500
491,TSLA,2012-06-08,1.92,2.01,2.01,1.88,13216500
492,TSLA,2012-06-11,2.02,1.94,2.07,1.93,9540000
493,TSLA,2012-06-12,1.95,1.98,1.99,1.92,8535000
494,TSLA,2012-06-13,1.97,1.98,2.04,1.96,12661500
495,TSLA,2012-06-14,2.01,1.96,2.04,1.91,13083000
496,TSLA,2012-06-15,1.96,1.99,2.0,1.92,9702000
497,TSLA,2012-06-18,2.0,2.12,2.16,1.97,18852000
498,TSLA,2012-06-19,2.13,2.14,2.18,2.1,13666500
499,TSLA,2012-06-20,2.23,2.25,2.3,2.21,51336000
500,TSLA,2012-06-21,2.28,2.15,2.29,2.12,28378500
501,TSLA,2012-06-22,2.17,2.25,2.27,2.16,45699000
502,TSLA,2012-06-25,2.26,2.21,2.27,2.18,22477500
503,TSLA,2012-06-26,2.14,2.11,2.16,2.09,39208500
504,TSLA,2012-06-27,2.13,2.13,2.16,2.1,15708000
505,TSLA,2012-06-28,2.13,2.09,2.14,2.04,13711500
506,TSLA,2012-06-29,2.19,2.09,2.19,2.07,16887000
507,TSLA,2012-07-02,2.09,2.03,2.12,2.01,19734000
508,TSLA,2012-07-03,2.04,2.04,2.07,2.03,14205000
509,TSLA,2012-07-05,2.05,2.08,2.11,2.05,18807000
510,TSLA,2012-07-06,2.07,2.07,2.12,2.05,11767500
511,TSLA,2012-07-09,2.06,2.1,2.12,2.04,13657500
512,TSLA,2012-07-10,2.1,2.08,2.17,2.06,11376000
513,TSLA,2012-07-11,2.1,2.1,2.11,2.07,9579000
514,TSLA,2012-07-12,2.09,2.18,2.2,2.05,16885500
515,TSLA,2012-07-13,2.2,2.28,2.29,2.19,19572000
516,TSLA,2012-07-16,2.29,2.4,2.4,2.26,26160000
517,TSLA,2012-07-17,2.33,2.22,2.35,2.16,38539500
518,TSLA,2012-07-18,2.09,2.14,2.24,2.07,43228500
519,TSLA,2012-07-19,2.18,2.15,2.21,2.14,21538500
520,TSLA,2012-07-20,2.14,2.12,2.15,2.08,23527500
521,TSLA,2012-07-23,2.07,2.04,2.09,2.04,20802000
522,TSLA,2012-07-24,2.04,1.99,2.07,1.97,22504500
523,TSLA,2012-07-25,1.99,1.93,2.0,1.92,42633000
524,TSLA,2012-07-26,1.99,1.88,2.0,1.84,33934500
525,TSLA,2012-07-27,1.91,1.97,1.98,1.87,25095000
526,TSLA,2012-07-30,1.97,1.82,2.02,1.81,30978000
527,TSLA,2012-07-31,1.84,1.83,1.86,1.82,23626500
528,TSLA,2012-08-01,1.87,1.75,1.87,1.74,23884500
529,TSLA,2012-08-02,1.79,1.74,1.79,1.7,19576500
530,TSLA,2012-08-03,1.79,1.82,1.84,1.78,18142500
531,TSLA,2012-08-06,1.84,1.88,1.91,1.84,22923000
532,TSLA,2012-08-07,1.92,2.02,2.06,1.9,35808000
533,TSLA,2012-08-08,1.99,1.94,2.0,1.91,19633500
534,TSLA,2012-08-09,1.97,1.96,2.0,1.94,10089000
535,TSLA,2012-08-10,1.95,2.0,2.0,1.95,10611000
536,TSLA,2012-08-13,1.98,2.08,2.09,1.94,13051500
537,TSLA,2012-08-14,2.05,1.96,2.08,1.95,11901000
538,TSLA,2012-08-15,1.96,1.96,1.98,1.92,7881000
539,TSLA,2012-08-16,1.97,2.02,2.03,1.97,10035000
540,TSLA,2012-08-17,2.02,2.0,2.05,2.0,7623000
541,TSLA,2012-08-20,2.01,1.97,2.03,1.94,17686500
542,TSLA,2012-08-21,1.97,1.94,2.0,1.93,11424000
543,TSLA,2012-08-22,1.93,2.0,2.0,1.93,11632500
544,TSLA,2012-08-23,2.0,2.05,2.06,1.98,22065000
545,TSLA,2012-08-24,2.0,1.97,2.02,1.96,21441000
546,TSLA,2012-08-27,1.97,1.89,1.98,1.88,20256000
547,TSLA,2012-08-28,1.89,1.91,1.96,1.87,21040500
548,TSLA,2012-08-29,1.9,1.89,1.91,1.87,12583500
549,TSLA,2012-08-30,1.91,1.89,1.92,1.87,9846000
550,TSLA,2012-08-31,1.91,1.9,1.92,1.88,8097000
551,TSLA,2012-09-04,1.9,1.88,1.93,1.86,11287500
552,TSLA,2012-09-05,1.87,1.86,1.9,1.85,9589500
553,TSLA,2012-09-06,1.87,1.9,1.93,1.86,12625500
554,TSLA,2012-09-07,1.9,1.96,1.97,1.9,14298000
555,TSLA,2012-09-10,1.95,1.82,1.96,1.82,22249500
556,TSLA,2012-09-11,1.85,1.85,1.88,1.83,15223500
557,TSLA,2012-09-12,1.86,1.89,1.91,1.85,17178000
558,TSLA,2012-09-13,1.9,1.97,1.97,1.9,22270500
559,TSLA,2012-09-14,2.0,2.03,2.04,1.98,23049000
560,TSLA,2012-09-17,2.16,2.17,2.19,2.1,48192000
561,TSLA,2012-09-18,2.13,2.09,2.13,2.05,26827500
562,TSLA,2012-09-19,2.07,2.07,2.12,2.06,15727500
563,TSLA,2012-09-20,2.06,2.06,2.1,2.05,13686000
564,TSLA,2012-09-21,2.07,2.0,2.1,1.97,28050000
565,TSLA,2012-09-24,1.97,2.04,2.07,1.96,19528500
566,TSLA,2012-09-25,1.91,1.84,1.97,1.84,85206000
567,TSLA,2012-09-26,1.84,1.84,1.89,1.83,22908000
568,TSLA,2012-09-27,1.85,1.9,1.9,1.84,26379000
569,TSLA,2012-09-28,1.92,1.95,1.99,1.91,65151000
570,TSLA,2012-10-01,1.97,1.94,1.99,1.93,13266000
571,TSLA,2012-10-02,1.95,1.99,1.99,1.93,10935000
572,TSLA,2012-10-03,1.98,1.95,2.0,1.95,15792000
573,TSLA,2012-10-04,2.0,1.96,2.01,1.91,23119500
574,TSLA,2012-10-05,1.98,1.93,1.99,1.91,14079000
575,TSLA,2012-10-08,1.92,1.95,1.96,1.91,13345500
576,TSLA,2012-10-09,1.94,1.89,1.94,1.88,17895000
577,TSLA,2012-10-10,1.89,1.89,1.91,1.87,7554000
578,TSLA,2012-10-11,1.93,1.89,1.93,1.88,6759000
579,TSLA,2012-10-12,1.89,1.84,1.92,1.83,14814000
580,TSLA,2012-10-15,1.87,1.82,1.87,1.79,22030500
581,TSLA,2012-10-16,1.84,1.87,1.87,1.82,7189500
582,TSLA,2012-10-17,1.88,1.92,1.92,1.85,10020000
583,TSLA,2012-10-18,1.93,1.87,1.93,1.85,11115000
584,TSLA,2012-10-19,1.86,1.85,1.88,1.82,15411000
585,TSLA,2012-10-22,1.87,1.86,1.87,1.82,7053000
586,TSLA,2012-10-23,1.83,1.89,1.9,1.82,11235000
587,TSLA,2012-10-24,1.9,1.83,1.9,1.82,15246000
588,TSLA,2012-10-25,1.85,1.83,1.85,1.83,8665500
589,TSLA,2012-10-26,1.84,1.83,1.85,1.8,7161000
590,TSLA,2012-10-31,1.85,1.88,1.89,1.82,11628000
591,TSLA,2012-11-01,1.88,1.95,1.97,1.88,15361500
592,TSLA,2012-11-02,1.95,1.93,1.97,1.9,15454500
593,TSLA,2012-11-05,1.99,2.1,2.11,1.96,30733500
594,TSLA,2012-11-06,2.04,2.08,2.08,2.0,34860000
595,TSLA,2012-11-07,2.07,2.1,2.14,2.05,25717500
596,TSLA,2012-11-08,2.07,2.09,2.13,2.06,19110000
597,TSLA,2012-11-09,2.04,2.02,2.06,1.99,12945000
598,TSLA,2012-11-12,2.02,2.07,2.09,2.01,8338500
599,TSLA,2012-11-13,2.09,2.11,2.13,2.05,14974500
600,TSLA,2012-11-14,2.13,2.09,2.14,2.08,13069500
601,TSLA,2012-11-15,2.09,2.05,2.1,2.03,14760000
602,TSLA,2012-11-16,2.08,2.12,2.13,2.04,13630500
603,TSLA,2012-11-19,2.14,2.19,2.22,2.12,20886000
604,TSLA,2012-11-20,2.19,2.2,2.21,2.13,13837500
605,TSLA,2012-11-21,2.17,2.16,2.23,2.15,14448000
606,TSLA,2012-11-23,2.17,2.14,2.19,2.11,6454500
607,TSLA,2012-11-26,2.14,2.15,2.15,2.11,7437000
608,TSLA,2012-11-27,2.14,2.14,2.18,2.1,13662000
609,TSLA,2012-11-28,2.13,2.22,2.29,2.13,22878000
610,TSLA,2012-11-29,2.23,2.25,2.27,2.19,16551000
611,TSLA,2012-11-30,2.24,2.25,2.29,2.2,21304500
612,TSLA,2012-12-03,2.26,2.31,2.33,2.23,31285500
613,TSLA,2012-12-04,2.27,2.26,2.32,2.24,18949500
614,TSLA,2012-12-05,2.25,2.25,2.28,2.24,9922500
615,TSLA,2012-12-06,2.25,2.26,2.32,2.23,9906000
616,TSLA,2012-12-07,2.29,2.28,2.3,2.26,9966000
617,TSLA,2012-12-10,2.3,2.3,2.32,2.28,13947000
618,TSLA,2012-12-11,2.31,2.35,2.37,2.3,23589000
619,TSLA,2012-12-12,2.35,2.35,2.39,2.33,30957000
620,TSLA,2012-12-13,2.35,2.24,2.35,2.18,32269500
621,TSLA,2012-12-14,2.25,2.25,2.29,2.24,15345000
622,TSLA,2012-12-17,2.25,2.29,2.3,2.25,12373500
623,TSLA,2012-12-18,2.28,2.31,2.34,2.28,23308500
624,TSLA,2012-12-19,2.32,2.31,2.35,2.3,19482000
625,TSLA,2012-12-20,2.3,2.3,2.32,2.27,13818000
626,TSLA,2012-12-21,2.26,2.27,2.28,2.24,22386000
627,TSLA,2012-12-24,2.24,2.29,2.29,2.24,5637000
628,TSLA,2012-12-26,2.26,2.24,2.3,2.23,9021000
629,TSLA,2012-12-27,2.23,2.25,2.26,2.2,8416500
630,TSLA,2012-12-28,2.23,2.21,2.24,2.2,6211500
631,TSLA,2012-12-31,2.2,2.26,2.26,2.2,8923500
632,TSLA,2013-01-02,2.33,2.36,2.36,2.31,17922000
633,TSLA,2013-01-03,2.35,2.32,2.36,2.32,11130000
634,TSLA,2013-01-04,2.32,2.29,2.32,2.26,10110000
635,TSLA,2013-01-07,2.32,2.29,2.32,2.26,6630000
636,TSLA,2013-01-08,2.3,2.25,2.3,2.21,19260000
637,TSLA,2013-01-09,2.27,2.24,2.28,2.23,10470000
638,TSLA,2013-01-10,2.26,2.24,2.27,2.23,13837500
639,TSLA,2013-01-11,2.27,2.19,2.27,2.14,23448000
640,TSLA,2013-01-14,2.21,2.22,2.23,2.19,13876500
641,TSLA,2013-01-15,2.21,2.26,2.28,2.21,24363000
642,TSLA,2013-01-16,2.26,2.27,2.28,2.25,20673000
643,TSLA,2013-01-17,2.28,2.29,2.32,2.26,21550500
644,TSLA,2013-01-18,2.32,2.3,2.32,2.25,53326500
645,TSLA,2013-01-22,2.3,2.35,2.37,2.28,28803000
646,TSLA,2013-01-23,2.33,2.4,2.42,2.33,23464500
647,TSLA,2013-01-24,2.4,2.47,2.51,2.39,29556000
648,TSLA,2013-01-25,2.47,2.47,2.5,2.45,19317000
649,TSLA,2013-01-28,2.46,2.54,2.58,2.46,29790000
650,TSLA,2013-01-29,2.54,2.53,2.56,2.48,21399000
651,TSLA,2013-01-30,2.52,2.5,2.53,2.5,14521500
652,TSLA,2013-01-31,2.52,2.5,2.52,2.46,13521000
653,TSLA,2013-02-01,2.54,2.55,2.57,2.51,16509000
654,TSLA,2013-02-04,2.56,2.52,2.56,2.51,16920000
655,TSLA,2013-02-05,2.53,2.54,2.58,2.51,19653000
656,TSLA,2013-02-06,2.55,2.61,2.63,2.53,28398000
657,TSLA,2013-02-07,2.61,2.63,2.65,2.6,17949000
658,TSLA,2013-02-08,2.63,2.62,2.67,2.61,17097000
659,TSLA,2013-02-11,2.53,2.56,2.61,2.5,48994500
660,TSLA,2013-02-12,2.56,2.53,2.59,2.49,33919500
661,TSLA,2013-02-13,2.55,2.56,2.6,2.54,14502000
662,TSLA,2013-02-14,2.58,2.55,2.58,2.55,14860500
663,TSLA,2013-02-15,2.57,2.47,2.57,2.46,30264000
664,TSLA,2013-02-19,2.49,2.62,2.62,2.49,40521000
665,TSLA,2013-02-20,2.62,2.57,2.64,2.56,46830000
666,TSLA,2013-02-21,2.43,2.34,2.49,2.3,135567000
667,TSLA,2013-02-22,2.38,2.41,2.43,2.37,38209500
668,TSLA,2013-02-25,2.41,2.29,2.45,2.29,43341000
669,TSLA,2013-02-26,2.3,2.3,2.33,2.25,41443500
670,TSLA,2013-02-27,2.29,2.34,2.36,2.29,29388000
671,TSLA,2013-02-28,2.39,2.32,2.41,2.29,29473500
672,TSLA,2013-03-01,2.33,2.31,2.34,2.28,23199000
673,TSLA,2013-03-04,2.32,2.37,2.39,2.31,26365500
674,TSLA,2013-03-05,2.4,2.44,2.46,2.39,31305000
675,TSLA,2013-03-06,2.47,2.51,2.53,2.46,17250000
676,TSLA,2013-03-07,2.52,2.55,2.58,2.46,17374500
677,TSLA,2013-03-08,2.54,2.56,2.63,2.49,13681500
678,TSLA,2013-03-11,2.59,2.61,2.63,2.58,23692500
679,TSLA,2013-03-12,2.59,2.61,2.63,2.59,19126500
680,TSLA,2013-03-13,2.6,2.6,2.63,2.59,12330000
681,TSLA,2013-03-14,2.59,2.46,2.59,2.45,30315000
682,TSLA,2013-03-15,2.44,2.35,2.44,2.35,49194000
683,TSLA,2013-03-18,2.35,2.34,2.4,2.33,19741500
684,TSLA,2013-03-19,2.35,2.34,2.37,2.33,16477500
685,TSLA,2013-03-20,2.35,2.4,2.4,2.34,21345000
686,TSLA,2013-03-21,2.4,2.4,2.47,2.38,17194500
687,TSLA,2013-03-22,2.41,2.44,2.45,2.41,6603000
688,TSLA,2013-03-25,2.47,2.5,2.57,2.45,35682000
689,TSLA,2013-03-26,2.53,2.52,2.55,2.51,27123000
690,TSLA,2013-03-27,2.53,2.54,2.56,2.49,19444500
691,TSLA,2013-03-28,2.55,2.53,2.55,2.52,17380500
692,TSLA,2013-04-01,2.82,2.93,3.11,2.78,211477500
693,TSLA,2013-04-02,2.91,2.96,3.03,2.9,99786000
694,TSLA,2013-04-03,2.87,2.74,2.9,2.68,84654000
695,TSLA,2013-04-04,2.74,2.8,2.82,2.72,33972000
696,TSLA,2013-04-05,2.8,2.76,2.8,2.7,23286000
697,TSLA,2013-04-08,2.8,2.79,2.84,2.77,25185000
698,TSLA,2013-04-09,2.79,2.7,2.79,2.69,25441500
699,TSLA,2013-04-10,2.71,2.79,2.8,2.71,31816500
700,TSLA,2013-04-11,2.8,2.91,2.97,2.78,51711000
701,TSLA,2013-04-12,2.88,2.92,3.01,2.87,47241000
702,TSLA,2013-04-15,2.9,2.89,2.92,2.83,25221000
703,TSLA,2013-04-16,2.95,3.04,3.08,2.93,47706000
704,TSLA,2013-04-17,3.03,3.03,3.06,2.97,31777500
705,TSLA,2013-04-18,3.07,3.13,3.17,3.03,50518500
706,TSLA,2013-04-19,3.16,3.19,3.33,3.14,45175500
707,TSLA,2013-04-22,3.24,3.35,3.35,3.18,59091000
708,TSLA,2013-04-23,3.4,3.4,3.53,3.38,56007000
709,TSLA,2013-04-24,3.39,3.36,3.4,3.27,39450000
710,TSLA,2013-04-25,3.37,3.47,3.49,3.37,41938500
711,TSLA,2013-04-26,3.54,3.41,3.58,3.37,54331500
712,TSLA,2013-04-29,3.45,3.66,3.67,3.41,54595500
713,TSLA,2013-04-30,3.73,3.6,3.88,3.58,82839000
714,TSLA,2013-05-01,3.73,3.55,3.73,3.53,41142000
715,TSLA,2013-05-02,3.59,3.61,3.68,3.58,45756000
716,TSLA,2013-05-03,3.76,3.64,3.76,3.63,50680500
717,TSLA,2013-05-06,3.76,3.97,3.98,3.7,65500500
718,TSLA,2013-05-07,4.13,3.7,4.16,3.67,149865000
719,TSLA,2013-05-08,3.83,3.72,3.88,3.71,101548500
720,TSLA,2013-05-09,4.67,4.63,5.05,4.25,429075000
721,TSLA,2013-05-10,4.64,5.12,5.4,4.62,376239000
722,TSLA,2013-05-13,5.4,5.85,5.87,5.28,336253500
723,TSLA,2013-05-14,6.28,5.55,6.47,5.41,557458500
724,TSLA,2013-05-15,5.45,5.66,5.79,5.21,253180500
725,TSLA,2013-05-16,6.31,6.15,6.33,5.91,324210000
726,TSLA,2013-05-17,6.17,6.1,6.3,5.83,285033000
727,TSLA,2013-05-20,6.07,6.0,6.17,5.91,125226000
728,TSLA,2013-05-21,5.9,5.84,6.0,5.69,134973000
729,TSLA,2013-05-22,5.76,5.82,6.06,5.7,128520000
730,TSLA,2013-05-23,5.65,6.18,6.2,5.54,180333000
731,TSLA,2013-05-24,6.17,6.47,6.53,6.13,241863000
732,TSLA,2013-05-28,6.77,7.36,7.38,6.69,295378500
733,TSLA,2013-05-29,7.57,6.98,7.66,6.6,376492500
734,TSLA,2013-05-30,6.83,7.0,7.3,6.75,242005500
735,TSLA,2013-05-31,7.08,6.52,7.1,6.52,227580000
736,TSLA,2013-06-03,6.51,6.17,6.51,5.88,287094000
737,TSLA,2013-06-04,6.18,6.32,6.43,6.16,132841500
738,TSLA,2013-06-05,6.24,6.36,6.53,5.94,183372000
739,TSLA,2013-06-06,6.35,6.49,6.62,6.34,142663500
740,TSLA,2013-06-07,6.53,6.8,6.86,6.45,160674000
741,TSLA,2013-06-10,6.6,6.67,6.83,6.57,138429000
742,TSLA,2013-06-11,6.55,6.3,6.58,6.27,110910000
743,TSLA,2013-06-12,6.45,6.52,6.7,6.38,137890500
744,TSLA,2013-06-13,6.6,6.55,6.62,6.34,89424000
745,TSLA,2013-06-14,6.67,6.69,6.83,6.62,98470500
746,TSLA,2013-06-17,6.91,6.81,6.98,6.75,105993000
747,TSLA,2013-06-18,6.78,6.89,6.93,6.61,131929500
748,TSLA,2013-06-19,6.8,6.98,7.11,6.8,128683500
749,TSLA,2013-06-20,6.98,6.71,7.14,6.63,151597500
750,TSLA,2013-06-21,6.91,6.64,6.91,6.5,175779000
751,TSLA,2013-06-24,6.43,6.77,6.86,6.35,106797000
752,TSLA,2013-06-25,6.87,6.83,6.95,6.7,87730500
753,TSLA,2013-06-26,6.92,7.05,7.06,6.84,99039000
754,TSLA,2013-06-27,7.12,7.28,7.35,7.08,131173500
755,TSLA,2013-06-28,7.24,7.16,7.3,7.11,86229000
756,TSLA,2013-07-01,7.29,7.81,7.85,7.28,163554000
757,TSLA,2013-07-02,7.88,7.85,8.13,7.7,180961500
758,TSLA,2013-07-03,7.87,7.68,7.95,7.62,72100500
759,TSLA,2013-07-05,7.89,8.01,8.02,7.71,102280500
760,TSLA,2013-07-08,8.09,8.11,8.15,7.92,117213000
761,TSLA,2013-07-09,8.31,8.23,8.35,8.13,129049500
762,TSLA,2013-07-10,8.21,8.15,8.22,8.05,84001500
763,TSLA,2013-07-11,8.33,8.37,8.41,8.16,112254000
764,TSLA,2013-07-12,8.37,8.66,8.66,8.3,170160000
765,TSLA,2013-07-15,8.87,8.48,8.88,8.45,148836000
766,TSLA,2013-07-16,8.42,7.27,8.42,7.15,485578500
767,TSLA,2013-07-17,7.1,8.02,8.11,6.97,390435000
768,TSLA,2013-07-18,8.06,7.94,8.18,7.75,170971500
769,TSLA,2013-07-19,7.9,7.98,8.04,7.77,88354500
770,TSLA,2013-07-22,7.99,8.16,8.45,7.99,146967000
771,TSLA,2013-07-23,8.27,8.18,8.37,8.12,116046000
772,TSLA,2013-07-24,8.3,8.11,8.3,7.97,103035000
773,TSLA,2013-07-25,8.03,8.27,8.32,8.01,79264500
774,TSLA,2013-07-26,8.54,8.63,8.71,8.44,144496500
775,TSLA,2013-07-29,8.62,8.97,9.02,8.55,145183500
776,TSLA,2013-07-30,8.99,8.78,9.17,8.55,196905000
777,TSLA,2013-07-31,8.84,8.95,9.0,8.76,95275500
778,TSLA,2013-08-01,9.0,9.04,9.1,8.84,79854000
779,TSLA,2013-08-02,8.97,9.2,9.22,8.91,94048500
780,TSLA,2013-08-05,9.33,9.65,9.66,9.31,153010500
781,TSLA,2013-08-06,9.65,9.48,9.72,9.41,138817500
782,TSLA,2013-08-07,9.46,8.95,9.46,8.82,273183000
783,TSLA,2013-08-08,10.29,10.23,10.59,10.03,408702000
784,TSLA,2013-08-09,10.16,10.2,10.4,10.08,133915500
785,TSLA,2013-08-12,9.96,9.83,10.03,9.47,223683000
786,TSLA,2013-08-13,9.97,9.7,9.99,9.63,131233500
787,TSLA,2013-08-14,9.51,9.29,9.66,9.2,175407000
788,TSLA,2013-08-15,9.1,9.31,9.57,9.0,152688000
789,TSLA,2013-08-16,9.44,9.47,9.59,9.4,106621500
790,TSLA,2013-08-19,9.56,9.66,9.83,9.52,120565500
791,TSLA,2013-08-20,9.91,9.97,9.99,9.8,96273000
792,TSLA,2013-08-21,10.0,9.86,10.02,9.75,93994500
793,TSLA,2013-08-22,9.95,10.47,10.5,9.88,158886000
794,TSLA,2013-08-23,10.47,10.79,10.82,10.33,193978500
795,TSLA,2013-08-26,11.01,10.95,11.53,10.68,362566500
796,TSLA,2013-08-27,10.82,11.13,11.25,10.73,263503500
797,TSLA,2013-08-28,11.27,11.1,11.43,10.88,221101500
798,TSLA,2013-08-29,10.95,11.07,11.18,10.83,141540000
799,TSLA,2013-08-30,11.09,11.27,11.28,10.93,165426000
800,TSLA,2013-09-03,11.56,11.26,11.58,11.09,180916500
801,TSLA,2013-09-04,11.32,11.37,11.44,11.04,172135500
802,TSLA,2013-09-05,11.34,11.33,11.43,11.22,100279500
803,TSLA,2013-09-06,11.24,11.13,11.31,11.01,129295500
804,TSLA,2013-09-09,10.87,10.71,10.97,10.57,215167500
805,TSLA,2013-09-10,10.76,11.09,11.17,10.71,134517000
806,TSLA,2013-09-11,11.09,10.9,11.19,10.81,87487500
807,TSLA,2013-09-12,10.93,11.0,11.12,10.7,92400000
808,TSLA,2013-09-13,10.85,11.04,11.09,10.81,81018000
809,TSLA,2013-09-16,11.2,11.11,11.39,11.06,113623500
810,TSLA,2013-09-17,11.01,11.08,11.23,10.89,82453500
811,TSLA,2013-09-18,11.14,11.08,11.16,10.95,81595500
812,TSLA,2013-09-19,11.39,11.86,12.03,11.27,233919000
813,TSLA,2013-09-20,11.93,12.23,12.39,11.9,201025500
814,TSLA,2013-09-23,12.3,12.07,12.37,11.81,122601000
815,TSLA,2013-09-24,11.94,12.16,12.33,11.84,94101000
816,TSLA,2013-09-25,12.24,12.35,12.42,12.03,123790500
817,TSLA,2013-09-26,12.45,12.58,12.65,12.37,99216000
818,TSLA,2013-09-27,12.5,12.73,12.75,12.43,88746000
819,TSLA,2013-09-30,12.6,12.89,12.97,12.53,133870500
820,TSLA,2013-10-01,12.93,12.87,12.95,12.56,116338500
821,TSLA,2013-10-02,12.57,12.06,12.79,11.69,311631000
822,TSLA,2013-10-03,11.67,11.55,11.98,11.2,357247500
823,TSLA,2013-10-04,11.76,12.07,12.08,11.51,216210000
824,TSLA,2013-10-07,12.16,12.2,12.45,12.02,172284000
825,TSLA,2013-10-08,12.29,11.65,12.4,11.55,206358000
826,TSLA,2013-10-09,11.65,11.25,11.67,10.77,229747500
827,TSLA,2013-10-10,11.54,11.53,11.72,11.31,133258500
828,TSLA,2013-10-11,11.52,11.91,11.95,11.41,124666500
829,TSLA,2013-10-14,11.67,11.98,12.17,11.61,116544000
830,TSLA,2013-10-15,12.35,12.26,12.59,12.21,164677500
831,TSLA,2013-10-16,12.33,12.24,12.49,12.14,123081000
832,TSLA,2013-10-17,12.24,12.19,12.32,12.07,100575000
833,TSLA,2013-10-18,12.28,12.23,12.4,12.17,88962000
834,TSLA,2013-10-21,12.22,11.51,12.23,11.4,172981500
835,TSLA,2013-10-22,11.37,11.44,11.85,11.07,170800500
836,TSLA,2013-10-23,11.26,10.97,11.45,10.68,199806000
837,TSLA,2013-10-24,11.0,11.54,11.63,10.86,162385500
838,TSLA,2013-10-25,11.61,11.31,11.63,11.12,113932500
839,TSLA,2013-10-28,11.35,10.86,11.37,10.81,117625500
840,TSLA,2013-10-29,10.85,10.96,11.03,10.2,211675500
841,TSLA,2013-10-30,10.98,10.61,11.18,10.54,126027000
842,TSLA,2013-10-31,10.38,10.66,10.83,10.22,140007000
843,TSLA,2013-11-01,10.87,10.81,11.06,10.69,107709000
844,TSLA,2013-11-04,11.0,11.68,11.69,10.95,196806000
845,TSLA,2013-11-05,12.0,11.79,12.1,11.42,337006500
846,TSLA,2013-11-06,10.32,10.08,10.72,9.76,466075500
847,TSLA,2013-11-07,9.61,9.32,9.71,9.17,334270500
848,TSLA,2013-11-08,9.1,9.2,9.37,8.82,337168500
849,TSLA,2013-11-11,9.4,9.65,9.69,9.14,209964000
850,TSLA,2013-11-12,9.65,9.19,9.65,9.08,224778000
851,TSLA,2013-11-13,9.39,9.25,9.49,9.09,189874500
852,TSLA,2013-11-14,9.26,9.17,9.36,8.94,183055500
853,TSLA,2013-11-15,9.12,9.03,9.2,8.96,148503000
854,TSLA,2013-11-18,9.02,8.11,9.03,7.97,347073000
855,TSLA,2013-11-19,7.96,8.41,8.6,7.95,297243000
856,TSLA,2013-11-20,8.41,8.07,8.5,7.94,207744000
857,TSLA,2013-11-21,8.19,8.14,8.32,8.02,178557000
858,TSLA,2013-11-22,8.11,8.09,8.18,7.86,166450500
859,TSLA,2013-11-25,8.3,8.06,8.39,8.02,154009500
860,TSLA,2013-11-26,7.96,8.03,8.18,7.74,208282500
861,TSLA,2013-11-27,8.09,8.46,8.46,7.97,185514000
862,TSLA,2013-11-29,8.65,8.49,8.71,8.47,145743000
863,TSLA,2013-12-02,8.42,8.28,8.57,8.26,116268000
864,TSLA,2013-12-03,8.85,9.65,9.66,8.77,385236000
865,TSLA,2013-12-04,9.62,9.26,9.63,9.14,197215500
866,TSLA,2013-12-05,9.34,9.37,9.56,9.3,139326000
867,TSLA,2013-12-06,9.43,9.16,9.5,9.09,118644000
868,TSLA,2013-12-09,9.13,9.44,9.45,8.95,135922500
869,TSLA,2013-12-10,9.34,9.48,9.72,9.32,161223000
870,TSLA,2013-12-11,9.46,9.31,9.54,9.3,107067000
871,TSLA,2013-12-12,9.31,9.83,9.88,9.24,161517000
872,TSLA,2013-12-13,9.87,9.84,10.12,9.82,158878500
873,TSLA,2013-12-16,9.9,9.86,10.03,9.74,100129500
874,TSLA,2013-12-17,9.84,10.16,10.31,9.75,157425000
875,TSLA,2013-12-18,10.15,9.87,10.33,9.73,173728500
876,TSLA,2013-12-19,9.79,9.38,9.8,9.27,191100000
877,TSLA,2013-12-20,9.44,9.55,9.62,9.44,111189000
878,TSLA,2013-12-23,9.66,9.57,9.75,9.51,80782500
879,TSLA,2013-12-24,10.0,10.09,10.33,9.99,149122500
880,TSLA,2013-12-26,10.34,10.37,10.53,10.29,106942500
881,TSLA,2013-12-27,10.35,10.07,10.37,10.05,81903000
882,TSLA,2013-12-30,10.07,10.16,10.32,10.05,67012500
883,TSLA,2013-12-31,10.15,10.03,10.21,9.91,63936000
884,TSLA,2014-01-02,9.99,10.01,10.17,9.77,92826000
885,TSLA,2014-01-03,10.0,9.97,10.15,9.91,70425000
886,TSLA,2014-01-06,10.0,9.8,10.03,9.68,80416500
887,TSLA,2014-01-07,9.84,9.96,10.03,9.68,75511500
888,TSLA,2014-01-08,9.92,10.09,10.25,9.92,92448000
889,TSLA,2014-01-09,10.17,9.84,10.23,9.79,80730000
890,TSLA,2014-01-10,9.9,9.71,9.93,9.48,111691500
891,TSLA,2014-01-13,9.72,9.29,9.8,9.19,94741500
892,TSLA,2014-01-14,9.37,10.75,10.8,9.11,414105000
893,TSLA,2014-01-15,11.23,10.94,11.48,10.81,306984000
894,TSLA,2014-01-16,10.83,11.4,11.51,10.83,179391000
895,TSLA,2014-01-17,11.35,11.33,11.55,11.2,138093000
896,TSLA,2014-01-21,11.42,11.78,11.82,11.39,146020500
897,TSLA,2014-01-22,11.85,11.9,12.02,11.65,105339000
898,TSLA,2014-01-23,11.82,12.1,12.16,11.56,118011000
899,TSLA,2014-01-24,11.86,11.64,12.03,11.57,114964500
900,TSLA,2014-01-27,11.68,11.31,11.86,10.98,130746000
901,TSLA,2014-01-28,11.43,11.89,11.93,11.4,91401000
902,TSLA,2014-01-29,11.69,11.68,11.94,11.54,89032500
903,TSLA,2014-01-30,11.87,12.19,12.32,11.8,128475000
904,TSLA,2014-01-31,11.92,12.09,12.4,11.9,97632000
905,TSLA,2014-02-03,12.19,11.81,12.33,11.68,101473500
906,TSLA,2014-02-04,12.05,11.92,12.11,11.75,70294500
907,TSLA,2014-02-05,11.89,11.63,12.04,11.29,109020000
908,TSLA,2014-02-06,11.75,11.89,12.01,11.73,87624000
909,TSLA,2014-02-07,12.07,12.44,12.44,11.97,133927500
910,TSLA,2014-02-10,12.62,13.1,13.29,12.62,194560500
911,TSLA,2014-02-11,13.26,13.11,13.48,12.85,160648500
912,TSLA,2014-02-12,13.05,13.02,13.22,12.95,77605500
913,TSLA,2014-02-13,12.89,13.31,13.51,12.88,120439500
914,TSLA,2014-02-14,13.21,13.22,13.46,13.13,92370000
915,TSLA,2014-02-18,13.68,13.58,13.73,13.42,139992000
916,TSLA,2014-02-19,13.58,12.91,13.58,12.89,242535000
917,TSLA,2014-02-20,14.33,14.0,14.35,13.75,270034500
918,TSLA,2014-02-21,14.11,13.97,14.27,13.95,117282000
919,TSLA,2014-02-24,13.92,14.51,14.56,13.89,124176000
920,TSLA,2014-02-25,15.33,16.53,17.28,15.23,490225500
921,TSLA,2014-02-26,17.24,16.87,17.67,16.5,369069000
922,TSLA,2014-02-27,17.42,16.84,17.46,16.56,269187000
923,TSLA,2014-02-28,16.64,16.32,16.85,16.17,218847000
924,TSLA,2014-03-03,15.82,16.7,16.78,15.67,196339500
925,TSLA,2014-03-04,17.23,16.99,17.33,16.86,131184000
926,TSLA,2014-03-05,17.11,16.84,17.13,16.79,89035500
927,TSLA,2014-03-06,16.94,16.86,17.17,16.63,110416500
928,TSLA,2014-03-07,16.86,16.41,16.99,16.29,117184500
929,TSLA,2014-03-10,16.18,15.92,16.2,15.74,115921500
930,TSLA,2014-03-11,15.77,15.63,16.31,15.5,132151500
931,TSLA,2014-03-12,15.43,16.1,16.5,15.41,146316000
932,TSLA,2014-03-13,16.25,15.85,16.28,15.6,93544500
933,TSLA,2014-03-14,15.69,15.4,15.8,15.22,124345500
934,TSLA,2014-03-17,15.66,15.6,15.86,15.37,88689000
935,TSLA,2014-03-18,15.8,16.0,16.1,15.67,93634500
936,TSLA,2014-03-19,16.09,15.72,16.1,15.57,76069500
937,TSLA,2014-03-20,15.74,15.66,15.95,15.56,57268500
938,TSLA,2014-03-21,15.73,15.26,15.75,15.17,123253500
939,TSLA,2014-03-24,15.32,14.68,15.33,14.02,169932000
940,TSLA,2014-03-25,14.94,14.7,15.14,14.53,117981000
941,TSLA,2014-03-26,14.8,14.2,14.84,14.09,103609500
942,TSLA,2014-03-27,14.16,13.82,14.24,13.53,142435500
943,TSLA,2014-03-28,14.19,14.16,14.45,14.02,145272000
944,TSLA,2014-03-31,14.43,13.9,14.45,13.76,125700000
945,TSLA,2014-04-01,13.93,14.46,14.54,13.91,110571000
946,TSLA,2014-04-02,14.67,15.35,15.39,14.54,161734500
947,TSLA,2014-04-03,15.35,15.03,15.72,14.8,163855500
948,TSLA,2014-04-04,15.07,14.15,15.22,14.08,170184000
949,TSLA,2014-04-07,13.72,13.83,14.41,13.57,147832500
950,TSLA,2014-04-08,14.0,14.36,14.43,13.76,103339500
951,TSLA,2014-04-09,14.45,14.46,14.56,14.06,77368500
952,TSLA,2014-04-10,14.45,13.61,14.5,13.59,108172500
953,TSLA,2014-04-11,13.37,13.59,13.8,13.24,136008000
954,TSLA,2014-04-14,13.84,13.21,13.9,12.96,115545000
955,TSLA,2014-04-15,13.27,12.93,13.29,12.29,204889500
956,TSLA,2014-04-16,13.13,13.27,13.33,12.72,108033000
957,TSLA,2014-04-17,13.31,13.21,13.49,12.94,88902000
958,TSLA,2014-04-21,13.14,13.63,13.75,12.93,78873000
959,TSLA,2014-04-22,13.76,14.58,14.62,13.67,147070500
960,TSLA,2014-04-23,14.42,13.87,14.45,13.8,109434000
961,TSLA,2014-04-24,14.05,13.86,14.19,13.55,82428000
962,TSLA,2014-04-25,13.47,13.32,13.78,13.18,104950500
963,TSLA,2014-04-28,13.33,13.23,13.59,12.7,105630000
964,TSLA,2014-04-29,13.21,13.79,13.81,13.04,86686500
965,TSLA,2014-04-30,13.57,13.86,13.88,13.42,66609000
966,TSLA,2014-05-01,13.81,13.85,14.27,13.71,81598500
967,TSLA,2014-05-02,13.91,14.06,14.09,13.77,61302000
968,TSLA,2014-05-05,13.97,14.44,14.51,13.9,77205000
969,TSLA,2014-05-06,14.44,13.82,14.58,13.79,84550500
970,TSLA,2014-05-07,13.98,13.42,14.01,13.15,152689500
971,TSLA,2014-05-08,12.13,11.91,12.96,11.87,300849000
972,TSLA,2014-05-09,11.99,12.15,12.23,11.81,127428000
973,TSLA,2014-05-12,12.26,12.31,12.48,11.99,105034500
974,TSLA,2014-05-13,12.25,12.68,12.76,12.2,106458000
975,TSLA,2014-05-14,12.6,12.71,12.9,12.47,81100500
976,TSLA,2014-05-15,12.67,12.57,12.84,12.35,90606000
977,TSLA,2014-05-16,12.6,12.77,12.8,12.51,67315500
978,TSLA,2014-05-19,12.71,13.07,13.13,12.67,68575500
979,TSLA,2014-05-20,13.13,13.02,13.29,12.87,83191500
980,TSLA,2014-05-21,13.08,13.3,13.32,12.99,79281000
981,TSLA,2014-05-22,13.36,13.66,13.79,13.3,93217500
982,TSLA,2014-05-23,13.64,13.82,13.85,13.5,60102000
983,TSLA,2014-05-27,13.9,14.1,14.26,13.85,80116500
984,TSLA,2014-05-28,14.0,14.02,14.18,13.68,82426500
985,TSLA,2014-05-29,14.04,14.02,14.17,13.85,55387500
986,TSLA,2014-05-30,14.02,13.85,14.32,13.8,83716500
987,TSLA,2014-06-02,13.82,13.65,13.96,13.44,70021500
988,TSLA,2014-06-03,13.57,13.66,13.87,13.51,57912000
989,TSLA,2014-06-04,13.62,13.6,13.75,13.36,51411000
990,TSLA,2014-06-05,13.63,13.79,13.95,13.6,60819000
991,TSLA,2014-06-06,13.98,13.88,14.05,13.81,46107000
992,TSLA,2014-06-09,13.86,13.69,14.0,13.61,42085500
993,TSLA,2014-06-10,13.63,13.49,13.8,13.44,52720500
994,TSLA,2014-06-11,13.43,13.63,13.67,13.28,59662500
995,TSLA,2014-06-12,13.67,13.57,13.99,13.51,89905500
996,TSLA,2014-06-13,13.65,13.76,13.79,13.44,53164500
997,TSLA,2014-06-16,13.78,14.97,15.03,13.75,198696000
998,TSLA,2014-06-17,14.94,15.44,15.7,14.86,199573500
999,TSLA,2014-06-18,15.43,15.14,15.45,15.07,104103000
1000,TSLA,2014-06-19,15.26,15.19,15.69,15.13,131896500
1001,TSLA,2014-06-20,15.23,15.31,15.42,15.08,73558500
1002,TSLA,2014-06-23,15.3,15.81,15.93,15.21,116866500
1003,TSLA,2014-06-24,15.93,15.5,16.13,15.44,121138500
1004,TSLA,2014-06-25,15.54,15.79,15.84,15.35,87024000
1005,TSLA,2014-06-26,15.81,15.71,16.03,15.61,76821000
1006,TSLA,2014-06-27,15.65,15.94,16.0,15.63,84525000
1007,TSLA,2014-06-30,15.97,16.0,16.3,15.93,72429000
1008,TSLA,2014-07-01,16.16,15.98,16.23,15.91,65041500
1009,TSLA,2014-07-02,16.04,15.3,16.16,15.14,120411000
1010,TSLA,2014-07-03,15.42,15.28,15.46,14.93,77500500
1011,TSLA,2014-07-07,15.17,14.84,15.32,14.69,88405500
1012,TSLA,2014-07-08,14.58,14.6,14.73,14.28,117543000
1013,TSLA,2014-07-09,14.75,14.87,14.95,14.61,61731000
1014,TSLA,2014-07-10,14.48,14.63,14.81,14.4,72958500
1015,TSLA,2014-07-11,14.71,14.54,14.77,14.51,49534500
1016,TSLA,2014-07-14,14.67,15.11,15.25,14.36,108048000
1017,TSLA,2014-07-15,15.12,14.64,15.18,14.54,85777500
1018,TSLA,2014-07-16,14.79,14.48,14.99,14.45,60667500
1019,TSLA,2014-07-17,14.41,14.36,14.7,14.24,69741000
1020,TSLA,2014-07-18,14.4,14.67,14.75,14.4,63805500
1021,TSLA,2014-07-21,14.48,14.7,14.88,14.45,57333000
1022,TSLA,2014-07-22,14.81,14.64,14.89,14.61,40950000
1023,TSLA,2014-07-23,14.67,14.83,14.98,14.63,46249500
1024,TSLA,2014-07-24,14.88,14.9,15.01,14.72,48682500
1025,TSLA,2014-07-25,14.85,14.9,15.13,14.78,46306500
1026,TSLA,2014-07-28,14.95,14.99,15.47,14.76,97714500
1027,TSLA,2014-07-29,15.11,15.0,15.22,14.99,50736000
1028,TSLA,2014-07-30,14.79,15.26,15.31,14.74,73917000
1029,TSLA,2014-07-31,15.28,14.89,15.43,14.77,116236500
1030,TSLA,2014-08-01,15.07,15.55,15.83,15.07,178437000
1031,TSLA,2014-08-04,15.63,15.9,16.03,15.55,89395500
1032,TSLA,2014-08-05,15.83,15.9,16.2,15.71,80829000
1033,TSLA,2014-08-06,15.93,16.6,16.76,15.91,138739500
1034,TSLA,2014-08-07,16.67,16.83,17.11,16.61,112183500
1035,TSLA,2014-08-08,16.74,16.54,16.78,16.43,76351500
1036,TSLA,2014-08-11,17.03,17.29,17.58,17.0,121519500
1037,TSLA,2014-08-12,17.21,17.33,17.35,16.97,95734500
1038,TSLA,2014-08-13,17.47,17.35,17.71,17.31,103989000
1039,TSLA,2014-08-14,17.5,17.43,17.53,17.1,61899000
1040,TSLA,2014-08-15,17.43,17.47,17.47,17.23,58018500
1041,TSLA,2014-08-18,17.55,17.33,17.82,17.32,87738000
1042,TSLA,2014-08-19,17.26,17.12,17.29,16.77,80022000
1043,TSLA,2014-08-20,16.98,17.05,17.25,16.87,45418500
1044,TSLA,2014-08-21,17.1,16.96,17.25,16.88,43734000
1045,TSLA,2014-08-22,16.97,17.12,17.13,16.84,42501000
1046,TSLA,2014-08-25,17.21,17.5,17.58,17.21,64771500
1047,TSLA,2014-08-26,17.67,17.45,17.7,17.44,57270000
1048,TSLA,2014-08-27,17.57,17.55,17.62,17.35,44776500
1049,TSLA,2014-08-28,17.46,17.59,17.63,17.44,42673500
1050,TSLA,2014-08-29,17.91,17.98,18.13,17.83,96706500
1051,TSLA,2014-09-02,18.37,18.94,18.99,18.29,147786000
1052,TSLA,2014-09-03,19.18,18.75,19.2,18.67,101584500
1053,TSLA,2014-09-04,18.93,19.07,19.43,18.69,125125500
1054,TSLA,2014-09-05,18.84,18.49,18.86,18.17,167548500
1055,TSLA,2014-09-08,18.51,18.81,18.99,18.5,82524000
1056,TSLA,2014-09-09,18.87,18.57,19.03,18.47,68382000
1057,TSLA,2014-09-10,18.63,18.74,18.76,18.24,56719500
1058,TSLA,2014-09-11,18.7,18.69,18.99,18.58,56491500
1059,TSLA,2014-09-12,18.7,18.61,18.83,18.47,49869000
1060,TSLA,2014-09-15,18.29,16.92,18.29,16.61,246831000
1061,TSLA,2014-09-16,17.01,17.38,17.5,16.83,124501500
1062,TSLA,2014-09-17,17.49,17.43,17.65,17.3,77665500
1063,TSLA,2014-09-18,17.56,17.59,17.71,17.49,55389000
1064,TSLA,2014-09-19,17.2,17.29,17.43,17.02,102163500
1065,TSLA,2014-09-22,17.0,16.67,17.07,16.31,123211500
1066,TSLA,2014-09-23,16.35,16.69,16.92,16.33,84880500
1067,TSLA,2014-09-24,16.74,16.81,16.86,16.47,56242500
1068,TSLA,2014-09-25,16.83,16.46,17.0,16.41,72513000
1069,TSLA,2014-09-26,16.55,16.44,16.65,16.4,56931000
1070,TSLA,2014-09-29,16.27,16.35,16.58,16.09,72790500
1071,TSLA,2014-09-30,16.46,16.18,16.51,16.01,63574500
1072,TSLA,2014-10-01,16.15,16.02,16.18,15.71,89125500
1073,TSLA,2014-10-02,16.68,16.76,16.85,16.36,134973000
1074,TSLA,2014-10-03,16.87,17.01,17.1,16.74,81094500
1075,TSLA,2014-10-06,17.28,17.37,17.5,17.19,115699500
1076,TSLA,2014-10-07,17.24,17.3,17.43,17.05,67282500
1077,TSLA,2014-10-08,17.34,17.29,17.53,16.84,75826500
1078,TSLA,2014-10-09,17.48,17.13,17.7,16.96,110419500
1079,TSLA,2014-10-10,16.31,15.79,16.39,15.68,193324500
1080,TSLA,2014-10-13,15.9,14.97,15.93,14.73,169030500
1081,TSLA,2014-10-14,15.22,15.14,15.5,14.87,106579500
1082,TSLA,2014-10-15,14.67,15.31,15.4,14.49,137209500
1083,TSLA,2014-10-16,14.65,15.09,15.33,14.61,80989500
1084,TSLA,2014-10-17,15.56,15.17,15.65,15.1,158241000
1085,TSLA,2014-10-20,15.11,15.36,15.49,15.03,52416000
1086,TSLA,2014-10-21,15.62,15.69,15.69,15.39,61954500
1087,TSLA,2014-10-22,15.55,15.41,15.83,15.37,61749000
1088,TSLA,2014-10-23,15.64,15.69,15.75,15.47,52386000
1089,TSLA,2014-10-24,15.75,15.68,15.85,15.41,51949500
1090,TSLA,2014-10-27,15.62,14.78,15.64,14.69,143299500
1091,TSLA,2014-10-28,15.31,16.18,16.31,15.22,157744500
1092,TSLA,2014-10-29,16.08,15.87,16.1,15.71,74437500
1093,TSLA,2014-10-30,15.88,15.91,16.03,15.67,48426000
1094,TSLA,2014-10-31,16.17,16.11,16.21,15.92,56629500
1095,TSLA,2014-11-03,16.2,16.17,16.5,16.09,63057000
1096,TSLA,2014-11-04,16.03,15.93,16.16,15.77,55239000
1097,TSLA,2014-11-05,16.07,15.4,16.09,15.37,135688500
1098,TSLA,2014-11-06,15.63,16.08,16.45,15.23,230320500
1099,TSLA,2014-11-07,16.15,16.01,16.19,15.81,77415000
1100,TSLA,2014-11-10,15.94,16.13,16.19,15.79,68658000
1101,TSLA,2014-11-11,16.17,16.74,16.79,16.13,119232000
1102,TSLA,2014-11-12,16.65,16.61,16.82,16.37,88062000
1103,TSLA,2014-11-13,16.71,16.78,17.05,16.68,93540000
1104,TSLA,2014-11-14,16.67,17.25,17.26,16.57,91516500
1105,TSLA,2014-11-17,17.17,16.93,17.27,16.8,60385500
1106,TSLA,2014-11-18,17.06,17.18,17.33,17.03,67095000
1107,TSLA,2014-11-19,16.71,16.52,16.79,16.37,118777500
1108,TSLA,2014-11-20,16.53,16.58,16.73,16.4,53808000
1109,TSLA,2014-11-21,16.81,16.19,16.85,16.14,112276500
1110,TSLA,2014-11-24,16.35,16.45,16.51,16.04,71845500
1111,TSLA,2014-11-25,16.49,16.54,16.65,16.41,47397000
1112,TSLA,2014-11-26,16.56,16.56,16.6,16.44,29718000
1113,TSLA,2014-11-28,16.36,16.3,16.45,16.17,31795500
1114,TSLA,2014-12-01,16.08,15.44,16.16,15.27,129291000
1115,TSLA,2014-12-02,15.64,15.43,15.66,15.2,88305000
1116,TSLA,2014-12-03,15.08,15.29,15.31,15.03,79615500
1117,TSLA,2014-12-04,15.24,15.22,15.39,15.19,57834000
1118,TSLA,2014-12-05,15.24,14.91,15.29,14.82,90954000
1119,TSLA,2014-12-08,14.77,14.29,14.99,14.16,138384000
1120,TSLA,2014-12-09,13.96,14.46,14.52,13.62,141472500
1121,TSLA,2014-12-10,14.28,13.99,14.45,13.85,109711500
1122,TSLA,2014-12-11,14.04,13.93,14.36,13.88,100416000
1123,TSLA,2014-12-12,13.65,13.8,14.11,13.63,107607000
1124,TSLA,2014-12-15,13.95,13.6,13.99,13.51,78274500
1125,TSLA,2014-12-16,13.39,13.19,13.58,13.02,126391500
1126,TSLA,2014-12-17,12.87,13.72,13.78,12.84,110517000
1127,TSLA,2014-12-18,14.16,14.55,14.56,14.12,112249500
1128,TSLA,2014-12-19,14.68,14.62,14.69,14.3,103657500
1129,TSLA,2014-12-22,14.67,14.84,14.94,14.55,71991000
1130,TSLA,2014-12-23,14.92,14.73,14.95,14.63,67585500
1131,TSLA,2014-12-24,14.65,14.82,14.83,14.62,19983000
1132,TSLA,2014-12-26,14.77,15.19,15.23,14.77,49905000
1133,TSLA,2014-12-29,15.13,15.05,15.19,14.93,42037500
1134,TSLA,2014-12-30,14.93,14.82,15.04,14.76,43548000
1135,TSLA,2014-12-31,14.87,14.83,15.05,14.82,34462500
1136,TSLA,2015-01-02,14.86,14.62,14.88,14.22,71466000
1137,TSLA,2015-01-05,14.3,14.01,14.43,13.81,80527500
1138,TSLA,2015-01-06,14.0,14.09,14.28,13.61,93928500
1139,TSLA,2015-01-07,14.22,14.06,14.32,13.99,44526000
1140,TSLA,2015-01-08,14.19,14.04,14.25,14.0,51637500
1141,TSLA,2015-01-09,13.93,13.78,14.0,13.66,70024500
1142,TSLA,2015-01-12,13.54,13.48,13.63,13.28,89254500
1143,TSLA,2015-01-13,13.55,13.62,13.84,13.39,67159500
1144,TSLA,2015-01-14,12.39,12.85,13.01,12.33,173278500
1145,TSLA,2015-01-15,12.97,12.79,13.05,12.67,78247500
1146,TSLA,2015-01-16,12.71,12.87,12.97,12.64,54048000
1147,TSLA,2015-01-20,12.92,12.8,12.94,12.47,67548000
1148,TSLA,2015-01-21,12.64,13.1,13.25,12.63,62295000
1149,TSLA,2015-01-22,13.13,13.44,13.55,13.01,61753500
1150,TSLA,2015-01-23,13.35,13.42,13.57,13.22,51579000
1151,TSLA,2015-01-26,13.46,13.77,13.91,13.4,48517500
1152,TSLA,2015-01-27,13.63,13.73,13.87,13.55,41715000
1153,TSLA,2015-01-28,13.74,13.29,13.76,13.23,47244000
1154,TSLA,2015-01-29,13.4,13.68,13.73,13.1,53221500
1155,TSLA,2015-01-30,13.6,13.57,13.83,13.53,45105000
1156,TSLA,2015-02-02,13.6,14.06,14.13,13.55,62238000
1157,TSLA,2015-02-03,14.21,14.56,14.69,14.08,72393000
1158,TSLA,2015-02-04,14.55,14.57,14.77,14.45,49581000
1159,TSLA,2015-02-05,14.66,14.73,15.03,14.64,52843500
1160,TSLA,2015-02-06,14.8,14.49,14.89,14.43,48658500
1161,TSLA,2015-02-09,14.36,14.5,14.53,14.13,52086000
1162,TSLA,2015-02-10,14.5,14.42,14.7,14.33,80857500
1163,TSLA,2015-02-11,14.15,14.19,14.32,13.82,146536500
1164,TSLA,2015-02-12,12.9,13.53,13.54,12.89,234744000
1165,TSLA,2015-02-13,13.53,13.58,13.73,13.39,92865000
1166,TSLA,2015-02-17,13.71,13.62,13.71,13.43,59694000
1167,TSLA,2015-02-18,13.61,13.63,13.74,13.51,40704000
1168,TSLA,2015-02-19,13.67,14.11,14.16,13.58,77311500
1169,TSLA,2015-02-20,14.05,14.47,14.51,13.99,89731500
1170,TSLA,2015-02-23,14.38,13.82,14.55,13.76,127497000
1171,TSLA,2015-02-24,13.82,13.61,13.82,13.45,99054000
1172,TSLA,2015-02-25,13.66,13.58,13.81,13.51,58642500
1173,TSLA,2015-02-26,13.6,13.81,14.07,13.48,97093500
1174,TSLA,2015-02-27,13.79,13.56,13.9,13.52,58231500
1175,TSLA,2015-03-02,13.51,13.16,13.56,13.06,118831500
1176,TSLA,2015-03-03,13.12,13.3,13.35,13.02,66484500
1177,TSLA,2015-03-04,13.28,13.5,13.5,13.15,63330000
1178,TSLA,2015-03-05,13.52,13.38,13.75,13.34,73155000
1179,TSLA,2015-03-06,13.28,12.93,13.38,12.81,100686000
1180,TSLA,2015-03-09,12.96,12.73,12.97,12.55,101050500
1181,TSLA,2015-03-10,12.56,12.69,12.9,12.51,83695500
1182,TSLA,2015-03-11,12.74,12.92,13.08,12.73,74623500
1183,TSLA,2015-03-12,12.92,12.74,12.96,12.65,62239500
1184,TSLA,2015-03-13,12.6,12.58,12.78,12.49,81514500
1185,TSLA,2015-03-16,12.8,13.05,13.06,12.65,84432000
1186,TSLA,2015-03-17,13.03,12.98,13.25,12.93,73411500
1187,TSLA,2015-03-18,13.0,13.38,13.39,12.87,72313500
1188,TSLA,2015-03-19,13.47,13.04,13.64,12.97,127128000
1189,TSLA,2015-03-20,13.16,13.21,13.27,13.04,64042500
1190,TSLA,2015-03-23,13.23,13.31,13.37,13.16,39474000
1191,TSLA,2015-03-24,13.44,13.45,13.59,13.32,54748500
1192,TSLA,2015-03-25,13.22,12.95,13.24,12.85,85956000
1193,TSLA,2015-03-26,12.93,12.69,12.99,12.65,61920000
1194,TSLA,2015-03-27,12.6,12.33,12.62,12.09,129073500
1195,TSLA,2015-03-30,12.39,12.7,12.82,12.12,151342500
1196,TSLA,2015-03-31,12.9,12.58,12.92,12.56,75399000
1197,TSLA,2015-04-01,12.58,12.51,12.82,12.4,56919000
1198,TSLA,2015-04-02,12.68,12.73,12.88,12.67,75156000
1199,TSLA,2015-04-06,13.2,13.54,13.85,13.17,186837000
1200,TSLA,2015-04-07,13.5,13.55,13.67,13.41,65218500
1201,TSLA,2015-04-08,13.88,13.84,14.06,13.72,94546500
1202,TSLA,2015-04-09,13.9,14.01,14.02,13.74,57003000
1203,TSLA,2015-04-10,13.99,14.06,14.11,13.93,61015500
1204,TSLA,2015-04-13,14.03,13.99,14.2,13.94,56373000
1205,TSLA,2015-04-14,13.9,13.83,13.97,13.7,45390000
1206,TSLA,2015-04-15,13.83,13.86,13.97,13.77,29286000
1207,TSLA,2015-04-16,13.85,13.78,13.94,13.75,24886500
1208,TSLA,2015-04-17,13.67,13.79,13.79,13.57,37048500
1209,TSLA,2015-04-20,13.79,13.68,13.86,13.59,38389500
1210,TSLA,2015-04-21,13.72,13.96,14.05,13.62,51487500
1211,TSLA,2015-04-22,14.17,14.63,14.79,14.11,117945000
1212,TSLA,2015-04-23,14.55,14.57,14.77,14.48,66168000
1213,TSLA,2015-04-24,14.7,14.56,14.72,14.53,36417000
1214,TSLA,2015-04-27,14.84,15.44,15.92,14.8,175089000
1215,TSLA,2015-04-28,15.65,15.37,15.7,15.2,91281000
1216,TSLA,2015-04-29,15.34,15.5,15.66,15.18,59041500
1217,TSLA,2015-04-30,15.36,15.07,15.53,15.01,58678500
1218,TSLA,2015-05-01,15.33,15.07,15.45,14.69,79225500
1219,TSLA,2015-05-04,15.21,15.37,15.65,15.14,66519000
1220,TSLA,2015-05-05,15.85,15.53,15.97,15.28,86953500
1221,TSLA,2015-05-06,15.61,15.36,15.63,15.21,79063500
1222,TSLA,2015-05-07,14.73,15.79,15.83,14.68,141838500
1223,TSLA,2015-05-08,15.73,15.77,15.89,15.58,70023000
1224,TSLA,2015-05-11,15.75,15.97,16.19,15.69,85084500
1225,TSLA,2015-05-12,16.01,16.32,16.42,15.88,95451000
1226,TSLA,2015-05-13,16.51,16.21,16.55,16.15,81603000
1227,TSLA,2015-05-14,16.32,16.27,16.33,16.08,43438500
1228,TSLA,2015-05-15,16.26,16.59,16.63,16.17,67914000
1229,TSLA,2015-05-18,16.47,16.58,16.66,16.4,50298000
1230,TSLA,2015-05-19,16.56,16.48,16.73,16.41,55113000
1231,TSLA,2015-05-20,16.48,16.29,16.52,16.09,56334000
1232,TSLA,2015-05-21,16.2,16.37,16.44,16.16,29559000
1233,TSLA,2015-05-22,16.36,16.52,16.57,16.33,33346500
1234,TSLA,2015-05-26,16.51,16.5,16.8,16.43,52480500
1235,TSLA,2015-05-27,16.57,16.5,16.63,16.37,51123000
1236,TSLA,2015-05-28,16.47,16.76,16.79,16.34,54709500
1237,TSLA,2015-05-29,16.73,16.72,16.86,16.63,56839500
1238,TSLA,2015-06-01,16.76,16.63,16.77,16.5,37576500
1239,TSLA,2015-06-02,16.59,16.56,16.63,16.42,32022000
1240,TSLA,2015-06-03,16.55,16.6,16.71,16.47,26722500
1241,TSLA,2015-06-04,16.5,16.39,16.62,16.38,36804000
1242,TSLA,2015-06-05,16.4,16.61,16.65,16.38,45330000
1243,TSLA,2015-06-08,16.72,17.09,17.25,16.69,75255000
1244,TSLA,2015-06-09,17.03,17.07,17.18,16.94,39166500
1245,TSLA,2015-06-10,16.79,16.71,16.93,16.57,51817500
1246,TSLA,2015-06-11,16.88,16.76,16.96,16.7,30661500
1247,TSLA,2015-06-12,16.68,16.71,16.9,16.68,21334500
1248,TSLA,2015-06-15,16.65,16.69,16.75,16.4,32793000
1249,TSLA,2015-06-16,16.68,16.87,16.9,16.61,29770500
1250,TSLA,2015-06-17,16.81,17.36,17.62,16.8,82693500
1251,TSLA,2015-06-18,17.47,17.46,17.56,17.33,41740500
1252,TSLA,2015-06-19,17.49,17.5,17.59,17.34,36945000
1253,TSLA,2015-06-22,17.48,17.32,17.63,17.05,68416500
1254,TSLA,2015-06-23,17.35,17.84,17.87,17.24,58062000
1255,TSLA,2015-06-24,17.8,17.68,17.82,17.58,36184500
1256,TSLA,2015-06-25,17.76,17.92,18.09,17.68,42738000
1257,TSLA,2015-06-26,17.93,17.81,17.94,17.73,57576000
1258,TSLA,2015-06-29,17.46,17.47,17.73,17.38,52183500
1259,TSLA,2015-06-30,17.65,17.88,18.06,17.6,46303500
1260,TSLA,2015-07-01,18.07,17.94,18.17,17.86,31518000
1261,TSLA,2015-07-02,18.68,18.67,18.83,18.22,107458500
1262,TSLA,2015-07-06,18.59,18.65,18.78,18.42,61828500
1263,TSLA,2015-07-07,18.33,17.86,18.35,17.38,91576500
1264,TSLA,2015-07-08,17.29,17.0,17.39,16.95,93316500
1265,TSLA,2015-07-09,17.27,17.19,17.53,17.12,50011500
1266,TSLA,2015-07-10,17.48,17.28,17.53,17.19,39163500
1267,TSLA,2015-07-13,17.48,17.48,17.5,17.07,44404500
1268,TSLA,2015-07-14,17.47,17.71,17.73,17.37,28614000
1269,TSLA,2015-07-15,17.78,17.54,17.83,17.47,30324000
1270,TSLA,2015-07-16,17.61,17.78,17.81,17.54,24240000
1271,TSLA,2015-07-17,18.17,18.31,18.37,17.88,75061500
1272,TSLA,2015-07-20,18.33,18.82,19.11,18.17,74677500
1273,TSLA,2015-07-21,18.0,17.78,18.23,17.77,91630500
1274,TSLA,2015-07-22,17.42,17.86,17.96,17.39,46575000
1275,TSLA,2015-07-23,17.98,17.81,17.99,17.68,33408000
1276,TSLA,2015-07-24,17.83,17.69,18.07,17.59,42547500
1277,TSLA,2015-07-27,17.5,16.87,17.63,16.72,70413000
1278,TSLA,2015-07-28,17.05,17.65,17.69,16.79,58437000
1279,TSLA,2015-07-29,17.62,17.59,17.86,17.47,41851500
1280,TSLA,2015-07-30,17.51,17.79,17.8,17.47,30519000
1281,TSLA,2015-07-31,17.84,17.74,17.96,17.67,33339000
1282,TSLA,2015-08-03,17.75,17.33,17.78,17.14,38302500
1283,TSLA,2015-08-04,17.33,17.75,17.78,17.22,35287500
1284,TSLA,2015-08-05,17.57,18.01,18.07,17.36,93214500
1285,TSLA,2015-08-06,16.64,16.41,17.0,15.74,219357000
1286,TSLA,2015-08-07,16.24,16.17,16.25,15.89,76101000
1287,TSLA,2015-08-10,15.88,16.08,16.2,15.74,62788500
1288,TSLA,2015-08-11,15.81,15.82,15.95,15.63,63973500
1289,TSLA,2015-08-12,15.67,15.88,15.98,15.52,55920000
1290,TSLA,2015-08-13,15.99,16.17,16.43,15.94,70338000
1291,TSLA,2015-08-14,16.48,16.21,16.53,16.12,65472000
1292,TSLA,2015-08-17,17.04,17.0,17.11,16.7,107650500
1293,TSLA,2015-08-18,17.03,17.38,17.4,16.9,62925000
1294,TSLA,2015-08-19,17.36,17.02,17.38,17.0,54064500
1295,TSLA,2015-08-20,16.8,16.15,16.97,16.13,73587000
1296,TSLA,2015-08-21,15.73,15.38,16.25,15.37,98853000
1297,TSLA,2015-08-24,13.52,14.59,15.43,13.0,143724000
1298,TSLA,2015-08-25,15.37,14.67,15.39,14.61,64909500
1299,TSLA,2015-08-26,15.2,14.99,15.2,14.37,74445000
1300,TSLA,2015-08-27,15.4,16.2,16.32,15.39,114840000
1301,TSLA,2015-08-28,16.12,16.57,16.76,16.1,82705500
1302,TSLA,2015-08-31,16.37,16.6,17.0,16.37,70503000
1303,TSLA,2015-09-01,16.02,15.91,16.4,15.8,81822000
1304,TSLA,2015-09-02,16.35,16.51,16.53,15.99,69438000
1305,TSLA,2015-09-03,16.8,16.37,16.81,16.33,62922000
1306,TSLA,2015-09-04,16.06,16.13,16.27,15.88,55338000
1307,TSLA,2015-09-08,16.34,16.54,16.61,16.27,47073000
1308,TSLA,2015-09-09,16.8,16.59,16.95,16.55,50862000
1309,TSLA,2015-09-10,16.48,16.57,16.71,16.36,40635000
1310,TSLA,2015-09-11,16.51,16.68,16.68,16.32,35262000
1311,TSLA,2015-09-14,16.74,16.88,16.95,16.64,43363500
1312,TSLA,2015-09-15,16.85,16.9,16.97,16.63,44002500
1313,TSLA,2015-09-16,16.87,17.48,17.53,16.86,66256500
1314,TSLA,2015-09-17,17.6,17.47,17.7,17.38,53787000
1315,TSLA,2015-09-18,17.2,17.37,17.59,17.17,56446500
1316,TSLA,2015-09-21,17.6,17.61,18.1,17.05,91803000
1317,TSLA,2015-09-22,17.27,17.4,17.51,17.06,54966000
1318,TSLA,2015-09-23,17.46,17.4,17.47,17.17,39012000
1319,TSLA,2015-09-24,17.3,17.54,17.56,17.08,51723000
1320,TSLA,2015-09-25,17.77,17.13,17.79,17.08,56601000
1321,TSLA,2015-09-28,17.16,16.56,17.32,16.44,73516500
1322,TSLA,2015-09-29,16.7,16.44,16.98,16.36,55548000
1323,TSLA,2015-09-30,16.8,16.56,16.83,16.16,73944000
1324,TSLA,2015-10-01,16.5,15.99,16.57,15.81,68595000
1325,TSLA,2015-10-02,15.71,16.5,16.51,15.66,66360000
1326,TSLA,2015-10-05,16.59,16.41,16.66,16.28,55348500
1327,TSLA,2015-10-06,16.0,16.1,16.2,15.71,78378000
1328,TSLA,2015-10-07,15.78,15.46,15.85,15.27,102210000
1329,TSLA,2015-10-08,15.34,15.11,15.38,14.75,91998000
1330,TSLA,2015-10-09,14.73,14.71,14.96,14.56,92376000
1331,TSLA,2015-10-12,14.87,14.37,14.87,14.35,57544500
1332,TSLA,2015-10-13,14.22,14.62,14.83,14.08,77572500
1333,TSLA,2015-10-14,14.71,14.46,14.73,14.36,46566000
1334,TSLA,2015-10-15,14.43,14.75,14.78,14.25,42663000
1335,TSLA,2015-10-16,14.87,15.13,15.37,14.86,65017500
1336,TSLA,2015-10-19,15.1,15.21,15.41,15.0,37618500
1337,TSLA,2015-10-20,15.18,14.2,15.24,13.47,223500000
1338,TSLA,2015-10-21,14.13,14.01,14.32,13.92,62272500
1339,TSLA,2015-10-22,14.1,14.11,14.38,13.96,42378000
1340,TSLA,2015-10-23,14.33,13.94,14.36,13.85,63532500
1341,TSLA,2015-10-26,14.09,14.35,14.39,14.0,50871000
1342,TSLA,2015-10-27,14.32,14.02,14.47,13.83,52791000
1343,TSLA,2015-10-28,14.09,14.2,14.23,13.89,40929000
1344,TSLA,2015-10-29,14.12,14.11,14.25,14.04,27075000
1345,TSLA,2015-10-30,14.03,13.8,14.11,13.59,66583500
1346,TSLA,2015-11-02,13.93,14.25,14.39,13.81,58918500
1347,TSLA,2015-11-03,14.26,13.89,14.3,13.85,124987500
1348,TSLA,2015-11-04,15.13,15.44,15.52,15.01,190896000
1349,TSLA,2015-11-05,15.37,15.45,15.64,15.28,67452000
1350,TSLA,2015-11-06,15.38,15.49,15.56,15.3,36679500
1351,TSLA,2015-11-09,15.53,15.02,15.53,14.95,57763500
1352,TSLA,2015-11-10,14.9,14.43,14.91,14.41,69255000
1353,TSLA,2015-11-11,14.52,14.61,14.63,14.24,50217000
1354,TSLA,2015-11-12,14.52,14.2,14.6,14.18,43738500
1355,TSLA,2015-11-13,14.2,13.81,14.2,13.77,51454500
1356,TSLA,2015-11-16,13.74,14.29,14.33,13.72,43881000
1357,TSLA,2015-11-17,14.35,14.27,14.4,14.09,32230500
1358,TSLA,2015-11-18,14.3,14.74,14.76,14.17,42178500
1359,TSLA,2015-11-19,14.7,14.79,15.08,14.69,37566000
1360,TSLA,2015-11-20,14.9,14.67,15.0,14.24,66010500
1361,TSLA,2015-11-23,14.49,14.52,14.61,14.31,37893000
1362,TSLA,2015-11-24,14.36,14.55,14.73,14.33,37204500
1363,TSLA,2015-11-25,14.76,15.31,15.39,14.69,59862000
1364,TSLA,2015-11-27,15.4,15.44,15.48,15.13,29241000
1365,TSLA,2015-11-30,15.45,15.35,15.62,15.27,39897000
1366,TSLA,2015-12-01,15.4,15.81,15.87,15.4,56010000
1367,TSLA,2015-12-02,15.8,15.47,15.91,15.42,44722500
1368,TSLA,2015-12-03,15.7,15.51,15.83,15.33,44094000
1369,TSLA,2015-12-04,15.5,15.36,15.55,15.18,38604000
1370,TSLA,2015-12-07,15.18,15.41,15.71,15.08,47163000
1371,TSLA,2015-12-08,15.17,15.11,15.25,14.95,40314000
1372,TSLA,2015-12-09,15.11,14.97,15.17,14.71,45867000
1373,TSLA,2015-12-10,14.98,15.14,15.23,14.91,31075500
1374,TSLA,2015-12-11,15.02,14.47,15.05,14.44,49030500
1375,TSLA,2015-12-14,14.5,14.57,14.73,14.32,42406500
1376,TSLA,2015-12-15,14.79,14.74,14.81,14.53,33666000
1377,TSLA,2015-12-16,14.81,15.63,15.66,14.72,76564500
1378,TSLA,2015-12-17,15.6,15.56,15.85,15.32,49479000
1379,TSLA,2015-12-18,15.53,15.36,15.73,15.29,45213000
1380,TSLA,2015-12-21,15.45,15.5,15.72,15.41,29298000
1381,TSLA,2015-12-22,15.67,15.33,15.77,15.31,29422500
1382,TSLA,2015-12-23,15.48,15.31,15.56,15.21,23325000
1383,TSLA,2015-12-24,15.37,15.37,15.46,15.22,10620000
1384,TSLA,2015-12-28,15.43,15.26,15.47,15.04,28519500
1385,TSLA,2015-12-29,15.34,15.81,15.85,15.3,36094500
1386,TSLA,2015-12-30,15.77,15.87,16.24,15.71,55468500
1387,TSLA,2015-12-31,15.9,16.0,16.23,15.89,40725000
1388,TSLA,2016-01-04,15.38,14.89,15.43,14.6,102406500
1389,TSLA,2016-01-05,15.09,14.9,15.13,14.67,47802000
1390,TSLA,2016-01-06,14.67,14.6,14.67,14.4,56686500
1391,TSLA,2016-01-07,14.28,14.38,14.56,14.24,53314500
1392,TSLA,2016-01-08,14.52,14.07,14.7,14.05,54421500
1393,TSLA,2016-01-11,14.27,13.86,14.3,13.53,61371000
1394,TSLA,2016-01-12,14.11,14.0,14.25,13.69,46378500
1395,TSLA,2016-01-13,14.13,13.35,14.18,13.33,61896000
1396,TSLA,2016-01-14,13.48,13.75,14.0,12.89,97360500
1397,TSLA,2016-01-15,13.26,13.67,13.67,13.15,83679000
1398,TSLA,2016-01-19,13.91,13.65,14.03,13.39,60580500
1399,TSLA,2016-01-20,13.29,13.25,13.42,12.75,87579000
1400,TSLA,2016-01-21,13.44,13.33,13.55,13.0,47493000
1401,TSLA,2016-01-22,13.65,13.5,13.7,13.27,46861500
1402,TSLA,2016-01-25,13.34,13.09,13.57,13.06,40480500
1403,TSLA,2016-01-26,13.11,12.9,13.19,12.59,74463000
1404,TSLA,2016-01-27,12.83,12.54,12.88,12.38,54258000
1405,TSLA,2016-01-28,12.72,12.65,12.75,12.16,68892000
1406,TSLA,2016-01-29,12.66,12.75,12.92,12.54,42784500
1407,TSLA,2016-02-01,12.58,13.13,13.3,12.18,79464000
1408,TSLA,2016-02-02,12.83,12.19,12.87,12.02,86604000
1409,TSLA,2016-02-03,12.24,11.57,12.26,11.35,118971000
1410,TSLA,2016-02-04,11.38,11.69,11.73,11.13,65781000
1411,TSLA,2016-02-05,11.42,10.84,11.53,10.52,141564000
1412,TSLA,2016-02-08,10.47,9.87,10.48,9.73,139695000
1413,TSLA,2016-02-09,9.49,9.88,10.65,9.4,129774000
1414,TSLA,2016-02-10,10.03,9.58,10.33,9.45,156097500
1415,TSLA,2016-02-11,10.13,10.03,10.88,9.8,213786000
1416,TSLA,2016-02-12,10.33,10.07,10.47,9.58,108537000
1417,TSLA,2016-02-16,10.58,10.34,10.86,10.27,83907000
1418,TSLA,2016-02-17,10.6,11.25,11.29,10.45,87378000
1419,TSLA,2016-02-18,11.49,11.12,11.53,10.98,58314000
1420,TSLA,2016-02-19,10.91,11.11,11.17,10.83,44391000
1421,TSLA,2016-02-22,11.34,11.85,11.93,11.32,75901500
1422,TSLA,2016-02-23,11.74,11.81,12.12,11.58,89766000
1423,TSLA,2016-02-24,11.52,11.93,11.97,11.19,80934000
1424,TSLA,2016-02-25,11.91,12.5,12.57,11.68,86260500
1425,TSLA,2016-02-26,12.58,12.69,12.8,12.33,90976500
1426,TSLA,2016-02-29,12.83,12.8,13.09,12.61,67485000
1427,TSLA,2016-03-01,12.95,12.42,13.06,12.18,100683000
1428,TSLA,2016-03-02,12.25,12.56,12.57,12.1,72936000
1429,TSLA,2016-03-03,12.55,13.05,13.16,12.28,72435000
1430,TSLA,2016-03-04,13.2,13.4,13.6,13.17,97336500
1431,TSLA,2016-03-07,13.18,13.69,13.98,13.16,79941000
1432,TSLA,2016-03-08,13.57,13.51,13.83,13.48,62680500
1433,TSLA,2016-03-09,13.63,13.91,13.96,13.52,48129000
1434,TSLA,2016-03-10,14.0,13.68,14.22,13.38,77887500
1435,TSLA,2016-03-11,13.86,13.83,13.96,13.69,50146500
1436,TSLA,2016-03-14,14.18,14.34,14.45,14.04,60985500
1437,TSLA,2016-03-15,14.28,14.56,14.6,14.1,47707500
1438,TSLA,2016-03-16,14.53,14.8,14.84,14.47,52750500
1439,TSLA,2016-03-17,14.76,15.09,15.23,14.67,56743500
1440,TSLA,2016-03-18,15.27,15.52,15.63,15.2,70677000
1441,TSLA,2016-03-21,15.69,15.89,15.99,15.67,79617000
1442,TSLA,2016-03-22,15.81,15.62,15.93,15.5,64740000
1443,TSLA,2016-03-23,15.49,14.84,15.65,14.8,74232000
1444,TSLA,2016-03-24,14.39,15.18,15.26,14.33,74413500
1445,TSLA,2016-03-28,15.44,15.35,15.65,15.0,58885500
1446,TSLA,2016-03-29,15.33,15.34,15.49,15.02,60214500
1447,TSLA,2016-03-30,15.67,15.13,15.7,15.1,60495000
1448,TSLA,2016-03-31,15.29,15.32,15.83,15.0,120193500
1449,TSLA,2016-04-01,16.32,15.84,16.53,15.55,239962500
1450,TSLA,2016-04-04,16.61,16.47,16.81,16.24,202129500
1451,TSLA,2016-04-05,16.03,17.03,17.1,16.0,149230500
1452,TSLA,2016-04-06,16.93,17.69,17.85,16.9,175582500
1453,TSLA,2016-04-07,17.76,17.15,17.96,16.97,132843000
1454,TSLA,2016-04-08,17.37,16.67,17.39,16.53,110458500
1455,TSLA,2016-04-11,16.73,16.66,17.27,16.35,137425500
1456,TSLA,2016-04-12,16.63,16.52,16.79,16.24,86448000
1457,TSLA,2016-04-13,16.57,16.97,17.03,16.49,73884000
1458,TSLA,2016-04-14,16.87,16.79,17.12,16.74,61983000
1459,TSLA,2016-04-15,16.75,16.97,16.97,16.61,56286000
1460,TSLA,2016-04-18,16.82,16.93,17.22,16.78,64071000
1461,TSLA,2016-04-19,16.87,16.49,16.96,16.08,95362500
1462,TSLA,2016-04-20,16.42,16.66,16.91,16.1,77911500
1463,TSLA,2016-04-21,16.6,16.55,16.73,16.46,41746500
1464,TSLA,2016-04-22,16.59,16.92,16.93,16.38,56794500
1465,TSLA,2016-04-25,16.87,16.79,17.16,16.72,55054500
1466,TSLA,2016-04-26,16.8,16.92,17.05,16.63,48357000
1467,TSLA,2016-04-27,16.85,16.76,17.0,16.63,48087000
1468,TSLA,2016-04-28,16.66,16.51,16.9,16.5,37785000
1469,TSLA,2016-04-29,16.54,16.05,16.56,15.85,81207000
1470,TSLA,2016-05-02,16.1,16.12,16.21,15.65,57658500
1471,TSLA,2016-05-03,15.82,15.49,15.93,15.44,64533000
1472,TSLA,2016-05-04,15.35,14.84,15.63,14.69,130507500
1473,TSLA,2016-05-05,15.23,14.1,15.24,13.99,168822000
1474,TSLA,2016-05-06,14.06,14.33,14.42,13.87,85278000
1475,TSLA,2016-05-09,14.38,13.93,14.41,13.79,71646000
1476,TSLA,2016-05-10,13.84,13.91,13.96,13.67,61059000
1477,TSLA,2016-05-11,13.84,13.93,14.37,13.74,77428500
1478,TSLA,2016-05-12,14.1,13.82,14.11,13.58,54757500
1479,TSLA,2016-05-13,13.85,13.84,14.08,13.78,42342000
1480,TSLA,2016-05-16,13.88,13.89,14.21,13.86,44241000
1481,TSLA,2016-05-17,13.94,13.64,13.99,13.6,42654000
1482,TSLA,2016-05-18,13.94,14.08,14.35,13.85,84262500
1483,TSLA,2016-05-19,14.24,14.35,14.45,13.82,102994500
1484,TSLA,2016-05-20,14.47,14.69,14.7,14.42,135106500
1485,TSLA,2016-05-23,14.66,14.41,14.84,14.39,76537500
1486,TSLA,2016-05-24,14.44,14.53,14.58,14.35,45207000
1487,TSLA,2016-05-25,14.53,14.64,14.76,14.43,46902000
1488,TSLA,2016-05-26,14.7,15.01,15.02,14.6,61086000
1489,TSLA,2016-05-27,15.0,14.87,15.06,14.72,54754500
1490,TSLA,2016-05-31,14.87,14.88,14.98,14.77,41835000
1491,TSLA,2016-06-01,14.77,14.64,14.83,14.46,44740500
1492,TSLA,2016-06-02,14.64,14.6,14.66,14.47,30492000
1493,TSLA,2016-06-03,14.67,14.6,14.8,14.53,33435000
1494,TSLA,2016-06-06,14.53,14.71,14.73,14.36,33742500
1495,TSLA,2016-06-07,14.82,15.49,15.63,14.77,93204000
1496,TSLA,2016-06-08,15.59,15.7,16.06,15.51,89580000
1497,TSLA,2016-06-09,15.67,15.29,15.69,15.14,67381500
1498,TSLA,2016-06-10,15.16,14.59,15.2,14.56,90399000
1499,TSLA,2016-06-13,14.63,14.52,15.05,14.51,62895000
1500,TSLA,2016-06-14,14.59,14.33,14.81,14.17,53703000
1501,TSLA,2016-06-15,14.46,14.51,14.79,14.34,43627500
1502,TSLA,2016-06-16,14.49,14.53,14.54,14.23,36604500
1503,TSLA,2016-06-17,14.52,14.36,14.67,14.3,46689000
1504,TSLA,2016-06-20,14.63,14.65,14.92,14.55,53332500
1505,TSLA,2016-06-21,14.71,14.64,14.84,14.59,67935000
1506,TSLA,2016-06-22,13.3,13.11,13.73,13.05,356136000
1507,TSLA,2016-06-23,13.05,13.09,13.17,12.81,151960500
1508,TSLA,2016-06-24,12.67,12.88,13.01,12.65,105397500
1509,TSLA,2016-06-27,12.72,13.24,13.25,12.52,108081000
1510,TSLA,2016-06-28,13.46,13.45,13.6,13.29,93186000
1511,TSLA,2016-06-29,13.68,14.01,14.12,13.53,89923500
1512,TSLA,2016-06-30,14.2,14.15,14.23,13.93,72646500
1513,TSLA,2016-07-01,13.74,14.43,14.55,13.73,81000000
1514,TSLA,2016-07-05,13.98,14.27,14.3,13.87,77629500
1515,TSLA,2016-07-06,14.0,14.3,14.35,13.93,73798500
1516,TSLA,2016-07-07,14.21,14.4,14.54,14.2,54180000
1517,TSLA,2016-07-08,14.52,14.45,14.65,14.3,61122000
1518,TSLA,2016-07-11,14.66,14.99,15.12,14.63,81447000
1519,TSLA,2016-07-12,14.94,14.98,15.17,14.88,68569500
1520,TSLA,2016-07-13,15.03,14.84,15.04,14.69,53506500
1521,TSLA,2016-07-14,14.87,14.77,15.0,14.74,40137000
1522,TSLA,2016-07-15,14.83,14.69,14.85,14.64,33513000
1523,TSLA,2016-07-18,14.64,15.08,15.14,14.55,51181500
1524,TSLA,2016-07-19,15.0,15.02,15.27,14.98,46726500
1525,TSLA,2016-07-20,15.1,15.22,15.32,15.0,38527500
1526,TSLA,2016-07-21,15.07,14.7,15.19,14.61,66430500
1527,TSLA,2016-07-22,14.8,14.82,14.97,14.59,38695500
1528,TSLA,2016-07-25,14.82,15.33,15.43,14.76,67360500
1529,TSLA,2016-07-26,15.18,15.3,15.33,15.02,51450000
1530,TSLA,2016-07-27,15.29,15.23,15.56,15.13,43335000
1531,TSLA,2016-07-28,15.2,15.37,15.38,15.11,36286500
1532,TSLA,2016-07-29,15.38,15.65,15.69,15.35,46062000
1533,TSLA,2016-08-01,15.7,15.33,15.78,15.29,60244500
1534,TSLA,2016-08-02,15.29,15.15,15.32,14.76,59016000
1535,TSLA,2016-08-03,15.16,15.05,15.31,14.95,58317000
1536,TSLA,2016-08-04,15.05,15.37,15.39,14.8,62205000
1537,TSLA,2016-08-05,15.33,15.34,15.47,15.16,48078000
1538,TSLA,2016-08-08,15.2,15.08,15.31,15.07,33954000
1539,TSLA,2016-08-09,15.12,15.27,15.44,15.11,33117000
1540,TSLA,2016-08-10,15.22,15.04,15.32,14.97,35074500
1541,TSLA,2016-08-11,15.08,14.99,15.17,14.89,28213500
1542,TSLA,2016-08-12,15.03,15.04,15.11,14.94,27202500
1543,TSLA,2016-08-15,15.07,15.04,15.3,15.0,30514500
1544,TSLA,2016-08-16,15.03,14.91,15.15,14.89,34006500
1545,TSLA,2016-08-17,14.96,14.88,14.99,14.85,26806500
1546,TSLA,2016-08-18,14.92,14.9,15.04,14.82,25717500
1547,TSLA,2016-08-19,14.9,15.0,15.01,14.84,24892500
1548,TSLA,2016-08-22,14.94,14.86,15.01,14.85,30982500
1549,TSLA,2016-08-23,14.95,14.99,15.23,14.85,71766000
1550,TSLA,2016-08-24,15.14,14.84,15.14,14.81,38560500
1551,TSLA,2016-08-25,14.87,14.73,14.92,14.72,26437500
1552,TSLA,2016-08-26,14.81,14.67,14.86,14.59,33585000
1553,TSLA,2016-08-29,14.68,14.35,14.69,14.33,48994500
1554,TSLA,2016-08-30,14.41,14.09,14.41,14.03,47533500
1555,TSLA,2016-08-31,14.03,14.13,14.17,13.91,49147500
1556,TSLA,2016-09-01,13.93,13.38,14.07,13.37,119146500
1557,TSLA,2016-09-02,13.49,13.19,13.55,13.08,89661000
1558,TSLA,2016-09-06,13.27,13.52,13.55,13.27,65859000
1559,TSLA,2016-09-07,13.7,13.45,13.77,13.38,54613500
1560,TSLA,2016-09-08,13.3,13.16,13.33,13.09,50668500
1561,TSLA,2016-09-09,13.27,12.96,13.33,12.91,56355000
1562,TSLA,2016-09-12,13.0,13.22,13.42,12.94,55728000
1563,TSLA,2016-09-13,13.14,13.07,13.23,12.9,53841000
1564,TSLA,2016-09-14,13.05,13.09,13.19,12.99,33817500
1565,TSLA,2016-09-15,13.1,13.36,13.5,13.09,46158000
1566,TSLA,2016-09-16,13.36,13.69,13.71,13.27,46617000
1567,TSLA,2016-09-19,13.8,13.76,13.96,13.67,34492500
1568,TSLA,2016-09-20,13.79,13.64,13.85,13.59,36157500
1569,TSLA,2016-09-21,13.76,13.68,13.8,13.44,39502500
1570,TSLA,2016-09-22,13.76,13.76,13.82,13.53,35743500
1571,TSLA,2016-09-23,13.73,13.83,14.01,13.71,43578000
1572,TSLA,2016-09-26,13.77,13.93,14.07,13.77,35916000
1573,TSLA,2016-09-27,13.98,13.72,14.0,13.64,50598000
1574,TSLA,2016-09-28,13.83,13.75,13.88,13.68,31326000
1575,TSLA,2016-09-29,13.71,13.38,13.82,13.37,40905000
1576,TSLA,2016-09-30,13.48,13.6,13.67,13.3,38794500
1577,TSLA,2016-10-03,14.15,14.25,14.38,13.88,89998500
1578,TSLA,2016-10-04,14.21,14.09,14.22,13.92,53122500
1579,TSLA,2016-10-05,14.15,13.9,14.21,13.87,28162500
1580,TSLA,2016-10-06,13.5,13.4,13.61,13.35,70551000
1581,TSLA,2016-10-07,13.4,13.11,13.42,13.05,52395000
1582,TSLA,2016-10-10,13.42,13.4,13.61,13.31,49744500
1583,TSLA,2016-10-11,13.46,13.34,13.48,13.22,34926000
1584,TSLA,2016-10-12,13.4,13.43,13.59,13.36,29560500
1585,TSLA,2016-10-13,13.37,13.35,13.39,13.14,37419000
1586,TSLA,2016-10-14,13.38,13.1,13.43,13.09,64048500
1587,TSLA,2016-10-17,13.14,12.93,13.23,12.8,68311500
1588,TSLA,2016-10-18,13.07,13.27,13.3,12.88,85207500
1589,TSLA,2016-10-19,13.32,13.57,13.78,13.2,104868000
1590,TSLA,2016-10-20,13.47,13.27,13.53,13.14,76093500
1591,TSLA,2016-10-21,13.24,13.34,13.44,13.16,44151000
1592,TSLA,2016-10-24,13.4,13.52,13.6,13.35,41274000
1593,TSLA,2016-10-25,13.53,13.49,13.65,13.41,36675000
1594,TSLA,2016-10-26,13.4,13.48,13.55,13.34,84492000
1595,TSLA,2016-10-27,14.09,13.6,14.25,13.44,196405500
1596,TSLA,2016-10-28,13.6,13.33,13.69,13.32,64201500
1597,TSLA,2016-10-31,13.5,13.18,13.5,13.05,70384500
1598,TSLA,2016-11-01,13.2,12.72,13.23,12.54,105900000
1599,TSLA,2016-11-02,12.67,12.53,12.85,12.5,63801000
1600,TSLA,2016-11-03,12.6,12.49,12.76,12.47,39795000
1601,TSLA,2016-11-04,12.6,12.7,12.9,12.4,77190000
1602,TSLA,2016-11-07,12.91,12.88,12.95,12.67,58051500
1603,TSLA,2016-11-08,12.92,13.0,13.17,12.75,49014000
1604,TSLA,2016-11-09,12.46,12.67,12.8,12.26,122596500
1605,TSLA,2016-11-10,12.74,12.36,12.77,12.03,101254500
1606,TSLA,2016-11-11,12.28,12.57,12.59,12.2,59827500
1607,TSLA,2016-11-14,12.53,12.1,12.55,11.88,98283000
1608,TSLA,2016-11-15,12.19,12.25,12.43,12.14,58530000
1609,TSLA,2016-11-16,12.18,12.26,12.32,12.08,51516000
1610,TSLA,2016-11-17,12.23,12.58,12.63,12.14,73306500
1611,TSLA,2016-11-18,12.71,12.33,12.87,12.33,78154500
1612,TSLA,2016-11-21,12.34,12.3,12.59,12.29,65415000
1613,TSLA,2016-11-22,12.39,12.74,12.76,12.25,84051000
1614,TSLA,2016-11-23,12.71,12.88,13.04,12.6,73378500
1615,TSLA,2016-11-25,12.91,13.11,13.15,12.91,35491500
1616,TSLA,2016-11-28,13.03,13.07,13.29,12.97,67938000
1617,TSLA,2016-11-29,13.04,12.64,13.12,12.63,66589500
1618,TSLA,2016-11-30,12.73,12.63,12.79,12.5,53206500
1619,TSLA,2016-12-01,12.55,12.13,12.57,12.07,76896000
1620,TSLA,2016-12-02,12.19,12.1,12.33,12.0,60634500
1621,TSLA,2016-12-05,12.17,12.45,12.59,12.17,61083000
1622,TSLA,2016-12-06,12.37,12.39,12.44,12.18,50874000
1623,TSLA,2016-12-07,12.41,12.88,12.89,12.33,81928500
1624,TSLA,2016-12-08,12.8,12.82,12.83,12.64,47911500
1625,TSLA,2016-12-09,12.72,12.81,12.92,12.72,40837500
1626,TSLA,2016-12-12,12.85,12.83,12.96,12.75,36583500
1627,TSLA,2016-12-13,12.88,13.21,13.42,12.87,102358500
1628,TSLA,2016-12-14,13.25,13.25,13.53,13.12,62263500
1629,TSLA,2016-12-15,13.23,13.17,13.38,13.16,48294000
1630,TSLA,2016-12-16,13.21,13.5,13.51,13.17,56953500
1631,TSLA,2016-12-19,13.5,13.52,13.63,13.32,52321500
1632,TSLA,2016-12-20,13.54,13.92,13.93,13.5,70336500
1633,TSLA,2016-12-21,13.9,13.85,14.15,13.83,78114000
1634,TSLA,2016-12-22,13.88,13.9,14.0,13.77,46666500
1635,TSLA,2016-12-23,13.87,14.22,14.23,13.85,70057500
1636,TSLA,2016-12-27,14.33,14.64,14.82,14.29,88735500
1637,TSLA,2016-12-28,14.77,14.65,14.92,14.48,56737500
1638,TSLA,2016-12-29,14.57,14.31,14.61,14.27,60675000
1639,TSLA,2016-12-30,14.42,14.25,14.5,14.11,69639000
1640,TSLA,2017-01-03,14.32,14.47,14.69,14.06,88849500
1641,TSLA,2017-01-04,14.32,15.13,15.2,14.29,168202500
1642,TSLA,2017-01-05,15.09,15.12,15.17,14.8,88675500
1643,TSLA,2017-01-06,15.13,15.27,15.35,15.03,82918500
1644,TSLA,2017-01-09,15.26,15.42,15.46,15.2,59692500
1645,TSLA,2017-01-10,15.47,15.32,15.47,15.13,54900000
1646,TSLA,2017-01-11,15.27,15.32,15.33,15.11,54762000
1647,TSLA,2017-01-12,15.27,15.31,15.38,15.04,56853000
1648,TSLA,2017-01-13,15.33,15.85,15.86,15.31,91395000
1649,TSLA,2017-01-17,15.78,15.71,16.0,15.62,69262500
1650,TSLA,2017-01-18,15.78,15.89,15.98,15.71,56535000
1651,TSLA,2017-01-19,16.48,16.25,16.58,16.05,115984500
1652,TSLA,2017-01-20,16.36,16.32,16.4,16.2,63064500
1653,TSLA,2017-01-23,16.39,16.59,16.73,16.37,93943500
1654,TSLA,2017-01-24,16.67,16.97,16.99,16.64,74482500
1655,TSLA,2017-01-25,17.15,16.96,17.23,16.79,77139000
1656,TSLA,2017-01-26,16.95,16.83,17.05,16.72,47281500
1657,TSLA,2017-01-27,16.76,16.86,16.87,16.57,47494500
1658,TSLA,2017-01-30,16.84,16.71,17.02,16.47,57016500
1659,TSLA,2017-01-31,16.62,16.8,17.06,16.51,61741500
1660,TSLA,2017-02-01,16.87,16.62,16.88,16.6,59382000
1661,TSLA,2017-02-02,16.56,16.77,16.83,16.51,37497000
1662,TSLA,2017-02-03,16.79,16.76,16.81,16.65,32800500
1663,TSLA,2017-02-06,16.73,17.18,17.19,16.71,53437500
1664,TSLA,2017-02-07,17.21,17.17,17.33,17.09,63672000
1665,TSLA,2017-02-08,17.16,17.47,17.56,17.08,58995000
1666,TSLA,2017-02-09,17.75,17.95,18.08,17.74,117303000
1667,TSLA,2017-02-10,17.99,17.95,18.06,17.74,54295500
1668,TSLA,2017-02-13,18.05,18.71,18.72,18.03,105444000
1669,TSLA,2017-02-14,18.6,18.73,19.16,18.57,110178000
1670,TSLA,2017-02-15,18.67,18.65,18.82,18.43,74218500
1671,TSLA,2017-02-16,18.51,17.93,18.67,17.9,106159500
1672,TSLA,2017-02-17,17.72,18.15,18.19,17.61,93856500
1673,TSLA,2017-02-21,18.36,18.49,18.76,18.27,85150500
1674,TSLA,2017-02-22,18.69,18.23,18.9,18.17,131325000
1675,TSLA,2017-02-23,17.6,17.07,17.64,17.04,223728000
1676,TSLA,2017-02-24,16.84,17.13,17.22,16.68,122574000
1677,TSLA,2017-02-27,16.54,16.42,16.56,16.13,171912000
1678,TSLA,2017-02-28,16.28,16.67,16.73,16.26,91171500
1679,TSLA,2017-03-01,16.95,16.67,16.99,16.61,72142500
1680,TSLA,2017-03-02,16.65,16.7,16.89,16.55,50277000
1681,TSLA,2017-03-03,16.72,16.77,16.79,16.6,43791000
1682,TSLA,2017-03-06,16.53,16.75,16.78,16.5,50332500
1683,TSLA,2017-03-07,16.79,16.57,16.93,16.55,51892500
1684,TSLA,2017-03-08,16.47,16.46,16.67,16.35,55878000
1685,TSLA,2017-03-09,16.51,16.33,16.58,16.2,58189500
1686,TSLA,2017-03-10,16.41,16.25,16.43,16.2,45994500
1687,TSLA,2017-03-13,16.32,16.41,16.46,16.19,45339000
1688,TSLA,2017-03-14,16.41,17.2,17.21,16.4,113976000
1689,TSLA,2017-03-15,17.13,17.05,17.4,16.95,79962000
1690,TSLA,2017-03-16,17.49,17.47,17.72,17.27,106983000
1691,TSLA,2017-03-17,17.6,17.43,17.69,17.41,97462500
1692,TSLA,2017-03-20,17.37,17.46,17.64,17.25,54214500
1693,TSLA,2017-03-21,17.52,16.71,17.65,16.68,103629000
1694,TSLA,2017-03-22,16.77,17.0,17.0,16.7,60889500
1695,TSLA,2017-03-23,17.03,16.99,17.18,16.89,49803000
1696,TSLA,2017-03-24,17.05,17.54,17.59,17.0,84709500
1697,TSLA,2017-03-27,17.37,18.01,18.04,17.32,93462000
1698,TSLA,2017-03-28,18.47,18.5,18.71,18.33,119814000
1699,TSLA,2017-03-29,18.56,18.49,18.64,18.37,55143000
1700,TSLA,2017-03-30,18.54,18.53,18.8,18.48,62226000
1701,TSLA,2017-03-31,18.58,18.55,18.65,18.42,49419000
1702,TSLA,2017-04-03,19.13,19.9,19.93,18.97,208329000
1703,TSLA,2017-04-04,19.79,20.25,20.32,19.64,152019000
1704,TSLA,2017-04-05,20.14,19.67,20.33,19.61,118213500
1705,TSLA,2017-04-06,19.79,19.91,20.13,19.61,82809000
1706,TSLA,2017-04-07,19.83,20.17,20.18,19.81,68694000
1707,TSLA,2017-04-10,20.61,20.83,20.92,20.58,114967500
1708,TSLA,2017-04-11,20.89,20.58,20.9,20.37,85869000
1709,TSLA,2017-04-12,20.42,19.79,20.56,19.75,90760500
1710,TSLA,2017-04-13,19.78,20.27,20.49,19.69,139269000
1711,TSLA,2017-04-17,20.18,20.1,20.27,19.91,62080500
1712,TSLA,2017-04-18,19.98,20.02,20.06,19.86,45535500
1713,TSLA,2017-04-19,20.16,20.37,20.44,20.14,58470000
1714,TSLA,2017-04-20,20.43,20.17,20.61,20.02,92241000
1715,TSLA,2017-04-21,20.13,20.37,20.43,20.03,67647000
1716,TSLA,2017-04-24,20.61,20.54,20.7,20.4,76252500
1717,TSLA,2017-04-25,20.53,20.92,20.93,20.39,101065500
1718,TSLA,2017-04-26,20.82,20.68,20.97,20.6,70425000
1719,TSLA,2017-04-27,20.78,20.58,20.87,20.5,52029000
1720,TSLA,2017-04-28,20.66,20.94,20.99,20.53,67582500
1721,TSLA,2017-05-01,20.99,21.52,21.82,20.99,132444000
1722,TSLA,2017-05-02,21.6,21.26,21.84,21.1,80742000
1723,TSLA,2017-05-03,21.18,20.73,21.44,20.7,107001000
1724,TSLA,2017-05-04,20.5,19.7,20.52,19.38,212280000
1725,TSLA,2017-05-05,19.87,20.56,20.57,19.79,122659500
1726,TSLA,2017-05-08,20.73,20.48,20.92,20.39,105097500
1727,TSLA,2017-05-09,20.63,21.42,21.47,20.61,145147500
1728,TSLA,2017-05-10,21.44,21.68,21.7,21.21,86124000
1729,TSLA,2017-05-11,21.56,21.54,21.73,21.31,71307000
1730,TSLA,2017-05-12,21.7,21.65,21.8,21.44,61824000
1731,TSLA,2017-05-15,21.23,21.06,21.35,20.84,114330000
1732,TSLA,2017-05-16,21.17,21.13,21.34,21.01,62287500
1733,TSLA,2017-05-17,20.96,20.41,20.98,20.37,100678500
1734,TSLA,2017-05-18,20.47,20.87,20.93,20.35,84807000
1735,TSLA,2017-05-19,21.03,20.72,21.1,20.68,70314000
1736,TSLA,2017-05-22,20.85,20.69,20.96,20.45,64938000
1737,TSLA,2017-05-23,20.7,20.26,20.72,20.23,64776000
1738,TSLA,2017-05-24,20.43,20.68,20.73,20.36,75499500
1739,TSLA,2017-05-25,20.73,21.12,21.13,20.52,75210000
1740,TSLA,2017-05-26,21.15,21.68,21.7,21.09,117033000
1741,TSLA,2017-05-30,21.73,22.34,22.42,21.72,116743500
1742,TSLA,2017-05-31,22.51,22.73,22.86,22.34,149451000
1743,TSLA,2017-06-01,22.93,22.69,22.99,22.49,114120000
1744,TSLA,2017-06-02,22.65,22.66,22.86,22.4,83853000
1745,TSLA,2017-06-05,22.57,23.15,23.23,22.28,101766000
1746,TSLA,2017-06-06,22.98,23.52,23.97,22.66,166302000
1747,TSLA,2017-06-07,23.76,23.98,24.03,23.68,140970000
1748,TSLA,2017-06-08,24.25,24.67,24.79,24.01,135922500
1749,TSLA,2017-06-09,24.96,23.82,25.12,23.65,258921000
1750,TSLA,2017-06-12,23.87,23.93,24.3,23.37,157765500
1751,TSLA,2017-06-13,24.51,25.06,25.07,24.44,177118500
1752,TSLA,2017-06-14,25.41,25.38,25.62,25.09,192276000
1753,TSLA,2017-06-15,24.83,25.02,25.03,24.43,156397500
1754,TSLA,2017-06-16,25.2,24.76,25.2,24.67,100965000
1755,TSLA,2017-06-19,25.0,24.65,25.11,24.52,98239500
1756,TSLA,2017-06-20,25.11,24.82,25.26,24.65,111580500
1757,TSLA,2017-06-21,24.96,25.09,25.13,24.53,73848000
1758,TSLA,2017-06-22,25.2,25.51,25.67,24.9,112947000
1759,TSLA,2017-06-23,25.5,25.56,25.8,25.29,96687000
1760,TSLA,2017-06-26,25.78,25.17,25.8,24.87,99061500
1761,TSLA,2017-06-27,25.09,24.16,25.09,24.13,104946000
1762,TSLA,2017-06-28,24.45,24.75,24.78,24.17,94537500
1763,TSLA,2017-06-29,24.71,24.05,24.73,23.61,123315000
1764,TSLA,2017-06-30,24.25,24.11,24.45,23.97,87727500
1765,TSLA,2017-07-03,24.68,23.51,24.76,23.43,94581000
1766,TSLA,2017-07-05,23.15,21.81,23.15,21.76,255700500
1767,TSLA,2017-07-06,21.15,20.59,21.39,20.42,289867500
1768,TSLA,2017-07-07,20.9,20.88,21.13,20.49,212653500
1769,TSLA,2017-07-10,20.86,21.07,21.2,20.21,207313500
1770,TSLA,2017-07-11,21.07,21.81,21.82,20.95,173391000
1771,TSLA,2017-07-12,22.03,21.97,22.21,21.63,155191500
1772,TSLA,2017-07-13,22.01,21.56,22.11,21.33,128917500
1773,TSLA,2017-07-14,21.55,21.85,21.89,21.41,84378000
1774,TSLA,2017-07-17,21.7,21.3,21.81,20.9,148153500
1775,TSLA,2017-07-18,21.17,21.88,21.94,21.04,95605500
1776,TSLA,2017-07-19,21.88,21.68,22.11,21.55,95355000
1777,TSLA,2017-07-20,21.79,21.99,22.01,21.61,77493000
1778,TSLA,2017-07-21,21.96,21.89,22.08,21.72,73524000
1779,TSLA,2017-07-24,22.02,22.83,22.89,22.0,129556500
1780,TSLA,2017-07-25,23.0,22.64,23.04,22.28,104838000
1781,TSLA,2017-07-26,22.69,22.92,23.03,22.54,72312000
1782,TSLA,2017-07-27,23.07,22.3,23.17,21.75,124536000
1783,TSLA,2017-07-28,22.46,22.34,22.64,22.17,73206000
1784,TSLA,2017-07-31,22.37,21.56,22.77,21.4,128026500
1785,TSLA,2017-08-01,21.53,21.3,21.63,21.08,124546500
1786,TSLA,2017-08-02,21.26,21.73,21.81,20.75,196372500
1787,TSLA,2017-08-03,23.02,23.14,23.33,22.88,203025000
1788,TSLA,2017-08-04,23.13,23.79,23.82,22.89,139033500
1789,TSLA,2017-08-07,23.82,23.68,23.97,23.52,94867500
1790,TSLA,2017-08-08,23.84,24.35,24.57,23.83,111747000
1791,TSLA,2017-08-09,24.07,24.24,24.67,23.93,103381500
1792,TSLA,2017-08-10,24.11,23.69,24.44,23.64,106393500
1793,TSLA,2017-08-11,23.8,23.86,24.08,23.57,65487000
1794,TSLA,2017-08-14,24.31,24.25,24.51,24.17,67788000
1795,TSLA,2017-08-15,24.35,24.16,24.37,23.96,46276500
1796,TSLA,2017-08-16,24.2,24.19,24.43,24.17,51207000
1797,TSLA,2017-08-17,24.08,23.46,24.22,23.44,75415500
1798,TSLA,2017-08-18,23.53,23.16,23.6,23.05,81123000
1799,TSLA,2017-08-21,23.05,22.52,23.05,22.12,97431000
1800,TSLA,2017-08-22,22.74,22.76,22.82,22.49,64830000
1801,TSLA,2017-08-23,22.6,23.52,23.57,22.55,74317500
1802,TSLA,2017-08-24,23.5,23.53,23.78,23.32,68770500
1803,TSLA,2017-08-25,23.62,23.2,23.71,23.15,52260000
1804,TSLA,2017-08-28,23.15,23.04,23.16,22.65,56460000
1805,TSLA,2017-08-29,22.63,23.16,23.27,22.58,61105500
1806,TSLA,2017-08-30,23.31,23.55,23.56,23.13,51193500
1807,TSLA,2017-08-31,23.57,23.73,23.9,23.52,61092000
1808,TSLA,2017-09-01,23.74,23.69,23.84,23.58,45742500
1809,TSLA,2017-09-05,23.59,23.31,23.7,23.06,57526500
1810,TSLA,2017-09-06,23.3,22.97,23.4,22.77,61371000
1811,TSLA,2017-09-07,23.07,23.37,23.5,22.9,63588000
1812,TSLA,2017-09-08,23.27,22.89,23.32,22.82,48952500
1813,TSLA,2017-09-11,23.42,24.25,24.25,23.33,115006500
1814,TSLA,2017-09-12,24.3,24.18,24.58,24.03,89593500
1815,TSLA,2017-09-13,24.25,24.42,24.54,23.97,62778000
1816,TSLA,2017-09-14,24.29,25.18,25.2,24.18,108037500
1817,TSLA,2017-09-15,24.97,25.32,25.33,24.85,81307500
1818,TSLA,2017-09-18,25.35,25.67,25.97,25.18,107820000
1819,TSLA,2017-09-19,25.33,25.01,25.49,24.9,96778500
1820,TSLA,2017-09-20,24.87,24.93,25.22,24.74,73786500
1821,TSLA,2017-09-21,24.99,24.43,25.12,24.3,69273000
1822,TSLA,2017-09-22,24.43,23.41,24.66,23.39,122391000
1823,TSLA,2017-09-25,23.54,23.0,23.83,22.86,114088500
1824,TSLA,2017-09-26,23.4,23.02,23.42,22.73,107344500
1825,TSLA,2017-09-27,23.33,22.73,23.43,22.7,90904500
1826,TSLA,2017-09-28,22.66,22.64,22.85,22.36,79794000
1827,TSLA,2017-09-29,22.79,22.74,22.98,22.57,76606500
1828,TSLA,2017-10-02,22.83,22.77,22.91,22.37,79302000
1829,TSLA,2017-10-03,22.39,23.21,23.24,22.09,152304000
1830,TSLA,2017-10-04,23.42,23.67,23.91,23.31,122452500
1831,TSLA,2017-10-05,23.73,23.69,23.83,23.42,62575500
1832,TSLA,2017-10-06,23.54,23.79,24.01,23.48,64462500
1833,TSLA,2017-10-09,23.31,22.86,23.45,22.84,112405500
1834,TSLA,2017-10-10,23.12,23.71,23.71,23.04,104677500
1835,TSLA,2017-10-11,23.59,23.64,23.84,23.41,67512000
1836,TSLA,2017-10-12,23.53,23.71,23.99,23.51,61305000
1837,TSLA,2017-10-13,23.8,23.7,23.9,23.58,53107500
1838,TSLA,2017-10-16,23.58,23.37,23.63,23.14,80632500
1839,TSLA,2017-10-17,23.39,23.72,23.75,23.34,49399500
1840,TSLA,2017-10-18,23.73,23.98,24.2,23.61,74086500
1841,TSLA,2017-10-19,23.7,23.45,23.81,23.21,75927000
1842,TSLA,2017-10-20,23.51,23.01,23.64,22.96,73956000
1843,TSLA,2017-10-23,23.33,22.47,23.33,22.42,86209500
1844,TSLA,2017-10-24,22.59,22.49,22.85,22.41,67375500
1845,TSLA,2017-10-25,22.45,21.72,22.5,21.57,128911500
1846,TSLA,2017-10-26,21.85,21.74,22.02,21.55,75352500
1847,TSLA,2017-10-27,21.32,21.39,21.64,21.11,104695500
1848,TSLA,2017-10-30,21.28,21.34,21.59,21.15,63816000
1849,TSLA,2017-10-31,21.35,22.1,22.13,21.35,85084500
1850,TSLA,2017-11-01,22.15,21.41,22.17,21.35,126859500
1851,TSLA,2017-11-02,20.01,19.95,20.58,19.51,296871000
1852,TSLA,2017-11-03,19.97,20.41,20.42,19.68,133410000
1853,TSLA,2017-11-06,20.47,20.19,20.5,19.93,97290000
1854,TSLA,2017-11-07,20.07,20.4,20.43,20.0,79414500
1855,TSLA,2017-11-08,20.37,20.29,20.46,20.09,70879500
1856,TSLA,2017-11-09,20.17,20.2,20.3,19.75,81706500
1857,TSLA,2017-11-10,20.17,20.2,20.56,20.12,69381000
1858,TSLA,2017-11-13,20.01,21.03,21.12,19.94,113773500
1859,TSLA,2017-11-14,21.0,20.58,21.09,20.46,85141500
1860,TSLA,2017-11-15,20.4,20.75,20.83,20.1,89680500
1861,TSLA,2017-11-16,20.93,20.83,21.21,20.75,87331500
1862,TSLA,2017-11-17,21.71,21.0,21.78,20.88,206026500
1863,TSLA,2017-11-20,20.92,20.58,21.03,20.32,123715500
1864,TSLA,2017-11-21,20.72,21.19,21.22,20.58,108919500
1865,TSLA,2017-11-22,21.12,20.84,21.16,20.79,73764000
1866,TSLA,2017-11-24,20.92,21.04,21.09,20.73,48661500
1867,TSLA,2017-11-27,20.88,21.12,21.16,20.63,68338500
1868,TSLA,2017-11-28,21.09,21.17,21.33,20.93,74242500
1869,TSLA,2017-11-29,21.15,20.5,21.2,20.08,131511000
1870,TSLA,2017-11-30,20.57,20.59,20.71,20.3,65274000
1871,TSLA,2017-12-01,20.36,20.44,20.69,20.34,64393500
1872,TSLA,2017-12-04,20.43,20.35,20.55,20.04,87526500
1873,TSLA,2017-12-05,20.13,20.25,20.53,20.07,69697500
1874,TSLA,2017-12-06,20.01,20.88,20.89,20.0,107929500
1875,TSLA,2017-12-07,20.8,20.75,21.24,20.74,71709000
1876,TSLA,2017-12-08,20.97,21.01,21.13,20.75,52027500
1877,TSLA,2017-12-11,20.98,21.93,21.93,20.92,119070000
1878,TSLA,2017-12-12,22.03,22.74,22.76,22.0,130998000
1879,TSLA,2017-12-13,22.73,22.6,22.95,22.43,93322500
1880,TSLA,2017-12-14,22.73,22.53,23.16,22.46,86998500
1881,TSLA,2017-12-15,22.8,22.9,22.93,22.38,103998000
1882,TSLA,2017-12-18,22.99,22.59,23.12,22.51,82143000
1883,TSLA,2017-12-19,22.68,22.07,22.77,22.02,102375000
1884,TSLA,2017-12-20,22.18,21.93,22.21,21.67,89307000
1885,TSLA,2017-12-21,21.97,22.11,22.25,21.81,65778000
1886,TSLA,2017-12-22,21.97,21.68,22.06,21.65,63237000
1887,TSLA,2017-12-26,21.59,21.15,21.6,21.11,65676000
1888,TSLA,2017-12-27,21.07,20.78,21.18,20.72,70681500
1889,TSLA,2017-12-28,20.78,21.02,21.05,20.64,64744500
1890,TSLA,2017-12-29,21.08,20.76,21.09,20.67,56658000
1891,TSLA,2018-01-02,20.8,21.37,21.47,20.73,65283000
1892,TSLA,2018-01-03,21.4,21.15,21.68,21.04,67822500
1893,TSLA,2018-01-04,20.86,20.97,21.24,20.38,149194500
1894,TSLA,2018-01-05,21.11,21.11,21.15,20.8,68868000
1895,TSLA,2018-01-08,21.07,22.43,22.47,21.03,147891000
1896,TSLA,2018-01-09,22.34,22.25,22.59,21.83,107199000
1897,TSLA,2018-01-10,22.15,22.32,22.47,22.0,64648500
1898,TSLA,2018-01-11,22.35,22.53,22.99,22.22,99682500
1899,TSLA,2018-01-12,22.58,22.41,22.69,22.24,72376500
1900,TSLA,2018-01-16,22.5,22.67,23.0,22.32,97114500
1901,TSLA,2018-01-17,22.7,23.14,23.27,22.65,106552500
1902,TSLA,2018-01-18,23.04,22.97,23.49,22.92,85287000
1903,TSLA,2018-01-19,23.0,23.33,23.37,22.84,73324500
1904,TSLA,2018-01-22,23.29,23.44,23.86,23.28,93156000
1905,TSLA,2018-01-23,24.0,23.52,24.03,23.4,81981000
1906,TSLA,2018-01-24,23.64,23.06,23.65,22.9,79312500
1907,TSLA,2018-01-25,23.22,22.51,23.28,22.43,101104500
1908,TSLA,2018-01-26,22.77,22.86,22.93,22.38,68091000
1909,TSLA,2018-01-29,22.66,23.3,23.39,22.55,71206500
1910,TSLA,2018-01-30,23.01,23.05,23.22,22.81,70765500
1911,TSLA,2018-01-31,23.17,23.62,23.75,23.01,93211500
1912,TSLA,2018-02-01,23.4,23.28,23.98,23.24,62965500
1913,TSLA,2018-02-02,23.23,22.92,23.46,22.7,55572000
1914,TSLA,2018-02-05,22.53,22.21,22.96,22.2,66961500
1915,TSLA,2018-02-06,21.68,22.26,22.41,21.57,76326000
1916,TSLA,2018-02-07,22.6,23.0,23.07,22.38,104538000
1917,TSLA,2018-02-08,22.89,21.02,23.24,20.97,154719000
1918,TSLA,2018-02-09,21.33,20.69,21.4,19.65,194005500
1919,TSLA,2018-02-12,21.08,21.05,21.21,20.42,93417000
1920,TSLA,2018-02-13,21.0,21.58,21.61,20.83,68403000
1921,TSLA,2018-02-14,21.39,21.49,21.74,21.23,59260500
1922,TSLA,2018-02-15,21.63,22.27,22.27,21.49,88693500
1923,TSLA,2018-02-16,22.17,22.37,22.87,22.11,84639000
1924,TSLA,2018-02-20,22.3,22.32,22.72,22.1,60141000
1925,TSLA,2018-02-21,22.4,22.22,22.65,22.21,48294000
1926,TSLA,2018-02-22,22.37,23.08,23.16,22.32,104547000
1927,TSLA,2018-02-23,23.19,23.47,23.67,23.14,87261000
1928,TSLA,2018-02-26,23.57,23.83,23.93,23.49,65100000
1929,TSLA,2018-02-27,23.75,23.4,24.0,23.33,71961000
1930,TSLA,2018-02-28,23.5,22.87,23.68,22.81,91045500
1931,TSLA,2018-03-01,23.0,22.06,23.24,22.0,103284000
1932,TSLA,2018-03-02,21.8,22.34,22.35,21.53,76392000
1933,TSLA,2018-03-05,22.16,22.22,22.52,21.95,57357000
1934,TSLA,2018-03-06,22.25,21.88,22.42,21.8,64285500
1935,TSLA,2018-03-07,21.7,22.15,22.17,21.45,75109500
1936,TSLA,2018-03-08,22.19,21.94,22.22,21.75,53493000
1937,TSLA,2018-03-09,21.61,21.81,21.9,21.49,82602000
1938,TSLA,2018-03-12,21.91,23.03,23.15,21.77,123960000
1939,TSLA,2018-03-13,21.91,22.79,23.15,21.77,89487000
1940,TSLA,2018-03-14,22.45,21.78,22.65,21.6,119511000
1941,TSLA,2018-03-15,21.96,21.71,22.19,21.41,98472000
1942,TSLA,2018-03-16,21.53,21.42,21.83,21.27,91759500
1943,TSLA,2018-03-19,21.1,20.9,21.38,20.64,112264500
1944,TSLA,2018-03-20,20.99,20.7,21.08,20.58,71464500
1945,TSLA,2018-03-21,20.68,21.1,21.5,20.68,89376000
1946,TSLA,2018-03-22,20.93,20.61,21.25,20.55,74097000
1947,TSLA,2018-03-23,20.75,20.1,20.75,20.03,99823500
1948,TSLA,2018-03-26,20.49,20.28,20.51,19.42,125628000
1949,TSLA,2018-03-27,20.27,18.61,20.28,18.48,208080000
1950,TSLA,2018-03-28,17.64,17.19,17.91,16.81,315021000
1951,TSLA,2018-03-29,17.1,17.74,18.06,16.55,227560500
1952,TSLA,2018-04-02,17.08,16.83,17.36,16.31,241710000
1953,TSLA,2018-04-03,17.99,17.84,18.22,16.97,282666000
1954,TSLA,2018-04-04,16.85,19.13,19.22,16.8,298450500
1955,TSLA,2018-04-05,19.29,20.38,20.42,19.21,286816500
1956,TSLA,2018-04-06,20.07,19.95,20.62,19.7,202804500
1957,TSLA,2018-04-09,20.02,19.31,20.63,19.28,153747000
1958,TSLA,2018-04-10,19.93,20.31,20.47,19.58,164847000
1959,TSLA,2018-04-11,20.05,20.06,20.6,19.98,112243500
1960,TSLA,2018-04-12,20.15,19.61,20.26,19.58,114132000
1961,TSLA,2018-04-13,20.24,20.02,20.26,19.73,109908000
1962,TSLA,2018-04-16,19.93,19.41,19.98,19.27,95077500
1963,TSLA,2018-04-17,19.26,19.18,19.48,18.83,105000000
1964,TSLA,2018-04-18,19.41,19.56,20.02,19.21,98365500
1965,TSLA,2018-04-19,19.41,20.01,20.07,19.24,91359000
1966,TSLA,2018-04-20,19.68,19.35,20.0,19.32,84418500
1967,TSLA,2018-04-23,19.42,18.89,19.44,18.82,73401000
1968,TSLA,2018-04-24,19.0,18.9,19.14,18.56,85279500
1969,TSLA,2018-04-25,18.9,18.71,19.01,18.48,60204000
1970,TSLA,2018-04-26,18.58,19.03,19.05,18.43,65340000
1971,TSLA,2018-04-27,19.02,19.61,19.63,18.92,65469000
1972,TSLA,2018-04-30,19.57,19.59,19.92,19.5,63423000
1973,TSLA,2018-05-01,19.57,19.99,20.05,19.55,69384000
1974,TSLA,2018-05-02,19.9,20.08,20.46,19.85,134556000
1975,TSLA,2018-05-03,18.59,18.96,19.2,18.35,260281500
1976,TSLA,2018-05-04,18.87,19.61,19.79,18.63,128541000
1977,TSLA,2018-05-07,19.83,20.18,20.4,19.68,130173000
1978,TSLA,2018-05-08,20.05,20.13,20.52,19.93,88950000
1979,TSLA,2018-05-09,20.03,20.46,20.47,20.0,85911000
1980,TSLA,2018-05-10,20.5,20.33,20.87,20.27,84774000
1981,TSLA,2018-05-11,20.51,20.07,20.59,19.94,70194000
1982,TSLA,2018-05-14,20.22,19.46,20.33,19.44,109302000
1983,TSLA,2018-05-15,19.0,18.95,19.13,18.7,142788000
1984,TSLA,2018-05-16,18.92,19.1,19.25,18.77,85110000
1985,TSLA,2018-05-17,19.06,18.97,19.28,18.93,66309000
1986,TSLA,2018-05-18,18.98,18.45,18.98,18.27,108778500
1987,TSLA,2018-05-21,18.76,18.97,19.43,18.75,137739000
1988,TSLA,2018-05-22,19.18,18.33,19.2,18.23,134187000
1989,TSLA,2018-05-23,18.52,18.6,18.66,18.27,89776500
1990,TSLA,2018-05-24,18.56,18.52,18.74,18.33,62650500
1991,TSLA,2018-05-25,18.51,18.59,18.64,18.37,58126500
1992,TSLA,2018-05-29,18.57,18.92,19.1,18.41,84999000
1993,TSLA,2018-05-30,18.89,19.45,19.67,18.77,112345500
1994,TSLA,2018-05-31,19.15,18.98,19.36,18.86,88795500
1995,TSLA,2018-06-01,19.06,19.45,19.46,18.92,81366000
1996,TSLA,2018-06-04,19.62,19.78,19.93,19.57,71967000
1997,TSLA,2018-06-05,19.85,19.41,19.85,19.12,89928000
1998,TSLA,2018-06-06,20.03,21.3,21.48,19.83,281509500
1999,TSLA,2018-06-07,21.08,21.07,22.0,20.91,215179500
2000,TSLA,2018-06-08,21.27,21.18,21.63,21.14,123078000
2001,TSLA,2018-06-11,21.5,22.14,22.31,21.5,197752500
2002,TSLA,2018-06-12,22.98,22.85,23.66,22.53,335211000
2003,TSLA,2018-06-13,23.11,22.99,23.15,22.65,142047000
2004,TSLA,2018-06-14,23.18,23.85,23.92,23.11,164715000
2005,TSLA,2018-06-15,23.59,23.88,24.31,23.42,162724500
2006,TSLA,2018-06-18,23.69,24.72,24.92,23.63,181098000
2007,TSLA,2018-06-19,24.34,23.5,24.67,23.08,191428500
2008,TSLA,2018-06-20,23.87,24.15,24.29,23.47,125755500
2009,TSLA,2018-06-21,24.13,23.17,24.41,23.08,119506500
2010,TSLA,2018-06-22,23.44,22.24,23.48,22.13,153991500
2011,TSLA,2018-06-25,22.01,22.2,22.56,21.83,103969500
2012,TSLA,2018-06-26,22.4,22.8,22.9,21.72,111787500
2013,TSLA,2018-06-27,23.0,22.97,23.39,22.63,125005500
2014,TSLA,2018-06-28,23.24,23.33,23.8,23.07,125970000
2015,TSLA,2018-06-29,23.56,22.86,23.59,22.83,97386000
2016,TSLA,2018-07-02,24.0,22.34,24.32,21.99,281397000
2017,TSLA,2018-07-03,22.12,20.72,22.17,20.65,184239000
2018,TSLA,2018-07-05,20.92,20.61,20.96,19.75,262146000
2019,TSLA,2018-07-06,20.33,20.59,20.8,20.13,132982500
2020,TSLA,2018-07-09,20.8,21.23,21.23,20.53,113952000
2021,TSLA,2018-07-10,21.64,21.5,21.85,21.28,142072500
2022,TSLA,2018-07-11,21.05,21.26,21.46,21.0,73261500
2023,TSLA,2018-07-12,21.43,21.11,21.55,20.85,85818000
2024,TSLA,2018-07-13,21.04,21.26,21.31,20.62,88047000
2025,TSLA,2018-07-16,20.78,20.67,21.01,20.42,117280500
2026,TSLA,2018-07-17,20.59,21.51,21.65,20.57,104943000
2027,TSLA,2018-07-18,21.67,21.59,21.7,21.08,84363000
2028,TSLA,2018-07-19,21.09,21.35,21.57,20.93,88729500
2029,TSLA,2018-07-20,21.42,20.91,21.55,20.78,77433000
2030,TSLA,2018-07-23,20.12,20.21,20.37,19.52,164893500
2031,TSLA,2018-07-24,20.29,19.83,20.51,19.5,143862000
2032,TSLA,2018-07-25,19.78,20.58,20.64,19.63,106131000
2033,TSLA,2018-07-26,20.32,20.44,20.71,20.24,69457500
2034,TSLA,2018-07-27,20.48,19.81,20.51,19.69,85549500
2035,TSLA,2018-07-30,19.73,19.34,19.74,19.08,102211500
2036,TSLA,2018-07-31,19.48,19.88,19.89,19.27,76153500
2037,TSLA,2018-08-01,19.87,20.06,20.2,19.53,151941000
2038,TSLA,2018-08-02,21.9,23.3,23.33,21.54,348225000
2039,TSLA,2018-08-03,23.19,23.21,23.67,22.84,204847500
2040,TSLA,2018-08-06,23.03,22.8,23.67,22.79,128464500
2041,TSLA,2018-08-07,22.92,25.3,25.83,22.61,463137000
2042,TSLA,2018-08-08,24.61,24.69,25.51,24.47,368568000
2043,TSLA,2018-08-09,24.37,23.5,24.47,23.05,257757000
2044,TSLA,2018-08-10,23.6,23.7,24.0,23.07,173280000
2045,TSLA,2018-08-13,24.08,23.76,24.21,23.27,156958500
2046,TSLA,2018-08-14,23.9,23.18,23.95,23.14,104796000
2047,TSLA,2018-08-15,22.79,22.58,22.97,22.14,136519500
2048,TSLA,2018-08-16,22.66,22.36,22.82,22.25,90960000
2049,TSLA,2018-08-17,21.57,20.37,21.78,20.24,284379000
2050,TSLA,2018-08-20,19.45,20.56,20.57,19.21,261034500
2051,TSLA,2018-08-21,20.71,21.46,21.65,20.6,197583000
2052,TSLA,2018-08-22,21.39,21.44,21.59,20.98,89190000
2053,TSLA,2018-08-23,21.28,21.34,21.82,21.21,77209500
2054,TSLA,2018-08-24,21.38,21.52,21.59,21.29,54039000
2055,TSLA,2018-08-27,21.2,21.28,21.5,20.59,196189500
2056,TSLA,2018-08-28,21.23,20.79,21.26,20.75,114736500
2057,TSLA,2018-08-29,20.68,20.33,20.79,20.25,111711000
2058,TSLA,2018-08-30,20.15,20.21,20.31,19.85,108250500
2059,TSLA,2018-08-31,20.13,20.11,20.35,19.91,80626500
2060,TSLA,2018-09-04,19.8,19.26,19.88,19.2,125257500
2061,TSLA,2018-09-05,19.0,18.72,19.12,18.48,115812000
2062,TSLA,2018-09-06,18.99,18.73,19.41,18.59,112212000
2063,TSLA,2018-09-07,17.34,17.55,17.89,16.82,337378500
2064,TSLA,2018-09-10,18.22,19.03,19.07,18.07,214252500
2065,TSLA,2018-09-11,18.63,18.63,18.8,18.24,137550000
2066,TSLA,2018-09-12,18.76,19.37,19.5,18.58,150231000
2067,TSLA,2018-09-13,19.2,19.3,19.67,19.01,95104500
2068,TSLA,2018-09-14,19.25,19.68,19.82,19.1,101484000
2069,TSLA,2018-09-17,19.34,19.66,20.06,19.21,103314000
2070,TSLA,2018-09-18,19.78,19.0,20.18,18.37,248212500
2071,TSLA,2018-09-19,18.7,19.93,20.0,18.7,124423500
2072,TSLA,2018-09-20,20.24,19.89,20.4,19.56,110241000
2073,TSLA,2018-09-21,19.85,19.94,20.04,19.69,75757500
2074,TSLA,2018-09-24,19.9,19.98,20.2,19.57,72645000
2075,TSLA,2018-09-25,20.0,20.07,20.31,19.77,67225500
2076,TSLA,2018-09-26,20.13,20.64,20.93,20.07,117648000
2077,TSLA,2018-09-27,20.86,20.5,21.0,20.46,127636500
2078,TSLA,2018-09-28,18.02,17.65,18.53,17.37,504745500
2079,TSLA,2018-10-01,20.38,20.71,20.76,20.07,326664000
2080,TSLA,2018-10-02,20.93,20.07,21.12,19.94,176152500
2081,TSLA,2018-10-03,20.22,19.65,20.31,19.44,119925000
2082,TSLA,2018-10-04,19.6,18.79,19.6,18.51,147213000
2083,TSLA,2018-10-05,18.31,17.46,18.33,17.33,269167500
2084,TSLA,2018-10-08,17.63,16.7,17.85,16.6,202090500
2085,TSLA,2018-10-09,17.02,17.52,17.78,16.89,180909000
2086,TSLA,2018-10-10,17.64,17.13,17.7,16.52,192229500
2087,TSLA,2018-10-11,17.17,16.82,17.48,16.6,122515500
2088,TSLA,2018-10-12,17.4,17.25,17.47,16.8,108021000
2089,TSLA,2018-10-15,17.27,17.31,17.55,16.97,93000000
2090,TSLA,2018-10-16,17.71,18.44,18.49,17.48,142896000
2091,TSLA,2018-10-17,18.83,18.12,18.85,17.72,129832500
2092,TSLA,2018-10-18,17.95,17.59,18.07,17.53,81318000
2093,TSLA,2018-10-19,17.83,17.33,17.98,16.9,140632500
2094,TSLA,2018-10-22,17.38,17.4,17.46,16.84,84004500
2095,TSLA,2018-10-23,17.59,19.61,19.86,17.47,285417000
2096,TSLA,2018-10-24,20.07,19.23,20.3,19.05,300874500
2097,TSLA,2018-10-25,21.15,20.99,21.4,20.07,312610500
2098,TSLA,2018-10-26,20.55,22.06,22.66,20.44,411382500
2099,TSLA,2018-10-29,22.5,22.32,23.14,21.77,217290000
2100,TSLA,2018-10-30,21.89,21.99,22.53,21.48,136900500
2101,TSLA,2018-10-31,22.17,22.49,22.8,21.94,114364500
2102,TSLA,2018-11-01,22.55,22.95,23.19,22.32,120001500
2103,TSLA,2018-11-02,22.92,23.09,23.28,22.73,117120000
2104,TSLA,2018-11-05,22.7,22.76,22.93,22.01,117465000
2105,TSLA,2018-11-06,22.6,22.74,23.25,22.41,101443500
2106,TSLA,2018-11-07,22.89,23.21,23.41,22.72,110617500
2107,TSLA,2018-11-08,23.23,23.43,23.84,23.23,106360500
2108,TSLA,2018-11-09,23.27,23.37,23.6,23.02,76482000
2109,TSLA,2018-11-12,23.22,22.09,23.32,22.02,104122500
2110,TSLA,2018-11-13,22.21,22.58,22.98,22.15,81729000
2111,TSLA,2018-11-14,22.85,22.93,23.14,22.48,75604500
2112,TSLA,2018-11-15,22.82,23.23,23.24,22.6,69385500
2113,TSLA,2018-11-16,23.01,23.62,23.71,23.01,108093000
2114,TSLA,2018-11-19,23.76,23.56,24.45,23.53,145633500
2115,TSLA,2018-11-20,22.78,23.17,23.32,22.24,120070500
2116,TSLA,2018-11-21,23.47,22.55,23.54,22.49,70302000
2117,TSLA,2018-11-23,22.29,21.72,22.5,21.7,63039000
2118,TSLA,2018-11-26,21.67,23.07,23.08,21.67,119881500
2119,TSLA,2018-11-27,22.67,22.93,23.13,22.37,95374500
2120,TSLA,2018-11-28,23.07,23.19,23.22,22.81,61914000
2121,TSLA,2018-11-29,23.13,22.74,23.17,22.64,46210500
2122,TSLA,2018-11-30,22.79,23.37,23.44,22.55,84436500
2123,TSLA,2018-12-03,24.0,23.9,24.4,23.47,124597500
2124,TSLA,2018-12-04,23.74,23.98,24.58,23.47,126928500
2125,TSLA,2018-12-06,23.73,24.2,24.49,23.38,117637500
2126,TSLA,2018-12-07,24.6,23.86,25.3,23.84,172668000
2127,TSLA,2018-12-10,24.0,24.34,24.4,23.54,99202500
2128,TSLA,2018-12-11,24.66,24.45,24.81,24.02,94632000
2129,TSLA,2018-12-12,24.63,24.44,24.79,24.34,75405000
2130,TSLA,2018-12-13,24.68,25.12,25.16,24.45,110488500
2131,TSLA,2018-12-14,25.0,24.38,25.19,24.29,95064000
2132,TSLA,2018-12-17,24.13,23.23,24.38,22.93,115110000
2133,TSLA,2018-12-18,23.37,22.47,23.44,22.25,106500000
2134,TSLA,2018-12-19,22.51,22.2,23.13,21.98,124113000
2135,TSLA,2018-12-20,21.8,21.03,22.02,20.79,136078500
2136,TSLA,2018-12-21,21.16,21.32,21.56,20.83,120252000
2137,TSLA,2018-12-24,20.9,19.69,20.97,19.68,83398500
2138,TSLA,2018-12-26,20.0,21.74,21.8,19.61,122446500
2139,TSLA,2018-12-27,21.32,21.08,21.48,20.1,128626500
2140,TSLA,2018-12-28,21.54,22.26,22.42,21.23,149085000
2141,TSLA,2018-12-31,22.52,22.19,22.61,21.68,94534500
2142,TSLA,2019-01-02,20.41,20.67,21.01,19.92,174879000
2143,TSLA,2019-01-03,20.47,20.02,20.63,19.83,104478000
2144,TSLA,2019-01-04,20.4,21.18,21.2,20.18,110911500
2145,TSLA,2019-01-07,21.45,22.33,22.45,21.18,113268000
2146,TSLA,2019-01-08,22.8,22.36,22.93,21.8,105127500
2147,TSLA,2019-01-09,22.37,22.57,22.9,22.1,81493500
2148,TSLA,2019-01-10,22.29,23.0,23.03,22.12,90846000
2149,TSLA,2019-01-11,22.81,23.15,23.23,22.58,75586500
2150,TSLA,2019-01-14,22.83,22.29,22.83,22.27,78709500
2151,TSLA,2019-01-15,22.33,22.96,23.25,22.3,90849000
2152,TSLA,2019-01-16,22.99,23.07,23.47,22.9,70375500
2153,TSLA,2019-01-17,23.08,23.15,23.43,22.94,55150500
2154,TSLA,2019-01-18,21.53,20.15,21.81,19.98,362262000
2155,TSLA,2019-01-22,20.32,19.93,20.53,19.7,181000500
2156,TSLA,2019-01-23,19.5,19.17,19.63,18.78,187950000
2157,TSLA,2019-01-24,18.87,19.43,19.58,18.62,120183000
2158,TSLA,2019-01-25,19.63,19.8,19.9,19.3,108744000
2159,TSLA,2019-01-28,19.53,19.76,19.83,19.18,96349500
2160,TSLA,2019-01-29,19.68,19.83,19.9,19.45,69325500
2161,TSLA,2019-01-30,20.03,20.58,20.6,19.9,168754500
2162,TSLA,2019-01-31,20.07,20.47,20.77,19.6,188538000
2163,TSLA,2019-02-01,20.36,20.81,21.07,20.23,109251000
2164,TSLA,2019-02-04,20.87,20.86,21.02,20.13,110281500
2165,TSLA,2019-02-05,20.83,21.42,21.5,20.82,101142000
2166,TSLA,2019-02-06,21.31,21.15,21.62,21.04,75577500
2167,TSLA,2019-02-07,20.89,20.5,20.98,20.2,97809000
2168,TSLA,2019-02-08,20.46,20.39,20.5,19.9,87663000
2169,TSLA,2019-02-11,20.77,20.86,21.24,20.7,106945500
2170,TSLA,2019-02-12,21.08,20.79,21.21,20.64,82764000
2171,TSLA,2019-02-13,20.82,20.54,20.85,20.37,77124000
2172,TSLA,2019-02-14,20.23,20.25,20.45,20.07,78012000
2173,TSLA,2019-02-15,20.3,20.53,20.53,20.26,58573500
2174,TSLA,2019-02-19,20.44,20.38,20.77,20.36,62526000
2175,TSLA,2019-02-20,20.29,20.17,20.42,19.93,107131500
2176,TSLA,2019-02-21,20.12,19.42,20.22,19.37,133638000
2177,TSLA,2019-02-22,19.63,19.65,19.77,19.47,86109000
2178,TSLA,2019-02-25,19.86,19.92,20.19,19.8,99397500
2179,TSLA,2019-02-26,19.48,19.86,20.13,19.25,128737500
2180,TSLA,2019-02-27,20.12,20.98,21.09,20.04,167758500
2181,TSLA,2019-02-28,21.26,21.33,21.33,20.72,157810500
2182,TSLA,2019-03-01,20.46,19.65,20.48,19.46,343671000
2183,TSLA,2019-03-04,19.87,19.02,19.93,18.85,256452000
2184,TSLA,2019-03-05,18.8,18.44,18.93,18.01,281470500
2185,TSLA,2019-03-06,18.43,18.42,18.77,18.29,155032500
2186,TSLA,2019-03-07,18.59,18.44,18.98,18.28,141637500
2187,TSLA,2019-03-08,18.46,18.94,19.04,18.39,132294000
2188,TSLA,2019-03-11,18.9,19.39,19.42,18.7,110884500
2189,TSLA,2019-03-12,19.1,18.89,19.2,18.74,112561500
2190,TSLA,2019-03-13,18.93,19.26,19.47,18.85,102670500
2191,TSLA,2019-03-14,19.5,19.33,19.69,19.22,106551000
2192,TSLA,2019-03-15,18.9,18.36,18.91,18.29,221782500
2193,TSLA,2019-03-18,18.4,17.97,18.54,17.82,154215000
2194,TSLA,2019-03-19,17.83,17.83,18.22,17.56,177009000
2195,TSLA,2019-03-20,17.98,18.24,18.33,17.75,103623000
2196,TSLA,2019-03-21,18.17,18.27,18.43,17.9,89206500
2197,TSLA,2019-03-22,18.17,17.64,18.19,17.6,131184000
2198,TSLA,2019-03-25,17.31,17.36,17.55,16.96,153225000
2199,TSLA,2019-03-26,17.63,17.85,18.02,17.63,110263500
2200,TSLA,2019-03-27,17.92,18.32,18.36,17.88,131688000
2201,TSLA,2019-03-28,18.48,18.57,18.69,18.34,101611500
2202,TSLA,2019-03-29,18.58,18.66,18.68,18.3,89869500
2203,TSLA,2019-04-01,18.84,19.28,19.28,18.75,121656000
2204,TSLA,2019-04-02,19.22,19.06,19.3,18.93,82183500
2205,TSLA,2019-04-03,19.15,19.45,19.74,19.14,118791000
2206,TSLA,2019-04-04,17.46,17.85,18.08,17.37,355810500
2207,TSLA,2019-04-05,17.99,18.33,18.41,17.74,195574500
2208,TSLA,2019-04-08,18.51,18.21,18.74,18.03,156156000
2209,TSLA,2019-04-09,18.11,18.15,18.33,17.97,88560000
2210,TSLA,2019-04-10,18.45,18.4,18.56,18.19,105919500
2211,TSLA,2019-04-11,17.89,17.89,18.03,17.71,147538500
2212,TSLA,2019-04-12,18.01,17.85,18.13,17.79,101190000
2213,TSLA,2019-04-15,17.91,17.76,17.93,17.24,150579000
2214,TSLA,2019-04-16,17.72,18.22,18.33,17.65,109093500
2215,TSLA,2019-04-17,18.32,18.08,18.32,17.9,76897500
2216,TSLA,2019-04-18,18.08,18.22,18.32,17.98,88144500
2217,TSLA,2019-04-22,17.93,17.52,17.98,17.5,182206500
2218,TSLA,2019-04-23,17.34,17.59,17.71,17.05,164158500
2219,TSLA,2019-04-24,17.59,17.24,17.69,17.2,160912500
2220,TSLA,2019-04-25,17.0,16.51,17.27,16.4,327741000
2221,TSLA,2019-04-26,16.43,15.68,16.45,15.41,335410500
2222,TSLA,2019-04-29,15.72,16.1,16.27,15.48,250717500
2223,TSLA,2019-04-30,16.14,15.91,16.28,15.8,141969000
2224,TSLA,2019-05-01,15.92,15.6,16.0,15.43,160566000
2225,TSLA,2019-05-02,16.37,16.27,16.48,15.85,272389500
2226,TSLA,2019-05-03,16.26,17.0,17.11,16.23,355602000
2227,TSLA,2019-05-06,16.67,17.02,17.22,16.57,162508500
2228,TSLA,2019-05-07,17.12,16.47,17.15,16.34,151971000
2229,TSLA,2019-05-08,16.46,16.32,16.71,16.28,92646000
2230,TSLA,2019-05-09,16.13,16.13,16.25,15.8,100671000
2231,TSLA,2019-05-10,15.98,15.97,16.13,15.73,105124500
2232,TSLA,2019-05-13,15.47,15.13,15.5,14.97,162522000
2233,TSLA,2019-05-14,15.29,15.49,15.63,15.2,108786000
2234,TSLA,2019-05-15,15.29,15.46,15.5,15.02,109440000
2235,TSLA,2019-05-16,15.3,15.22,15.4,15.1,112249500
2236,TSLA,2019-05-17,14.8,14.07,14.82,13.93,266800500
2237,TSLA,2019-05-20,13.52,13.69,13.73,13.02,307893000
2238,TSLA,2019-05-21,13.18,13.67,13.83,13.07,270058500
2239,TSLA,2019-05-22,13.27,12.85,13.6,12.79,280278000
2240,TSLA,2019-05-23,12.96,13.03,13.3,12.41,398206500
2241,TSLA,2019-05-24,13.32,12.71,13.33,12.58,212049000
2242,TSLA,2019-05-28,12.75,12.58,13.0,12.52,154693500
2243,TSLA,2019-05-29,12.47,12.66,12.83,12.34,179529000
2244,TSLA,2019-05-30,12.58,12.55,12.82,12.47,118897500
2245,TSLA,2019-05-31,12.34,12.34,12.66,12.27,156100500
2246,TSLA,2019-06-03,12.37,11.93,12.45,11.8,195966000
2247,TSLA,2019-06-04,12.07,12.91,12.93,11.97,207112500
2248,TSLA,2019-06-05,13.25,13.11,13.42,12.79,202662000
2249,TSLA,2019-06-06,13.63,13.73,14.07,13.45,303633000
2250,TSLA,2019-06-07,13.67,13.63,14.06,13.57,240052500
2251,TSLA,2019-06-10,14.02,14.19,14.46,13.93,158775000
2252,TSLA,2019-06-11,14.61,14.47,14.73,14.23,174802500
2253,TSLA,2019-06-12,14.86,13.95,14.89,13.93,227962500
2254,TSLA,2019-06-13,14.03,14.26,14.33,13.83,122524500
2255,TSLA,2019-06-14,14.08,14.33,14.44,14.03,111501000
2256,TSLA,2019-06-17,14.37,15.0,15.13,14.28,184752000
2257,TSLA,2019-06-18,15.25,14.98,15.65,14.84,190737000
2258,TSLA,2019-06-19,15.01,15.1,15.18,14.74,98626500
2259,TSLA,2019-06-20,14.87,14.64,15.13,14.42,177952500
2260,TSLA,2019-06-21,14.41,14.79,14.81,14.37,123031500
2261,TSLA,2019-06-24,14.88,14.91,15.06,14.73,86262000
2262,TSLA,2019-06-25,14.96,14.65,15.02,14.63,92731500
2263,TSLA,2019-06-26,14.69,14.62,15.15,14.54,127608000
2264,TSLA,2019-06-27,14.63,14.86,14.86,14.49,95095500
2265,TSLA,2019-06-28,14.73,14.9,15.01,14.72,102771000
2266,TSLA,2019-07-01,15.35,15.14,15.54,15.09,123201000
2267,TSLA,2019-07-02,15.26,14.97,15.28,14.81,138885000
2268,TSLA,2019-07-03,15.96,15.66,16.1,15.63,213016500
2269,TSLA,2019-07-05,15.64,15.54,15.7,15.39,105985500
2270,TSLA,2019-07-08,15.42,15.36,15.48,15.24,88207500
2271,TSLA,2019-07-09,15.26,15.34,15.4,15.15,92862000
2272,TSLA,2019-07-10,15.61,15.93,15.93,15.54,137185500
2273,TSLA,2019-07-11,15.88,15.91,16.1,15.72,112716000
2274,TSLA,2019-07-12,15.98,16.34,16.36,15.98,138007500
2275,TSLA,2019-07-15,16.53,16.9,16.96,16.32,165001500
2276,TSLA,2019-07-16,16.62,16.83,16.9,16.53,122235000
2277,TSLA,2019-07-17,17.04,16.99,17.22,16.89,146470500
2278,TSLA,2019-07-18,17.0,16.9,17.05,16.79,71379000
2279,TSLA,2019-07-19,17.05,17.21,17.33,16.97,105726000
2280,TSLA,2019-07-22,17.25,17.05,17.48,16.95,102636000
2281,TSLA,2019-07-23,17.11,17.34,17.37,16.97,75346500
2282,TSLA,2019-07-24,17.28,17.66,17.74,17.21,166092000
2283,TSLA,2019-07-25,15.57,15.25,15.63,15.04,336274500
2284,TSLA,2019-07-26,15.13,15.2,15.35,14.82,150415500
2285,TSLA,2019-07-29,15.14,15.72,15.73,15.07,139099500
2286,TSLA,2019-07-30,15.53,16.15,16.22,15.48,121635000
2287,TSLA,2019-07-31,16.2,16.11,16.45,15.78,137673000
2288,TSLA,2019-08-01,16.18,15.59,16.3,15.45,123892500
2289,TSLA,2019-08-02,15.42,15.62,15.75,15.28,92047500
2290,TSLA,2019-08-05,15.31,15.22,15.42,15.05,105424500
2291,TSLA,2019-08-06,15.46,15.38,15.5,15.05,83463000
2292,TSLA,2019-08-07,15.1,15.56,15.57,15.05,71647500
2293,TSLA,2019-08-08,15.63,15.89,15.99,15.51,79114500
2294,TSLA,2019-08-09,15.74,15.67,15.93,15.59,58473000
2295,TSLA,2019-08-12,15.53,15.27,15.72,15.25,69958500
2296,TSLA,2019-08-13,15.25,15.67,15.73,15.17,72721500
2297,TSLA,2019-08-14,15.41,14.64,15.43,14.45,143439000
2298,TSLA,2019-08-15,14.72,14.38,14.77,14.1,122394000
2299,TSLA,2019-08-16,14.44,14.66,14.82,14.4,76477500
2300,TSLA,2019-08-19,14.95,15.12,15.19,14.78,79644000
2301,TSLA,2019-08-20,15.17,15.06,15.27,14.97,61878000
2302,TSLA,2019-08-21,14.8,14.72,14.88,14.51,116914500
2303,TSLA,2019-08-22,14.85,14.81,15.03,14.55,98385000
2304,TSLA,2019-08-23,14.66,14.09,14.74,14.07,128079000
2305,TSLA,2019-08-26,14.24,14.33,14.33,14.1,75778500
2306,TSLA,2019-08-27,14.38,14.27,14.59,14.14,81243000
2307,TSLA,2019-08-28,14.25,14.37,14.48,14.15,48382500
2308,TSLA,2019-08-29,14.6,14.78,14.89,14.53,77692500
2309,TSLA,2019-08-30,15.28,15.04,15.5,14.95,139809000
2310,TSLA,2019-09-03,14.94,15.0,15.26,14.88,80311500
2311,TSLA,2019-09-04,15.13,14.71,15.23,14.61,86415000
2312,TSLA,2019-09-05,14.83,15.31,15.32,14.72,110929500
2313,TSLA,2019-09-06,15.15,15.16,15.31,15.01,62841000
2314,TSLA,2019-09-09,15.33,15.45,15.58,15.28,72040500
2315,TSLA,2019-09-10,15.39,15.7,15.7,15.26,73255500
2316,TSLA,2019-09-11,15.83,16.47,16.54,15.73,150642000
2317,TSLA,2019-09-12,16.51,16.39,16.9,16.29,128718000
2318,TSLA,2019-09-13,16.46,16.35,16.56,16.32,79696500
2319,TSLA,2019-09-16,16.4,16.19,16.5,16.08,70921500
2320,TSLA,2019-09-17,16.16,16.32,16.37,16.02,57981000
2321,TSLA,2019-09-18,16.33,16.23,16.54,16.16,62553000
2322,TSLA,2019-09-19,16.4,16.44,16.53,16.32,71937000
2323,TSLA,2019-09-20,16.43,16.04,16.46,15.88,95295000
2324,TSLA,2019-09-23,16.0,16.08,16.35,15.95,65103000
2325,TSLA,2019-09-24,16.1,14.88,16.13,14.84,193372500
2326,TSLA,2019-09-25,14.97,15.25,15.27,14.56,141406500
2327,TSLA,2019-09-26,15.38,16.17,16.22,15.16,178267500
2328,TSLA,2019-09-27,16.15,16.14,16.58,15.92,166746000
2329,TSLA,2019-09-30,16.2,16.06,16.27,15.74,88197000
2330,TSLA,2019-10-01,16.1,16.31,16.4,15.94,92439000
2331,TSLA,2019-10-02,16.22,16.21,16.31,15.96,84471000
2332,TSLA,2019-10-03,15.46,15.54,15.63,14.95,226267500
2333,TSLA,2019-10-04,15.44,15.43,15.65,15.2,119925000
2334,TSLA,2019-10-07,15.32,15.85,15.9,15.24,120963000
2335,TSLA,2019-10-08,15.72,16.0,16.26,15.63,130173000
2336,TSLA,2019-10-09,16.09,16.3,16.49,16.04,103416000
2337,TSLA,2019-10-10,16.35,16.32,16.62,16.11,94249500
2338,TSLA,2019-10-11,16.48,16.53,16.74,16.45,127131000
2339,TSLA,2019-10-14,16.53,17.13,17.24,16.48,153075000
2340,TSLA,2019-10-15,17.18,17.19,17.33,16.94,96492000
2341,TSLA,2019-10-16,17.16,17.32,17.47,17.13,100261500
2342,TSLA,2019-10-17,17.5,17.46,17.65,17.34,71539500
2343,TSLA,2019-10-18,17.38,17.13,17.52,17.01,86247000
2344,TSLA,2019-10-21,17.22,16.9,17.3,16.68,75304500
2345,TSLA,2019-10-22,16.95,17.04,17.22,16.72,69012000
2346,TSLA,2019-10-23,16.97,16.98,17.08,16.76,78916500
2347,TSLA,2019-10-24,19.89,19.98,20.33,19.28,445813500
2348,TSLA,2019-10-25,19.85,21.88,22.0,19.74,450091500
2349,TSLA,2019-10-28,21.84,21.85,22.72,21.51,283054500
2350,TSLA,2019-10-29,21.33,21.08,21.62,20.98,190264500
2351,TSLA,2019-10-30,20.87,21.0,21.25,20.66,144627000
2352,TSLA,2019-10-31,20.87,20.99,21.27,20.87,76005000
2353,TSLA,2019-11-01,21.09,20.89,21.1,20.65,95758500
2354,TSLA,2019-11-04,20.99,21.16,21.46,20.62,131805000
2355,TSLA,2019-11-05,21.31,21.15,21.57,21.07,104151000
2356,TSLA,2019-11-06,21.2,21.77,21.78,20.97,119113500
2357,TSLA,2019-11-07,21.94,22.37,22.77,21.87,217009500
2358,TSLA,2019-11-08,22.3,22.48,22.5,22.17,91038000
2359,TSLA,2019-11-11,22.93,23.01,23.28,22.8,149800500
2360,TSLA,2019-11-12,23.13,23.33,23.36,22.94,110391000
2361,TSLA,2019-11-13,23.67,23.07,23.76,23.01,126301500
2362,TSLA,2019-11-14,23.07,23.29,23.59,22.86,96973500
2363,TSLA,2019-11-15,23.38,23.48,23.52,23.22,72135000
2364,TSLA,2019-11-18,23.53,23.33,23.54,23.07,66006000
2365,TSLA,2019-11-19,23.45,23.97,24.0,23.19,115872000
2366,TSLA,2019-11-20,24.0,23.48,24.08,23.3,100876500
2367,TSLA,2019-11-21,23.63,23.66,24.06,23.6,91650000
2368,TSLA,2019-11-22,22.68,22.2,22.73,22.0,253059000
2369,TSLA,2019-11-25,22.95,22.42,22.97,22.3,185092500
2370,TSLA,2019-11-26,22.35,21.93,22.37,21.81,119211000
2371,TSLA,2019-11-27,22.07,22.09,22.26,21.9,83334000
2372,TSLA,2019-11-29,22.07,22.0,22.08,21.83,36984000
2373,TSLA,2019-12-02,21.96,22.32,22.43,21.91,91117500
2374,TSLA,2019-12-03,22.17,22.41,22.53,22.15,98605500
2375,TSLA,2019-12-04,22.52,22.2,22.52,22.19,82995000
2376,TSLA,2019-12-05,22.19,22.02,22.29,21.82,55869000
2377,TSLA,2019-12-06,22.33,22.39,22.59,22.32,114186000
2378,TSLA,2019-12-09,22.44,22.64,22.96,22.34,135346500
2379,TSLA,2019-12-10,22.66,23.26,23.38,22.62,132424500
2380,TSLA,2019-12-11,23.46,23.51,23.81,23.41,103467000
2381,TSLA,2019-12-12,23.66,23.98,24.18,23.55,116458500
2382,TSLA,2019-12-13,24.07,23.89,24.35,23.64,98563500
2383,TSLA,2019-12-16,24.17,25.43,25.57,24.17,272613000
2384,TSLA,2019-12-17,25.27,25.27,25.7,25.06,127452000
2385,TSLA,2019-12-18,25.38,26.21,26.35,25.37,211815000
2386,TSLA,2019-12-19,26.49,26.94,27.12,26.43,271606500
2387,TSLA,2019-12-20,27.35,27.04,27.53,26.68,221290500
2388,TSLA,2019-12-23,27.45,27.95,28.13,27.33,199794000
2389,TSLA,2019-12-24,27.89,28.35,28.36,27.51,120820500
2390,TSLA,2019-12-26,28.53,28.73,28.9,28.42,159508500
2391,TSLA,2019-12-27,29.0,28.69,29.02,28.41,149185500
2392,TSLA,2019-12-30,28.59,27.65,28.6,27.28,188796000
2393,TSLA,2019-12-31,27.0,27.89,28.09,26.81,154285500
2394,TSLA,2020-01-02,28.3,28.68,28.71,28.11,142981500
2395,TSLA,2020-01-03,29.37,29.53,30.27,29.13,266677500
2396,TSLA,2020-01-06,29.36,30.1,30.1,29.33,151995000
2397,TSLA,2020-01-07,30.76,31.27,31.44,30.22,268231500
2398,TSLA,2020-01-08,31.58,32.81,33.23,31.22,467164500
2399,TSLA,2020-01-09,33.14,32.09,33.25,31.52,426606000
2400,TSLA,2020-01-10,32.12,31.88,32.33,31.58,194392500
2401,TSLA,2020-01-13,32.9,34.99,35.04,32.8,397764000
2402,TSLA,2020-01-14,36.28,35.86,36.49,34.99,434943000
2403,TSLA,2020-01-15,35.32,34.57,35.86,34.45,260532000
2404,TSLA,2020-01-16,32.92,34.23,34.3,32.81,326050500
2405,TSLA,2020-01-17,33.84,34.03,34.38,33.54,204436500
2406,TSLA,2020-01-21,35.35,36.48,36.57,35.23,267052500
2407,TSLA,2020-01-22,38.13,37.97,39.63,37.27,470535000
2408,TSLA,2020-01-23,37.62,38.15,38.8,37.04,294765000
2409,TSLA,2020-01-24,38.04,37.65,38.26,36.95,215304000
2410,TSLA,2020-01-27,36.13,37.2,37.63,35.95,204121500
2411,TSLA,2020-01-28,37.9,37.79,38.45,37.21,176827500
2412,TSLA,2020-01-29,38.38,38.73,39.32,37.83,267022500
2413,TSLA,2020-01-30,42.16,42.72,43.39,41.2,435085500
2414,TSLA,2020-01-31,42.67,43.37,43.53,42.17,235789500
2415,TSLA,2020-02-03,44.91,52.0,52.41,44.9,705975000
2416,TSLA,2020-02-04,58.86,59.14,64.6,55.59,914082000
2417,TSLA,2020-02-05,54.88,48.98,56.4,46.94,726357000
2418,TSLA,2020-02-06,46.66,49.93,53.06,45.8,598212000
2419,TSLA,2020-02-07,48.7,49.87,51.32,48.67,255952500
2420,TSLA,2020-02-10,53.33,51.42,54.67,50.16,370338000
2421,TSLA,2020-02-11,51.25,51.63,52.23,50.53,175462500
2422,TSLA,2020-02-12,51.86,51.15,52.65,50.89,180337500
2423,TSLA,2020-02-13,49.46,53.6,54.53,49.0,394339500
2424,TSLA,2020-02-14,52.48,53.34,54.2,52.37,235405500
2425,TSLA,2020-02-18,56.11,57.23,57.33,55.49,245725500
2426,TSLA,2020-02-19,61.57,61.16,62.99,60.07,381345000
2427,TSLA,2020-02-20,60.8,59.96,60.8,57.33,264523500
2428,TSLA,2020-02-21,60.47,60.07,60.87,58.7,214722000
2429,TSLA,2020-02-24,55.93,55.59,57.57,54.81,227883000
2430,TSLA,2020-02-25,56.6,53.33,57.11,52.47,259357500
2431,TSLA,2020-02-26,52.17,51.92,54.22,51.74,211282500
2432,TSLA,2020-02-27,48.67,45.27,49.32,44.6,364158000
2433,TSLA,2020-02-28,41.98,44.53,46.03,40.77,363343500
2434,TSLA,2020-03-02,47.42,49.57,49.58,45.78,302925000
2435,TSLA,2020-03-03,53.67,49.7,53.8,47.74,386760000
2436,TSLA,2020-03-04,50.93,49.97,51.1,48.32,225735000
2437,TSLA,2020-03-05,48.25,48.3,49.72,47.87,162790500
2438,TSLA,2020-03-06,46.0,46.9,47.13,45.62,189943500
2439,TSLA,2020-03-09,40.36,40.53,44.2,40.33,256105500
2440,TSLA,2020-03-10,43.96,43.02,44.53,40.53,233916000
2441,TSLA,2020-03-11,42.68,42.28,43.57,40.87,199837500
2442,TSLA,2020-03-12,38.73,37.37,39.63,36.42,283636500
2443,TSLA,2020-03-13,39.67,36.44,40.5,33.47,339604500
2444,TSLA,2020-03-16,31.3,29.67,32.99,29.48,307342500
2445,TSLA,2020-03-17,29.33,28.68,31.46,26.4,359919000
2446,TSLA,2020-03-18,25.93,24.08,26.99,23.37,356793000
2447,TSLA,2020-03-19,24.98,28.51,30.13,23.9,452932500
2448,TSLA,2020-03-20,29.21,28.5,31.8,28.39,424282500
2449,TSLA,2020-03-23,28.91,28.95,29.47,27.37,246817500
2450,TSLA,2020-03-24,31.82,33.67,34.25,31.6,343428000
2451,TSLA,2020-03-25,36.35,35.95,37.13,34.07,318340500
2452,TSLA,2020-03-26,36.49,35.21,37.33,34.15,260710500
2453,TSLA,2020-03-27,33.67,34.29,35.05,32.94,215661000
2454,TSLA,2020-03-30,34.02,33.48,34.44,32.75,179971500
2455,TSLA,2020-03-31,33.42,34.93,36.2,33.13,266572500
2456,TSLA,2020-04-01,33.6,32.1,34.26,31.67,200298000
2457,TSLA,2020-04-02,32.07,30.3,32.95,29.76,297876000
2458,TSLA,2020-04-03,33.97,32.0,34.37,31.23,338431500
2459,TSLA,2020-04-06,34.08,34.42,34.73,33.2,223527000
2460,TSLA,2020-04-07,36.33,36.36,37.67,35.49,268797000
2461,TSLA,2020-04-08,36.95,36.59,37.15,35.56,189840000
2462,TSLA,2020-04-09,37.47,38.2,38.35,37.14,204750000
2463,TSLA,2020-04-13,39.34,43.4,43.47,38.7,337131000
2464,TSLA,2020-04-14,46.6,47.33,49.46,46.16,458647500
2465,TSLA,2020-04-15,49.47,48.66,50.21,47.33,353655000
2466,TSLA,2020-04-16,47.8,49.68,50.63,47.11,309868500
2467,TSLA,2020-04-17,51.49,50.26,51.66,49.84,196923000
2468,TSLA,2020-04-20,48.85,49.76,51.04,47.48,221199000
2469,TSLA,2020-04-21,48.67,45.78,50.22,44.92,303136500
2470,TSLA,2020-04-22,46.93,48.81,48.93,45.91,212482500
2471,TSLA,2020-04-23,48.51,47.04,48.93,46.88,198550500
2472,TSLA,2020-04-24,47.39,48.34,48.72,46.55,198180000
2473,TSLA,2020-04-27,49.17,53.25,53.3,49.0,310221000
2474,TSLA,2020-04-28,53.04,51.27,53.67,50.45,228330000
2475,TSLA,2020-04-29,52.68,53.37,53.55,52.21,243240000
2476,TSLA,2020-04-30,57.01,52.13,57.99,50.9,427078500
2477,TSLA,2020-05-01,50.33,46.75,51.52,45.54,487977000
2478,TSLA,2020-05-04,46.73,50.75,50.8,46.53,288556500
2479,TSLA,2020-05-05,52.65,51.21,53.26,50.81,254875500
2480,TSLA,2020-05-06,51.77,52.17,52.65,50.74,166848000
2481,TSLA,2020-05-07,51.81,52.0,53.09,51.49,172915500
2482,TSLA,2020-05-08,52.92,54.63,54.93,52.47,241297500
2483,TSLA,2020-05-11,52.7,54.09,54.93,52.33,247794000
2484,TSLA,2020-05-12,55.13,53.96,56.22,53.87,238603500
2485,TSLA,2020-05-13,54.72,52.73,55.07,50.89,285982500
2486,TSLA,2020-05-14,52.0,53.56,53.56,50.93,205233000
2487,TSLA,2020-05-15,52.69,53.28,53.67,52.44,157776000
2488,TSLA,2020-05-18,55.19,54.24,55.65,53.59,174987000
2489,TSLA,2020-05-19,54.34,53.87,54.8,53.74,144547500
2490,TSLA,2020-05-20,54.7,54.37,55.07,54.12,109639500
2491,TSLA,2020-05-21,54.4,55.17,55.5,53.07,183819000
2492,TSLA,2020-05-22,54.81,54.46,55.45,54.13,149812500
2493,TSLA,2020-05-26,55.63,54.59,55.64,54.38,121345500
2494,TSLA,2020-05-27,54.72,54.68,55.18,52.33,173242500
2495,TSLA,2020-05-28,54.23,53.72,54.98,53.45,108834000
2496,TSLA,2020-05-29,53.92,55.67,55.67,53.61,176467500
2497,TSLA,2020-06-01,57.2,59.87,59.93,56.94,224092500
2498,TSLA,2020-06-02,59.65,58.77,60.58,58.07,203484000
2499,TSLA,2020-06-03,59.21,58.86,59.86,58.67,119242500
2500,TSLA,2020-06-04,59.33,57.63,59.72,57.23,133315500
2501,TSLA,2020-06-05,58.52,59.04,59.1,57.75,117178500
2502,TSLA,2020-06-08,61.27,63.33,63.33,60.61,212620500
2503,TSLA,2020-06-09,62.67,62.71,63.63,61.6,170823000
2504,TSLA,2020-06-10,66.13,68.34,68.5,65.5,278451000
2505,TSLA,2020-06-11,66.01,64.86,67.93,64.8,238747500
2506,TSLA,2020-06-12,65.33,62.35,65.87,60.84,251451000
2507,TSLA,2020-06-15,61.19,66.06,66.59,60.57,235458000
2508,TSLA,2020-06-16,67.46,65.48,67.53,64.16,210766500
2509,TSLA,2020-06-17,65.85,66.12,67.0,65.5,148362000
2510,TSLA,2020-06-18,66.87,66.93,67.95,66.3,146278500
2511,TSLA,2020-06-19,67.52,66.73,67.73,66.09,130195500
2512,TSLA,2020-06-22,66.66,66.29,67.26,66.0,95436000
2513,TSLA,2020-06-23,66.59,66.79,67.47,66.27,95479500
2514,TSLA,2020-06-24,66.27,64.06,66.73,63.54,164394000
2515,TSLA,2020-06-25,63.62,65.73,65.73,62.48,138817500
2516,TSLA,2020-06-26,66.32,63.98,66.33,63.66,132823500
2517,TSLA,2020-06-29,64.6,67.29,67.33,63.23,135396000
2518,TSLA,2020-06-30,67.1,71.99,72.51,66.92,253777500
2519,TSLA,2020-07-01,72.2,74.64,75.69,72.03,199903500
2520,TSLA,2020-07-02,81.43,80.58,81.87,79.04,258751500
2521,TSLA,2020-07-06,85.11,91.44,91.85,84.4,308548500
2522,TSLA,2020-07-07,93.67,92.66,95.3,89.11,322345500
2523,TSLA,2020-07-08,93.67,91.06,94.48,87.42,244669500
2524,TSLA,2020-07-09,93.13,92.95,93.9,90.09,175764000
2525,TSLA,2020-07-10,93.07,102.98,103.26,91.73,350064000
2526,TSLA,2020-07-13,110.6,99.8,119.67,98.07,584781000
2527,TSLA,2020-07-14,103.73,101.12,106.0,95.4,351271500
2528,TSLA,2020-07-15,102.87,103.07,103.33,97.13,245517000
2529,TSLA,2020-07-16,98.48,100.04,102.11,97.73,214512000
2530,TSLA,2020-07-17,100.9,100.06,102.5,99.33,139950000
2531,TSLA,2020-07-20,101.27,109.53,110.0,99.2,256821000
2532,TSLA,2020-07-21,109.33,104.56,111.67,103.87,241608000
2533,TSLA,2020-07-22,106.6,106.16,108.43,104.13,212416500
2534,TSLA,2020-07-23,111.93,100.87,112.6,98.72,364927500
2535,TSLA,2020-07-24,94.4,94.47,97.67,91.1,290949000
2536,TSLA,2020-07-27,95.67,102.64,103.2,94.2,240730500
2537,TSLA,2020-07-28,100.27,98.43,104.31,98.29,237130500
2538,TSLA,2020-07-29,100.07,99.94,102.32,99.13,141403500
2539,TSLA,2020-07-30,99.2,99.17,100.88,98.07,114315000
2540,TSLA,2020-07-31,101.0,95.38,101.14,94.73,183123000
2541,TSLA,2020-08-03,96.61,99.0,100.65,96.29,132139500
2542,TSLA,2020-08-04,99.67,99.13,101.83,97.47,126225000
2543,TSLA,2020-08-05,99.53,99.0,99.99,97.89,74217000
2544,TSLA,2020-08-06,99.39,99.31,101.15,98.48,89884500
2545,TSLA,2020-08-07,99.97,96.85,99.98,94.33,133446000
2546,TSLA,2020-08-10,96.53,94.57,97.17,92.39,112834500
2547,TSLA,2020-08-11,93.07,91.63,94.67,91.0,129387000
2548,TSLA,2020-08-12,98.0,103.65,105.67,95.67,327441000
2549,TSLA,2020-08-13,107.4,108.07,110.08,104.48,306379500
2550,TSLA,2020-08-14,111.0,110.05,111.25,108.44,188664000
2551,TSLA,2020-08-17,111.8,122.38,123.06,111.52,303634500
2552,TSLA,2020-08-18,126.6,125.81,128.26,123.01,247117500
2553,TSLA,2020-08-19,124.33,125.24,127.4,122.75,183079500
2554,TSLA,2020-08-20,124.05,133.46,134.8,123.8,309177000
2555,TSLA,2020-08-21,136.32,136.67,139.7,135.0,322344000
2556,TSLA,2020-08-24,141.75,134.28,141.93,128.5,300954000
2557,TSLA,2020-08-25,131.66,134.89,135.2,131.2,159883500
2558,TSLA,2020-08-26,137.33,143.54,144.4,136.91,213591000
2559,TSLA,2020-08-27,145.36,149.25,153.04,142.83,355395000
2560,TSLA,2020-08-28,153.01,147.56,154.57,145.77,301218000
2561,TSLA,2020-08-31,148.2,166.11,166.71,146.7,355123200
2562,TSLA,2020-09-01,167.38,158.35,167.5,156.84,269523300
2563,TSLA,2020-09-02,159.66,149.12,159.68,135.04,288528300
2564,TSLA,2020-09-03,135.74,135.67,143.93,134.0,262788300
2565,TSLA,2020-09-04,134.27,139.44,142.67,124.01,330965700
2566,TSLA,2020-09-08,118.67,110.07,122.91,109.96,346397100
2567,TSLA,2020-09-09,118.87,122.09,123.0,113.84,238397400
2568,TSLA,2020-09-10,128.74,123.78,133.0,120.19,254791800
2569,TSLA,2020-09-11,127.31,124.24,127.5,120.17,182152500
2570,TSLA,2020-09-14,126.98,139.87,140.0,124.43,249061800
2571,TSLA,2020-09-15,145.52,149.92,153.98,143.57,291894600
2572,TSLA,2020-09-16,146.62,147.25,152.6,145.1,216837900
2573,TSLA,2020-09-17,138.53,141.14,145.93,136.0,230337600
2574,TSLA,2020-09-18,149.31,147.38,150.33,142.93,259220400
2575,TSLA,2020-09-21,151.04,149.8,151.89,135.69,328430400
2576,TSLA,2020-09-22,143.2,141.41,145.92,139.2,238742400
2577,TSLA,2020-09-23,135.05,126.79,137.38,125.29,285222600
2578,TSLA,2020-09-24,121.27,129.26,133.17,117.1,289683300
2579,TSLA,2020-09-25,131.16,135.78,136.24,130.43,201625500
2580,TSLA,2020-09-28,141.54,140.4,142.69,138.52,149158800
2581,TSLA,2020-09-29,138.67,139.69,142.83,137.2,150657900
2582,TSLA,2020-09-30,140.44,143.0,144.64,140.16,144436800
2583,TSLA,2020-10-01,146.92,149.39,149.63,144.81,152224500
2584,TSLA,2020-10-02,140.46,138.36,146.38,138.33,214290000
2585,TSLA,2020-10-05,141.12,141.89,144.55,139.78,134168400
2586,TSLA,2020-10-06,141.26,137.99,142.93,135.35,147438900
2587,TSLA,2020-10-07,139.96,141.77,143.3,137.95,129383100
2588,TSLA,2020-10-08,146.15,141.97,146.33,141.77,121263300
2589,TSLA,2020-10-09,143.38,144.67,144.86,142.15,86777100
2590,TSLA,2020-10-12,147.33,147.43,149.58,146.19,116373300
2591,TSLA,2020-10-13,147.78,148.88,149.63,145.53,103391100
2592,TSLA,2020-10-14,149.93,153.77,155.3,149.12,143639100
2593,TSLA,2020-10-15,150.1,149.63,152.19,147.5,107017200
2594,TSLA,2020-10-16,151.48,146.56,151.98,146.28,98327700
2595,TSLA,2020-10-19,148.75,143.61,149.0,142.96,108863400
2596,TSLA,2020-10-20,143.92,140.65,143.92,139.68,94968900
2597,TSLA,2020-10-21,140.9,140.88,144.32,140.42,97111500
2598,TSLA,2020-10-22,147.31,141.93,148.41,141.5,119979600
2599,TSLA,2020-10-23,140.61,140.21,140.96,135.79,101151000
2600,TSLA,2020-10-26,137.21,140.09,141.92,136.67,84717600
2601,TSLA,2020-10-27,141.25,141.56,143.5,140.03,68059500
2602,TSLA,2020-10-28,138.83,135.34,139.53,135.33,76354200
2603,TSLA,2020-10-29,136.65,136.94,139.35,135.49,67965900
2604,TSLA,2020-10-30,135.63,129.35,135.86,126.37,127533900
2605,TSLA,2020-11-02,131.33,133.5,135.66,130.77,87063300
2606,TSLA,2020-11-03,136.58,141.3,142.59,135.56,103055100
2607,TSLA,2020-11-04,143.54,140.33,145.13,139.03,96429300
2608,TSLA,2020-11-05,142.77,146.03,146.67,141.33,85243500
2609,TSLA,2020-11-06,145.37,143.32,145.52,141.43,65118000
2610,TSLA,2020-11-09,146.5,140.42,150.83,140.33,104499000
2611,TSLA,2020-11-10,140.03,136.79,140.03,132.01,90852600
2612,TSLA,2020-11-11,138.82,139.04,139.57,136.86,52073100
2613,TSLA,2020-11-12,138.35,137.25,141.0,136.51,59565300
2614,TSLA,2020-11-13,136.95,136.17,137.51,133.89,59313300
2615,TSLA,2020-11-16,136.31,136.03,137.48,134.7,80515800
2616,TSLA,2020-11-17,153.39,147.2,154.0,144.34,183564900
2617,TSLA,2020-11-18,149.45,162.21,165.33,147.83,234132000
2618,TSLA,2020-11-19,164.0,166.42,169.54,162.52,187425900
2619,TSLA,2020-11-20,166.0,163.2,167.5,163.02,98735700
2620,TSLA,2020-11-23,167.83,173.95,175.33,167.26,150780900
2621,TSLA,2020-11-24,180.13,185.13,186.66,175.4,160945500
2622,TSLA,2020-11-25,183.35,191.33,191.33,181.79,146790600
2623,TSLA,2020-11-27,193.72,195.25,199.59,192.82,112683300
2624,TSLA,2020-11-30,200.74,189.2,202.6,184.84,189009300
2625,TSLA,2020-12-01,199.2,194.92,199.28,190.68,120310500
2626,TSLA,2020-12-02,185.48,189.61,190.51,180.4,143327100
2627,TSLA,2020-12-03,196.67,197.79,199.66,194.14,127656000
2628,TSLA,2020-12-04,197.0,199.68,199.68,195.17,88203900
2629,TSLA,2020-12-07,201.64,213.92,216.26,201.02,168929100
2630,TSLA,2020-12-08,208.5,216.63,217.09,206.17,192795000
2631,TSLA,2020-12-09,217.9,201.49,218.11,196.0,213873600
2632,TSLA,2020-12-10,191.46,209.02,209.25,188.78,201249600
2633,TSLA,2020-12-11,205.0,203.33,208.0,198.93,139425000
2634,TSLA,2020-12-14,206.33,213.28,214.25,203.4,156121800
2635,TSLA,2020-12-15,214.43,211.08,215.63,207.93,135214500
2636,TSLA,2020-12-16,209.41,207.59,210.83,201.67,126287400
2637,TSLA,2020-12-17,209.4,218.63,219.61,206.5,168810300
2638,TSLA,2020-12-18,222.97,231.67,231.67,209.51,666378600
2639,TSLA,2020-12-21,222.08,216.62,222.83,215.36,174135900
2640,TSLA,2020-12-22,216.0,213.45,216.63,204.74,155148000
2641,TSLA,2020-12-23,210.73,215.33,217.17,207.52,99519000
2642,TSLA,2020-12-24,214.33,220.59,222.03,213.67,68596800
2643,TSLA,2020-12-28,224.84,221.23,227.13,220.27,96835800
2644,TSLA,2020-12-29,220.33,222.0,223.3,218.33,68732400
2645,TSLA,2020-12-30,224.0,231.59,232.2,222.79,128538000
2646,TSLA,2020-12-31,233.33,235.22,239.57,230.37,148949700
2647,TSLA,2021-01-04,239.82,243.26,248.16,239.06,145914600
2648,TSLA,2021-01-05,241.22,245.04,246.95,239.73,96735600
2649,TSLA,2021-01-06,252.83,251.99,258.0,249.7,134100000
2650,TSLA,2021-01-07,259.21,272.01,272.33,258.4,154496700
2651,TSLA,2021-01-08,285.33,293.34,294.83,279.46,225166500
2652,TSLA,2021-01-11,283.13,270.4,284.81,267.87,177904800
2653,TSLA,2021-01-12,277.0,283.15,289.33,275.78,138812100
2654,TSLA,2021-01-13,284.25,284.8,286.82,277.33,99937500
2655,TSLA,2021-01-14,281.13,281.67,287.67,279.58,93798900
2656,TSLA,2021-01-15,284.0,275.39,286.63,273.03,116332800
2657,TSLA,2021-01-19,279.27,281.52,283.33,277.67,76101000
2658,TSLA,2021-01-20,286.25,283.48,286.5,279.09,76997700
2659,TSLA,2021-01-21,285.0,281.66,285.24,280.47,61563300
2660,TSLA,2021-01-22,278.1,282.21,282.67,276.21,60199500
2661,TSLA,2021-01-25,285.0,293.6,300.13,279.61,123520200
2662,TSLA,2021-01-26,297.13,294.36,298.63,290.53,69394800
2663,TSLA,2021-01-27,290.12,288.05,297.17,286.22,82002000
2664,TSLA,2021-01-28,273.33,278.48,282.67,267.0,79134000
2665,TSLA,2021-01-29,276.67,264.51,280.8,260.03,104972400
2666,TSLA,2021-02-01,271.43,279.94,280.67,265.19,76174200
2667,TSLA,2021-02-02,281.56,290.93,293.5,280.73,73038600
2668,TSLA,2021-02-03,292.34,284.9,292.69,284.35,55030500
2669,TSLA,2021-02-04,285.0,283.33,285.5,277.81,47438100
2670,TSLA,2021-02-05,281.67,284.08,288.26,279.66,55699800
2671,TSLA,2021-02-08,289.89,287.81,292.59,284.92,60485100
2672,TSLA,2021-02-09,285.04,283.15,286.6,280.58,45473100
2673,TSLA,2021-02-10,281.21,268.27,281.61,266.67,108648300
2674,TSLA,2021-02-11,270.81,270.55,276.63,267.24,64868400
2675,TSLA,2021-02-12,267.09,272.04,272.44,261.78,71304900
2676,TSLA,2021-02-16,272.67,265.41,273.67,264.15,59406900
2677,TSLA,2021-02-17,259.7,266.05,266.61,254.0,77989500
2678,TSLA,2021-02-18,260.3,262.46,264.9,258.76,53871300
2679,TSLA,2021-02-19,265.0,260.43,265.6,259.12,56874900
2680,TSLA,2021-02-22,254.21,238.17,256.17,236.73,111809100
2681,TSLA,2021-02-23,220.71,232.95,237.87,206.33,199820700
2682,TSLA,2021-02-24,237.28,247.34,248.33,231.39,110301000
2683,TSLA,2021-02-25,242.05,227.41,245.74,223.53,117071700
2684,TSLA,2021-02-26,233.33,225.17,235.57,219.84,123267600
2685,TSLA,2021-03-01,230.04,239.48,239.67,228.35,81408600
2686,TSLA,2021-03-02,239.43,228.81,240.37,228.33,71196600
2687,TSLA,2021-03-03,229.33,217.73,233.57,217.24,90624000
2688,TSLA,2021-03-04,218.6,207.15,222.82,200.0,197758500
2689,TSLA,2021-03-05,208.69,199.32,209.28,179.83,268189500
2690,TSLA,2021-03-08,200.18,187.67,206.71,186.26,155361000
2691,TSLA,2021-03-09,202.73,224.53,226.03,198.4,202569900
2692,TSLA,2021-03-10,233.43,222.69,239.28,218.35,181817100
2693,TSLA,2021-03-11,233.13,233.2,234.17,225.73,108761700
2694,TSLA,2021-03-12,223.33,231.24,231.63,222.05,100751400
2695,TSLA,2021-03-15,231.36,235.98,237.73,228.01,88006800
2696,TSLA,2021-03-16,234.45,225.63,235.97,223.67,96587100
2697,TSLA,2021-03-17,218.96,233.94,234.58,217.0,121117500
2698,TSLA,2021-03-18,228.1,217.72,229.74,217.33,99674400
2699,TSLA,2021-03-19,215.53,218.29,219.08,208.21,128682000
2700,TSLA,2021-03-22,228.2,223.33,233.21,222.92,118536600
2701,TSLA,2021-03-23,225.26,220.72,225.93,219.17,91475700
2702,TSLA,2021-03-24,222.64,210.09,222.67,210.04,101385600
2703,TSLA,2021-03-25,204.33,213.46,215.17,203.17,117674700
2704,TSLA,2021-03-26,213.96,206.24,214.61,199.96,101558400
2705,TSLA,2021-03-29,205.21,203.76,205.49,198.67,85911000
2706,TSLA,2021-03-30,200.58,211.87,212.55,197.0,118297200
2707,TSLA,2021-03-31,215.54,222.64,224.0,213.7,100011900
2708,TSLA,2021-04-01,229.46,220.58,230.81,219.81,105895200
2709,TSLA,2021-04-05,235.9,230.35,236.05,228.23,125528400
2710,TSLA,2021-04-06,230.1,230.54,232.18,227.12,84815400
2711,TSLA,2021-04-07,229.0,223.66,230.46,222.61,78928200
2712,TSLA,2021-04-08,225.79,227.93,229.85,223.88,71772900
2713,TSLA,2021-04-09,225.92,225.67,226.99,223.14,64311300
2714,TSLA,2021-04-12,228.57,233.99,234.93,227.36,87407100
2715,TSLA,2021-04-13,237.57,254.11,254.33,236.89,133958400
2716,TSLA,2021-04-14,256.9,244.08,260.26,242.68,147052200
2717,TSLA,2021-04-15,247.7,246.28,247.9,240.44,83546700
2718,TSLA,2021-04-16,242.88,246.59,249.8,241.53,83938500
2719,TSLA,2021-04-19,239.87,238.21,241.8,230.6,119058600
2720,TSLA,2021-04-20,239.14,239.66,245.75,236.9,106827000
2721,TSLA,2021-04-21,234.92,248.04,248.28,232.67,93646500
2722,TSLA,2021-04-22,247.17,239.9,251.26,239.35,106770900
2723,TSLA,2021-04-23,239.93,243.13,245.79,238.49,85110000
2724,TSLA,2021-04-26,247.0,246.07,249.77,244.2,93115500
2725,TSLA,2021-04-27,239.32,234.91,241.33,234.45,88311000
2726,TSLA,2021-04-28,232.14,231.47,236.17,231.2,66813000
2727,TSLA,2021-04-29,233.17,225.67,234.08,222.83,86536200
2728,TSLA,2021-04-30,222.53,236.48,238.49,222.05,122276100
2729,TSLA,2021-05-03,234.6,228.3,235.33,226.83,81129300
2730,TSLA,2021-05-04,226.31,224.53,227.82,219.23,89217900
2731,TSLA,2021-05-05,227.02,223.65,228.43,222.45,65705700
2732,TSLA,2021-05-06,226.92,221.18,227.01,216.67,83353800
2733,TSLA,2021-05-07,221.93,224.12,230.0,220.07,70407600
2734,TSLA,2021-05-10,221.63,209.68,221.68,209.2,94177200
2735,TSLA,2021-05-11,199.75,205.73,209.03,198.53,139511700
2736,TSLA,2021-05-12,200.83,196.63,206.8,195.59,101470800
2737,TSLA,2021-05-13,200.51,190.56,202.15,186.55,132554700
2738,TSLA,2021-05-14,194.47,196.58,197.62,190.15,100112700
2739,TSLA,2021-05-17,191.85,192.28,196.58,187.07,97171200
2740,TSLA,2021-05-18,189.33,192.62,198.75,187.79,110491800
2741,TSLA,2021-05-19,184.18,187.82,188.74,182.33,118735200
2742,TSLA,2021-05-20,191.67,195.59,196.28,190.36,92463300
2743,TSLA,2021-05-21,198.7,193.63,198.89,193.33,78091800
2744,TSLA,2021-05-24,193.87,202.15,204.83,191.22,103674300
2745,TSLA,2021-05-25,202.44,201.56,204.66,198.57,84017700
2746,TSLA,2021-05-26,202.52,206.38,208.72,200.5,85917900
2747,TSLA,2021-05-27,206.75,210.28,210.38,205.4,79111800
2748,TSLA,2021-05-28,209.5,208.41,211.86,207.46,68211000
2749,TSLA,2021-06-01,209.27,207.97,211.27,206.85,54254700
2750,TSLA,2021-06-02,206.71,201.71,207.79,199.71,69908400
2751,TSLA,2021-06-03,200.6,190.95,201.52,190.41,90335700
2752,TSLA,2021-06-04,193.24,199.68,200.2,192.4,72110700
2753,TSLA,2021-06-07,197.28,201.71,203.33,194.29,67631100
2754,TSLA,2021-06-08,207.67,201.2,207.7,198.5,78160200
2755,TSLA,2021-06-09,200.72,199.59,203.93,199.21,49753800
2756,TSLA,2021-06-10,201.29,203.37,205.53,200.17,71758800
2757,TSLA,2021-06-11,203.41,203.3,204.19,200.51,48615900
2758,TSLA,2021-06-14,204.08,205.9,208.5,203.06,61272000
2759,TSLA,2021-06-15,205.56,199.79,205.6,199.41,53292300
2760,TSLA,2021-06-16,199.18,201.62,202.83,197.83,66432300
2761,TSLA,2021-06-17,200.63,205.53,207.16,200.45,68104200
2762,TSLA,2021-06-18,204.46,207.77,209.45,203.93,73682700
2763,TSLA,2021-06-21,208.16,206.94,210.46,202.96,74438100
2764,TSLA,2021-06-22,206.08,207.9,209.52,205.17,57476700
2765,TSLA,2021-06-23,210.67,218.86,219.07,210.01,93297600
2766,TSLA,2021-06-24,225.0,226.61,232.54,222.54,137947200
2767,TSLA,2021-06-25,229.86,223.96,231.27,222.9,97490100
2768,TSLA,2021-06-28,223.88,229.57,231.57,223.44,64884600
2769,TSLA,2021-06-29,228.22,226.92,229.17,225.3,52143900
2770,TSLA,2021-06-30,226.59,226.57,230.94,226.05,56774700
2771,TSLA,2021-07-01,227.97,225.97,229.33,224.27,55903500
2772,TSLA,2021-07-02,226.33,226.3,233.33,224.42,81163500
2773,TSLA,2021-07-06,227.24,219.86,228.0,217.13,69853500
2774,TSLA,2021-07-07,221.42,214.88,221.9,212.77,56376000
2775,TSLA,2021-07-08,209.46,217.6,218.14,206.82,68319900
2776,TSLA,2021-07-09,217.73,218.98,219.64,214.9,54421500
2777,TSLA,2021-07-12,220.73,228.57,229.08,220.72,77781000
2778,TSLA,2021-07-13,228.77,222.85,231.09,222.1,62898300
2779,TSLA,2021-07-14,223.58,217.79,226.2,217.61,64923600
2780,TSLA,2021-07-15,219.46,216.87,222.05,212.63,60628800
2781,TSLA,2021-07-16,218.23,214.74,218.9,214.07,49113000
2782,TSLA,2021-07-19,209.96,215.41,215.73,207.1,63891300
2783,TSLA,2021-07-20,217.33,220.17,220.8,213.5,46461300
2784,TSLA,2021-07-21,219.87,218.43,221.62,216.76,41859900
2785,TSLA,2021-07-22,218.81,216.42,220.72,214.87,45317100
2786,TSLA,2021-07-23,215.45,214.46,216.27,212.43,43814700
2787,TSLA,2021-07-26,216.99,219.21,222.73,215.7,76009800
2788,TSLA,2021-07-27,221.13,214.93,222.17,209.08,98439900
2789,TSLA,2021-07-28,215.67,215.66,218.32,213.13,48019800
2790,TSLA,2021-07-29,216.6,225.78,227.9,216.27,91183800
2791,TSLA,2021-07-30,223.92,229.07,232.51,223.0,88969200
2792,TSLA,2021-08-02,233.33,236.56,242.31,232.8,100847400
2793,TSLA,2021-08-03,239.67,236.58,240.88,233.67,64860900
2794,TSLA,2021-08-04,237.0,236.97,241.63,236.31,51007800
2795,TSLA,2021-08-05,238.67,238.21,240.32,237.14,38758800
2796,TSLA,2021-08-06,237.3,233.03,238.78,232.54,46869000
2797,TSLA,2021-08-09,236.72,237.92,239.68,235.04,44145900
2798,TSLA,2021-08-10,238.0,236.66,238.86,233.96,40296900
2799,TSLA,2021-08-11,237.57,235.94,238.39,234.74,29401800
2800,TSLA,2021-08-12,235.45,240.75,240.93,233.13,52377300
2801,TSLA,2021-08-13,241.24,239.06,243.3,238.11,50194500
2802,TSLA,2021-08-16,235.02,228.72,236.5,225.47,68032200
2803,TSLA,2021-08-17,224.22,221.9,224.86,216.28,71163900
2804,TSLA,2021-08-18,223.25,229.66,231.92,223.12,61048200
2805,TSLA,2021-08-19,226.07,224.49,228.85,222.53,42940500
2806,TSLA,2021-08-20,227.62,226.75,230.71,224.57,44525700
2807,TSLA,2021-08-23,228.48,235.43,237.38,226.92,60794700
2808,TSLA,2021-08-24,236.89,236.16,238.41,234.21,39249300
2809,TSLA,2021-08-25,235.68,237.07,238.99,234.67,37936800
2810,TSLA,2021-08-26,236.1,233.72,238.47,232.54,39642900
2811,TSLA,2021-08-27,235.0,237.31,238.33,234.03,41501400
2812,TSLA,2021-08-30,238.24,243.64,243.67,237.58,55812600
2813,TSLA,2021-08-31,244.33,245.24,246.8,242.15,62566200
2814,TSLA,2021-09-01,244.69,244.7,247.33,243.76,39612900
2815,TSLA,2021-09-02,244.83,244.13,246.99,243.51,38331900
2816,TSLA,2021-09-03,244.08,244.52,244.67,241.4,45738300
2817,TSLA,2021-09-07,246.67,250.97,253.4,246.42,60119400
2818,TSLA,2021-09-08,253.86,251.29,254.82,246.92,56379000
2819,TSLA,2021-09-09,251.14,251.62,254.03,250.54,42233100
2820,TSLA,2021-09-10,253.2,245.42,254.2,244.84,45552600
2821,TSLA,2021-09-13,246.74,247.67,248.26,236.28,68857500
2822,TSLA,2021-09-14,247.52,248.16,251.49,245.47,55574700
2823,TSLA,2021-09-15,248.33,251.94,252.29,246.12,46073100
2824,TSLA,2021-09-16,250.94,252.33,252.97,249.2,41770200
2825,TSLA,2021-09-17,252.38,253.16,253.68,250.0,84612600
2826,TSLA,2021-09-20,244.85,243.39,247.33,239.54,74273100
2827,TSLA,2021-09-21,244.93,246.46,248.25,243.48,48992100
2828,TSLA,2021-09-22,247.84,250.65,251.22,246.37,45378900
2829,TSLA,2021-09-23,251.67,251.21,252.73,249.31,35842500
2830,TSLA,2021-09-24,248.63,258.13,258.27,248.19,64119000
2831,TSLA,2021-09-27,257.71,263.79,266.33,256.44,84212100
2832,TSLA,2021-09-28,262.4,259.19,265.21,255.39,76144200
2833,TSLA,2021-09-29,259.93,260.44,264.5,256.89,62828700
2834,TSLA,2021-09-30,260.33,258.49,263.04,258.33,53868000
2835,TSLA,2021-10-01,259.47,258.41,260.26,254.53,51094200
2836,TSLA,2021-10-04,265.5,260.51,268.99,258.71,91449900
2837,TSLA,2021-10-05,261.6,260.2,265.77,258.07,55297800
2838,TSLA,2021-10-06,258.73,260.92,262.22,257.74,43898400
2839,TSLA,2021-10-07,261.82,264.54,268.33,261.13,57587400
2840,TSLA,2021-10-08,265.4,261.83,265.46,260.3,50215800
2841,TSLA,2021-10-11,262.55,263.98,267.08,261.83,42600900
2842,TSLA,2021-10-12,266.98,268.57,270.77,265.52,66060000
2843,TSLA,2021-10-13,270.16,270.36,271.8,268.59,42360300
2844,TSLA,2021-10-14,271.83,272.77,273.42,271.12,36741600
2845,TSLA,2021-10-15,274.58,281.01,281.07,274.12,56773800
2846,TSLA,2021-10-18,283.93,290.04,291.75,283.82,72621600
2847,TSLA,2021-10-19,292.51,288.09,292.65,287.5,52143300
2848,TSLA,2021-10-20,288.45,288.6,289.83,285.79,42096300
2849,TSLA,2021-10-21,285.33,298.0,300.0,285.17,94444500
2850,TSLA,2021-10-22,298.5,303.23,303.33,296.99,68642400
2851,TSLA,2021-10-25,316.84,341.62,348.34,314.73,188556300
2852,TSLA,2021-10-26,341.56,339.48,364.98,333.81,187245000
2853,TSLA,2021-10-27,346.55,345.95,356.96,343.59,115579500
2854,TSLA,2021-10-28,356.1,359.01,360.33,351.4,81639600
2855,TSLA,2021-10-29,360.62,371.33,371.74,357.74,89755200
2856,TSLA,2021-11-01,381.67,402.86,403.25,372.89,168146100
2857,TSLA,2021-11-02,386.45,390.67,402.86,382.0,128213400
2858,TSLA,2021-11-03,392.44,404.62,405.13,384.21,103885500
2859,TSLA,2021-11-04,411.47,409.97,414.5,405.67,76192200
2860,TSLA,2021-11-05,409.33,407.36,413.29,402.67,64886400
2861,TSLA,2021-11-08,383.26,387.65,399.0,377.67,100337100
2862,TSLA,2021-11-09,391.2,341.17,391.5,337.17,177317400
2863,TSLA,2021-11-10,336.8,355.98,359.37,329.1,128408100
2864,TSLA,2021-11-11,367.59,354.5,368.32,351.56,67189800
2865,TSLA,2021-11-12,349.17,344.47,351.5,339.73,76719300
2866,TSLA,2021-11-15,339.21,337.8,343.99,326.2,104326800
2867,TSLA,2021-11-16,334.44,351.58,352.4,334.06,79627200
2868,TSLA,2021-11-17,354.5,363.0,373.21,351.83,94336200
2869,TSLA,2021-11-18,368.85,365.46,370.67,358.34,62696700
2870,TSLA,2021-11-19,366.29,379.02,379.57,364.23,64926900
2871,TSLA,2021-11-22,387.44,385.62,400.65,377.48,99217500
2872,TSLA,2021-11-23,389.17,369.68,393.5,354.23,108515100
2873,TSLA,2021-11-24,360.13,372.0,377.59,354.0,67680600
2874,TSLA,2021-11-26,366.49,360.64,369.59,360.33,35042700
2875,TSLA,2021-11-29,367.0,379.0,380.89,366.73,58393500
2876,TSLA,2021-11-30,381.46,381.59,389.33,372.67,81276000
2877,TSLA,2021-12-01,386.9,365.0,390.95,363.59,68450400
2878,TSLA,2021-12-02,366.35,361.53,371.0,352.22,73114800
2879,TSLA,2021-12-03,361.6,338.32,363.53,333.4,92322000
2880,TSLA,2021-12-06,333.84,336.34,340.55,316.83,81663000
2881,TSLA,2021-12-07,348.07,350.58,352.56,342.27,56084700
2882,TSLA,2021-12-08,350.9,356.32,357.46,344.33,41906400
2883,TSLA,2021-12-09,353.55,334.6,354.16,334.12,59438400
2884,TSLA,2021-12-10,336.25,339.01,340.33,327.51,59664300
2885,TSLA,2021-12-13,333.7,322.14,335.0,317.14,78595500
2886,TSLA,2021-12-14,315.0,319.5,322.14,310.0,70806300
2887,TSLA,2021-12-15,317.74,325.33,326.25,309.42,75169200
2888,TSLA,2021-12-16,331.5,308.97,331.66,307.28,82771500
2889,TSLA,2021-12-17,304.92,310.86,320.22,303.01,100437300
2890,TSLA,2021-12-20,303.57,299.98,307.23,297.8,56480100
2891,TSLA,2021-12-21,305.62,312.84,313.17,295.37,71517900
2892,TSLA,2021-12-22,321.89,336.29,338.55,319.02,93634200
2893,TSLA,2021-12-23,335.6,355.67,357.66,332.52,92713200
2894,TSLA,2021-12-27,357.89,364.65,372.33,356.91,71145900
2895,TSLA,2021-12-28,369.83,362.82,373.0,359.47,60324000
2896,TSLA,2021-12-29,366.21,362.06,368.0,354.71,56154000
2897,TSLA,2021-12-30,353.78,356.78,365.18,351.05,47040900
2898,TSLA,2021-12-31,357.81,352.26,360.67,351.53,40733700
2899,TSLA,2022-01-03,382.58,399.93,400.36,378.68,103931400
2900,TSLA,2022-01-04,396.52,383.2,402.67,374.35,100248300
2901,TSLA,2022-01-05,382.22,362.71,390.11,360.34,80119800
2902,TSLA,2022-01-06,359.0,354.9,362.67,340.17,90336600
2903,TSLA,2022-01-07,360.12,342.32,360.31,336.67,84164700
2904,TSLA,2022-01-10,333.33,352.71,353.03,326.67,91815000
2905,TSLA,2022-01-11,351.22,354.8,358.62,346.27,66063300
2906,TSLA,2022-01-12,359.62,368.74,371.61,357.53,83739000
2907,TSLA,2022-01-13,369.69,343.85,371.87,342.18,97209900
2908,TSLA,2022-01-14,339.96,349.87,350.67,337.79,72924300
2909,TSLA,2022-01-18,342.2,343.5,356.93,338.69,66743400
2910,TSLA,2022-01-19,347.24,331.88,351.56,331.67,75442500
2911,TSLA,2022-01-20,336.58,332.09,347.22,331.33,70488600
2912,TSLA,2022-01-21,332.11,314.63,334.85,313.5,103416000
2913,TSLA,2022-01-24,301.59,310.0,311.17,283.82,151565700
2914,TSLA,2022-01-25,304.73,306.13,317.09,301.07,86595900
2915,TSLA,2022-01-26,317.48,312.47,329.23,302.0,104867400
2916,TSLA,2022-01-27,311.12,276.37,311.8,276.33,147109500
2917,TSLA,2022-01-28,277.19,282.12,285.83,264.0,134789100
2918,TSLA,2022-01-31,290.9,312.24,312.66,287.35,104436000
2919,TSLA,2022-02-01,311.74,310.42,314.57,301.67,73138200
2920,TSLA,2022-02-02,309.39,301.89,310.5,296.47,66792900
2921,TSLA,2022-02-03,294.0,297.05,312.33,293.51,78855600
2922,TSLA,2022-02-04,299.07,307.77,312.17,293.72,73625400
2923,TSLA,2022-02-07,307.93,302.45,315.92,300.9,60994500
2924,TSLA,2022-02-08,301.84,307.33,308.76,298.27,50729100
2925,TSLA,2022-02-09,311.67,310.67,315.42,306.67,52259400
2926,TSLA,2022-02-10,302.79,301.52,314.6,298.9,66126900
2927,TSLA,2022-02-11,303.21,286.67,305.32,283.57,79645800
2928,TSLA,2022-02-14,287.19,291.92,299.63,284.38,67756500
2929,TSLA,2022-02-15,300.0,307.48,307.67,297.79,57286200
2930,TSLA,2022-02-16,304.68,307.8,308.81,300.4,51294300
2931,TSLA,2022-02-17,304.42,292.12,306.17,291.37,55178400
2932,TSLA,2022-02-18,295.33,285.66,295.62,279.2,68501700
2933,TSLA,2022-02-22,278.04,273.84,285.58,267.03,83288100
2934,TSLA,2022-02-23,276.81,254.68,278.43,253.52,95256900
2935,TSLA,2022-02-24,233.46,266.92,267.49,233.33,135322200
2936,TSLA,2022-02-25,269.74,269.96,273.17,260.8,76067700
2937,TSLA,2022-02-28,271.67,290.14,292.29,271.57,99006900
2938,TSLA,2022-03-01,289.89,288.12,296.63,284.59,74766900
2939,TSLA,2022-03-02,290.71,293.3,295.49,281.42,74643300
2940,TSLA,2022-03-03,292.92,279.76,295.48,277.53,61623600
2941,TSLA,2022-03-04,283.03,279.43,285.22,275.05,66999600
2942,TSLA,2022-03-07,285.43,268.19,288.71,268.19,72494100
2943,TSLA,2022-03-08,265.18,274.8,283.33,260.72,80399100
2944,TSLA,2022-03-09,279.83,286.32,286.85,277.34,59184000
2945,TSLA,2022-03-10,283.82,279.43,284.82,270.12,58648500
2946,TSLA,2022-03-11,280.07,265.12,281.27,264.59,67037100
2947,TSLA,2022-03-14,260.2,255.46,266.9,252.01,71152200
2948,TSLA,2022-03-15,258.42,267.3,268.52,252.19,66841200
2949,TSLA,2022-03-16,269.67,280.08,280.67,267.42,84028800
2950,TSLA,2022-03-17,277.0,290.53,291.67,275.24,66582900
2951,TSLA,2022-03-18,291.5,301.8,302.62,289.13,100414200
2952,TSLA,2022-03-21,304.99,307.05,314.28,302.36,81981600
2953,TSLA,2022-03-22,310.0,331.33,332.62,307.25,105868500
2954,TSLA,2022-03-23,326.65,333.04,346.9,325.47,120676200
2955,TSLA,2022-03-24,336.58,337.97,341.5,329.6,68920800
2956,TSLA,2022-03-25,336.0,336.88,340.6,332.44,62031600
2957,TSLA,2022-03-28,355.03,363.95,365.96,351.2,102506100
2958,TSLA,2022-03-29,369.33,366.52,371.59,357.7,73614900
2959,TSLA,2022-03-30,363.72,364.66,371.32,361.33,59865000
2960,TSLA,2022-03-31,364.86,359.2,367.71,358.88,48992700
2961,TSLA,2022-04-01,360.38,361.53,364.92,355.55,54263100
2962,TSLA,2022-04-04,363.13,381.82,383.3,357.51,82035900
2963,TSLA,2022-04-05,378.77,363.75,384.29,362.43,80075100
2964,TSLA,2022-04-06,357.82,348.59,359.67,342.57,89348400
2965,TSLA,2022-04-07,350.8,352.42,358.86,340.51,79447200
2966,TSLA,2022-04-08,347.74,341.83,349.48,340.81,55013700
2967,TSLA,2022-04-11,326.8,325.31,336.16,324.88,59357100
2968,TSLA,2022-04-12,332.55,328.98,340.4,325.53,65976000
2969,TSLA,2022-04-13,327.03,340.79,342.08,324.37,55121100
2970,TSLA,2022-04-14,333.1,328.33,337.57,327.4,58422300
2971,TSLA,2022-04-18,329.68,334.76,338.31,324.47,51715200
2972,TSLA,2022-04-19,335.02,342.72,344.98,331.78,49847700
2973,TSLA,2022-04-20,343.33,325.73,344.67,325.08,70711200
2974,TSLA,2022-04-21,358.24,336.26,364.07,332.14,105416400
2975,TSLA,2022-04-22,338.3,335.02,344.95,331.33,69696600
2976,TSLA,2022-04-25,326.32,332.67,336.21,325.1,68341200
2977,TSLA,2022-04-26,331.81,292.14,333.33,291.67,136133700
2978,TSLA,2022-04-27,299.53,293.84,306.0,292.45,76956300
2979,TSLA,2022-04-28,299.99,292.5,300.0,273.9,124948500
2980,TSLA,2022-04-29,300.75,290.25,311.47,290.0,88133100
2981,TSLA,2022-05-02,286.92,300.98,302.12,282.68,75781500
2982,TSLA,2022-05-03,301.06,303.08,308.03,296.2,63709500
2983,TSLA,2022-05-04,301.31,317.54,318.5,295.09,81643800
2984,TSLA,2022-05-05,313.01,291.09,315.2,285.9,92519100
2985,TSLA,2022-05-06,295.67,288.55,296.0,281.04,72903000
2986,TSLA,2022-05-09,278.82,262.37,281.88,260.38,90810300
2987,TSLA,2022-05-10,273.1,266.68,275.12,258.08,84401700
2988,TSLA,2022-05-11,265.0,244.67,269.92,242.4,97224600
2989,TSLA,2022-05-12,233.67,242.67,253.22,226.67,140313000
2990,TSLA,2022-05-13,257.83,256.53,262.45,250.52,92150700
2991,TSLA,2022-05-16,255.72,241.46,256.59,239.7,86098500
2992,TSLA,2022-05-17,249.12,253.87,254.83,242.95,80236200
2993,TSLA,2022-05-18,248.17,236.6,253.5,233.6,87811800
2994,TSLA,2022-05-19,235.67,236.47,244.67,231.37,90296700
2995,TSLA,2022-05-20,238.0,221.3,240.53,211.0,144973200
2996,TSLA,2022-05-23,218.34,224.97,226.65,212.69,88903500
2997,TSLA,2022-05-24,217.84,209.39,217.97,206.86,89092500
2998,TSLA,2022-05-25,207.95,219.6,223.11,207.67,92139300
2999,TSLA,2022-05-26,220.47,235.91,239.56,217.89,106003200
3000,TSLA,2022-05-27,241.08,253.21,253.27,240.18,89295000
3001,TSLA,2022-05-31,257.95,252.75,259.6,244.74,101914500
3002,TSLA,2022-06-01,251.72,246.79,257.33,243.64,77247900
3003,TSLA,2022-06-02,244.16,258.33,264.21,242.07,93473100
3004,TSLA,2022-06-03,243.23,234.52,247.8,233.42,112393800
3005,TSLA,2022-06-06,244.35,238.28,244.87,234.35,84204600
3006,TSLA,2022-06-07,234.0,238.89,240.0,230.09,72808500
3007,TSLA,2022-06-08,240.09,241.87,249.96,239.18,76210500
3008,TSLA,2022-06-09,249.34,239.71,255.55,239.33,96491400
3009,TSLA,2022-06-10,235.16,232.23,239.5,227.91,97536600
3010,TSLA,2022-06-13,223.17,215.74,226.63,214.68,102767400
3011,TSLA,2022-06-14,218.29,220.89,226.33,211.74,97988700
3012,TSLA,2022-06-15,220.92,233.0,235.66,218.15,119131800
3013,TSLA,2022-06-16,222.74,213.1,225.17,208.69,107390700
3014,TSLA,2022-06-17,213.43,216.76,220.97,213.2,92641800
3015,TSLA,2022-06-21,224.6,237.04,243.58,224.33,122793000
3016,TSLA,2022-06-22,234.5,236.09,246.83,233.83,101107500
3017,TSLA,2022-06-23,237.91,235.07,239.32,228.64,104202600
3018,TSLA,2022-06-24,237.47,245.71,246.07,236.09,95770800
3019,TSLA,2022-06-27,249.37,244.92,252.07,242.57,89178300
3020,TSLA,2022-06-28,244.48,232.66,249.97,232.34,90391200
3021,TSLA,2022-06-29,230.5,228.49,231.17,222.27,82897200
3022,TSLA,2022-06-30,224.51,224.47,229.46,218.86,94600500
3023,TSLA,2022-07-01,227.0,227.26,230.23,222.12,74460300
3024,TSLA,2022-07-05,223.0,233.07,233.15,216.17,84581100
3025,TSLA,2022-07-06,230.78,231.73,234.56,227.19,71853600
3026,TSLA,2022-07-07,233.92,244.54,245.36,232.21,81930600
3027,TSLA,2022-07-08,242.33,250.76,254.98,241.16,101854200
3028,TSLA,2022-07-11,252.1,234.34,253.06,233.63,99241200
3029,TSLA,2022-07-12,236.85,233.07,239.77,228.37,87930900
3030,TSLA,2022-07-13,225.5,237.04,242.06,225.03,97954500
3031,TSLA,2022-07-14,234.9,238.31,238.65,229.33,78557400
3032,TSLA,2022-07-15,240.0,240.07,243.62,236.89,69683100
3033,TSLA,2022-07-18,244.94,240.55,250.52,239.6,82537500
3034,TSLA,2022-07-19,245.0,245.53,247.14,236.98,80890200
3035,TSLA,2022-07-20,246.78,247.5,250.66,243.48,88864200
3036,TSLA,2022-07-21,255.11,271.71,273.27,254.87,142032300
3037,TSLA,2022-07-22,276.22,272.24,280.79,270.71,103472700
3038,TSLA,2022-07-25,272.22,268.43,274.15,267.4,64073400
3039,TSLA,2022-07-26,266.51,258.86,267.31,256.26,66820800
3040,TSLA,2022-07-27,263.81,274.82,275.93,261.79,88110000
3041,TSLA,2022-07-28,280.07,280.9,283.3,272.8,84723000
3042,TSLA,2022-07-29,280.7,297.15,298.32,279.1,95313000
3043,TSLA,2022-08-01,301.28,297.28,311.88,295.0,117042900
3044,TSLA,2022-08-02,294.0,300.59,307.83,292.67,95577600
3045,TSLA,2022-08-03,305.0,307.4,309.55,301.15,80091000
3046,TSLA,2022-08-04,311.0,308.63,313.61,305.0,72256200
3047,TSLA,2022-08-05,302.67,288.17,304.61,285.54,113172900
3048,TSLA,2022-08-08,295.0,290.42,305.2,289.09,98994000
3049,TSLA,2022-08-09,290.29,283.33,292.4,279.35,86244600
3050,TSLA,2022-08-10,297.07,294.36,297.51,283.37,94918800
3051,TSLA,2022-08-11,296.51,286.63,298.24,285.83,70155000
3052,TSLA,2022-08-12,289.42,300.03,300.16,285.03,79657200
3053,TSLA,2022-08-15,301.79,309.32,313.13,301.23,89359200
3054,TSLA,2022-08-16,311.67,306.56,314.67,302.88,88136400
3055,TSLA,2022-08-17,303.4,304.0,309.66,300.03,68766000
3056,TSLA,2022-08-18,306.0,302.87,306.5,301.85,47500500
3057,TSLA,2022-08-19,299.0,296.67,300.36,292.5,61395300
3058,TSLA,2022-08-22,291.91,289.91,292.4,286.3,55843200
3059,TSLA,2022-08-23,291.45,296.45,298.83,287.92,63984900
3060,TSLA,2022-08-24,297.56,297.1,303.65,296.5,57259800
3061,TSLA,2022-08-25,302.36,296.07,302.96,291.6,53230000
3062,TSLA,2022-08-26,297.43,288.09,302.0,287.47,57163900
3063,TSLA,2022-08-29,282.83,284.82,287.74,280.7,41864700
3064,TSLA,2022-08-30,287.87,277.7,288.48,272.65,50541800
3065,TSLA,2022-08-31,280.62,275.61,281.25,271.81,52107300
3066,TSLA,2022-09-01,272.58,277.16,277.58,266.15,54287000
3067,TSLA,2022-09-02,281.07,270.21,282.35,269.08,50890100
3068,TSLA,2022-09-06,272.68,274.42,275.99,265.74,55860000
3069,TSLA,2022-09-07,273.1,283.7,283.84,272.27,50028900
3070,TSLA,2022-09-08,281.3,289.26,289.5,279.76,53713100
3071,TSLA,2022-09-09,291.67,299.68,299.85,291.25,54338100
3072,TSLA,2022-09-12,300.72,304.42,305.49,300.4,48674600
3073,TSLA,2022-09-13,292.9,292.13,297.4,290.4,68229600
3074,TSLA,2022-09-14,292.24,302.61,306.0,291.64,72628700
3075,TSLA,2022-09-15,301.83,303.75,309.12,300.72,64795500
3076,TSLA,2022-09-16,299.61,303.35,303.71,295.6,87087800
3077,TSLA,2022-09-19,300.09,309.07,309.84,297.8,60231200
3078,TSLA,2022-09-20,306.91,308.73,313.33,305.58,61642800
3079,TSLA,2022-09-21,308.29,300.8,313.8,300.63,62555700
3080,TSLA,2022-09-22,299.86,288.59,301.29,285.82,70545400
3081,TSLA,2022-09-23,283.09,275.33,284.5,272.82,63748400
3082,TSLA,2022-09-26,271.83,276.01,284.09,270.31,58076900
3083,TSLA,2022-09-27,283.84,282.94,288.67,277.51,61925200
3084,TSLA,2022-09-28,283.08,287.81,289.0,277.57,54664800
3085,TSLA,2022-09-29,282.76,268.21,283.65,265.78,77620600
3086,TSLA,2022-09-30,266.15,265.25,275.57,262.47,67726600
3087,TSLA,2022-10-03,254.5,242.4,255.16,241.01,98363500
3088,TSLA,2022-10-04,250.52,249.44,257.5,242.01,109578500
3089,TSLA,2022-10-05,245.01,240.81,246.67,233.27,86982700
3090,TSLA,2022-10-06,239.44,238.13,244.58,235.35,69298400
3091,TSLA,2022-10-07,233.94,223.07,234.57,222.02,83916800
3092,TSLA,2022-10-10,223.93,222.96,226.99,218.36,67925000
3093,TSLA,2022-10-11,220.95,216.5,225.75,215.0,77013200
3094,TSLA,2022-10-12,215.33,217.24,219.3,211.51,66860700
3095,TSLA,2022-10-13,208.3,221.72,222.99,206.22,91483000
3096,TSLA,2022-10-14,224.01,204.99,226.26,204.16,94124500
3097,TSLA,2022-10-17,210.04,219.35,221.86,209.45,79428800
3098,TSLA,2022-10-18,229.5,220.19,229.82,217.25,75891900
3099,TSLA,2022-10-19,219.8,222.04,222.93,217.78,66571500
3100,TSLA,2022-10-20,208.28,207.28,215.55,202.0,117798100
3101,TSLA,2022-10-21,206.42,214.44,214.66,203.8,75713800
3102,TSLA,2022-10-24,205.82,211.25,213.5,198.59,100446800
3103,TSLA,2022-10-25,210.1,222.42,224.35,210.0,96507900
3104,TSLA,2022-10-26,219.4,224.64,230.6,218.2,85012500
3105,TSLA,2022-10-27,229.77,225.09,233.81,222.85,61638800
3106,TSLA,2022-10-28,225.4,228.52,228.86,216.35,69152400
3107,TSLA,2022-10-31,226.19,227.54,229.85,221.94,61554300
3108,TSLA,2022-11-01,234.05,227.82,237.4,227.28,62688800
3109,TSLA,2022-11-02,226.04,214.98,227.87,214.82,63070300
3110,TSLA,2022-11-03,211.36,215.31,221.2,210.14,56538800
3111,TSLA,2022-11-04,222.6,207.47,223.8,203.08,98622200
3112,TSLA,2022-11-07,208.65,197.08,208.9,196.66,93916500
3113,TSLA,2022-11-08,194.02,191.3,195.2,186.75,128803400
3114,TSLA,2022-11-09,190.78,177.59,195.89,177.12,127062700
3115,TSLA,2022-11-10,189.9,190.72,191.0,180.03,132703000
3116,TSLA,2022-11-11,186.0,195.97,196.52,182.59,114403600
3117,TSLA,2022-11-14,192.77,190.95,195.73,186.34,92226600
3118,TSLA,2022-11-15,195.88,194.42,200.82,192.06,91293800
3119,TSLA,2022-11-16,191.51,186.92,192.57,185.66,66567600
3120,TSLA,2022-11-17,183.96,183.17,186.16,180.9,64336000
3121,TSLA,2022-11-18,185.05,180.19,185.19,176.55,76048900
3122,TSLA,2022-11-21,175.85,167.87,176.77,167.54,92882700
3123,TSLA,2022-11-22,168.63,169.91,170.92,166.19,78452300
3124,TSLA,2022-11-23,173.57,183.2,183.62,172.5,109536700
3125,TSLA,2022-11-25,185.06,182.86,185.2,180.63,50672700
3126,TSLA,2022-11-28,179.96,182.92,188.5,179.0,92905200
3127,TSLA,2022-11-29,184.99,180.83,186.38,178.75,83357100
3128,TSLA,2022-11-30,182.43,194.7,194.76,180.63,109186400
3129,TSLA,2022-12-01,197.08,194.7,198.92,191.8,80046200
3130,TSLA,2022-12-02,191.78,194.86,196.25,191.11,73645900
3131,TSLA,2022-12-05,189.44,182.45,191.27,180.55,93122700
3132,TSLA,2022-12-06,181.22,179.82,183.65,175.33,92150800
3133,TSLA,2022-12-07,175.03,174.04,179.38,172.22,84213300
3134,TSLA,2022-12-08,172.2,173.44,175.2,169.06,97624500
3135,TSLA,2022-12-09,173.84,179.05,182.5,173.36,104872300
3136,TSLA,2022-12-12,176.1,167.82,177.37,167.52,109794500
3137,TSLA,2022-12-13,174.87,160.95,175.05,156.91,175862700
3138,TSLA,2022-12-14,159.25,156.8,161.62,155.31,140682300
3139,TSLA,2022-12-15,153.44,157.67,160.93,153.28,122334500
3140,TSLA,2022-12-16,159.64,150.23,160.99,150.04,139032200
3141,TSLA,2022-12-19,154.0,149.87,155.25,145.82,139390600
3142,TSLA,2022-12-20,146.05,137.8,148.47,137.66,159563300
3143,TSLA,2022-12-21,139.34,137.57,141.26,135.89,145417400
3144,TSLA,2022-12-22,136.0,125.35,136.63,122.26,210090300
3145,TSLA,2022-12-23,126.37,123.15,128.62,121.02,166989700
3146,TSLA,2022-12-27,117.5,109.1,119.67,108.76,208643400
3147,TSLA,2022-12-28,110.35,112.71,116.27,108.24,221070500
3148,TSLA,2022-12-29,120.39,121.82,123.57,117.5,221923300
3149,TSLA,2022-12-30,119.95,123.18,124.48,119.75,157777300
3150,TSLA,2023-01-03,118.47,108.1,118.8,104.64,231402800
3151,TSLA,2023-01-04,109.11,113.64,114.59,107.52,180389000
3152,TSLA,2023-01-05,110.51,110.34,111.75,107.16,157986300
3153,TSLA,2023-01-06,103.0,113.06,114.39,101.81,220911100
3154,TSLA,2023-01-09,118.96,119.77,123.52,117.11,190284000
3155,TSLA,2023-01-10,121.07,118.85,122.76,114.92,167642500
3156,TSLA,2023-01-11,122.09,123.22,125.95,120.51,183810800
3157,TSLA,2023-01-12,122.56,123.56,124.13,117.0,169400900
3158,TSLA,2023-01-13,116.55,122.4,122.63,115.6,180714100
3159,TSLA,2023-01-17,125.7,131.49,131.7,125.02,186477000
3160,TSLA,2023-01-18,136.56,128.78,136.68,127.01,195680300
3161,TSLA,2023-01-19,127.26,127.17,129.99,124.31,170291900
3162,TSLA,2023-01-20,128.68,133.42,133.51,127.35,138858100
3163,TSLA,2023-01-23,135.87,143.75,145.38,134.27,203119200
3164,TSLA,2023-01-24,143.0,143.89,146.5,141.1,158699100
3165,TSLA,2023-01-25,141.91,144.43,146.41,138.07,192734300
3166,TSLA,2023-01-26,159.97,160.27,161.42,154.76,234815100
3167,TSLA,2023-01-27,162.43,177.9,180.68,161.17,306590600
3168,TSLA,2023-01-30,178.05,166.66,179.77,166.5,230878800
3169,TSLA,2023-01-31,164.57,173.22,174.3,162.78,196813500
3170,TSLA,2023-02-01,173.89,181.41,183.81,169.93,213806300
3171,TSLA,2023-02-02,187.33,188.27,196.75,182.61,217448300
3172,TSLA,2023-02-03,183.95,189.98,199.0,183.69,232662000
3173,TSLA,2023-02-06,193.01,194.76,198.17,189.92,186188100
3174,TSLA,2023-02-07,196.43,196.81,197.5,189.55,186010300
3175,TSLA,2023-02-08,196.1,201.29,203.0,194.31,180673600
3176,TSLA,2023-02-09,207.78,207.32,214.0,204.77,215431400
3177,TSLA,2023-02-10,202.23,196.89,206.2,192.89,204754100
3178,TSLA,2023-02-13,194.42,194.64,196.3,187.61,172475500
3179,TSLA,2023-02-14,191.94,209.25,209.82,189.44,216455700
3180,TSLA,2023-02-15,211.76,214.24,214.66,206.11,181006400
3181,TSLA,2023-02-16,210.78,202.04,217.65,201.84,229586500
3182,TSLA,2023-02-17,199.99,208.31,208.44,197.5,213738500
3183,TSLA,2023-02-21,204.99,197.37,209.71,197.22,180018600
3184,TSLA,2023-02-22,197.93,200.86,201.99,191.78,191828500
3185,TSLA,2023-02-23,203.91,202.07,205.14,196.33,146360000
3186,TSLA,2023-02-24,196.33,196.88,197.67,192.8,142228100
3187,TSLA,2023-02-27,202.03,207.63,209.42,201.26,161028300
3188,TSLA,2023-02-28,210.59,205.71,211.23,203.75,153144900
3189,TSLA,2023-03-01,206.21,202.77,207.2,198.52,156852800
3190,TSLA,2023-03-02,186.74,190.9,193.75,186.01,181500700
3191,TSLA,2023-03-03,194.8,197.79,200.48,192.88,154193300
3192,TSLA,2023-03-06,198.54,193.81,198.6,192.3,128100100
3193,TSLA,2023-03-07,191.38,187.71,194.2,186.1,148125800
3194,TSLA,2023-03-08,185.04,182.0,186.5,180.0,151897800
3195,TSLA,2023-03-09,180.25,172.92,185.18,172.51,170023800
3196,TSLA,2023-03-10,175.13,173.44,178.29,168.44,191488900
3197,TSLA,2023-03-13,167.46,174.48,177.35,163.91,167790300
3198,TSLA,2023-03-14,177.31,183.26,183.8,177.14,143717900
3199,TSLA,2023-03-15,180.8,180.45,182.34,176.03,145995600
3200,TSLA,2023-03-16,180.37,184.13,185.81,178.84,121136800
3201,TSLA,2023-03-17,184.52,180.13,186.22,177.33,133197100
3202,TSLA,2023-03-20,178.08,183.25,186.44,176.35,129684400
3203,TSLA,2023-03-21,188.28,197.58,198.0,188.04,153391400
3204,TSLA,2023-03-22,199.3,191.15,200.66,190.95,150376400
3205,TSLA,2023-03-23,195.26,192.22,199.31,188.65,144193900
3206,TSLA,2023-03-24,191.65,190.41,192.36,187.15,116312400
3207,TSLA,2023-03-27,194.42,191.81,197.39,189.94,120851600
3208,TSLA,2023-03-28,192.0,189.19,192.35,185.43,98654600
3209,TSLA,2023-03-29,193.13,193.88,195.29,189.44,123660000
3210,TSLA,2023-03-30,195.58,195.28,197.33,194.42,110252200
3211,TSLA,2023-03-31,197.53,207.46,207.79,197.2,170222100
3212,TSLA,2023-04-03,199.91,194.77,202.69,192.2,169545900
3213,TSLA,2023-04-04,197.32,192.58,198.74,190.32,126463800
3214,TSLA,2023-04-05,190.52,185.52,190.68,183.76,133882500
3215,TSLA,2023-04-06,183.08,185.06,186.39,179.74,123857900
3216,TSLA,2023-04-10,179.94,184.51,185.1,176.11,142154600
3217,TSLA,2023-04-11,186.69,186.79,189.19,185.65,115770900
3218,TSLA,2023-04-12,190.74,180.54,191.58,180.31,150256300
3219,TSLA,2023-04-13,182.96,185.9,186.5,180.94,112933000
3220,TSLA,2023-04-14,183.95,185.0,186.28,182.01,96438700
3221,TSLA,2023-04-17,186.32,187.04,189.69,182.69,116662200
3222,TSLA,2023-04-18,187.15,184.31,187.69,183.58,92067000
3223,TSLA,2023-04-19,179.1,180.59,183.5,177.65,125732700
3224,TSLA,2023-04-20,166.17,162.99,169.7,160.56,210970800
3225,TSLA,2023-04-21,164.8,165.08,166.0,161.32,123539000
3226,TSLA,2023-04-24,164.65,162.55,165.65,158.61,140006600
3227,TSLA,2023-04-25,159.82,160.67,163.47,158.75,121999300
3228,TSLA,2023-04-26,160.29,153.75,160.67,153.14,153364100
3229,TSLA,2023-04-27,152.64,160.19,160.48,152.37,127015200
3230,TSLA,2023-04-28,160.9,164.31,165.0,157.32,122515800
3231,TSLA,2023-05-01,163.17,161.83,163.28,158.83,109015000
3232,TSLA,2023-05-02,161.88,160.31,165.49,158.93,128259700
3233,TSLA,2023-05-03,160.01,160.61,165.0,159.91,119728000
3234,TSLA,2023-05-04,162.71,161.2,162.95,159.65,95108500
3235,TSLA,2023-05-05,163.97,170.06,170.79,163.51,107440900
3236,TSLA,2023-05-08,173.72,171.79,173.8,169.19,112249400
3237,TSLA,2023-05-09,168.95,169.15,169.82,166.56,88965000
3238,TSLA,2023-05-10,172.55,168.54,174.43,166.68,119840700
3239,TSLA,2023-05-11,168.7,172.08,173.57,166.79,103889900
3240,TSLA,2023-05-12,176.07,167.98,177.38,167.23,157577100
3241,TSLA,2023-05-15,167.66,166.35,169.76,164.55,105592500
3242,TSLA,2023-05-16,165.65,166.52,169.52,164.35,98288800
3243,TSLA,2023-05-17,168.41,173.86,174.5,167.19,125473600
3244,TSLA,2023-05-18,174.22,176.89,177.06,172.45,109520300
3245,TSLA,2023-05-19,177.17,180.14,181.95,176.31,136024200
3246,TSLA,2023-05-22,180.7,188.87,189.32,180.11,132001400
3247,TSLA,2023-05-23,186.2,185.77,192.96,185.26,156952100
3248,TSLA,2023-05-24,182.23,182.9,184.22,178.22,137605100
3249,TSLA,2023-05-25,186.54,184.47,186.78,180.58,96870700
3250,TSLA,2023-05-26,184.62,193.17,198.6,184.53,162061500
3251,TSLA,2023-05-30,200.1,201.16,204.48,197.53,128818700
3252,TSLA,2023-05-31,199.78,203.93,203.95,195.12,150711700
3253,TSLA,2023-06-01,202.59,207.52,209.8,199.37,148029900
3254,TSLA,2023-06-02,210.15,213.97,217.25,209.75,164129000
3255,TSLA,2023-06-05,217.8,217.61,221.29,214.52,151143100
3256,TSLA,2023-06-06,216.14,221.31,221.91,212.53,146911600
3257,TSLA,2023-06-07,228.0,224.57,230.83,223.2,185710800
3258,TSLA,2023-06-08,224.22,234.86,235.23,223.01,164489700
3259,TSLA,2023-06-09,249.07,244.4,252.42,242.02,199882300
3260,TSLA,2023-06-12,247.94,249.83,250.97,244.59,150337900
3261,TSLA,2023-06-13,253.51,258.71,259.68,251.34,162384300
3262,TSLA,2023-06-14,260.17,256.79,261.57,250.5,170575500
3263,TSLA,2023-06-15,248.4,255.9,258.95,247.29,160171200
3264,TSLA,2023-06-16,258.92,260.54,263.6,257.21,167563700
3265,TSLA,2023-06-20,261.5,274.45,274.75,261.12,165611200
3266,TSLA,2023-06-21,275.13,259.46,276.99,257.78,211797100
3267,TSLA,2023-06-22,250.77,264.61,265.0,248.25,166875900
3268,TSLA,2023-06-23,259.29,256.6,262.45,252.8,176584100
3269,TSLA,2023-06-26,250.07,241.05,258.37,240.7,179990600
3270,TSLA,2023-06-27,243.24,250.21,250.39,240.85,164968200
3271,TSLA,2023-06-28,249.7,256.24,259.88,248.89,159770800
3272,TSLA,2023-06-29,258.03,257.5,260.74,253.61,131283400
3273,TSLA,2023-06-30,260.6,261.77,264.45,259.89,112267600
3274,TSLA,2023-07-03,276.49,279.82,284.25,275.11,119685900
3275,TSLA,2023-07-05,278.82,282.48,283.85,277.6,131530900
3276,TSLA,2023-07-06,278.09,276.54,279.97,272.88,120332100
3277,TSLA,2023-07-07,278.43,274.43,280.78,273.77,113602000
3278,TSLA,2023-07-10,276.47,269.61,277.52,265.1,119425400
3279,TSLA,2023-07-11,268.65,269.79,270.9,266.37,91972400
3280,TSLA,2023-07-12,276.33,271.99,276.52,271.46,95672100
3281,TSLA,2023-07-13,274.59,277.9,279.45,270.6,112681500
3282,TSLA,2023-07-14,277.01,281.38,285.3,276.31,119771100
3283,TSLA,2023-07-17,286.63,290.38,292.23,283.57,131569600
3284,TSLA,2023-07-18,290.15,293.34,295.26,286.01,112434700
3285,TSLA,2023-07-19,296.04,291.26,299.29,289.52,142355400
3286,TSLA,2023-07-20,279.56,262.9,280.93,261.2,175158300
3287,TSLA,2023-07-21,268.0,260.02,268.0,255.8,161050100
3288,TSLA,2023-07-24,255.85,269.06,269.85,254.12,136508500
3289,TSLA,2023-07-25,272.38,265.28,272.9,265.0,112757300
3290,TSLA,2023-07-26,263.25,264.35,268.04,261.75,95856200
3291,TSLA,2023-07-27,268.31,255.71,269.13,255.3,103697300
3292,TSLA,2023-07-28,259.86,266.44,267.25,258.23,111446000
3293,TSLA,2023-07-31,267.48,267.43,269.08,263.78,84582200
3294,TSLA,2023-08-01,266.26,261.07,266.47,260.25,83166000
3295,TSLA,2023-08-02,255.57,254.11,259.52,250.49,101752900
3296,TSLA,2023-08-03,252.04,259.32,260.49,252.0,97569100
3297,TSLA,2023-08-04,260.97,253.86,264.77,253.11,99242600
3298,TSLA,2023-08-07,251.45,251.45,253.65,242.76,111097900
3299,TSLA,2023-08-08,247.45,249.7,250.92,245.01,96642200
3300,TSLA,2023-08-09,250.87,242.19,251.1,241.9,101596300
3301,TSLA,2023-08-10,245.4,245.34,251.8,243.0,109498600
3302,TSLA,2023-08-11,241.77,242.65,243.79,238.02,98866600
3303,TSLA,2023-08-14,235.7,239.76,240.66,233.75,98595300
3304,TSLA,2023-08-15,238.73,232.96,240.5,232.61,88197600
3305,TSLA,2023-08-16,228.02,225.6,233.97,225.38,112484500
3306,TSLA,2023-08-17,226.06,219.22,226.74,218.83,120718400
3307,TSLA,2023-08-18,214.12,215.49,217.58,212.36,135813700
3308,TSLA,2023-08-21,221.55,231.28,232.13,220.58,135702700
3309,TSLA,2023-08-22,240.25,233.19,240.82,229.55,130597900
3310,TSLA,2023-08-23,229.34,236.86,238.98,229.29,101077600
3311,TSLA,2023-08-24,238.66,230.04,238.92,228.18,99777400
3312,TSLA,2023-08-25,231.31,238.59,239.0,230.35,106612200
3313,TSLA,2023-08-28,242.58,238.82,244.38,235.35,107673700
3314,TSLA,2023-08-29,238.58,257.18,257.48,237.77,134047600
3315,TSLA,2023-08-30,254.2,256.9,260.51,250.59,121988400
3316,TSLA,2023-08-31,255.98,258.08,261.18,255.05,108861700
3317,TSLA,2023-09-01,257.26,245.01,259.08,242.01,132272500
3318,TSLA,2023-09-05,245.0,256.49,258.0,244.86,129469600
3319,TSLA,2023-09-06,255.14,251.92,255.39,245.06,116959800
3320,TSLA,2023-09-07,245.07,251.49,252.81,243.27,115312900
3321,TSLA,2023-09-08,251.22,248.5,256.52,246.67,118367700
3322,TSLA,2023-09-11,264.27,273.58,274.85,260.61,174667900
3323,TSLA,2023-09-12,270.76,267.48,278.39,266.6,135999900
3324,TSLA,2023-09-13,270.07,271.3,274.98,268.1,111673700
3325,TSLA,2023-09-14,271.32,276.04,276.71,270.42,107709800
3326,TSLA,2023-09-15,277.55,274.39,278.98,271.0,133422800
3327,TSLA,2023-09-18,271.16,265.28,271.44,263.76,101543300
3328,TSLA,2023-09-19,264.35,266.5,267.85,261.2,103704000
3329,TSLA,2023-09-20,267.04,262.59,273.93,262.46,122514600
3330,TSLA,2023-09-21,257.85,255.7,260.86,254.21,119531000
3331,TSLA,2023-09-22,257.4,244.88,257.79,244.48,127524100
3332,TSLA,2023-09-25,243.38,246.99,247.1,238.31,104636600
3333,TSLA,2023-09-26,242.98,244.12,249.55,241.66,101993600
3334,TSLA,2023-09-27,244.26,240.5,245.33,234.58,136597200
3335,TSLA,2023-09-28,240.02,246.38,247.55,238.65,117058900
3336,TSLA,2023-09-29,250.0,250.22,254.77,246.35,128346200
3337,TSLA,2023-10-02,244.81,251.6,254.28,242.62,123810400
3338,TSLA,2023-10-03,248.61,246.53,250.02,244.45,101985300
3339,TSLA,2023-10-04,248.14,261.16,261.86,247.6,129721600
3340,TSLA,2023-10-05,260.0,260.05,263.6,256.25,119159200
3341,TSLA,2023-10-06,253.98,260.53,261.65,250.65,117947000
3342,TSLA,2023-10-09,255.31,259.67,261.36,252.05,101377900
3343,TSLA,2023-10-10,257.75,263.62,268.94,257.65,122656000
3344,TSLA,2023-10-11,266.2,262.99,268.6,260.9,103706300
3345,TSLA,2023-10-12,262.92,258.87,265.41,256.63,111508100
3346,TSLA,2023-10-13,258.9,251.12,259.6,250.22,102073800
3347,TSLA,2023-10-16,250.05,253.92,255.4,248.48,88917200
3348,TSLA,2023-10-17,250.1,254.85,257.18,247.08,93562900
3349,TSLA,2023-10-18,252.7,242.68,254.63,242.08,125147800
3350,TSLA,2023-10-19,225.95,220.11,230.61,216.78,170772700
3351,TSLA,2023-10-20,217.01,211.99,218.86,210.42,137734000
3352,TSLA,2023-10-23,210.0,212.08,216.98,202.51,150683400
3353,TSLA,2023-10-24,216.5,216.52,222.05,214.11,118231100
3354,TSLA,2023-10-25,215.88,212.42,220.1,212.2,107065100
3355,TSLA,2023-10-26,211.32,205.76,214.8,204.88,115112600
3356,TSLA,2023-10-27,210.6,207.3,212.41,205.77,94881200
3357,TSLA,2023-10-30,209.28,197.36,210.88,194.67,136448200
3358,TSLA,2023-10-31,196.12,200.84,202.8,194.07,118068300
3359,TSLA,2023-11-01,204.04,205.66,205.99,197.85,121661700
3360,TSLA,2023-11-02,212.97,218.51,219.2,211.45,125987600
3361,TSLA,2023-11-03,221.15,219.96,226.37,218.4,119281000
3362,TSLA,2023-11-06,223.98,219.27,226.32,215.0,117335800
3363,TSLA,2023-11-07,219.98,222.18,223.12,215.72,116900100
3364,TSLA,2023-11-08,223.15,222.11,224.15,217.64,106584800
3365,TSLA,2023-11-09,219.75,209.98,220.8,206.68,142110500
3366,TSLA,2023-11-10,210.03,214.65,215.38,205.69,130994000
3367,TSLA,2023-11-13,215.6,223.71,225.4,211.61,140447600
3368,TSLA,2023-11-14,235.03,237.41,238.14,230.72,149771600
3369,TSLA,2023-11-15,239.29,242.84,246.7,236.45,150354000
3370,TSLA,2023-11-16,239.49,233.59,240.88,230.96,136816800
3371,TSLA,2023-11-17,232.0,234.3,237.39,226.54,142532800
3372,TSLA,2023-11-20,234.04,235.6,237.1,231.02,116320100
3373,TSLA,2023-11-21,235.04,241.2,243.62,233.34,122288000
3374,TSLA,2023-11-22,242.04,234.21,244.01,231.4,117950600
3375,TSLA,2023-11-24,233.75,235.45,238.75,232.33,65125200
3376,TSLA,2023-11-27,236.89,236.08,238.33,232.1,112031800
3377,TSLA,2023-11-28,236.68,246.72,247.0,234.01,148549900
3378,TSLA,2023-11-29,249.21,244.14,252.75,242.76,135401300
3379,TSLA,2023-11-30,245.14,240.08,245.22,236.91,132353200
3380,TSLA,2023-12-01,233.14,238.83,240.19,231.9,121173500
3381,TSLA,2023-12-04,235.75,235.58,239.37,233.29,104099800
3382,TSLA,2023-12-05,233.87,238.72,246.66,233.7,137971100
3383,TSLA,2023-12-06,242.92,239.37,246.57,239.17,126436200
3384,TSLA,2023-12-07,241.55,242.64,244.08,236.98,107142300
3385,TSLA,2023-12-08,240.27,243.84,245.27,239.27,102980100
3386,TSLA,2023-12-11,242.74,239.74,243.44,237.45,97913900
3387,TSLA,2023-12-12,238.55,237.01,238.99,233.87,95328300
3388,TSLA,2023-12-13,234.19,239.29,240.3,228.2,146286300
3389,TSLA,2023-12-14,241.22,251.05,253.88,240.79,160829200
3390,TSLA,2023-12-15,251.21,253.5,254.13,248.3,135720800
3391,TSLA,2023-12-18,253.78,252.08,258.74,251.36,116416500
3392,TSLA,2023-12-19,253.48,257.22,258.34,253.01,106737400
3393,TSLA,2023-12-20,256.41,247.14,259.84,247.0,125097000
3394,TSLA,2023-12-21,251.9,254.5,254.8,248.55,109594200
3395,TSLA,2023-12-22,256.76,252.54,258.22,251.37,93249800
3396,TSLA,2023-12-26,254.49,256.61,257.97,252.91,86892400
3397,TSLA,2023-12-27,258.35,261.44,263.34,257.52,106494400
3398,TSLA,2023-12-28,263.66,253.18,265.13,252.71,113619900
3399,TSLA,2023-12-29,255.1,248.48,255.19,247.43,100615300
3400,TSLA,2024-01-02,250.08,248.42,251.25,244.41,104654200
3401,TSLA,2024-01-03,244.98,238.45,245.68,236.32,121082600
3402,TSLA,2024-01-04,239.25,237.93,242.7,237.73,102629300
3403,TSLA,2024-01-05,236.86,237.49,240.12,234.9,92379400
3404,TSLA,2024-01-08,236.14,240.45,241.25,235.3,85166600
3405,TSLA,2024-01-09,238.11,234.96,238.96,232.04,96705700
3406,TSLA,2024-01-10,235.1,233.94,235.5,231.29,91628500
3407,TSLA,2024-01-11,230.57,227.22,230.93,225.37,105873600
3408,TSLA,2024-01-12,220.08,218.89,225.34,217.15,122889000
3409,TSLA,2024-01-16,215.1,219.91,223.49,212.18,115355000
3410,TSLA,2024-01-17,214.86,215.55,215.67,212.01,103164400
3411,TSLA,2024-01-18,216.88,211.88,217.45,208.74,108595400
3412,TSLA,2024-01-19,209.99,212.19,213.19,207.56,102095800
3413,TSLA,2024-01-22,212.26,208.8,217.8,206.27,117952500
3414,TSLA,2024-01-23,211.3,209.14,215.65,207.75,106605900
3415,TSLA,2024-01-24,211.88,207.83,212.73,206.77,123369900
3416,TSLA,2024-01-25,189.7,182.63,193.0,180.06,198076800
3417,TSLA,2024-01-26,185.5,183.25,186.78,182.1,107343200
3418,TSLA,2024-01-29,185.63,190.93,191.48,183.67,125013100
3419,TSLA,2024-01-30,195.33,191.59,196.36,190.61,109982300
3420,TSLA,2024-01-31,187.0,187.29,193.97,185.85,103221400
3421,TSLA,2024-02-01,188.5,188.86,189.88,184.28,91843300
3422,TSLA,2024-02-02,185.04,187.91,188.69,182.0,110505100
3423,TSLA,2024-02-05,184.26,181.06,184.68,175.01,134294400
3424,TSLA,2024-02-06,177.21,185.1,186.49,177.11,122676000
3425,TSLA,2024-02-07,188.18,187.58,189.79,182.68,111535200
3426,TSLA,2024-02-08,189.0,189.56,191.62,185.58,83034000
3427,TSLA,2024-02-09,190.18,193.57,194.12,189.48,84476300
3428,TSLA,2024-02-12,192.11,188.13,194.73,187.28,95498600
3429,TSLA,2024-02-13,183.99,184.02,187.26,182.11,86759500
3430,TSLA,2024-02-14,185.3,188.71,188.89,183.35,81203000
3431,TSLA,2024-02-15,189.16,200.45,200.88,188.86,120831800
3432,TSLA,2024-02-16,202.06,199.95,203.17,197.4,111173600
3433,TSLA,2024-02-20,196.13,193.76,198.6,189.13,104545800
3434,TSLA,2024-02-21,193.36,194.77,199.44,191.95,103844000
3435,TSLA,2024-02-22,194.0,197.41,198.32,191.36,92739500
3436,TSLA,2024-02-23,195.31,191.97,197.57,191.5,78841900
3437,TSLA,2024-02-26,192.29,199.4,201.78,192.0,111747100
3438,TSLA,2024-02-27,204.04,199.73,205.6,198.26,108645400
3439,TSLA,2024-02-28,200.42,202.04,205.3,198.44,99806200
3440,TSLA,2024-02-29,204.18,201.88,205.28,198.45,85907000
3441,TSLA,2024-03-01,200.52,202.64,204.52,198.5,82099200
3442,TSLA,2024-03-04,198.73,188.14,199.75,186.72,134334900
3443,TSLA,2024-03-05,183.05,180.74,184.59,177.57,119660800
3444,TSLA,2024-03-06,179.99,176.54,181.58,173.7,107920900
3445,TSLA,2024-03-07,174.35,178.65,180.04,173.7,102129000
3446,TSLA,2024-03-08,181.5,175.34,182.73,174.7,85315300
3447,TSLA,2024-03-11,175.45,177.77,182.87,174.8,85391500
3448,TSLA,2024-03-12,177.77,177.54,179.43,172.41,87391700
3449,TSLA,2024-03-13,173.05,169.48,176.05,169.15,106524500
3450,TSLA,2024-03-14,167.77,162.5,171.17,160.51,126325700
3451,TSLA,2024-03-15,163.16,163.57,165.18,160.76,96971900
3452,TSLA,2024-03-18,170.02,173.8,174.72,165.9,108214400
3453,TSLA,2024-03-19,172.36,171.32,172.82,167.42,77271400
3454,TSLA,2024-03-20,173.0,175.66,176.25,170.82,83846700
3455,TSLA,2024-03-21,176.39,172.82,178.18,171.8,73178000
3456,TSLA,2024-03-22,166.69,170.83,171.2,166.3,75454700
3457,TSLA,2024-03-25,168.76,172.63,175.24,168.73,74228600
3458,TSLA,2024-03-26,178.58,177.67,184.25,177.38,113186200
3459,TSLA,2024-03-27,181.41,179.83,181.91,176.0,81804000
3460,TSLA,2024-03-28,177.45,175.79,179.57,175.3,77654800
3461,TSLA,2024-04-01,176.17,175.22,176.75,170.21,81562100
3462,TSLA,2024-04-02,164.75,166.63,167.69,163.43,116650600
3463,TSLA,2024-04-03,164.02,168.38,168.82,163.28,82950100
3464,TSLA,2024-04-04,170.07,171.11,177.19,168.01,123162000
3465,TSLA,2024-04-05,169.08,164.9,170.86,160.51,141250700
3466,TSLA,2024-04-08,169.34,172.98,174.5,167.79,104423300
3467,TSLA,2024-04-09,172.91,176.88,179.22,171.92,103232700
3468,TSLA,2024-04-10,173.04,171.76,174.93,170.01,84532400
3469,TSLA,2024-04-11,172.55,174.6,175.88,168.51,94516000
3470,TSLA,2024-04-12,172.34,171.05,173.81,170.36,64506600
3471,TSLA,2024-04-15,170.24,161.48,170.69,161.38,100245300
3472,TSLA,2024-04-16,156.74,157.11,158.19,153.75,97000000
3473,TSLA,2024-04-17,157.64,155.45,158.33,153.78,82439700
3474,TSLA,2024-04-18,151.25,149.93,152.2,148.7,96098800
3475,TSLA,2024-04-19,148.97,147.05,150.94,146.22,86005100
3476,TSLA,2024-04-22,140.56,142.05,144.44,138.8,107097600
3477,TSLA,2024-04-23,143.33,144.68,147.26,141.11,124545100
3478,TSLA,2024-04-24,162.84,162.13,167.97,157.51,181178000
3479,TSLA,2024-04-25,158.96,170.18,170.88,158.36,126427500
3480,TSLA,2024-04-26,168.85,168.29,172.12,166.37,109815700
3481,TSLA,2024-04-29,188.42,194.05,198.87,184.54,243869700
3482,TSLA,2024-04-30,186.98,183.28,190.95,182.84,127031800
3483,TSLA,2024-05-01,182.0,179.99,185.86,179.01,92829700
3484,TSLA,2024-05-02,182.86,180.01,184.6,176.02,89148000
3485,TSLA,2024-05-03,182.1,181.19,184.78,178.42,75491500
3486,TSLA,2024-05-06,183.8,184.76,187.56,182.2,84390300
3487,TSLA,2024-05-07,182.4,177.81,183.26,177.4,75045900
3488,TSLA,2024-05-08,171.59,174.72,176.06,170.15,79969500
3489,TSLA,2024-05-09,175.01,171.97,175.62,171.37,65950300
3490,TSLA,2024-05-10,173.05,168.47,173.06,167.75,72627200
3491,TSLA,2024-05-13,170.0,171.89,175.4,169.0,67018900
3492,TSLA,2024-05-14,174.5,177.55,179.49,174.07,86407400
3493,TSLA,2024-05-15,179.9,173.99,180.0,173.11,79663000
3494,TSLA,2024-05-16,174.1,174.84,175.79,171.43,59812200
3495,TSLA,2024-05-17,173.55,177.46,179.63,172.75,77445800
3496,TSLA,2024-05-20,177.56,174.95,177.75,173.52,61727400
3497,TSLA,2024-05-21,175.51,186.6,186.88,174.71,115266500
3498,TSLA,2024-05-22,182.85,180.11,183.8,178.12,88313500
3499,TSLA,2024-05-23,181.8,173.74,181.9,173.26,71975500
3500,TSLA,2024-05-24,174.84,179.24,180.08,173.73,65479700
3501,TSLA,2024-05-28,176.4,176.75,178.25,173.16,59736600
3502,TSLA,2024-05-29,174.19,176.19,178.15,173.93,54782600
3503,TSLA,2024-05-30,178.58,178.79,182.67,175.38,77784800
3504,TSLA,2024-05-31,178.5,178.08,180.32,173.82,67314600
3505,TSLA,2024-06-03,178.13,176.29,182.64,174.49,68568900
3506,TSLA,2024-06-04,174.78,174.77,177.76,174.0,60056300
3507,TSLA,2024-06-05,175.35,175.0,176.15,172.13,57953800
3508,TSLA,2024-06-06,174.6,177.94,179.73,172.73,69887000
3509,TSLA,2024-06-07,176.13,177.48,179.35,175.58,56244900
3510,TSLA,2024-06-10,176.06,173.79,178.57,173.17,50869700
3511,TSLA,2024-06-11,173.92,170.66,174.75,167.41,64761900
3512,TSLA,2024-06-12,171.12,177.29,180.55,169.8,90389400
3513,TSLA,2024-06-13,188.39,182.47,191.08,181.23,118984100
3514,TSLA,2024-06-14,185.8,178.01,186.0,176.92,82038200
3515,TSLA,2024-06-17,177.92,187.44,188.81,177.0,109786100
3516,TSLA,2024-06-18,186.56,184.86,187.2,182.37,68982300
3517,TSLA,2024-06-20,184.68,181.57,185.21,179.66,55893100
3518,TSLA,2024-06-21,182.3,183.01,183.95,180.69,63029500
3519,TSLA,2024-06-24,184.97,182.58,188.8,182.55,61992100
3520,TSLA,2024-06-25,184.4,187.35,187.97,182.01,63678300
3521,TSLA,2024-06-26,186.54,196.37,197.76,186.36,95737100
3522,TSLA,2024-06-27,195.17,197.42,198.72,194.05,72746500
3523,TSLA,2024-06-28,199.55,197.88,203.2,195.26,95438100
3524,TSLA,2024-07-01,201.02,209.86,213.23,200.85,135691400
3525,TSLA,2024-07-02,218.89,231.26,231.3,218.06,205047900
3526,TSLA,2024-07-03,234.56,246.39,248.35,234.25,166561500
3527,TSLA,2024-07-05,249.81,251.52,252.37,242.46,154501200
3528,TSLA,2024-07-08,247.71,252.94,259.44,244.57,157219600
3529,TSLA,2024-07-09,251.0,262.33,265.61,250.3,160210900
3530,TSLA,2024-07-10,262.8,263.26,267.59,257.86,128519400
3531,TSLA,2024-07-11,263.3,241.03,271.0,239.65,221707300
3532,TSLA,2024-07-12,235.8,248.23,251.84,233.09,155955800
3533,TSLA,2024-07-15,255.97,252.64,265.6,251.73,146912900
3534,TSLA,2024-07-16,255.31,256.56,258.62,245.8,126332500
3535,TSLA,2024-07-17,252.73,248.5,258.47,246.18,115584800
3536,TSLA,2024-07-18,251.09,249.23,257.14,247.2,110869000
3537,TSLA,2024-07-19,247.79,239.2,249.44,236.83,87403900
3538,TSLA,2024-07-22,244.21,251.51,253.21,243.75,101225400
3539,TSLA,2024-07-23,253.6,246.38,255.76,245.63,111928200
3540,TSLA,2024-07-24,225.42,215.99,225.99,214.71,167942900
3541,TSLA,2024-07-25,216.8,220.25,226.0,216.23,100636500
3542,TSLA,2024-07-26,221.19,219.8,222.28,215.33,94604100
3543,TSLA,2024-07-29,224.9,232.1,234.27,224.7,129201800
3544,TSLA,2024-07-30,232.25,222.62,232.41,220.0,100560300
3545,TSLA,2024-07-31,227.9,232.07,234.68,226.79,67497000
3546,TSLA,2024-08-01,227.69,216.86,231.87,214.33,83861900
3547,TSLA,2024-08-02,214.88,207.67,216.13,205.78,82880100
3548,TSLA,2024-08-05,185.22,198.88,203.88,182.0,100308800
3549,TSLA,2024-08-06,200.75,200.64,202.9,192.67,73783900
3550,TSLA,2024-08-07,200.77,191.76,203.49,191.48,71159800
3551,TSLA,2024-08-08,195.7,198.84,200.7,192.04,65033900
3552,TSLA,2024-08-09,197.05,200.0,200.88,195.11,58648300
3553,TSLA,2024-08-12,199.02,197.49,199.26,194.67,64044900
3554,TSLA,2024-08-13,198.47,207.83,208.49,197.06,76247400
3555,TSLA,2024-08-14,207.39,201.38,208.44,198.75,70250000
3556,TSLA,2024-08-15,205.02,214.14,215.88,204.82,89848500
3557,TSLA,2024-08-16,211.15,216.12,219.8,210.8,88765100
3558,TSLA,2024-08-19,217.07,222.72,222.98,214.09,76435200
3559,TSLA,2024-08-20,224.88,221.1,228.22,219.56,74001200
3560,TSLA,2024-08-21,222.67,223.27,224.66,218.86,70146000
3561,TSLA,2024-08-22,223.82,210.66,224.8,210.32,79514500
3562,TSLA,2024-08-23,214.46,220.32,221.48,214.21,81525200
3563,TSLA,2024-08-26,218.75,213.21,219.09,211.01,59301200
3564,TSLA,2024-08-27,213.25,209.21,215.66,206.94,62821400
3565,TSLA,2024-08-28,209.72,205.75,211.84,202.59,64116400
3566,TSLA,2024-08-29,209.8,206.28,214.89,205.97,62308800
3567,TSLA,2024-08-30,208.63,214.11,214.57,207.03,63370600
3568,TSLA,2024-09-03,215.26,210.6,219.9,209.64,76714200
3569,TSLA,2024-09-04,210.59,219.41,222.22,210.57,80651800
3570,TSLA,2024-09-05,223.49,230.17,235.0,222.25,119355000
3571,TSLA,2024-09-06,232.6,210.73,233.6,210.51,112177000
3572,TSLA,2024-09-09,216.2,216.27,219.87,213.67,67443500
3573,TSLA,2024-09-10,220.07,226.17,226.4,218.64,78891100
3574,TSLA,2024-09-11,224.55,228.13,228.47,216.8,83548600
3575,TSLA,2024-09-12,224.66,229.81,231.45,223.83,72020000
3576,TSLA,2024-09-13,228.0,230.29,232.67,226.32,59515100
3577,TSLA,2024-09-16,229.3,226.78,229.96,223.53,54323000
3578,TSLA,2024-09-17,229.45,227.87,234.57,226.55,66761600
3579,TSLA,2024-09-18,230.09,227.2,235.68,226.88,78010200
3580,TSLA,2024-09-19,234.0,243.92,244.24,232.13,102694600
3581,TSLA,2024-09-20,241.52,238.25,243.99,235.92,99879100
3582,TSLA,2024-09-23,242.61,250.0,250.0,241.92,86927200
3583,TSLA,2024-09-24,254.08,254.27,257.19,249.05,88491000
3584,TSLA,2024-09-25,252.54,257.02,257.05,252.28,65034300
3585,TSLA,2024-09-26,260.6,254.22,261.75,251.53,67142200
3586,TSLA,2024-09-27,257.38,260.46,260.7,254.12,70988100
3587,TSLA,2024-09-30,259.04,261.63,264.86,255.77,80705700
3588,TSLA,2024-10-01,262.67,258.02,263.98,248.53,87397600
3589,TSLA,2024-10-02,247.55,249.02,251.16,241.5,93983900
3590,TSLA,2024-10-03,244.48,240.66,249.79,237.81,80729200
3591,TSLA,2024-10-04,246.69,250.08,250.96,244.58,86573200
3592,TSLA,2024-10-07,249.0,240.83,249.83,240.7,68113300
3593,TSLA,2024-10-08,243.56,244.5,246.21,240.56,56303200
3594,TSLA,2024-10-09,243.82,241.05,247.43,239.51,66289500
3595,TSLA,2024-10-10,241.81,238.77,242.79,232.34,83087100
3596,TSLA,2024-10-11,220.13,217.8,223.34,214.38,142628900
3597,TSLA,2024-10-14,220.13,219.16,221.91,213.74,86291900
3598,TSLA,2024-10-15,220.01,219.57,224.26,217.12,62988800
3599,TSLA,2024-10-16,221.4,221.33,222.82,218.93,49632800
3600,TSLA,2024-10-17,221.59,220.89,222.08,217.9,50791800
3601,TSLA,2024-10-18,220.71,220.7,222.28,219.23,49611900
3602,TSLA,2024-10-21,218.9,218.85,220.48,215.73,47329000
3603,TSLA,2024-10-22,217.31,217.97,218.22,215.26,43268700
3604,TSLA,2024-10-23,217.13,213.65,218.72,212.11,80938900
3605,TSLA,2024-10-24,244.68,260.48,262.12,242.65,204491900
3606,TSLA,2024-10-25,256.01,269.19,269.49,255.32,161611900
3607,TSLA,2024-10-28,270.0,262.51,273.54,262.24,107653600
3608,TSLA,2024-10-29,264.51,259.52,264.98,255.51,80521800
3609,TSLA,2024-10-30,258.04,257.55,263.35,255.82,53993600
3610,TSLA,2024-10-31,257.99,249.85,259.75,249.25,66575300
3611,TSLA,2024-11-01,252.04,248.98,254.0,246.63,57544800
3612,TSLA,2024-11-04,244.56,242.84,248.9,238.88,68802400
3613,TSLA,2024-11-05,247.34,251.44,255.28,246.21,69282500
3614,TSLA,2024-11-06,284.67,288.53,289.59,275.62,165228700
3615,TSLA,2024-11-07,288.89,296.91,299.75,285.52,117309200
3616,TSLA,2024-11-08,299.14,321.22,328.71,297.66,204782800
3617,TSLA,2024-11-11,346.3,350.0,358.64,336.0,210521600
3618,TSLA,2024-11-12,342.74,328.49,345.84,323.31,155726000
3619,TSLA,2024-11-13,335.85,330.24,344.6,322.5,125405600
3620,TSLA,2024-11-14,327.69,311.18,329.98,310.37,120726100
3621,TSLA,2024-11-15,310.57,320.72,324.68,309.22,114440300
3622,TSLA,2024-11-18,340.73,338.74,348.55,330.01,126547500
3623,TSLA,2024-11-19,335.76,346.0,347.38,332.75,88852500
3624,TSLA,2024-11-20,345.0,342.03,346.6,334.3,66340700
3625,TSLA,2024-11-21,343.81,339.64,347.99,335.28,58011700
3626,TSLA,2024-11-22,341.09,352.56,361.53,337.7,89140700
3627,TSLA,2024-11-25,360.14,338.59,361.93,338.2,95890900
3628,TSLA,2024-11-26,341.0,338.23,346.96,335.66,62295900
3629,TSLA,2024-11-27,341.8,332.89,342.55,326.59,57896400
3630,TSLA,2024-11-29,336.08,345.16,345.45,334.65,37167600
3631,TSLA,2024-12-02,352.38,357.09,360.0,351.15,77986500
3632,TSLA,2024-12-03,351.8,351.42,355.69,348.2,58267200
3633,TSLA,2024-12-04,353.0,357.93,358.1,348.6,50810900
3634,TSLA,2024-12-05,359.87,369.49,375.43,359.5,81403600
3635,TSLA,2024-12-06,377.42,389.22,389.49,370.8,81455800
3636,TSLA,2024-12-09,397.61,389.79,404.8,378.01,96359200
3637,TSLA,2024-12-10,392.68,400.99,409.73,390.85,97563600
3638,TSLA,2024-12-11,409.7,424.77,424.88,402.38,104287600
3639,TSLA,2024-12-12,424.84,418.1,429.3,415.0,87752200
3640,TSLA,2024-12-13,420.0,436.23,436.3,415.71,89000200
3641,TSLA,2024-12-16,441.09,463.02,463.19,436.15,114083800
3642,TSLA,2024-12-17,475.9,479.86,483.99,457.51,131223000
3643,TSLA,2024-12-18,466.5,440.13,488.54,427.01,149340800
3644,TSLA,2024-12-19,451.88,436.17,456.36,420.02,118566100
3645,TSLA,2024-12-20,425.51,421.06,447.08,417.64,132216200
3646,TSLA,2024-12-23,431.0,430.6,434.51,415.41,72698100
3647,TSLA,2024-12-24,435.9,462.28,462.78,435.14,59551800
3648,TSLA,2024-12-26,465.16,454.13,465.33,451.02,76366400
3649,TSLA,2024-12-27,449.52,431.66,450.0,426.5,82666800
3650,TSLA,2024-12-30,419.4,417.41,427.0,415.75,64941000
3651,TSLA,2024-12-31,423.79,403.84,427.93,402.54,76825100
3652,TSLA,2025-01-02,390.1,379.28,392.73,373.04,109710700
3653,TSLA,2025-01-03,381.48,410.44,411.88,379.45,95423300
3654,TSLA,2025-01-06,423.2,411.05,426.43,401.7,85516500
3655,TSLA,2025-01-07,405.83,394.36,414.33,390.0,75699500
3656,TSLA,2025-01-08,392.95,394.94,402.5,387.4,73038800
3657,TSLA,2025-01-10,391.4,394.74,399.28,377.29,62287300
3658,TSLA,2025-01-13,383.21,403.31,403.79,380.07,67580500
3659,TSLA,2025-01-14,414.34,396.36,422.64,394.54,84565000
3660,TSLA,2025-01-15,409.9,428.22,429.8,405.66,81375500
3661,TSLA,2025-01-16,423.49,413.82,424.0,409.13,68335200
3662,TSLA,2025-01-17,421.5,426.5,439.74,419.75,94991400
3663,TSLA,2025-01-21,432.64,424.07,433.2,406.31,87320900
3664,TSLA,2025-01-22,416.81,415.11,428.0,414.59,60963300
3665,TSLA,2025-01-23,416.06,412.38,420.73,408.95,50690600
3666,TSLA,2025-01-24,414.45,406.58,418.88,405.78,56427100
3667,TSLA,2025-01-27,394.8,397.15,406.69,389.0,58125500
3668,TSLA,2025-01-28,396.91,398.09,400.59,386.5,48910700
3669,TSLA,2025-01-29,395.21,389.1,398.59,384.48,68033600
3670,TSLA,2025-01-30,410.78,400.28,412.5,384.41,98092900
3671,TSLA,2025-01-31,401.53,404.6,419.99,401.34,83568200
3672,TSLA,2025-02-03,386.68,383.68,389.17,374.36,93732100
3673,TSLA,2025-02-04,382.63,392.21,394.0,381.4,57072200
3674,TSLA,2025-02-05,387.51,378.17,388.39,375.53,57223300
3675,TSLA,2025-02-06,373.03,374.32,375.4,363.18,77918200
3676,TSLA,2025-02-07,370.19,361.62,380.55,360.34,70298300
3677,TSLA,2025-02-10,356.21,350.73,362.7,350.51,77514900
3678,TSLA,2025-02-11,345.8,328.5,349.37,325.1,118543400
3679,TSLA,2025-02-12,329.94,336.51,346.4,329.12,105382700
3680,TSLA,2025-02-13,345.0,355.94,358.69,342.85,89441500
3681,TSLA,2025-02-14,360.62,355.84,362.0,347.5,68277300
3682,TSLA,2025-02-18,355.01,354.11,359.1,350.02,51631700
3683,TSLA,2025-02-19,354.0,360.56,367.34,353.67,67094400
3684,TSLA,2025-02-20,361.51,354.4,362.3,348.0,45965400
3685,TSLA,2025-02-21,353.44,337.8,354.98,334.42,74058600
3686,TSLA,2025-02-24,338.14,330.53,342.4,324.7,76052300
3687,TSLA,2025-02-25,327.02,302.8,328.89,297.25,134228800
3688,TSLA,2025-02-26,303.71,290.8,309.0,288.04,100118300
3689,TSLA,2025-02-27,291.16,281.95,297.23,280.88,101748200
3690,TSLA,2025-02-28,279.5,292.98,293.88,273.6,115697000
3691,TSLA,2025-03-03,300.34,284.65,303.94,277.3,115551400
3692,TSLA,2025-03-04,270.93,272.04,284.35,261.84,126706600
3693,TSLA,2025-03-05,272.92,279.1,279.55,267.71,94042900
3694,TSLA,2025-03-06,272.06,263.45,272.65,260.02,98451600
3695,TSLA,2025-03-07,259.32,262.67,266.25,250.73,102369600
3696,TSLA,2025-03-10,252.54,222.15,253.37,220.0,189076900
3697,TSLA,2025-03-11,225.31,230.58,237.06,217.02,174896400
3698,TSLA,2025-03-12,247.22,248.09,251.84,241.1,142215700
3699,TSLA,2025-03-13,248.13,240.68,248.29,232.6,114813500
3700,TSLA,2025-03-14,247.31,249.98,251.58,240.73,100242300
3701,TSLA,2025-03-17,245.06,238.01,245.4,232.8,111900600
3702,TSLA,2025-03-18,228.16,225.31,230.1,222.28,111477600
3703,TSLA,2025-03-19,231.61,235.86,241.41,229.2,111993800
3704,TSLA,2025-03-20,233.35,236.26,238.0,230.05,99028300
3705,TSLA,2025-03-21,234.99,248.71,249.52,234.55,132728700
3706,TSLA,2025-03-24,258.08,278.39,278.64,256.33,169079900
3707,TSLA,2025-03-25,283.6,288.14,288.2,271.28,150361500
3708,TSLA,2025-03-26,282.66,272.06,284.9,266.51,153629800
3709,TSLA,2025-03-27,272.48,273.13,291.85,271.82,162572100
3710,TSLA,2025-03-28,275.58,263.55,276.1,260.57,123809400
3711,TSLA,2025-03-31,249.31,259.16,260.56,243.36,134008900
3712,TSLA,2025-04-01,263.8,268.46,277.45,259.25,146486900
3713,TSLA,2025-04-02,254.6,282.76,284.99,251.27,212787800
3714,TSLA,2025-04-03,265.29,267.28,276.3,261.51,136174300
3715,TSLA,2025-04-04,255.38,239.43,261.0,236.0,181229400
3716,TSLA,2025-04-07,223.78,233.29,252.0,214.25,183453800
3717,TSLA,2025-04-08,245.0,221.86,250.44,217.8,171603500
3718,TSLA,2025-04-09,224.69,272.2,274.69,223.88,219433400
3719,TSLA,2025-04-10,260.0,252.4,262.49,239.33,181722600
3720,TSLA,2025-04-11,251.84,252.31,257.74,241.36,128948100
3721,TSLA,2025-04-14,258.36,252.35,261.8,245.93,100135200
3722,TSLA,2025-04-15,249.91,254.11,258.75,247.54,79594300
3723,TSLA,2025-04-16,247.61,241.55,251.97,233.89,112378700
3724,TSLA,2025-04-17,243.47,241.37,244.34,237.68,83404800
3725,TSLA,2025-04-21,230.26,227.5,232.21,222.79,97768000
3726,TSLA,2025-04-22,230.96,237.97,242.79,229.85,120858500
3727,TSLA,2025-04-23,254.86,250.74,259.45,244.43,150381900
3728,TSLA,2025-04-24,250.5,259.51,259.54,249.2,94464200
3729,TSLA,2025-04-25,261.69,284.95,286.85,259.63,167560700
3730,TSLA,2025-04-28,288.98,285.88,294.86,272.42,151731800
3731,TSLA,2025-04-29,285.5,292.03,293.32,279.47,108906600
3732,TSLA,2025-04-30,279.9,282.16,284.45,270.78,128961100
3733,TSLA,2025-05-01,280.01,280.52,290.87,279.81,99659000
3734,TSLA,2025-05-02,284.9,287.21,294.78,279.81,114454700
3735,TSLA,2025-05-05,284.57,280.26,284.85,274.4,94618900
3736,TSLA,2025-05-06,273.11,275.35,277.73,271.35,76715800
3737,TSLA,2025-05-07,276.88,276.22,277.92,271.0,71592600
3738,TSLA,2025-05-08,279.63,284.82,289.8,279.41,97539400
3739,TSLA,2025-05-09,290.21,298.26,307.04,290.0,132387800
3740,TSLA,2025-05-12,321.99,318.38,322.21,311.5,112826700
3741,TSLA,2025-05-13,320.0,334.07,337.59,316.8,136992600
3742,TSLA,2025-05-14,342.5,347.68,350.0,337.0,136997300
3743,TSLA,2025-05-15,340.34,342.82,346.14,334.72,97882600
3744,TSLA,2025-05-16,346.24,349.98,351.62,342.33,95895700
3745,TSLA,2025-05-19,336.3,342.09,343.0,333.37,88869900
3746,TSLA,2025-05-20,347.87,343.82,354.99,341.63,131715500
3747,TSLA,2025-05-21,344.43,334.62,347.35,332.2,102354800
3748,TSLA,2025-05-22,331.9,341.04,347.27,331.39,97113400
3749,TSLA,2025-05-23,337.92,339.34,343.18,333.21,84654800
3750,TSLA,2025-05-27,347.35,362.89,363.79,347.32,120146400
3751,TSLA,2025-05-28,364.84,356.9,365.0,355.91,91404300
3752,TSLA,2025-05-29,365.29,358.43,367.71,356.0,88545700
3753,TSLA,2025-05-30,355.52,346.46,363.68,345.29,123474900
3754,TSLA,2025-06-02,343.5,342.69,348.02,333.33,81873800
3755,TSLA,2025-06-03,346.6,344.27,355.4,343.04,99324500
3756,TSLA,2025-06-04,345.1,332.05,345.6,327.33,98912100
3757,TSLA,2025-06-05,322.49,284.7,324.55,273.21,287499800
3758,TSLA,2025-06-06,298.83,295.14,305.5,291.14,164747700
3759,TSLA,2025-06-09,285.96,308.58,309.83,281.85,140908900
3760,TSLA,2025-06-10,314.94,326.09,327.83,310.67,151256500
3761,TSLA,2025-06-11,334.4,326.43,335.5,322.5,122611400
3762,TSLA,2025-06-12,323.08,319.11,332.56,316.86,105127500
3763,TSLA,2025-06-13,313.97,325.31,332.99,313.3,128964300
3764,TSLA,2025-06-16,331.29,329.13,332.05,326.41,83925900
3765,TSLA,2025-06-17,326.09,316.35,327.26,314.74,88282700
3766,TSLA,2025-06-18,317.31,322.05,329.32,315.45,95137700
3767,TSLA,2025-06-20,327.95,322.16,332.36,317.78,108688000
3768,TSLA,2025-06-23,327.54,348.68,357.54,327.48,190716800
3769,TSLA,2025-06-24,356.17,340.47,356.26,340.44,114736200
3770,TSLA,2025-06-25,342.7,327.55,343.0,320.4,119845100
3771,TSLA,2025-06-26,324.61,325.78,331.05,323.61,80440900
3772,TSLA,2025-06-27,324.51,323.63,329.34,317.5,89067000
3773,TSLA,2025-06-30,319.9,317.66,325.58,316.6,76695100
3774,TSLA,2025-07-01,298.46,300.71,305.89,293.21,145085700
3775,TSLA,2025-07-02,312.63,315.65,316.83,303.82,119483700
3776,TSLA,2025-07-03,317.99,315.35,318.45,312.76,58042300
3777,TSLA,2025-07-07,291.37,293.94,296.15,288.77,131177900
3778,TSLA,2025-07-08,297.0,297.81,304.05,294.35,103246700
3779,TSLA,2025-07-09,297.55,295.88,300.15,293.55,75586800
3780,TSLA,2025-07-10,300.05,309.87,310.48,300.0,104365300
3781,TSLA,2025-07-11,307.89,313.51,314.09,305.65,79236400
3782,TSLA,2025-07-14,317.73,316.9,322.6,312.67,78043400
3783,TSLA,2025-07-15,319.68,310.78,321.2,310.5,77556300
3784,TSLA,2025-07-16,312.8,321.67,323.5,312.62,97284800
3785,TSLA,2025-07-17,323.15,319.41,324.34,317.06,73922900
3786,TSLA,2025-07-18,321.66,329.65,330.9,321.42,94255000
3787,TSLA,2025-07-21,334.4,328.49,338.0,326.88,75768800
3788,TSLA,2025-07-22,329.74,332.11,335.41,321.55,77370400
3789,TSLA,2025-07-23,330.9,332.56,336.2,328.67,92553800
3790,TSLA,2025-07-24,310.0,305.3,310.15,300.41,156966000
3791,TSLA,2025-07-25,308.74,316.06,323.63,308.01,148227000
3792,TSLA,2025-07-28,318.45,325.59,330.49,315.69,112673800
3793,TSLA,2025-07-29,325.55,321.2,326.25,318.25,87358900
3794,TSLA,2025-07-30,322.18,319.04,324.45,311.62,83931900
3795,TSLA,2025-07-31,319.61,308.27,321.37,306.1,85270900
3796,TSLA,2025-08-01,306.21,302.63,309.31,297.82,89121400
3797,TSLA,2025-08-04,309.08,309.26,312.12,303.0,78683900
3798,TSLA,2025-08-05,308.95,308.72,312.45,305.5,57961300
3799,TSLA,2025-08-06,307.89,319.91,320.47,306.93,78523600
3800,TSLA,2025-08-07,319.79,322.27,322.4,316.16,66658700
3801,TSLA,2025-08-08,321.43,329.65,335.15,320.98,91200300
3802,TSLA,2025-08-11,335.0,339.03,346.64,334.15,105320200
3803,TSLA,2025-08-12,345.0,340.84,345.26,332.94,80522100
3804,TSLA,2025-08-13,341.5,339.38,348.98,338.2,67838900
3805,TSLA,2025-08-14,335.76,335.58,340.47,330.4,75000700
3806,TSLA,2025-08-15,337.66,330.56,339.3,327.02,74319800
3807,TSLA,2025-08-18,329.62,335.16,336.27,329.59,56956600
3808,TSLA,2025-08-19,335.79,329.31,340.55,327.85,75956000
3809,TSLA,2025-08-20,329.22,323.9,331.37,314.6,77481800
3810,TSLA,2025-08-21,322.08,320.11,324.9,318.68,55744400
3811,TSLA,2025-08-22,321.66,340.01,340.25,319.69,94016300
3812,TSLA,2025-08-25,338.9,346.6,349.53,335.03,86670000
3813,TSLA,2025-08-26,344.93,351.67,351.9,343.72,76651600
3814,TSLA,2025-08-27,351.94,349.6,355.39,349.16,65519000
3815,TSLA,2025-08-28,350.91,345.98,353.55,340.26,67903200
3816,TSLA,2025-08-29,347.23,333.87,348.75,331.7,81145700
3817,TSLA,2025-09-02,328.23,329.36,333.33,325.6,58392000
3818,TSLA,2025-09-03,335.2,334.09,343.33,328.51,88733300
3819,TSLA,2025-09-04,336.15,338.53,338.89,331.48,60711000
3820,TSLA,2025-09-05,348.0,350.84,355.87,344.68,108989800
3821,TSLA,2025-09-08,354.64,346.4,358.44,344.84,75208300
3822,TSLA,2025-09-09,348.44,346.97,350.77,343.82,53816000
3823,TSLA,2025-09-10,350.55,347.79,356.33,346.07,72121700
3824,TSLA,2025-09-11,350.17,368.81,368.99,347.6,103756000
3825,TSLA,2025-09-12,370.94,395.94,396.69,370.24,168156400
3826,TSLA,2025-09-15,423.13,410.04,425.7,402.43,163823700
3827,TSLA,2025-09-16,414.5,421.62,423.25,411.43,104285700
3828,TSLA,2025-09-17,415.75,425.86,428.31,409.67,106133500
3829,TSLA,2025-09-18,428.87,416.85,432.22,416.56,90454500
3830,TSLA,2025-09-19,421.82,426.07,429.47,421.72,93131000
3831,TSLA,2025-09-22,431.11,434.21,444.98,429.13,97108800
3832,TSLA,2025-09-23,439.88,425.85,440.97,423.72,83422700
3833,TSLA,2025-09-24,429.83,442.79,444.21,429.03,93133600
3834,TSLA,2025-09-25,435.24,423.39,435.35,419.08,96746400
3835,TSLA,2025-09-26,428.3,440.4,440.47,421.02,101628200
3836,TSLA,2025-09-29,444.35,443.21,450.98,439.5,79491500
3837,TSLA,2025-09-30,441.52,444.72,445.0,433.12,74358000
3838,TSLA,2025-10-01,443.8,459.46,462.29,440.75,98122300
3839,TSLA,2025-10-02,470.54,436.0,470.75,435.57,137009000
3840,TSLA,2025-10-03,443.29,429.83,446.77,416.58,133188200
3841,TSLA,2025-10-06,440.75,453.25,453.55,436.69,85324900
3842,TSLA,2025-10-07,447.82,433.09,452.68,432.45,102296100
3843,TSLA,2025-10-08,437.57,438.69,441.33,425.23,71192100
3844,TSLA,2025-10-09,431.81,435.54,436.35,426.18,69339900
3845,TSLA,2025-10-10,436.54,413.49,443.13,411.45,112107900
3846,TSLA,2025-10-13,423.53,435.9,436.89,419.7,79552800
3847,TSLA,2025-10-14,426.79,429.24,434.2,417.86,72669400
3848,TSLA,2025-10-15,434.9,435.15,440.51,426.33,71558200
3849,TSLA,2025-10-16,434.73,428.75,439.35,421.31,77189900
3850,TSLA,2025-10-17,425.5,439.31,441.46,423.6,89331600
3851,TSLA,2025-10-20,443.87,447.43,449.8,440.61,63719000
3852,TSLA,2025-10-21,445.76,442.6,449.3,442.05,54412200
3853,TSLA,2025-10-22,443.45,438.97,445.54,429.0,84023500
3854,TSLA,2025-10-23,420.0,448.98,449.4,413.9,126709800
3855,TSLA,2025-10-24,446.83,433.72,451.68,430.17,94727800
3856,TSLA,2025-10-27,439.98,452.42,460.16,438.69,105867500
3857,TSLA,2025-10-28,454.78,460.55,467.0,451.6,80185700
3858,TSLA,2025-10-29,462.5,461.51,465.7,452.65,67983500
3859,TSLA,2025-10-30,451.05,440.1,455.06,439.61,72447900
3860,TSLA,2025-10-31,446.75,456.56,458.0,443.69,83135800
3861,TSLA,2025-11-03,455.99,468.37,474.07,453.8,84595200
3862,TSLA,2025-11-04,454.46,444.26,460.22,443.6,87756600
3863,TSLA,2025-11-05,452.05,462.07,466.33,440.71,85573000
3864,TSLA,2025-11-06,461.96,445.91,467.45,435.09,109622900
3865,TSLA,2025-11-07,437.92,429.52,439.36,421.88,103471500
3866,TSLA,2025-11-10,439.6,445.23,449.67,433.36,76515900
3867,TSLA,2025-11-11,439.4,439.62,442.49,432.36,60533200
3868,TSLA,2025-11-12,442.15,430.6,442.33,426.56,58513500
3869,TSLA,2025-11-13,423.13,401.99,424.5,396.34,118948000
3870,TSLA,2025-11-14,386.3,404.35,412.19,382.78,105506700
3871,TSLA,2025-11-17,398.74,408.92,423.96,398.74,102214300
3872,TSLA,2025-11-18,405.38,401.25,408.9,393.71,80688600
3873,TSLA,2025-11-19,406.18,403.99,411.78,398.5,72047700
3874,TSLA,2025-11-20,414.63,395.23,428.94,394.74,113548800
3875,TSLA,2025-11-21,402.32,391.09,402.8,383.76,100460600
3876,TSLA,2025-11-24,402.17,417.78,421.72,401.09,96806400
3877,TSLA,2025-11-25,414.42,419.4,420.48,405.95,71915600
3878,TSLA,2025-11-26,423.95,426.58,426.94,416.89,63463000
3879,TSLA,2025-11-28,426.59,430.17,432.93,426.2,36252900
3880,TSLA,2025-12-01,425.32,430.14,433.66,425.29,57463600
3881,TSLA,2025-12-02,430.81,429.24,436.8,422.12,69336600
3882,TSLA,2025-12-03,432.1,446.74,447.92,431.11,87483000
3883,TSLA,2025-12-04,449.94,454.53,454.63,445.39,71906500
3884,TSLA,2025-12-05,453.03,455.0,458.87,451.66,56427500
3885,TSLA,2025-12-08,447.45,439.58,449.75,435.25,69165800
3886,TSLA,2025-12-09,437.54,445.17,452.39,435.7,62367400
3887,TSLA,2025-12-10,446.07,451.45,456.88,443.61,63257500
3888,TSLA,2025-12-11,448.95,446.89,449.27,440.33,55979500
3889,TSLA,2025-12-12,448.09,458.96,463.01,441.67,95656700
3890,TSLA,2025-12-15,469.44,475.31,481.77,467.66,114542200
3891,TSLA,2025-12-16,472.21,489.88,491.5,465.83,107608100
3892,TSLA,2025-12-17,488.22,467.26,495.28,466.2,106490400
3893,TSLA,2025-12-18,478.16,483.37,490.86,473.12,95168400
3894,TSLA,2025-12-19,488.12,481.2,490.49,474.72,103305400
3895,TSLA,2025-12-22,489.88,488.73,498.83,485.33,86916100
3896,TSLA,2025-12-23,489.4,485.56,491.97,482.84,58223600
3897,TSLA,2025-12-24,488.48,485.4,490.9,476.8,41285400
3898,TSLA,2025-12-26,485.23,475.19,489.09,473.82,58780700
3899,TSLA,2025-12-29,469.0,459.64,469.4,459.0,66263000
3900,TSLA,2025-12-30,461.09,454.43,463.12,453.83,59238500
3901,TSLA,2025-12-31,456.1,449.72,456.55,449.3,49078000
3902,TSLA,2026-01-02,457.8,438.07,458.34,435.3,85535400
3903,TSLA,2026-01-05,447.99,451.67,457.55,444.57,67940800
3904,TSLA,2026-01-06,446.38,432.96,448.25,428.78,89093800
3905,TSLA,2026-01-07,435.9,431.41,438.37,431.29,59828800
3906,TSLA,2026-01-08,427.89,435.8,436.89,424.37,57041100
3907,TSLA,2026-01-09,435.95,445.01,449.05,430.39,67331500
3908,TSLA,2026-01-12,441.23,448.96,454.3,438.0,61649600
3909,TSLA,2026-01-13,450.2,447.2,451.81,443.95,53719200
3910,TSLA,2026-01-14,442.81,439.2,443.91,434.22,57259500
3911,TSLA,2026-01-15,441.13,438.57,445.36,437.65,49465800
3912,TSLA,2026-01-16,439.5,437.5,447.25,435.26,60220600
3913,TSLA,2026-01-20,429.36,419.25,430.73,417.44,63187300
3914,TSLA,2026-01-21,421.66,431.44,438.2,419.62,68124000
3915,TSLA,2026-01-22,435.16,449.36,449.5,432.63,71546700
3916,TSLA,2026-01-23,447.43,449.06,452.43,444.04,56771400
3917,TSLA,2026-01-26,445.0,435.2,445.04,434.28,49397400
3918,TSLA,2026-01-27,437.41,430.9,437.52,430.69,37733100
3919,TSLA,2026-01-28,431.91,431.46,438.26,430.1,54857400
3920,TSLA,2026-01-29,437.8,416.56,440.23,414.62,81686100
3921,TSLA,2026-01-30,425.35,430.41,439.88,422.7,82626100
3922,TSLA,2026-02-02,421.29,421.81,427.15,414.5,58739500
3923,TSLA,2026-02-03,424.27,421.96,428.56,413.69,56886500
3924,TSLA,2026-02-04,420.46,406.01,423.9,399.18,74606900
3925,TSLA,2026-02-05,397.02,397.21,402.1,387.53,72819800
3926,TSLA,2026-02-06,400.87,411.11,414.55,397.75,62677100
3927,TSLA,2026-02-09,409.91,417.32,421.25,407.29,54484300
3928,TSLA,2026-02-10,418.08,425.21,427.25,417.0,64450200
3929,TSLA,2026-02-11,427.96,428.27,436.35,420.03,57362000
3930,TSLA,2026-02-12,430.3,417.07,436.23,414.0,61933400
3931,TSLA,2026-02-13,414.31,417.44,424.06,410.88,51434100
3932,TSLA,2026-02-17,412.36,410.63,413.72,400.51,59678800
3933,TSLA,2026-02-18,411.11,411.32,416.9,409.58,45921400
3934,TSLA,2026-02-19,407.25,411.71,415.25,404.11,51019600
3935,TSLA,2026-02-20,408.3,411.82,414.7,405.5,57912200
3936,TSLA,2026-02-23,407.29,399.83,407.7,394.04,69680000
3937,TSLA,2026-02-24,399.5,409.38,410.82,397.64,58579500
3938,TSLA,2026-02-25,412.15,417.4,420.34,412.15,54809700
3939,TSLA,2026-02-26,414.42,408.58,416.81,403.66,53602500
3940,TSLA,2026-02-27,402.94,402.51,407.12,398.11,56890100
3941,TSLA,2026-03-02,390.6,403.32,404.54,388.25,55088300
3942,TSLA,2026-03-03,395.09,392.43,396.34,385.39,62617300
3943,TSLA,2026-03-04,397.85,405.94,408.33,394.58,68305500
3944,TSLA,2026-03-05,401.57,405.55,408.62,399.42,51925900
3945,TSLA,2026-03-06,398.09,396.73,402.35,394.21,64054600
3946,TSLA,2026-03-09,390.05,398.68,401.59,381.4,67018900
3947,TSLA,2026-03-10,402.22,399.24,406.59,398.19,59258700
3948,TSLA,2026-03-11,402.28,407.82,416.38,402.15,62559900
3949,TSLA,2026-03-12,405.18,395.01,406.5,394.65,60973800
3950,TSLA,2026-03-13,399.17,391.2,400.2,389.95,58504100
3951,TSLA,2026-03-16,396.22,395.56,403.73,394.42,58068300
3952,TSLA,2026-03-17,395.69,399.27,400.12,393.0,46890500
3953,TSLA,2026-03-18,399.0,392.78,403.07,392.31,50853100
3954,TSLA,2026-03-19,387.27,380.3,387.27,378.73,67078300
3955,TSLA,2026-03-20,379.85,367.96,379.89,364.46,78628600
3956,TSLA,2026-03-23,373.09,380.85,385.33,372.73,74606000
3957,TSLA,2026-03-24,376.56,383.03,387.48,376.31,60004900
3958,TSLA,2026-03-25,389.99,385.95,396.23,385.01,55157300
3959,TSLA,2026-03-26,381.6,372.11,384.44,371.87,55522900
3960,TSLA,2026-03-27,369.69,361.83,369.86,359.47,62065700
3961,TSLA,2026-03-30,365.86,355.28,367.29,352.14,67954400
3962,TSLA,2026-03-31,361.51,371.75,373.33,361.0,75534900
3963,TSLA,2026-04-01,378.63,381.26,383.14,374.08,58683800
3964,TSLA,2026-04-02,364.2,360.59,370.28,359.03,83031200
3965,TSLA,2026-04-06,362.59,352.82,367.72,346.64,77697600
3966,TSLA,2026-04-07,346.44,346.65,348.02,337.24,74515400
3967,TSLA,2026-04-08,363.79,343.25,364.5,339.67,78838600
3968,TSLA,2026-04-09,343.15,345.62,348.88,337.25,62164000
3969,TSLA,2026-04-10,346.29,348.95,350.36,342.74,51045600
