date,open,high,low,close
2023-06-06 09:30:00-04:00,179.96499633789062,180.1199951171875,177.42999267578125,178.94000244140625
2023-06-06 10:30:00-04:00,178.9499969482422,179.21229553222656,177.6649932861328,177.7899932861328
2023-06-06 11:30:00-04:00,177.7949981689453,179.11000061035156,177.75010681152344,178.69000244140625
2023-06-06 12:30:00-04:00,178.68499755859375,178.7899932861328,178.02999877929688,178.71499633789062
2023-06-06 13:30:00-04:00,178.718505859375,179.39999389648438,178.6103973388672,179.32000732421875
2023-06-06 14:30:00-04:00,179.3249969482422,179.6999969482422,179.1300048828125,179.41000366210938
2023-06-06 15:30:00-04:00,179.4199981689453,179.55990600585938,179.0500030517578,179.16000366210938
2023-06-07 09:30:00-04:00,178.44000244140625,181.2100067138672,178.22000122070312,179.27999877929688
2023-06-07 10:30:00-04:00,179.27999877929688,179.52000427246094,178.49000549316406,178.97500610351562
2023-06-07 11:30:00-04:00,178.97500610351562,179.61000061035156,178.17999267578125,178.3699951171875
2023-06-07 12:30:00-04:00,178.3699951171875,178.72000122070312,177.61000061035156,177.69000244140625
2023-06-07 13:30:00-04:00,177.6999969482422,178.28500366210938,177.32000732421875,178.02999877929688
2023-06-07 14:30:00-04:00,178.02999877929688,178.5,177.60000610351562,178.06500244140625
2023-06-07 15:30:00-04:00,178.05999755859375,178.1999969482422,177.4239044189453,177.82000732421875
2023-06-08 09:30:00-04:00,177.89500427246094,178.75,177.4600067138672,178.47000122070312
2023-06-08 10:30:00-04:00,178.49000549316406,179.42999267578125,178.38999938964844,179.23910522460938
2023-06-08 11:30:00-04:00,179.23939514160156,180.0,179.13999938964844,179.9698944091797
2023-06-08 12:30:00-04:00,179.9600067138672,179.97000122070312,179.39999389648438,179.47000122070312
2023-06-08 13:30:00-04:00,179.46499633789062,179.97999572753906,179.00999450683594,179.94500732421875
2023-06-08 14:30:00-04:00,179.9499969482422,180.2899932861328,179.72999572753906,180.2550048828125
2023-06-08 15:30:00-04:00,180.25,180.83999633789062,180.2100067138672,180.5399932861328
2023-06-09 09:30:00-04:00,181.5,182.19000244140625,181.24000549316406,181.9199981689453
2023-06-09 10:30:00-04:00,181.9199981689453,182.10000610351562,180.97999572753906,181.22999572753906
2023-06-09 11:30:00-04:00,181.22500610351562,181.5301055908203,180.6300048828125,181.16000366210938
2023-06-09 12:30:00-04:00,181.1699981689453,181.6999969482422,180.94000244140625,181.66000366210938
2023-06-09 13:30:00-04:00,181.6699981689453,182.22999572753906,181.60000610351562,182.00990295410156
2023-06-09 14:30:00-04:00,182.00999450683594,182.08999633789062,181.30999755859375,181.49000549316406
2023-06-09 15:30:00-04:00,181.47999572753906,181.52999877929688,180.72999572753906,181.0399932861328
2023-06-12 09:30:00-04:00,181.5,182.0399932861328,180.97000122070312,181.60000610351562
2023-06-12 10:30:00-04:00,181.60000610351562,182.11000061035156,181.4300994873047,182.01499938964844
2023-06-12 11:30:00-04:00,182.02000427246094,182.52999877929688,182.02000427246094,182.27499389648438
2023-06-12 12:30:00-04:00,182.28500366210938,182.66000366210938,182.2729949951172,182.5399932861328
2023-06-12 13:30:00-04:00,182.53990173339844,182.80999755859375,182.4199981689453,182.7100067138672
2023-06-12 14:30:00-04:00,182.71499633789062,183.47999572753906,182.6999969482422,183.3090057373047
2023-06-12 15:30:00-04:00,183.3000030517578,183.88999938964844,183.19000244140625,183.83999633789062
2023-06-13 09:30:00-04:00,183.19000244140625,184.14999389648438,182.6199951171875,182.75999450683594
2023-06-13 10:30:00-04:00,182.77000427246094,183.75050354003906,182.4600067138672,183.39999389648438
2023-06-13 11:30:00-04:00,183.39999389648438,183.468994140625,182.96009826660156,183.1699981689453
2023-06-13 12:30:00-04:00,183.17999267578125,183.5500030517578,182.88499450683594,183.0207977294922
2023-06-13 13:30:00-04:00,183.02999877929688,183.13999938964844,182.72000122070312,182.83999633789062
2023-06-13 14:30:00-04:00,182.83999633789062,183.1300048828125,182.44000244140625,182.97999572753906
2023-06-13 15:30:00-04:00,182.97500610351562,183.3800048828125,182.9199981689453,183.30999755859375
2023-06-14 09:30:00-04:00,183.3699951171875,184.27999877929688,182.91000366210938,184.22500610351562
2023-06-14 10:30:00-04:00,184.22999572753906,184.38999938964844,183.52000427246094,184.2100067138672
2023-06-14 11:30:00-04:00,184.1999969482422,184.38999938964844,183.83999633789062,184.11500549316406
2023-06-14 12:30:00-04:00,184.11990356445312,184.16000366210938,183.50999450683594,183.72999572753906
2023-06-14 13:30:00-04:00,183.72999572753906,183.8800048828125,182.02000427246094,182.64999389648438
2023-06-14 14:30:00-04:00,182.64999389648438,184.2050018310547,182.4199981689453,183.50999450683594
2023-06-14 15:30:00-04:00,183.52000427246094,183.97000122070312,182.9499969482422,183.9600067138672
2023-06-15 09:30:00-04:00,183.9600067138672,185.83999633789062,183.77999877929688,185.83999633789062
2023-06-15 10:30:00-04:00,185.83999633789062,185.86000061035156,185.11000061035156,185.83999633789062
2023-06-15 11:30:00-04:00,185.8300018310547,185.95849609375,185.0800018310547,185.1999969482422
2023-06-15 12:30:00-04:00,185.1999969482422,185.3800048828125,184.5500030517578,185.08999633789062
2023-06-15 13:30:00-04:00,185.08999633789062,185.85000610351562,185.07000732421875,185.80499267578125
2023-06-15 14:30:00-04:00,185.80999755859375,186.52000427246094,185.69000244140625,186.17999267578125
2023-06-15 15:30:00-04:00,186.1750030517578,186.3699951171875,185.69000244140625,186.02000427246094
2023-06-16 09:30:00-04:00,186.72999572753906,186.99000549316406,184.9600067138672,185.908203125
2023-06-16 10:30:00-04:00,185.9001007080078,186.1300048828125,185.33999633789062,185.47999572753906
2023-06-16 11:30:00-04:00,185.47999572753906,185.8300018310547,185.3000030517578,185.7301025390625
2023-06-16 12:30:00-04:00,185.74000549316406,186.0299072265625,185.5666046142578,185.8000030517578
2023-06-16 13:30:00-04:00,185.80999755859375,185.89999389648438,185.1999969482422,185.30999755859375
2023-06-16 14:30:00-04:00,185.3000030517578,185.3000030517578,184.7100067138672,184.9149932861328
2023-06-16 15:30:00-04:00,184.9199981689453,185.35000610351562,184.27000427246094,185.02000427246094
2023-06-20 09:30:00-04:00,184.7899932861328,186.10000610351562,184.6999969482422,184.80999755859375
2023-06-20 10:30:00-04:00,184.82000732421875,185.36000061035156,184.50999450683594,185.0601043701172
2023-06-20 11:30:00-04:00,185.07000732421875,185.60000610351562,184.89999389648438,185.55499267578125
2023-06-20 12:30:00-04:00,185.5500030517578,186.08999633789062,185.49000549316406,185.92999267578125
2023-06-20 13:30:00-04:00,185.9199981689453,186.02999877929688,185.4149932861328,185.77000427246094
2023-06-20 14:30:00-04:00,185.77000427246094,185.84500122070312,185.1300048828125,185.33999633789062
2023-06-20 15:30:00-04:00,185.33999633789062,185.5,184.80999755859375,185.02000427246094
2023-06-21 09:30:00-04:00,184.89999389648438,185.41000366210938,183.8699951171875,184.1199951171875
2023-06-21 10:30:00-04:00,184.11000061035156,184.13999938964844,182.59010314941406,183.13999938964844
2023-06-21 11:30:00-04:00,183.1300048828125,184.0800018310547,183.0850067138672,184.06500244140625
2023-06-21 12:30:00-04:00,184.07000732421875,184.33999633789062,183.8699951171875,184.1300048828125
2023-06-21 13:30:00-04:00,184.1103057861328,185.11000061035156,184.11000061035156,185.10000610351562
2023-06-21 14:30:00-04:00,185.10000610351562,185.19920349121094,184.3699951171875,184.5050048828125
2023-06-21 15:30:00-04:00,184.5,184.5399932861328,183.7899932861328,183.9600067138672
2023-06-22 09:30:00-04:00,183.74000549316406,185.8800048828125,183.6699981689453,185.77000427246094
2023-06-22 10:30:00-04:00,185.77000427246094,186.6699981689453,185.41000366210938,186.25
2023-06-22 11:30:00-04:00,186.24000549316406,186.72999572753906,185.73199462890625,186.07000732421875
2023-06-22 12:30:00-04:00,186.07000732421875,186.24000549316406,185.60000610351562,185.75
2023-06-22 13:30:00-04:00,185.75,186.57000732421875,185.610595703125,186.4250030517578
2023-06-22 14:30:00-04:00,186.4250030517578,186.72999572753906,186.2100067138672,186.4149932861328
2023-06-22 15:30:00-04:00,186.4199981689453,187.0449981689453,186.283203125,186.97000122070312
2023-06-23 09:30:00-04:00,185.5500030517578,186.17999267578125,185.00999450683594,185.8300018310547
2023-06-23 10:30:00-04:00,185.82000732421875,186.38999938964844,185.66000366210938,186.0800018310547
2023-06-23 11:30:00-04:00,186.08619689941406,187.10000610351562,185.94000244140625,186.94000244140625
2023-06-23 12:30:00-04:00,186.94000244140625,187.47000122070312,186.80999755859375,187.33700561523438
2023-06-23 13:30:00-04:00,187.3300018310547,187.55999755859375,187.10499572753906,187.24000549316406
2023-06-23 14:30:00-04:00,187.22999572753906,187.27000427246094,186.3800048828125,186.81500244140625
2023-06-23 15:30:00-04:00,186.8300018310547,187.25,186.50999450683594,186.69000244140625
2023-06-26 09:30:00-04:00,186.8300018310547,188.0500030517578,186.33999633789062,187.7498016357422
2023-06-26 10:30:00-04:00,187.75,187.83999633789062,186.41000366210938,186.52999877929688
2023-06-26 11:30:00-04:00,186.52999877929688,187.0500030517578,185.97000122070312,186.25
2023-06-26 12:30:00-04:00,186.24000549316406,186.3800048828125,185.61000061035156,185.98500061035156
2023-06-26 13:30:00-04:00,186.0,186.1699981689453,185.7200927734375,185.99000549316406
2023-06-26 14:30:00-04:00,185.97999572753906,186.41000366210938,185.92999267578125,186.0749969482422
2023-06-26 15:30:00-04:00,186.07000732421875,186.1800994873047,185.22999572753906,185.3000030517578
2023-06-27 09:30:00-04:00,185.88999938964844,187.04420471191406,185.6699981689453,186.85000610351562
2023-06-27 10:30:00-04:00,186.83999633789062,186.9600067138672,186.0500030517578,186.9499969482422
2023-06-27 11:30:00-04:00,186.9600067138672,187.5,186.7899932861328,187.47999572753906
2023-06-27 12:30:00-04:00,187.47000122070312,187.93670654296875,187.45010375976562,187.78500366210938
2023-06-27 13:30:00-04:00,187.7899932861328,188.24000549316406,187.7899932861328,188.19500732421875
2023-06-27 14:30:00-04:00,188.1999969482422,188.38999938964844,188.00999450683594,188.30499267578125
2023-06-27 15:30:00-04:00,188.30499267578125,188.35499572753906,187.9600067138672,188.0399932861328
2023-06-28 09:30:00-04:00,187.92999267578125,188.6300048828125,187.60000610351562,188.4199981689453
2023-06-28 10:30:00-04:00,188.4199981689453,189.42970275878906,188.26499938964844,189.01499938964844
2023-06-28 11:30:00-04:00,189.02000427246094,189.89999389648438,188.9600067138672,189.30499267578125
2023-06-28 12:30:00-04:00,189.30499267578125,189.30499267578125,188.28500366210938,189.07000732421875
2023-06-28 13:30:00-04:00,189.0800018310547,189.52999877929688,188.80999755859375,189.36500549316406
2023-06-28 14:30:00-04:00,189.3699951171875,189.4499969482422,188.36500549316406,189.02000427246094
2023-06-28 15:30:00-04:00,189.00999450683594,189.2899932861328,188.6199951171875,189.27999877929688
2023-06-29 09:30:00-04:00,189.0800018310547,190.07000732421875,189.0500030517578,189.47000122070312
2023-06-29 10:30:00-04:00,189.4600067138672,189.89999389648438,188.94000244140625,189.88999938964844
2023-06-29 11:30:00-04:00,189.88999938964844,189.91000366210938,189.2100067138672,189.6750030517578
2023-06-29 12:30:00-04:00,189.6699981689453,189.72000122070312,189.11000061035156,189.49000549316406
2023-06-29 13:30:00-04:00,189.49000549316406,189.72999572753906,189.17999267578125,189.65060424804688
2023-06-29 14:30:00-04:00,189.66000366210938,189.7899932861328,189.32000732421875,189.47760009765625
2023-06-29 15:30:00-04:00,189.47000122070312,189.6199951171875,189.1699981689453,189.58999633789062
2023-06-30 09:30:00-04:00,191.6300048828125,193.14999389648438,191.25999450683594,192.69000244140625
2023-06-30 10:30:00-04:00,192.68499755859375,192.86000061035156,192.3350067138672,192.38499450683594
2023-06-30 11:30:00-04:00,192.38499450683594,192.64999389648438,191.97999572753906,192.58999633789062
2023-06-30 12:30:00-04:00,192.5850067138672,192.98500061035156,192.5,192.9250030517578
2023-06-30 13:30:00-04:00,192.92970275878906,193.18499755859375,192.81500244140625,193.02499389648438
2023-06-30 14:30:00-04:00,193.02999877929688,193.53990173339844,192.88999938964844,193.49000549316406
2023-06-30 15:30:00-04:00,193.49000549316406,194.47999572753906,193.27999877929688,193.8000030517578
2023-07-03 09:30:00-04:00,193.77999877929688,193.8800048828125,192.8000030517578,192.9149932861328
2023-07-03 10:30:00-04:00,192.9149932861328,192.92999267578125,191.75999450683594,192.35499572753906
2023-07-03 11:30:00-04:00,192.36000061035156,192.5,192.0399932861328,192.11500549316406
2023-07-05 09:30:00-04:00,191.9499969482422,192.97999572753906,191.89999389648438,192.35000610351562
2023-07-05 10:30:00-04:00,192.35000610351562,192.73989868164062,191.38999938964844,191.43499755859375
2023-07-05 11:30:00-04:00,191.44000244140625,191.66000366210938,190.6779022216797,191.1416015625
2023-07-05 12:30:00-04:00,191.14999389648438,191.30499267578125,190.8699951171875,190.99000549316406
2023-07-05 13:30:00-04:00,190.98500061035156,191.10499572753906,190.6199951171875,190.9499969482422
2023-07-05 14:30:00-04:00,190.9499969482422,191.44000244140625,190.91000366210938,191.35499572753906
2023-07-05 15:30:00-04:00,191.36000061035156,191.48989868164062,191.23500061035156,191.32000732421875
2023-07-06 09:30:00-04:00,189.83999633789062,190.4600067138672,189.1999969482422,189.94000244140625
2023-07-06 10:30:00-04:00,189.94000244140625,190.25999450683594,189.5,190.1699981689453
2023-07-06 11:30:00-04:00,190.16009521484375,191.00999450683594,190.16000366210938,190.93499755859375
2023-07-06 12:30:00-04:00,190.93499755859375,191.22999572753906,190.8800048828125,191.11000061035156
2023-07-06 13:30:00-04:00,191.10989379882812,191.44000244140625,190.74000549316406,191.02999877929688
2023-07-06 14:30:00-04:00,191.02000427246094,191.68499755859375,190.99000549316406,191.63999938964844
2023-07-06 15:30:00-04:00,191.64999389648438,192.02000427246094,191.47000122070312,191.77999877929688
2023-07-07 09:30:00-04:00,191.41000366210938,191.72000122070312,190.6199951171875,190.6199951171875
2023-07-07 10:30:00-04:00,190.6199951171875,191.2899932861328,190.24000549316406,191.20950317382812
2023-07-07 11:30:00-04:00,191.2100067138672,192.25,191.18499755859375,192.12989807128906
2023-07-07 12:30:00-04:00,192.125,192.58999633789062,192.1199951171875,192.55999755859375
2023-07-07 13:30:00-04:00,192.55999755859375,192.6699981689453,192.16000366210938,192.39999389648438
2023-07-07 14:30:00-04:00,192.40499877929688,192.49000549316406,191.74000549316406,191.75
2023-07-07 15:30:00-04:00,191.74000549316406,191.92999267578125,190.60000610351562,190.7100067138672
2023-07-10 09:30:00-04:00,189.25999450683594,189.99000549316406,187.14999389648438,188.95989990234375
2023-07-10 10:30:00-04:00,188.94009399414062,189.04550170898438,187.63999938964844,187.86000061035156
2023-07-10 11:30:00-04:00,187.86000061035156,188.45140075683594,187.03500366210938,187.56199645996094
2023-07-10 12:30:00-04:00,187.5500030517578,188.35000610351562,187.5,188.08999633789062
2023-07-10 13:30:00-04:00,188.10000610351562,188.6999969482422,187.9199981689453,188.61500549316406
2023-07-10 14:30:00-04:00,188.61000061035156,188.64999389648438,188.10000610351562,188.3000030517578
2023-07-10 15:30:00-04:00,188.2899932861328,188.7899932861328,188.24000549316406,188.6300048828125
2023-07-11 09:30:00-04:00,189.16000366210938,189.3000030517578,187.4499969482422,188.11000061035156
2023-07-11 10:30:00-04:00,188.09500122070312,188.5601043701172,187.65499877929688,187.71499633789062
2023-07-11 11:30:00-04:00,187.7156982421875,188.3800048828125,187.25999450683594,187.61500549316406
2023-07-11 12:30:00-04:00,187.6199951171875,187.78689575195312,187.33999633789062,187.41000366210938
2023-07-11 13:30:00-04:00,187.406005859375,187.5478057861328,186.70010375976562,186.88099670410156
2023-07-11 14:30:00-04:00,186.88499450683594,187.39500427246094,186.60000610351562,187.13720703125
2023-07-11 15:30:00-04:00,187.1300048828125,188.27000427246094,186.97000122070312,188.05050659179688
2023-07-12 09:30:00-04:00,189.67999267578125,191.6999969482422,189.4499969482422,190.35000610351562
2023-07-12 10:30:00-04:00,190.35000610351562,190.66000366210938,189.22000122070312,189.52999877929688
2023-07-12 11:30:00-04:00,189.52999877929688,189.69500732421875,188.47000122070312,189.15499877929688
2023-07-12 12:30:00-04:00,189.15499877929688,189.9600067138672,189.10000610351562,189.86000061035156
2023-07-12 13:30:00-04:00,189.85989379882812,190.38999938964844,189.75,190.33999633789062
2023-07-12 14:30:00-04:00,190.3300018310547,190.40269470214844,189.6999969482422,189.86000061035156
2023-07-12 15:30:00-04:00,189.8699951171875,190.02000427246094,189.57000732421875,189.80999755859375
2023-07-13 09:30:00-04:00,190.5,191.09500122070312,189.77999877929688,189.97999572753906
2023-07-13 10:30:00-04:00,189.98500061035156,190.77499389648438,189.9600067138672,190.1699981689453
2023-07-13 11:30:00-04:00,190.1750030517578,190.77000427246094,190.0399932861328,190.6750030517578
2023-07-13 12:30:00-04:00,190.6699981689453,190.84500122070312,190.3300018310547,190.6649932861328
2023-07-13 13:30:00-04:00,190.6649932861328,190.8791961669922,190.52999877929688,190.5800018310547
2023-07-13 14:30:00-04:00,190.58999633789062,191.19000244140625,190.5,190.89500427246094
2023-07-13 15:30:00-04:00,190.88999938964844,191.0800018310547,190.52999877929688,190.5399932861328
2023-07-14 09:30:00-04:00,190.22999572753906,191.17990112304688,190.10000610351562,190.85000610351562
2023-07-14 10:30:00-04:00,190.85000610351562,191.0399932861328,190.2949981689453,190.36000061035156
2023-07-14 11:30:00-04:00,190.36500549316406,190.6199951171875,189.88999938964844,189.9499969482422
2023-07-14 12:30:00-04:00,189.9499969482422,190.14999389648438,189.6300048828125,190.01499938964844
2023-07-14 13:30:00-04:00,190.01010131835938,190.56500244140625,189.95010375976562,190.19000244140625
2023-07-14 14:30:00-04:00,190.1999969482422,190.4199981689453,189.77999877929688,190.27499389648438
2023-07-14 15:30:00-04:00,190.27499389648438,190.74000549316406,190.16000366210938,190.72999572753906
2023-07-17 09:30:00-04:00,191.89999389648438,193.4499969482422,191.80999755859375,192.76499938964844
2023-07-17 10:30:00-04:00,192.76499938964844,193.13999938964844,192.7050018310547,193.0050048828125
2023-07-17 11:30:00-04:00,193.0,193.2899932861328,192.71499633789062,192.75
2023-07-17 12:30:00-04:00,192.74000549316406,193.08009338378906,192.39999389648438,193.0800018310547
2023-07-17 13:30:00-04:00,193.0800018310547,193.75999450683594,192.95289611816406,193.6649932861328
2023-07-17 14:30:00-04:00,193.6649932861328,194.32000732421875,193.5800018310547,194.14999389648438
2023-07-17 15:30:00-04:00,194.13999938964844,194.25,193.6999969482422,193.97999572753906
2023-07-18 09:30:00-04:00,193.35000610351562,193.5800018310547,192.7949981689453,192.98500061035156
2023-07-18 10:30:00-04:00,193.0,193.65499877929688,192.88999938964844,193.14500427246094
2023-07-18 11:30:00-04:00,193.14500427246094,193.25999450683594,192.57000732421875,192.7050018310547
2023-07-18 12:30:00-04:00,192.6999969482422,192.9398956298828,192.4149932861328,192.93499755859375
2023-07-18 13:30:00-04:00,192.94000244140625,193.7899932861328,192.89999389648438,193.75999450683594
2023-07-18 14:30:00-04:00,193.77000427246094,194.147705078125,193.53140258789062,193.94000244140625
2023-07-18 15:30:00-04:00,193.9199981689453,194.3300018310547,193.5399932861328,193.72999572753906
2023-07-19 09:30:00-04:00,193.10000610351562,193.5399932861328,192.64999389648438,192.77999877929688
2023-07-19 10:30:00-04:00,192.77999877929688,193.38999938964844,192.6999969482422,193.13099670410156
2023-07-19 11:30:00-04:00,193.1300048828125,198.22999572753906,193.10000610351562,195.11000061035156
2023-07-19 12:30:00-04:00,195.11000061035156,195.6999969482422,194.30999755859375,194.33999633789062
2023-07-19 13:30:00-04:00,194.33999633789062,194.9300994873047,194.06520080566406,194.64500427246094
2023-07-19 14:30:00-04:00,194.64999389648438,195.72000122070312,194.63999938964844,195.3800048828125
2023-07-19 15:30:00-04:00,195.3699951171875,195.4499969482422,194.92999267578125,195.0850067138672
2023-07-20 09:30:00-04:00,195.08999633789062,196.47000122070312,194.70199584960938,194.9080047607422
2023-07-20 10:30:00-04:00,194.90260314941406,194.96499633789062,193.95010375976562,194.60000610351562
2023-07-20 11:30:00-04:00,194.61000061035156,195.58990478515625,194.25999450683594,194.6199951171875
2023-07-20 12:30:00-04:00,194.5800018310547,194.97999572753906,193.8800048828125,194.25999450683594
2023-07-20 13:30:00-04:00,194.25,194.5500030517578,193.1199951171875,193.19009399414062
2023-07-20 14:30:00-04:00,193.19000244140625,193.49000549316406,192.4949951171875,192.5449981689453
2023-07-20 15:30:00-04:00,192.5449981689453,193.41000366210938,192.52000427246094,193.13999938964844
2023-07-21 09:30:00-04:00,194.10000610351562,194.97000122070312,192.8300018310547,192.8699951171875
2023-07-21 10:30:00-04:00,192.86129760742188,193.80999755859375,192.80999755859375,193.59500122070312
2023-07-21 11:30:00-04:00,193.59500122070312,193.77000427246094,192.5800018310547,192.6082000732422
2023-07-21 12:30:00-04:00,192.62469482421875,192.72000122070312,191.9600067138672,192.6999969482422
2023-07-21 13:30:00-04:00,192.6999969482422,193.22000122070312,192.38999938964844,192.72500610351562
2023-07-21 14:30:00-04:00,192.72999572753906,193.0399932861328,192.1300048828125,192.39999389648438
2023-07-21 15:30:00-04:00,192.41000366210938,192.4600067138672,191.22999572753906,191.92999267578125
2023-07-24 09:30:00-04:00,193.41000366210938,194.91000366210938,192.9600067138672,193.72999572753906
2023-07-24 10:30:00-04:00,193.72779846191406,193.82000732421875,192.97999572753906,193.27000427246094
2023-07-24 11:30:00-04:00,193.25999450683594,193.42010498046875,192.8300018310547,193.1649932861328
2023-07-24 12:30:00-04:00,193.17999267578125,193.25,192.88999938964844,192.97999572753906
2023-07-24 13:30:00-04:00,192.97000122070312,193.45989990234375,192.76499938964844,193.2449951171875
2023-07-24 14:30:00-04:00,193.24249267578125,193.25,192.35000610351562,192.3699951171875
2023-07-24 15:30:00-04:00,192.37229919433594,192.7899932861328,192.25,192.73500061035156
2023-07-25 09:30:00-04:00,193.36000061035156,194.1999969482422,192.9149932861328,193.39500427246094
2023-07-25 10:30:00-04:00,193.39500427246094,193.97999572753906,193.22999572753906,193.82000732421875
2023-07-25 11:30:00-04:00,193.8300018310547,194.1300048828125,193.61000061035156,193.7646942138672
2023-07-25 12:30:00-04:00,193.75,194.22999572753906,193.61500549316406,194.1999969482422
2023-07-25 13:30:00-04:00,194.2100067138672,194.25999450683594,193.8699951171875,194.12120056152344
2023-07-25 14:30:00-04:00,194.1300048828125,194.44000244140625,193.91000366210938,194.27499389648438
2023-07-25 15:30:00-04:00,194.27000427246094,194.32000732421875,193.60000610351562,193.6300048828125
2023-07-26 09:30:00-04:00,193.6699981689453,194.17999267578125,193.32000732421875,193.97999572753906
2023-07-26 10:30:00-04:00,193.97230529785156,194.72000122070312,193.92999267578125,194.24000549316406
2023-07-26 11:30:00-04:00,194.24000549316406,194.94000244140625,194.2200927734375,194.50999450683594
2023-07-26 12:30:00-04:00,194.5,194.75,194.18499755859375,194.36000061035156
2023-07-26 13:30:00-04:00,194.33999633789062,194.74000549316406,193.94000244140625,194.27000427246094
2023-07-26 14:30:00-04:00,194.25,195.63999938964844,193.66000366210938,194.21499633789062
2023-07-26 15:30:00-04:00,194.2100067138672,194.85000610351562,193.86000061035156,194.52000427246094
2023-07-27 09:30:00-04:00,196.02000427246094,197.1999969482422,195.82000732421875,195.97000122070312
2023-07-27 10:30:00-04:00,195.97999572753906,196.64990234375,195.4499969482422,196.13999938964844
2023-07-27 11:30:00-04:00,196.14999389648438,196.44000244140625,195.7100067138672,196.30499267578125
2023-07-27 12:30:00-04:00,196.30799865722656,196.42999267578125,194.9600067138672,195.00999450683594
2023-07-27 13:30:00-04:00,195.0,195.11019897460938,193.72000122070312,193.72999572753906
2023-07-27 14:30:00-04:00,193.72500610351562,193.91000366210938,192.8300018310547,193.00999450683594
2023-07-27 15:30:00-04:00,193.02000427246094,193.55999755859375,192.5500030517578,193.22999572753906
2023-07-28 09:30:00-04:00,194.6699981689453,196.05999755859375,194.13999938964844,195.6199951171875
2023-07-28 10:30:00-04:00,195.6199951171875,196.44790649414062,195.30999755859375,196.1999969482422
2023-07-28 11:30:00-04:00,196.1999969482422,196.62600708007812,196.08999633789062,196.4210968017578
2023-07-28 12:30:00-04:00,196.4199981689453,196.42990112304688,195.5500030517578,195.58999633789062
2023-07-28 13:30:00-04:00,195.5800018310547,196.14169311523438,195.02999877929688,196.09019470214844
2023-07-28 14:30:00-04:00,196.08999633789062,196.1999969482422,195.5449981689453,195.76499938964844
2023-07-28 15:30:00-04:00,195.76499938964844,196.0,195.4199981689453,195.83999633789062
2023-07-31 09:30:00-04:00,196.05999755859375,196.3800048828125,195.25999450683594,196.24000549316406
2023-07-31 10:30:00-04:00,196.25,196.49000549316406,195.88099670410156,196.1750030517578
2023-07-31 11:30:00-04:00,196.19000244140625,196.3699951171875,195.77000427246094,196.1544952392578
2023-07-31 12:30:00-04:00,196.14999389648438,196.25,195.77999877929688,196.12989807128906
2023-07-31 13:30:00-04:00,196.125,196.38999938964844,196.07000732421875,196.16000366210938
2023-07-31 14:30:00-04:00,196.1750030517578,196.35000610351562,195.93499755859375,196.0876007080078
2023-07-31 15:30:00-04:00,196.0800018310547,196.49000549316406,195.7899932861328,196.49000549316406
2023-08-01 09:30:00-04:00,196.23500061035156,196.72999572753906,195.27999877929688,195.47500610351562
2023-08-01 10:30:00-04:00,195.47999572753906,196.17999267578125,195.3300018310547,196.11500549316406
2023-08-01 11:30:00-04:00,196.11000061035156,196.14500427246094,195.41000366210938,195.49729919433594
2023-08-01 12:30:00-04:00,195.47999572753906,196.0399932861328,195.35000610351562,195.72950744628906
2023-08-01 13:30:00-04:00,195.73500061035156,196.2700958251953,195.52999877929688,196.0532989501953
2023-08-01 14:30:00-04:00,196.05499267578125,196.1199951171875,195.67999267578125,195.80999755859375
2023-08-01 15:30:00-04:00,195.81500244140625,195.99000549316406,195.5,195.60000610351562
2023-08-02 09:30:00-04:00,195.0399932861328,195.17999267578125,192.9499969482422,193.2781982421875
2023-08-02 10:30:00-04:00,193.27000427246094,193.30999755859375,192.52000427246094,193.00999450683594
2023-08-02 11:30:00-04:00,193.00489807128906,193.2711944580078,191.85069274902344,191.92999267578125
2023-08-02 12:30:00-04:00,191.93260192871094,193.1199951171875,191.86000061035156,192.99000549316406
2023-08-02 13:30:00-04:00,192.99000549316406,193.25999450683594,192.7100067138672,192.97000122070312
2023-08-02 14:30:00-04:00,192.97000122070312,193.02999877929688,192.25010681152344,192.3000030517578
2023-08-02 15:30:00-04:00,192.3000030517578,192.97999572753906,192.22000122070312,192.58999633789062
2023-08-03 09:30:00-04:00,192.0,192.27999877929688,190.83999633789062,190.88999938964844
2023-08-03 10:30:00-04:00,190.89500427246094,192.3699951171875,190.85000610351562,192.10000610351562
2023-08-03 11:30:00-04:00,192.11000061035156,192.1999969482422,191.61000061035156,191.82640075683594
2023-08-03 12:30:00-04:00,191.8347930908203,192.36000061035156,191.72000122070312,191.88499450683594
2023-08-03 13:30:00-04:00,191.8800048828125,191.9600067138672,191.1999969482422,191.73500061035156
2023-08-03 14:30:00-04:00,191.74000549316406,191.9499969482422,191.07000732421875,191.16000366210938
2023-08-03 15:30:00-04:00,191.15859985351562,191.72999572753906,190.99000549316406,191.00990295410156
2023-08-04 09:30:00-04:00,184.625,187.3800048828125,184.27000427246094,185.11000061035156
2023-08-04 10:30:00-04:00,185.10000610351562,186.375,184.92999267578125,185.30999755859375
2023-08-04 11:30:00-04:00,185.31500244140625,185.77999877929688,184.92999267578125,185.47999572753906
2023-08-04 12:30:00-04:00,185.47999572753906,185.4949951171875,184.7899932861328,184.97999572753906
2023-08-04 13:30:00-04:00,184.97999572753906,185.1699981689453,183.17999267578125,183.36500549316406
2023-08-04 14:30:00-04:00,183.36500549316406,183.5500030517578,182.07000732421875,182.69000244140625
2023-08-04 15:30:00-04:00,182.6999969482422,182.8800048828125,181.9199981689453,182.0
2023-08-07 09:30:00-04:00,182.1300048828125,183.1300048828125,178.21009826660156,179.03500366210938
2023-08-07 10:30:00-04:00,179.02999877929688,179.30999755859375,177.55999755859375,177.77000427246094
2023-08-07 11:30:00-04:00,177.76499938964844,178.8300018310547,177.35000610351562,178.36500549316406
2023-08-07 12:30:00-04:00,178.36500549316406,178.47000122070312,177.74000549316406,178.3350067138672
2023-08-07 13:30:00-04:00,178.33999633789062,179.0399932861328,178.0500030517578,178.4499969482422
2023-08-07 14:30:00-04:00,178.47000122070312,178.7100067138672,178.22000122070312,178.4801025390625
2023-08-07 15:30:00-04:00,178.48500061035156,179.22000122070312,178.38999938964844,178.8000030517578
2023-08-08 09:30:00-04:00,179.375,179.4656982421875,177.5800018310547,179.17999267578125
2023-08-08 10:30:00-04:00,179.19000244140625,179.22000122070312,177.93499755859375,178.0399932861328
2023-08-08 11:30:00-04:00,178.0399932861328,178.80499267578125,177.8249969482422,178.69000244140625
2023-08-08 12:30:00-04:00,178.67999267578125,179.47999572753906,178.5800018310547,178.89329528808594
2023-08-08 13:30:00-04:00,178.88999938964844,179.4199981689453,178.6999969482422,179.16000366210938
2023-08-08 14:30:00-04:00,179.1699981689453,179.94000244140625,179.0399932861328,179.80999755859375
2023-08-08 15:30:00-04:00,179.81500244140625,180.27000427246094,179.55499267578125,179.8000030517578
2023-08-09 09:30:00-04:00,180.8699951171875,180.92999267578125,178.13999938964844,178.6999053955078
2023-08-09 10:30:00-04:00,178.69149780273438,178.8350067138672,177.00999450683594,177.47999572753906
2023-08-09 11:30:00-04:00,177.47000122070312,178.11000061035156,177.24000549316406,178.0050048828125
2023-08-09 12:30:00-04:00,178.0,178.77000427246094,177.99000549316406,178.66000366210938
2023-08-09 13:30:00-04:00,178.65899658203125,179.36000061035156,178.55299377441406,179.2949981689453
2023-08-09 14:30:00-04:00,179.2949981689453,179.58999633789062,178.78909301757812,179.02999877929688
2023-08-09 15:30:00-04:00,179.02999877929688,179.08999633789062,177.99000549316406,178.17999267578125
2023-08-10 09:30:00-04:00,179.47999572753906,180.75,178.86000061035156,180.10000610351562
2023-08-10 10:30:00-04:00,180.09800720214844,180.42999267578125,178.69000244140625,179.13999938964844
2023-08-10 11:30:00-04:00,179.13999938964844,179.44000244140625,177.97000122070312,178.3800048828125
2023-08-10 12:30:00-04:00,178.36000061035156,178.91990661621094,177.8000030517578,178.0449981689453
2023-08-10 13:30:00-04:00,178.0399932861328,178.69039916992188,177.60000610351562,178.235107421875
2023-08-10 14:30:00-04:00,178.24000549316406,178.6999969482422,177.9033966064453,178.22000122070312
2023-08-10 15:30:00-04:00,178.22000122070312,178.27000427246094,177.72000122070312,178.00999450683594
2023-08-11 09:30:00-04:00,177.32000732421875,178.6199951171875,176.5500030517578,178.27000427246094
2023-08-11 10:30:00-04:00,178.2899932861328,178.60499572753906,177.42999267578125,177.47000122070312
2023-08-11 11:30:00-04:00,177.47000122070312,178.09500122070312,177.281005859375,177.56350708007812
2023-08-11 12:30:00-04:00,177.55999755859375,177.97000122070312,177.20010375976562,177.90499877929688
2023-08-11 13:30:00-04:00,177.89999389648438,178.3300018310547,177.5,178.30999755859375
2023-08-11 14:30:00-04:00,178.2989959716797,178.5500030517578,177.860107421875,178.10000610351562
2023-08-11 15:30:00-04:00,178.09500122070312,178.27000427246094,177.66990661621094,177.86000061035156
2023-08-14 09:30:00-04:00,177.97000122070312,178.86000061035156,177.30499267578125,178.27000427246094
2023-08-14 10:30:00-04:00,178.27000427246094,179.69000244140625,178.25999450683594,179.35000610351562
2023-08-14 11:30:00-04:00,179.35000610351562,179.48800659179688,178.6199951171875,178.71449279785156
2023-08-14 12:30:00-04:00,178.7100067138672,179.44000244140625,178.58999633789062,179.2279052734375
2023-08-14 13:30:00-04:00,179.22999572753906,179.35000610351562,178.90960693359375,179.08999633789062
2023-08-14 14:30:00-04:00,179.10000610351562,179.14500427246094,178.6999969482422,178.96499633789062
2023-08-14 15:30:00-04:00,178.9600067138672,179.52000427246094,178.86000061035156,179.50999450683594
2023-08-15 09:30:00-04:00,178.8800048828125,179.47999572753906,177.52999877929688,177.81190490722656
2023-08-15 10:30:00-04:00,177.81500244140625,178.22999572753906,177.3800048828125,178.14990234375
2023-08-15 11:30:00-04:00,178.14500427246094,178.44000244140625,177.85000610351562,178.1699981689453
2023-08-15 12:30:00-04:00,178.1699981689453,178.24000549316406,177.781005859375,178.12989807128906
2023-08-15 13:30:00-04:00,178.1300048828125,178.16000366210938,177.6199951171875,177.88999938964844
2023-08-15 14:30:00-04:00,177.89999389648438,178.23500061035156,177.27000427246094,177.28500366210938
2023-08-15 15:30:00-04:00,177.27999877929688,177.72000122070312,177.0500030517578,177.47999572753906
2023-08-16 09:30:00-04:00,177.1300048828125,178.5399932861328,176.83999633789062,177.82000732421875
2023-08-16 10:30:00-04:00,177.80999755859375,178.3350067138672,177.67999267578125,177.80999755859375
2023-08-16 11:30:00-04:00,177.8000030517578,177.91000366210938,177.30499267578125,177.4199981689453
2023-08-16 12:30:00-04:00,177.41000366210938,177.9499969482422,177.32000732421875,177.86500549316406
2023-08-16 13:30:00-04:00,177.86000061035156,178.37710571289062,177.30999755859375,178.10000610351562
2023-08-16 14:30:00-04:00,178.10000610351562,178.30999755859375,176.85000610351562,177.1199951171875
2023-08-16 15:30:00-04:00,177.1300048828125,177.3092041015625,176.5,176.55859375
2023-08-17 09:30:00-04:00,177.13999938964844,177.50540161132812,174.28500366210938,174.74000549316406
2023-08-17 10:30:00-04:00,174.72999572753906,175.0,173.8300018310547,174.27000427246094
2023-08-17 11:30:00-04:00,174.27000427246094,175.02000427246094,174.10000610351562,174.95140075683594
2023-08-17 12:30:00-04:00,174.9600067138672,175.08999633789062,174.52000427246094,174.55999755859375
2023-08-17 13:30:00-04:00,174.55999755859375,174.55999755859375,173.94500732421875,174.25
2023-08-17 14:30:00-04:00,174.2550048828125,174.27999877929688,173.47999572753906,174.0800018310547
2023-08-17 15:30:00-04:00,174.07000732421875,174.88999938964844,173.66000366210938,173.99000549316406
2023-08-18 09:30:00-04:00,172.3000030517578,173.36000061035156,171.9600067138672,172.8000030517578
2023-08-18 10:30:00-04:00,172.80999755859375,173.9499969482422,172.75999450683594,173.4600067138672
2023-08-18 11:30:00-04:00,173.4600067138672,174.44000244140625,173.281005859375,173.82000732421875
2023-08-18 12:30:00-04:00,173.82000732421875,174.36500549316406,173.8000030517578,174.27499389648438
2023-08-18 13:30:00-04:00,174.27499389648438,174.74989318847656,174.125,174.5500030517578
2023-08-18 14:30:00-04:00,174.53500366210938,174.8800048828125,174.09500122070312,174.4949951171875
2023-08-18 15:30:00-04:00,174.49000549316406,175.10000610351562,174.14999389648438,174.49000549316406
2023-08-21 09:30:00-04:00,175.07000732421875,175.57000732421875,173.9499969482422,174.02000427246094
2023-08-21 10:30:00-04:00,174.02999877929688,174.6199951171875,173.73500061035156,173.99000549316406
2023-08-21 11:30:00-04:00,173.99000549316406,174.82000732421875,173.860107421875,174.77499389648438
2023-08-21 12:30:00-04:00,174.77999877929688,175.52499389648438,174.67999267578125,175.36000061035156
2023-08-21 13:30:00-04:00,175.3572998046875,175.75,175.1199951171875,175.5399932861328
2023-08-21 14:30:00-04:00,175.5500030517578,175.9781951904297,175.472900390625,175.74000549316406
2023-08-21 15:30:00-04:00,175.74000549316406,176.1300048828125,175.63999938964844,175.8000030517578
2023-08-22 09:30:00-04:00,177.05999755859375,177.08999633789062,176.25,176.92999267578125
2023-08-22 10:30:00-04:00,176.9228973388672,177.42999267578125,176.25999450683594,177.21499633789062
2023-08-22 11:30:00-04:00,177.22999572753906,177.32000732421875,176.27000427246094,176.81410217285156
2023-08-22 12:30:00-04:00,176.8300018310547,177.37989807128906,176.77000427246094,177.1300048828125
2023-08-22 13:30:00-04:00,177.1300048828125,177.2550048828125,176.8031005859375,177.2100067138672
2023-08-22 14:30:00-04:00,177.21499633789062,177.67999267578125,177.02000427246094,177.30999755859375
2023-08-22 15:30:00-04:00,177.30999755859375,177.4600067138672,177.0800018310547,177.22000122070312
2023-08-23 09:30:00-04:00,178.52000427246094,180.38999938964844,178.3249969482422,180.10499572753906
2023-08-23 10:30:00-04:00,180.11000061035156,181.3311004638672,180.07000732421875,181.14999389648438
2023-08-23 11:30:00-04:00,181.14999389648438,181.30999755859375,180.6300048828125,180.72999572753906
2023-08-23 12:30:00-04:00,180.72999572753906,181.2899932861328,180.6300048828125,181.24000549316406
2023-08-23 13:30:00-04:00,181.2321014404297,181.5500030517578,180.89059448242188,181.05999755859375
2023-08-23 14:30:00-04:00,181.06910705566406,181.5399932861328,180.8000030517578,181.53500366210938
2023-08-23 15:30:00-04:00,181.53500366210938,181.5399932861328,181.0,181.13999938964844
2023-08-24 09:30:00-04:00,180.6739959716797,181.10400390625,178.38999938964844,178.40199279785156
2023-08-24 10:30:00-04:00,178.40989685058594,178.45620727539062,177.64999389648438,178.125
2023-08-24 11:30:00-04:00,178.1199951171875,178.3000030517578,177.5,178.05990600585938
2023-08-24 12:30:00-04:00,178.0500030517578,178.30999755859375,177.68060302734375,177.74000549316406
2023-08-24 13:30:00-04:00,177.72999572753906,177.92999267578125,177.42999267578125,177.5240020751953
2023-08-24 14:30:00-04:00,177.52000427246094,177.63999938964844,176.8000030517578,176.82000732421875
2023-08-24 15:30:00-04:00,176.82000732421875,176.88999938964844,176.00999450683594,176.3300018310547
2023-08-25 09:30:00-04:00,177.3800048828125,178.6300048828125,176.82000732421875,177.00999450683594
2023-08-25 10:30:00-04:00,177.01499938964844,177.41000366210938,175.8699951171875,177.36000061035156
2023-08-25 11:30:00-04:00,177.36000061035156,177.77000427246094,176.5500030517578,177.75
2023-08-25 12:30:00-04:00,177.75,177.83999633789062,177.08999633789062,177.39990234375
2023-08-25 13:30:00-04:00,177.3800048828125,178.49000549316406,176.94000244140625,178.4499969482422
2023-08-25 14:30:00-04:00,178.4600067138672,179.13999938964844,178.1300048828125,179.125
2023-08-25 15:30:00-04:00,179.12240600585938,179.14999389648438,178.44000244140625,178.60000610351562
2023-08-28 09:30:00-04:00,180.08999633789062,180.1999969482422,178.7899932861328,179.7899932861328
2023-08-28 10:30:00-04:00,179.8000030517578,179.8000030517578,178.67999267578125,178.7781982421875
2023-08-28 11:30:00-04:00,178.77000427246094,179.11500549316406,178.5449981689453,178.80999755859375
2023-08-28 12:30:00-04:00,178.82000732421875,180.139892578125,178.75,179.9550018310547
2023-08-28 13:30:00-04:00,179.9600067138672,180.08990478515625,179.13839721679688,179.53939819335938
2023-08-28 14:30:00-04:00,179.5500030517578,180.00999450683594,179.35000610351562,179.90499877929688
2023-08-28 15:30:00-04:00,179.88999938964844,180.58999633789062,179.80499267578125,180.2100067138672
2023-08-29 09:30:00-04:00,179.69500732421875,182.57000732421875,179.5,182.39999389648438
2023-08-29 10:30:00-04:00,182.41000366210938,183.1199951171875,182.2100067138672,183.02999877929688
2023-08-29 11:30:00-04:00,183.02999877929688,183.58999633789062,183.00999450683594,183.5850067138672
2023-08-29 12:30:00-04:00,183.5850067138672,183.8101043701172,183.39010620117188,183.74000549316406
2023-08-29 13:30:00-04:00,183.74000549316406,184.3699951171875,183.49000549316406,184.33009338378906
2023-08-29 14:30:00-04:00,184.3300018310547,184.84750366210938,184.1800994873047,184.81500244140625
2023-08-29 15:30:00-04:00,184.81500244140625,184.89999389648438,184.02000427246094,184.1199951171875
2023-08-30 09:30:00-04:00,184.94000244140625,187.6699981689453,184.74000549316406,186.18499755859375
2023-08-30 10:30:00-04:00,186.19000244140625,186.8000030517578,186.1300048828125,186.6300048828125
2023-08-30 11:30:00-04:00,186.6300048828125,187.49000549316406,186.61000061035156,187.42999267578125
2023-08-30 12:30:00-04:00,187.44000244140625,187.77000427246094,187.1999969482422,187.29010009765625
2023-08-30 13:30:00-04:00,187.3000030517578,187.58999633789062,186.64999389648438,186.85000610351562
2023-08-30 14:30:00-04:00,186.85000610351562,187.67999267578125,186.77999877929688,187.38499450683594
2023-08-30 15:30:00-04:00,187.38999938964844,187.7899932861328,187.32000732421875,187.6699981689453
2023-08-31 09:30:00-04:00,187.83999633789062,188.50990295410156,187.64999389648438,188.3300018310547
2023-08-31 10:30:00-04:00,188.33999633789062,188.75999450683594,188.11500549316406,188.49000549316406
2023-08-31 11:30:00-04:00,188.48500061035156,188.64810180664062,187.77999877929688,187.97999572753906
2023-08-31 12:30:00-04:00,187.97999572753906,188.1699981689453,187.47999572753906,188.13999938964844
2023-08-31 13:30:00-04:00,188.13999938964844,188.67999267578125,187.82980346679688,188.59500122070312
2023-08-31 14:30:00-04:00,188.59500122070312,189.05999755859375,188.4149932861328,188.91009521484375
2023-08-31 15:30:00-04:00,188.9199981689453,189.1199951171875,187.75,187.8699951171875
2023-09-01 09:30:00-04:00,189.48500061035156,189.9199981689453,188.27999877929688,189.27999877929688
2023-09-01 10:30:00-04:00,189.27000427246094,189.27999877929688,188.31100463867188,188.66000366210938
2023-09-01 11:30:00-04:00,188.67999267578125,189.2100067138672,188.360107421875,189.11500549316406
2023-09-01 12:30:00-04:00,189.11000061035156,189.32000732421875,188.83999633789062,189.0
2023-09-01 13:30:00-04:00,188.99000549316406,189.22500610351562,188.6300048828125,188.7200927734375
2023-09-01 14:30:00-04:00,188.72000122070312,189.0800018310547,188.52000427246094,189.0500030517578
2023-09-01 15:30:00-04:00,189.0500030517578,189.5399932861328,188.94000244140625,189.47000122070312
2023-09-05 09:30:00-04:00,188.27999877929688,189.07000732421875,187.61000061035156,188.6699981689453
2023-09-05 10:30:00-04:00,188.6649932861328,189.61000061035156,188.2899932861328,189.14999389648438
2023-09-05 11:30:00-04:00,189.1649932861328,189.75999450683594,188.97999572753906,189.58729553222656
2023-09-05 12:30:00-04:00,189.58999633789062,189.80999755859375,189.19500732421875,189.22999572753906
2023-09-05 13:30:00-04:00,189.22999572753906,189.8800048828125,189.16000366210938,189.83999633789062
2023-09-05 14:30:00-04:00,189.84500122070312,189.9499969482422,189.47000122070312,189.5478057861328
2023-09-05 15:30:00-04:00,189.5449981689453,189.97999572753906,189.52000427246094,189.69000244140625
2023-09-06 09:30:00-04:00,188.52000427246094,188.73500061035156,183.92999267578125,184.1699981689453
2023-09-06 10:30:00-04:00,184.14999389648438,184.64999389648438,183.52999877929688,184.02000427246094
2023-09-06 11:30:00-04:00,184.02999877929688,184.32000732421875,183.16000366210938,183.2104034423828
2023-09-06 12:30:00-04:00,183.2100067138672,183.4199981689453,182.77000427246094,182.9154052734375
2023-09-06 13:30:00-04:00,182.91000366210938,183.1699981689453,182.1300048828125,182.63429260253906
2023-09-06 14:30:00-04:00,182.63499450683594,182.89999389648438,181.47000122070312,181.52000427246094
2023-09-06 15:30:00-04:00,181.52999877929688,183.02000427246094,181.49000549316406,182.88999938964844
2023-09-07 09:30:00-04:00,175.17999267578125,177.7198944091797,173.67999267578125,176.25
2023-09-07 10:30:00-04:00,176.08999633789062,178.2100067138672,175.72999572753906,177.3300018310547
2023-09-07 11:30:00-04:00,177.17999267578125,177.7100067138672,176.64999389648438,177.25999450683594
2023-09-07 12:30:00-04:00,177.25,177.67999267578125,175.9499969482422,176.5814971923828
2023-09-07 13:30:00-04:00,176.58999633789062,177.14999389648438,176.2830047607422,176.52499389648438
2023-09-07 14:30:00-04:00,176.52000427246094,177.4600067138672,176.49000549316406,177.4600067138672
2023-09-07 15:30:00-04:00,177.468994140625,178.13999938964844,177.44000244140625,177.55999755859375
2023-09-08 09:30:00-04:00,178.35000610351562,180.23899841308594,178.3300018310547,179.52499389648438
2023-09-08 10:30:00-04:00,179.52999877929688,179.8800048828125,178.6999969482422,179.81179809570312
2023-09-08 11:30:00-04:00,179.82000732421875,180.1999969482422,179.27999877929688,179.55499267578125
2023-09-08 12:30:00-04:00,179.5500030517578,179.7949981689453,179.2100067138672,179.5850067138672
2023-09-08 13:30:00-04:00,179.58999633789062,179.91000366210938,178.74009704589844,178.8802032470703
2023-09-08 14:30:00-04:00,178.88499450683594,179.05499267578125,177.80999755859375,177.94500732421875
2023-09-08 15:30:00-04:00,177.94000244140625,178.33999633789062,177.7899932861328,178.19000244140625
2023-09-11 09:30:00-04:00,180.0677032470703,180.3000030517578,177.39999389648438,177.88999938964844
2023-09-11 10:30:00-04:00,177.89999389648438,178.9499969482422,177.33999633789062,178.75
2023-09-11 11:30:00-04:00,178.75,178.86000061035156,178.21009826660156,178.68499755859375
2023-09-11 12:30:00-04:00,178.68910217285156,179.30239868164062,178.3300018310547,179.26499938964844
2023-09-11 13:30:00-04:00,179.27000427246094,179.5500030517578,179.00999450683594,179.51499938964844
2023-09-11 14:30:00-04:00,179.51499938964844,179.92999267578125,179.36000061035156,179.69500732421875
2023-09-11 15:30:00-04:00,179.6999969482422,179.9499969482422,179.16000366210938,179.3800048828125
2023-09-12 09:30:00-04:00,179.49000549316406,180.1300048828125,177.4600067138672,177.5500030517578
2023-09-12 10:30:00-04:00,177.5500030517578,177.77999877929688,176.22999572753906,176.6999969482422
2023-09-12 11:30:00-04:00,176.71200561523438,177.18020629882812,176.52000427246094,176.60499572753906
2023-09-12 12:30:00-04:00,176.61000061035156,177.8699951171875,176.39500427246094,177.5699005126953
2023-09-12 13:30:00-04:00,177.57000732421875,177.85009765625,174.82000732421875,176.10000610351562
2023-09-12 14:30:00-04:00,176.11000061035156,176.75,175.00039672851562,175.72000122070312
2023-09-12 15:30:00-04:00,175.72000122070312,176.4600067138672,175.49009704589844,176.30999755859375
2023-09-13 09:30:00-04:00,176.50999450683594,177.3000030517578,174.07000732421875,175.18960571289062
2023-09-13 10:30:00-04:00,175.19000244140625,175.5,174.6699981689453,175.2165069580078
2023-09-13 11:30:00-04:00,175.1999969482422,176.22000122070312,174.8699951171875,175.72000122070312
2023-09-13 12:30:00-04:00,175.72999572753906,175.77000427246094,175.25999450683594,175.32130432128906
2023-09-13 13:30:00-04:00,175.3300018310547,175.5,174.75,174.83999633789062
2023-09-13 14:30:00-04:00,174.83999633789062,175.19000244140625,174.36000061035156,175.05999755859375
2023-09-13 15:30:00-04:00,175.06500244140625,175.19940185546875,173.97999572753906,174.16000366210938
2023-09-14 09:30:00-04:00,174.0,175.6300048828125,173.5800018310547,174.80999755859375
2023-09-14 10:30:00-04:00,174.80999755859375,175.75999450683594,174.80999755859375,175.38999938964844
2023-09-14 11:30:00-04:00,175.38999938964844,176.0,174.8300018310547,175.52000427246094
2023-09-14 12:30:00-04:00,175.50999450683594,175.97000122070312,175.02000427246094,175.7946014404297
2023-09-14 13:30:00-04:00,175.8000030517578,176.0399932861328,175.3000030517578,175.3699951171875
2023-09-14 14:30:00-04:00,175.36500549316406,176.10000610351562,175.30999755859375,175.6699981689453
2023-09-14 15:30:00-04:00,175.6699981689453,175.86000061035156,175.55999755859375,175.67999267578125
2023-09-15 09:30:00-04:00,175.85000610351562,176.05999755859375,174.5500030517578,175.16000366210938
2023-09-15 10:30:00-04:00,175.14999389648438,175.3800048828125,174.52499389648438,174.86570739746094
2023-09-15 11:30:00-04:00,174.86000061035156,175.14999389648438,174.58999633789062,174.74000549316406
2023-09-15 12:30:00-04:00,174.72999572753906,175.0399932861328,174.00999450683594,174.0800018310547
2023-09-15 13:30:00-04:00,174.07000732421875,174.6300048828125,173.82000732421875,174.2449951171875
2023-09-15 14:30:00-04:00,174.24000549316406,174.8000030517578,174.13870239257812,174.76499938964844
2023-09-15 15:30:00-04:00,174.77000427246094,175.1199951171875,174.6300048828125,174.9600067138672
2023-09-18 09:30:00-04:00,176.47999572753906,178.97999572753906,176.1699981689453,177.0218963623047
2023-09-18 10:30:00-04:00,177.0319061279297,177.83999633789062,176.44000244140625,177.80999755859375
2023-09-18 11:30:00-04:00,177.8000030517578,178.64999389648438,177.7449951171875,178.5449981689453
2023-09-18 12:30:00-04:00,178.5449981689453,179.2100067138672,178.5449981689453,179.11500549316406
2023-09-18 13:30:00-04:00,179.1199951171875,179.3800048828125,178.8699951171875,178.9600067138672
2023-09-18 14:30:00-04:00,178.96499633789062,179.07000732421875,178.27000427246094,178.41909790039062
2023-09-18 15:30:00-04:00,178.4149932861328,178.4149932861328,177.77499389648438,177.97999572753906
2023-09-19 09:30:00-04:00,177.52000427246094,178.6699981689453,177.1300048828125,177.75999450683594
2023-09-19 10:30:00-04:00,177.77000427246094,177.77000427246094,177.14999389648438,177.5850067138672
2023-09-19 11:30:00-04:00,177.5800018310547,178.1999969482422,177.5,178.13499450683594
2023-09-19 12:30:00-04:00,178.13999938964844,178.5800018310547,177.77999877929688,178.5800018310547
2023-09-19 13:30:00-04:00,178.5800018310547,179.38999938964844,178.57000732421875,179.13499450683594
2023-09-19 14:30:00-04:00,179.1300048828125,179.6300048828125,178.74000549316406,179.10499572753906
2023-09-19 15:30:00-04:00,179.10000610351562,179.44000244140625,178.92999267578125,179.08999633789062
2023-09-20 09:30:00-04:00,179.25999450683594,179.69500732421875,177.25999450683594,177.5800018310547
2023-09-20 10:30:00-04:00,177.58999633789062,178.02000427246094,176.86000061035156,176.98500061035156
2023-09-20 11:30:00-04:00,176.98500061035156,177.63999938964844,176.94500732421875,177.63999938964844
2023-09-20 12:30:00-04:00,177.64999389648438,177.75999450683594,177.30999755859375,177.5
2023-09-20 13:30:00-04:00,177.5,177.79510498046875,176.5800018310547,177.1699981689453
2023-09-20 14:30:00-04:00,177.1699981689453,177.77999877929688,176.33999633789062,176.75999450683594
2023-09-20 15:30:00-04:00,176.77000427246094,176.8300018310547,175.39999389648438,175.49000549316406
2023-09-21 09:30:00-04:00,175.1699981689453,176.05999755859375,174.58999633789062,175.39520263671875
2023-09-21 10:30:00-04:00,175.3946990966797,176.3000030517578,174.82000732421875,174.9199981689453
2023-09-21 11:30:00-04:00,174.9199981689453,175.6999969482422,174.8300018310547,175.11500549316406
2023-09-21 12:30:00-04:00,175.11000061035156,175.4949951171875,174.86000061035156,175.30999755859375
2023-09-21 13:30:00-04:00,175.3101043701172,175.5399932861328,174.6300048828125,174.66000366210938
2023-09-21 14:30:00-04:00,174.66000366210938,175.0,174.22000122070312,174.27000427246094
2023-09-21 15:30:00-04:00,174.26499938964844,174.5449981689453,173.86000061035156,173.92999267578125
2023-09-22 09:30:00-04:00,174.6699981689453,175.38999938964844,174.0500030517578,175.2758026123047
2023-09-22 10:30:00-04:00,175.2899932861328,176.6199951171875,175.2823944091797,176.3800048828125
2023-09-22 11:30:00-04:00,176.3800048828125,176.75,175.94000244140625,176.61000061035156
2023-09-22 12:30:00-04:00,176.6199951171875,177.07899475097656,175.5800018310547,175.6999969482422
2023-09-22 13:30:00-04:00,175.67999267578125,175.67999267578125,174.9600067138672,175.1300048828125
2023-09-22 14:30:00-04:00,175.1199951171875,175.99000549316406,174.80999755859375,175.69000244140625
2023-09-22 15:30:00-04:00,175.68499755859375,175.78500366210938,174.6199951171875,174.74000549316406
2023-09-25 09:30:00-04:00,174.1999969482422,175.5500030517578,174.14999389648438,174.47000122070312
2023-09-25 10:30:00-04:00,174.4600067138672,176.5399932861328,174.3699951171875,176.27000427246094
2023-09-25 11:30:00-04:00,176.28799438476562,176.97000122070312,175.8800048828125,176.8800048828125
2023-09-25 12:30:00-04:00,176.88499450683594,176.91000366210938,176.0399932861328,176.1300048828125
2023-09-25 13:30:00-04:00,176.14999389648438,176.3675994873047,175.67999267578125,175.77499389648438
2023-09-25 14:30:00-04:00,175.7700958251953,176.12899780273438,174.97000122070312,175.61050415039062
2023-09-25 15:30:00-04:00,175.61000061035156,176.14999389648438,175.3699951171875,176.08999633789062
2023-09-26 09:30:00-04:00,174.82000732421875,175.1999969482422,172.47999572753906,173.10000610351562
2023-09-26 10:30:00-04:00,173.08999633789062,173.64999389648438,172.4149932861328,172.57000732421875
2023-09-26 11:30:00-04:00,172.5800018310547,173.19000244140625,172.52000427246094,173.00999450683594
2023-09-26 12:30:00-04:00,173.00999450683594,173.52999877929688,172.84500122070312,172.84500122070312
2023-09-26 13:30:00-04:00,172.85499572753906,173.0050048828125,172.22000122070312,172.30020141601562
2023-09-26 14:30:00-04:00,172.30499267578125,172.44000244140625,171.66000366210938,171.74000549316406
2023-09-26 15:30:00-04:00,171.74000549316406,172.3300018310547,171.72000122070312,171.89999389648438
2023-09-27 09:30:00-04:00,172.6199951171875,173.0399932861328,170.30999755859375,171.27000427246094
2023-09-27 10:30:00-04:00,171.25,171.47999572753906,170.27000427246094,170.97500610351562
2023-09-27 11:30:00-04:00,170.97999572753906,171.0800018310547,169.63999938964844,169.83999633789062
2023-09-27 12:30:00-04:00,169.85000610351562,170.1999969482422,169.2899932861328,169.3000030517578
2023-09-27 13:30:00-04:00,169.29989624023438,170.10000610351562,169.0500030517578,170.07000732421875
2023-09-27 14:30:00-04:00,170.06500244140625,170.9600067138672,170.02999877929688,170.16000366210938
2023-09-27 15:30:00-04:00,170.16000366210938,170.47999572753906,169.75999450683594,170.42999267578125
2023-09-28 09:30:00-04:00,169.33999633789062,170.00999450683594,167.6199951171875,169.1300048828125
2023-09-28 10:30:00-04:00,169.13999938964844,170.67999267578125,168.69000244140625,170.5
2023-09-28 11:30:00-04:00,170.5,172.02999877929688,170.47079467773438,171.88999938964844
2023-09-28 12:30:00-04:00,171.88999938964844,171.9149932861328,170.86000061035156,170.88999938964844
2023-09-28 13:30:00-04:00,170.8820037841797,171.1649932861328,170.42999267578125,171.1300048828125
2023-09-28 14:30:00-04:00,171.13499450683594,171.67999267578125,170.30999755859375,171.5800018310547
2023-09-28 15:30:00-04:00,171.5800018310547,171.63999938964844,170.44000244140625,170.69000244140625
2023-09-29 09:30:00-04:00,172.02000427246094,173.07000732421875,171.77000427246094,172.25
2023-09-29 10:30:00-04:00,172.27000427246094,172.77000427246094,172.02000427246094,172.05999755859375
2023-09-29 11:30:00-04:00,172.05999755859375,172.08999633789062,171.5301055908203,171.8350067138672
2023-09-29 12:30:00-04:00,171.83999633789062,171.92999267578125,170.72999572753906,171.22999572753906
2023-09-29 13:30:00-04:00,171.22999572753906,171.3000030517578,170.3800048828125,170.5399932861328
2023-09-29 14:30:00-04:00,170.5449981689453,171.7100067138672,170.34100341796875,171.28990173339844
2023-09-29 15:30:00-04:00,171.27999877929688,171.9199981689453,170.75999450683594,171.22000122070312
2023-10-02 09:30:00-04:00,171.22000122070312,174.0399932861328,170.92999267578125,173.3300018310547
2023-10-02 10:30:00-04:00,173.35000610351562,174.3000030517578,172.83999633789062,174.10459899902344
2023-10-02 11:30:00-04:00,174.1199951171875,174.2100067138672,172.82000732421875,173.35000610351562
2023-10-02 12:30:00-04:00,173.36000061035156,173.47000122070312,172.72999572753906,173.30999755859375
2023-10-02 13:30:00-04:00,173.30999755859375,173.7100067138672,172.77000427246094,172.78990173339844
2023-10-02 14:30:00-04:00,172.78199768066406,173.2100067138672,172.5330047607422,173.0
2023-10-02 15:30:00-04:00,173.0,173.77999877929688,172.75,173.75
2023-10-03 09:30:00-04:00,172.2550048828125,173.6300048828125,170.82000732421875,171.1717987060547
2023-10-03 10:30:00-04:00,171.17999267578125,171.98500061035156,171.07000732421875,171.6300048828125
2023-10-03 11:30:00-04:00,171.63999938964844,172.36500549316406,171.36000061035156,172.26400756835938
2023-10-03 12:30:00-04:00,172.27999877929688,172.80499267578125,171.96490478515625,172.00180053710938
2023-10-03 13:30:00-04:00,172.00999450683594,172.1300048828125,171.55099487304688,171.85000610351562
2023-10-03 14:30:00-04:00,171.85000610351562,172.39999389648438,171.7899932861328,171.86000061035156
2023-10-03 15:30:00-04:00,171.85499572753906,172.52000427246094,171.77999877929688,172.4600067138672
2023-10-04 09:30:00-04:00,171.08999633789062,172.74000549316406,170.97000122070312,172.38999938964844
2023-10-04 10:30:00-04:00,172.39500427246094,173.49000549316406,172.1300048828125,172.86000061035156
2023-10-04 11:30:00-04:00,172.86000061035156,173.2899932861328,172.5,173.1699981689453
2023-10-04 12:30:00-04:00,173.1699981689453,173.25999450683594,172.64500427246094,172.67999267578125
2023-10-04 13:30:00-04:00,172.67999267578125,172.9199981689453,172.35000610351562,172.74000549316406
2023-10-04 14:30:00-04:00,172.74000549316406,173.81500244140625,172.61000061035156,173.7698974609375
2023-10-04 15:30:00-04:00,173.77000427246094,174.2100067138672,173.3699951171875,173.63999938964844
2023-10-05 09:30:00-04:00,173.7899932861328,174.4080047607422,173.07000732421875,173.69000244140625
2023-10-05 10:30:00-04:00,173.69000244140625,173.75619506835938,172.67999267578125,173.60000610351562
2023-10-05 11:30:00-04:00,173.60499572753906,174.02999877929688,173.26499938964844,173.97000122070312
2023-10-05 12:30:00-04:00,173.96009826660156,174.16000366210938,173.6199951171875,174.158203125
2023-10-05 13:30:00-04:00,174.14999389648438,175.1999969482422,173.9600067138672,174.95989990234375
2023-10-05 14:30:00-04:00,174.9499969482422,175.4499969482422,174.8699951171875,175.1199951171875
2023-10-05 15:30:00-04:00,175.1199951171875,175.22000122070312,174.83999633789062,174.97999572753906
2023-10-06 09:30:00-04:00,173.8000030517578,175.05999755859375,173.17999267578125,174.80999755859375
2023-10-06 10:30:00-04:00,174.8000030517578,175.6699981689453,174.72999572753906,175.4499969482422
2023-10-06 11:30:00-04:00,175.4499969482422,177.0500030517578,175.42999267578125,176.67010498046875
2023-10-06 12:30:00-04:00,176.67999267578125,177.36000061035156,176.4499969482422,177.16000366210938
2023-10-06 13:30:00-04:00,177.1699981689453,177.5399932861328,177.10000610351562,177.5290985107422
2023-10-06 14:30:00-04:00,177.52999877929688,177.9550018310547,177.4199981689453,177.94000244140625
2023-10-06 15:30:00-04:00,177.93499755859375,177.99000549316406,177.39999389648438,177.49000549316406
2023-10-09 09:30:00-04:00,176.80999755859375,177.36000061035156,175.8000030517578,176.8699951171875
2023-10-09 10:30:00-04:00,176.8699951171875,177.125,176.19000244140625,177.0850067138672
2023-10-09 11:30:00-04:00,177.0749969482422,178.07000732421875,176.8699951171875,177.61000061035156
2023-10-09 12:30:00-04:00,177.60000610351562,177.97000122070312,177.43499755859375,177.9499969482422
2023-10-09 13:30:00-04:00,177.9600067138672,178.97000122070312,177.94000244140625,178.83999633789062
2023-10-09 14:30:00-04:00,178.84500122070312,179.0500030517578,178.4199981689453,178.89999389648438
2023-10-09 15:30:00-04:00,178.89999389648438,179.0500030517578,178.6649932861328,178.99000549316406
2023-10-10 09:30:00-04:00,178.10000610351562,179.30999755859375,178.10000610351562,179.1851043701172
2023-10-10 10:30:00-04:00,179.1909942626953,179.67999267578125,179.0399932861328,179.47999572753906
2023-10-10 11:30:00-04:00,179.48500061035156,179.72000122070312,179.33999633789062,179.610107421875
2023-10-10 12:30:00-04:00,179.6199951171875,179.69000244140625,178.13999938964844,178.4499969482422
2023-10-10 13:30:00-04:00,178.4600067138672,178.57589721679688,177.9499969482422,178.1699981689453
2023-10-10 14:30:00-04:00,178.19000244140625,178.90989685058594,177.9600067138672,178.7899932861328
2023-10-10 15:30:00-04:00,178.7899932861328,178.8000030517578,178.1199951171875,178.41000366210938
2023-10-11 09:30:00-04:00,178.1999969482422,178.9575958251953,177.60000610351562,178.27999877929688
2023-10-11 10:30:00-04:00,178.27999877929688,179.32000732421875,178.13099670410156,178.5883026123047
2023-10-11 11:30:00-04:00,178.58999633789062,178.9499969482422,178.36500549316406,178.57009887695312
2023-10-11 12:30:00-04:00,178.5800018310547,178.74200439453125,178.27000427246094,178.5906982421875
2023-10-11 13:30:00-04:00,178.58999633789062,179.3800048828125,178.36000061035156,178.9499969482422
2023-10-11 14:30:00-04:00,178.9499969482422,179.2899932861328,178.89999389648438,179.1699981689453
2023-10-11 15:30:00-04:00,179.1699981689453,179.85000610351562,179.13999938964844,179.75
2023-10-12 09:30:00-04:00,180.07000732421875,182.14990234375,179.83999633789062,181.72000122070312
2023-10-12 10:30:00-04:00,181.72999572753906,182.33999633789062,181.4600067138672,181.77000427246094
2023-10-12 11:30:00-04:00,181.76499938964844,182.2899932861328,181.50999450683594,182.27000427246094
2023-10-12 12:30:00-04:00,182.27999877929688,182.27999877929688,180.3300018310547,180.3549041748047
2023-10-12 13:30:00-04:00,180.33999633789062,180.6300048828125,179.0399932861328,179.63999938964844
2023-10-12 14:30:00-04:00,179.63499450683594,180.47999572753906,179.49000549316406,180.39999389648438
2023-10-12 15:30:00-04:00,180.39999389648438,180.81500244140625,180.38999938964844,180.72999572753906
2023-10-13 09:30:00-04:00,181.4199981689453,181.92999267578125,180.36000061035156,180.52999877929688
2023-10-13 10:30:00-04:00,180.52000427246094,180.76499938964844,178.9499969482422,179.19000244140625
2023-10-13 11:30:00-04:00,179.19000244140625,179.3625030517578,178.47000122070312,179.2550048828125
2023-10-13 12:30:00-04:00,179.25999450683594,179.47000122070312,178.22000122070312,178.25999450683594
2023-10-13 13:30:00-04:00,178.26100158691406,179.30999755859375,178.13999938964844,179.24000549316406
2023-10-13 14:30:00-04:00,179.2449951171875,179.74000549316406,178.85000610351562,178.93499755859375
2023-10-13 15:30:00-04:00,178.94000244140625,179.08999633789062,178.52000427246094,178.8699951171875
2023-10-16 09:30:00-04:00,176.75,178.54750061035156,176.50999450683594,178.44500732421875
2023-10-16 10:30:00-04:00,178.44400024414062,178.99000549316406,178.2949981689453,178.50900268554688
2023-10-16 11:30:00-04:00,178.52000427246094,178.69000244140625,177.625,177.82000732421875
2023-10-16 12:30:00-04:00,177.8300018310547,177.94000244140625,176.85000610351562,177.46499633789062
2023-10-16 13:30:00-04:00,177.47000122070312,178.35459899902344,177.4300994873047,178.1300048828125
2023-10-16 14:30:00-04:00,178.125,178.82000732421875,177.89999389648438,178.7899932861328
2023-10-16 15:30:00-04:00,178.7899932861328,179.0,178.39999389648438,178.6750030517578
2023-10-17 09:30:00-04:00,176.64500427246094,176.99000549316406,174.8000030517578,176.4499969482422
2023-10-17 10:30:00-04:00,176.4499969482422,177.25,176.32000732421875,177.08999633789062
2023-10-17 11:30:00-04:00,177.0800018310547,178.30999755859375,177.0800018310547,178.22500610351562
2023-10-17 12:30:00-04:00,178.22999572753906,178.4199981689453,177.66000366210938,177.6678009033203
2023-10-17 13:30:00-04:00,177.66099548339844,177.8300018310547,176.9499969482422,177.09890747070312
2023-10-17 14:30:00-04:00,177.08999633789062,177.33999633789062,176.36500549316406,176.77000427246094
2023-10-17 15:30:00-04:00,176.77999877929688,177.3000030517578,176.44500732421875,177.13999938964844
2023-10-18 09:30:00-04:00,175.5800018310547,177.5749969482422,175.4199981689453,176.6199951171875
2023-10-18 10:30:00-04:00,176.60499572753906,177.1199951171875,175.7550048828125,176.72999572753906
2023-10-18 11:30:00-04:00,176.72999572753906,177.52999877929688,176.63009643554688,176.82000732421875
2023-10-18 12:30:00-04:00,176.82000732421875,177.3699951171875,176.22500610351562,177.1199951171875
2023-10-18 13:30:00-04:00,177.1199951171875,177.1300048828125,176.22000122070312,176.69500732421875
2023-10-18 14:30:00-04:00,176.68499755859375,176.9149932861328,175.77999877929688,175.87989807128906
2023-10-18 15:30:00-04:00,175.8800048828125,176.08999633789062,175.11000061035156,175.781005859375
2023-10-19 09:30:00-04:00,176.0399932861328,177.3300018310547,175.84500122070312,176.2100067138672
2023-10-19 10:30:00-04:00,176.2100067138672,176.8699951171875,175.63499450683594,176.24989318847656
2023-10-19 11:30:00-04:00,176.25,177.5399932861328,176.10000610351562,176.67999267578125
2023-10-19 12:30:00-04:00,176.69000244140625,177.83999633789062,175.4600067138672,177.77999877929688
2023-10-19 13:30:00-04:00,177.8000030517578,177.8300018310547,176.50999450683594,176.58999633789062
2023-10-19 14:30:00-04:00,176.58999633789062,176.58999633789062,175.52000427246094,175.74000549316406
2023-10-19 15:30:00-04:00,175.72999572753906,176.05999755859375,175.19000244140625,175.4499969482422
2023-10-20 09:30:00-04:00,175.30999755859375,175.4199981689453,174.07000732421875,174.24000549316406
2023-10-20 10:30:00-04:00,174.24000549316406,174.25999450683594,172.63999938964844,172.86990356445312
2023-10-20 11:30:00-04:00,172.8800048828125,173.83999633789062,172.6699981689453,173.55999755859375
2023-10-20 12:30:00-04:00,173.57000732421875,174.72000122070312,173.55999755859375,174.17999267578125
2023-10-20 13:30:00-04:00,174.18499755859375,174.38999938964844,173.4600067138672,173.5800018310547
2023-10-20 14:30:00-04:00,173.55999755859375,173.86000061035156,173.125,173.3800048828125
2023-10-20 15:30:00-04:00,173.3699951171875,173.49000549316406,172.8000030517578,172.83999633789062
2023-10-23 09:30:00-04:00,171.58999633789062,171.91000366210938,169.92999267578125,171.58999633789062
2023-10-23 10:30:00-04:00,171.58999633789062,172.91029357910156,171.1699981689453,172.80999755859375
2023-10-23 11:30:00-04:00,172.80999755859375,172.98500061035156,172.27999877929688,172.83999633789062
2023-10-23 12:30:00-04:00,172.86000061035156,173.63999938964844,172.63999938964844,173.30999755859375
2023-10-23 13:30:00-04:00,173.30999755859375,174.00999450683594,173.13900756835938,173.3800048828125
2023-10-23 14:30:00-04:00,173.38999938964844,173.72500610351562,173.0850067138672,173.13299560546875
2023-10-23 15:30:00-04:00,173.14500427246094,173.25999450683594,172.75999450683594,172.9600067138672
2023-10-24 09:30:00-04:00,173.0500030517578,173.30999755859375,171.80999755859375,172.8300018310547
2023-10-24 10:30:00-04:00,172.8249053955078,172.88999938964844,172.1300048828125,172.30499267578125
2023-10-24 11:30:00-04:00,172.30999755859375,173.02000427246094,171.98280334472656,172.0800018310547
2023-10-24 12:30:00-04:00,172.10000610351562,172.1999969482422,171.4499969482422,172.19000244140625
2023-10-24 13:30:00-04:00,172.1999053955078,172.75999450683594,171.9199981689453,172.75999450683594
2023-10-24 14:30:00-04:00,172.75,173.6699981689453,172.67999267578125,173.5850067138672
2023-10-24 15:30:00-04:00,173.5850067138672,173.6649932861328,173.22999572753906,173.38999938964844
2023-10-25 09:30:00-04:00,171.8800048828125,172.24000549316406,170.8300018310547,172.1300048828125
2023-10-25 10:30:00-04:00,172.1300048828125,173.05999755859375,171.8800048828125,172.44500732421875
2023-10-25 11:30:00-04:00,172.44500732421875,172.60000610351562,171.5399932861328,171.76499938964844
2023-10-25 12:30:00-04:00,171.75999450683594,172.0500030517578,171.05999755859375,171.14500427246094
2023-10-25 13:30:00-04:00,171.13999938964844,171.6197967529297,170.77000427246094,171.4199981689453
2023-10-25 14:30:00-04:00,171.42999267578125,171.5399932861328,170.64999389648438,171.1750030517578
2023-10-25 15:30:00-04:00,171.17779541015625,171.42999267578125,170.86000061035156,171.08999633789062
2023-10-26 09:30:00-04:00,170.3699951171875,171.37750244140625,168.1300048828125,168.66000366210938
2023-10-26 10:30:00-04:00,168.64999389648438,168.9499969482422,166.83999633789062,166.94960021972656
2023-10-26 11:30:00-04:00,166.94500732421875,167.52999877929688,165.97000122070312,166.29739379882812
2023-10-26 12:30:00-04:00,166.2899932861328,166.6999969482422,165.72000122070312,165.9499969482422
2023-10-26 13:30:00-04:00,165.9499969482422,167.38290405273438,165.6699981689453,167.17999267578125
2023-10-26 14:30:00-04:00,167.1699981689453,167.94000244140625,166.89999389648438,167.31430053710938
2023-10-26 15:30:00-04:00,167.30999755859375,167.44000244140625,166.375,166.75999450683594
2023-10-27 09:30:00-04:00,166.91000366210938,168.77000427246094,166.19000244140625,168.16000366210938
2023-10-27 10:30:00-04:00,168.16000366210938,168.9600067138672,167.38999938964844,168.73500061035156
2023-10-27 11:30:00-04:00,168.75,168.81809997558594,167.52000427246094,167.75999450683594
2023-10-27 12:30:00-04:00,167.77000427246094,167.96310424804688,166.8300018310547,167.19000244140625
2023-10-27 13:30:00-04:00,167.17999267578125,167.97999572753906,166.92999267578125,167.69500732421875
2023-10-27 14:30:00-04:00,167.6999969482422,168.24000549316406,167.4499969482422,167.99000549316406
2023-10-27 15:30:00-04:00,167.99000549316406,168.33999633789062,167.49000549316406,168.28500366210938
2023-10-30 09:30:00-04:00,169.02000427246094,171.1699981689453,168.8699951171875,169.375
2023-10-30 10:30:00-04:00,169.37989807128906,170.1999969482422,169.2100067138672,169.6699981689453
2023-10-30 11:30:00-04:00,169.6699981689453,170.16000366210938,169.41000366210938,169.46609497070312
2023-10-30 12:30:00-04:00,169.46499633789062,170.0500030517578,169.0500030517578,169.91990661621094
2023-10-30 13:30:00-04:00,169.9199981689453,170.49000549316406,169.8800048828125,170.36000061035156
2023-10-30 14:30:00-04:00,170.35000610351562,170.82000732421875,169.84019470214844,169.85499572753906
2023-10-30 15:30:00-04:00,169.85000610351562,170.47999572753906,169.84500122070312,170.24000549316406
2023-10-31 09:30:00-04:00,169.35000610351562,169.5500030517578,167.89999389648438,169.1300048828125
2023-10-31 10:30:00-04:00,169.14999389648438,169.8699951171875,168.75,169.22999572753906
2023-10-31 11:30:00-04:00,169.22999572753906,169.7899932861328,168.84500122070312,169.5500030517578
2023-10-31 12:30:00-04:00,169.5500030517578,170.2949981689453,169.27000427246094,170.28199768066406
2023-10-31 13:30:00-04:00,170.2899932861328,170.75,169.9499969482422,169.9600067138672
2023-10-31 14:30:00-04:00,169.94000244140625,170.77000427246094,169.93099975585938,170.64500427246094
2023-10-31 15:30:00-04:00,170.63999938964844,170.89999389648438,170.3800048828125,170.7899932861328
2023-11-01 09:30:00-04:00,171.0,171.97000122070312,170.1199951171875,171.8300018310547
2023-11-01 10:30:00-04:00,171.8300018310547,172.0800018310547,171.0,171.42999267578125
2023-11-01 11:30:00-04:00,171.42999267578125,172.0,171.19500732421875,171.89999389648438
2023-11-01 12:30:00-04:00,171.91000366210938,172.3800048828125,171.6300048828125,172.16200256347656
2023-11-01 13:30:00-04:00,172.16000366210938,172.7100067138672,171.94000244140625,172.61000061035156
2023-11-01 14:30:00-04:00,172.625,174.1199951171875,172.10000610351562,173.91000366210938
2023-11-01 15:30:00-04:00,173.91000366210938,174.22999572753906,173.61000061035156,173.9199981689453
2023-11-02 09:30:00-04:00,175.52000427246094,177.08999633789062,175.4600067138672,176.8699951171875
2023-11-02 10:30:00-04:00,176.8800048828125,177.66000366210938,176.6199951171875,176.7740020751953
2023-11-02 11:30:00-04:00,176.77000427246094,177.10000610351562,176.41000366210938,176.97999572753906
2023-11-02 12:30:00-04:00,176.97999572753906,177.31500244140625,176.77999877929688,177.08799743652344
2023-11-02 13:30:00-04:00,177.0800018310547,177.61000061035156,177.0800018310547,177.30999755859375
2023-11-02 14:30:00-04:00,177.30209350585938,177.72000122070312,177.19000244140625,177.22999572753906
2023-11-02 15:30:00-04:00,177.23500061035156,177.77999877929688,177.1699981689453,177.77999877929688
2023-11-03 09:30:00-04:00,174.24000549316406,176.39999389648438,173.35000610351562,174.7100067138672
2023-11-03 10:30:00-04:00,174.6999969482422,175.94000244140625,174.66000366210938,174.8000030517578
2023-11-03 11:30:00-04:00,174.8000030517578,176.49000549316406,174.60000610351562,176.33999633789062
2023-11-03 12:30:00-04:00,176.35000610351562,176.4499969482422,175.7100067138672,175.7678985595703
2023-11-03 13:30:00-04:00,175.76170349121094,175.88999938964844,175.07000732421875,175.78990173339844
2023-11-03 14:30:00-04:00,175.77999877929688,176.46749877929688,175.67999267578125,176.04010009765625
2023-11-03 15:30:00-04:00,176.0399932861328,176.82000732421875,175.9499969482422,176.6300048828125
2023-11-06 09:30:00-05:00,176.3800048828125,178.86000061035156,176.2100067138672,178.25999450683594
2023-11-06 10:30:00-05:00,178.25999450683594,179.42999267578125,178.2100067138672,179.08999633789062
2023-11-06 11:30:00-05:00,179.08999633789062,179.38999938964844,178.7100067138672,178.889892578125
2023-11-06 12:30:00-05:00,178.88499450683594,179.05999755859375,178.00999450683594,178.3300018310547
2023-11-06 13:30:00-05:00,178.3249969482422,178.76499938964844,178.02000427246094,178.75990295410156
2023-11-06 14:30:00-05:00,178.75,179.32000732421875,178.67999267578125,179.10000610351562
2023-11-06 15:30:00-05:00,179.11000061035156,179.3300018310547,178.6999969482422,179.2899932861328
2023-11-07 09:30:00-05:00,179.17999267578125,180.82000732421875,179.00999450683594,180.7100067138672
2023-11-07 10:30:00-05:00,180.69500732421875,181.59500122070312,180.52999877929688,181.4550018310547
2023-11-07 11:30:00-05:00,181.4550018310547,181.63999938964844,180.52000427246094,181.1750030517578
2023-11-07 12:30:00-05:00,181.1750030517578,182.16000366210938,180.93499755859375,182.01499938964844
2023-11-07 13:30:00-05:00,182.01849365234375,182.44000244140625,181.92999267578125,182.3408966064453
2023-11-07 14:30:00-05:00,182.35000610351562,182.42999267578125,181.89999389648438,182.19830322265625
2023-11-07 15:30:00-05:00,182.19500732421875,182.33999633789062,181.5500030517578,181.8800048828125
2023-11-08 09:30:00-05:00,182.35000610351562,183.4499969482422,182.17999267578125,182.49850463867188
2023-11-08 10:30:00-05:00,182.49000549316406,182.98500061035156,182.0,182.14999389648438
2023-11-08 11:30:00-05:00,182.14999389648438,182.5,181.58999633789062,181.88999938964844
2023-11-08 12:30:00-05:00,181.89999389648438,182.5800018310547,181.74000549316406,182.50999450683594
2023-11-08 13:30:00-05:00,182.50999450683594,182.88999938964844,182.4600067138672,182.77499389648438
2023-11-08 14:30:00-05:00,182.77999877929688,182.85000610351562,182.3699951171875,182.78500366210938
2023-11-08 15:30:00-05:00,182.7899932861328,183.00999450683594,182.62249755859375,182.88999938964844
2023-11-09 09:30:00-05:00,182.9600067138672,183.5500030517578,182.60000610351562,182.6300048828125
2023-11-09 10:30:00-05:00,182.63499450683594,183.97970581054688,182.47999572753906,183.53500366210938
2023-11-09 11:30:00-05:00,183.5399932861328,184.1199951171875,183.47999572753906,183.57000732421875
2023-11-09 12:30:00-05:00,183.5800018310547,184.01499938964844,182.69000244140625,183.6999969482422
2023-11-09 13:30:00-05:00,183.6999969482422,183.72999572753906,182.33999633789062,182.82000732421875
2023-11-09 14:30:00-05:00,182.82000732421875,182.8300018310547,181.80999755859375,181.86000061035156
2023-11-09 15:30:00-05:00,181.85000610351562,182.47999572753906,181.8300018310547,182.44000244140625
2023-11-10 09:30:00-05:00,183.71099853515625,184.7899932861328,183.52999877929688,183.7799072265625
2023-11-10 10:30:00-05:00,183.77999877929688,184.94000244140625,183.61500549316406,184.75
2023-11-10 11:30:00-05:00,184.75999450683594,185.0,184.42999267578125,184.94000244140625
2023-11-10 12:30:00-05:00,184.94009399414062,185.50999450683594,184.8800048828125,185.40499877929688
2023-11-10 13:30:00-05:00,185.40499877929688,185.97500610351562,185.39999389648438,185.85000610351562
2023-11-10 14:30:00-05:00,185.85000610351562,186.1300048828125,185.55499267578125,186.1199951171875
2023-11-10 15:30:00-05:00,186.11000061035156,186.56500244140625,185.9550018310547,186.33999633789062
2023-11-13 09:30:00-05:00,185.82000732421875,186.02999877929688,184.2100067138672,184.76609802246094
2023-11-13 10:30:00-05:00,184.77000427246094,185.13999938964844,184.38999938964844,184.9600067138672
2023-11-13 11:30:00-05:00,184.9600067138672,185.13499450683594,184.5,184.56500244140625
2023-11-13 12:30:00-05:00,184.57000732421875,184.92990112304688,184.38999938964844,184.55999755859375
2023-11-13 13:30:00-05:00,184.57000732421875,185.00999450683594,184.4600067138672,184.99009704589844
2023-11-13 14:30:00-05:00,184.99000549316406,185.0800018310547,184.7299041748047,184.9499969482422
2023-11-13 15:30:00-05:00,184.9600067138672,185.00999450683594,184.61050415039062,184.77000427246094
2023-11-14 09:30:00-05:00,187.33999633789062,187.52000427246094,186.3000030517578,187.4499969482422
2023-11-14 10:30:00-05:00,187.44000244140625,187.47999572753906,186.67999267578125,186.9259033203125
2023-11-14 11:30:00-05:00,186.9250030517578,187.22000122070312,186.41000366210938,187.05499267578125
2023-11-14 12:30:00-05:00,187.05999755859375,187.5,187.00999450683594,187.4600067138672
2023-11-14 13:30:00-05:00,187.4600067138672,187.49000549316406,186.82000732421875,187.4136962890625
2023-11-14 14:30:00-05:00,187.4149932861328,188.11000061035156,187.4149932861328,187.91200256347656
2023-11-14 15:30:00-05:00,187.9199981689453,188.02999877929688,187.2100067138672,187.44000244140625
2023-11-15 09:30:00-05:00,187.84500122070312,188.6999969482422,187.8000030517578,188.14999389648438
2023-11-15 10:30:00-05:00,188.16000366210938,189.5,188.11000061035156,189.4149932861328
2023-11-15 11:30:00-05:00,189.4149932861328,189.4499053955078,188.52999877929688,189.1199951171875
2023-11-15 12:30:00-05:00,189.1199951171875,189.1699981689453,188.46499633789062,189.03500366210938
2023-11-15 13:30:00-05:00,189.031005859375,189.0800018310547,188.39999389648438,188.77000427246094
2023-11-15 14:30:00-05:00,188.77000427246094,188.77999877929688,187.9550018310547,188.19500732421875
2023-11-15 15:30:00-05:00,188.1999969482422,188.55999755859375,187.77999877929688,188.08999633789062
2023-11-16 09:30:00-05:00,189.92999267578125,190.9600067138672,189.63999938964844,190.0854034423828
2023-11-16 10:30:00-05:00,190.10000610351562,190.2100067138672,188.80999755859375,189.00999450683594
2023-11-16 11:30:00-05:00,189.00999450683594,189.66000366210938,188.72000122070312,189.64500427246094
2023-11-16 12:30:00-05:00,189.63999938964844,189.97999572753906,188.64999389648438,189.3300018310547
2023-11-16 13:30:00-05:00,189.3249969482422,189.57000732421875,188.97999572753906,189.35499572753906
2023-11-16 14:30:00-05:00,189.35000610351562,189.73500061035156,189.22000122070312,189.4250030517578
2023-11-16 15:30:00-05:00,189.4250030517578,189.8699951171875,189.33999633789062,189.76890563964844
2023-11-17 09:30:00-05:00,190.25,190.3800048828125,188.57000732421875,189.5800018310547
2023-11-17 10:30:00-05:00,189.5850067138672,189.75999450683594,188.8699951171875,189.05149841308594
2023-11-17 11:30:00-05:00,189.05999755859375,189.4600067138672,188.82000732421875,188.9676055908203
2023-11-17 12:30:00-05:00,188.96499633789062,189.61000061035156,188.89999389648438,189.48500061035156
2023-11-17 13:30:00-05:00,189.49000549316406,189.89999389648438,189.35000610351562,189.73500061035156
2023-11-17 14:30:00-05:00,189.73500061035156,190.17999267578125,189.5800018310547,189.88800048828125
2023-11-17 15:30:00-05:00,189.88499450683594,189.9600067138672,189.52000427246094,189.7100067138672
2023-11-20 09:30:00-05:00,189.88999938964844,191.66900634765625,189.8800048828125,190.71499633789062
2023-11-20 10:30:00-05:00,190.72000122070312,191.3699951171875,190.52999877929688,191.1649932861328
2023-11-20 11:30:00-05:00,191.1699981689453,191.5500030517578,191.08999633789062,191.22999572753906
2023-11-20 12:30:00-05:00,191.25,191.8000030517578,191.0800018310547,191.625
2023-11-20 13:30:00-05:00,191.6199951171875,191.77000427246094,191.3300018310547,191.5198974609375
2023-11-20 14:30:00-05:00,191.50999450683594,191.90499877929688,191.5,191.875
2023-11-20 15:30:00-05:00,191.875,191.875,191.16000366210938,191.49099731445312
2023-11-21 09:30:00-05:00,191.41000366210938,191.52000427246094,190.27000427246094,190.34750366210938
2023-11-21 10:30:00-05:00,190.35000610351562,190.47000122070312,189.74000549316406,189.94200134277344
2023-11-21 11:30:00-05:00,189.94000244140625,190.32000732421875,189.8300018310547,190.27499389648438
2023-11-21 12:30:00-05:00,190.27699279785156,190.60000610351562,190.0399932861328,190.1199951171875
2023-11-21 13:30:00-05:00,190.1199951171875,190.61500549316406,190.0850067138672,190.3800048828125
2023-11-21 14:30:00-05:00,190.38279724121094,190.7100067138672,190.2899932861328,190.64999389648438
2023-11-21 15:30:00-05:00,190.64500427246094,190.72999572753906,190.2899932861328,190.66000366210938
2023-11-22 09:30:00-05:00,192.36000061035156,192.92999267578125,191.42999267578125,191.93150329589844
2023-11-22 10:30:00-05:00,191.9499969482422,192.3699951171875,191.38999938964844,191.66000366210938
2023-11-22 11:30:00-05:00,191.66000366210938,191.9600067138672,191.47999572753906,191.9149932861328
2023-11-22 12:30:00-05:00,191.9149932861328,192.08999633789062,191.63999938964844,192.0050048828125
2023-11-22 13:30:00-05:00,192.00999450683594,192.03030395507812,191.49000549316406,191.63499450683594
2023-11-22 14:30:00-05:00,191.63999938964844,191.63999938964844,190.8249969482422,191.5124969482422
2023-11-22 15:30:00-05:00,191.52000427246094,191.6999969482422,191.22000122070312,191.3000030517578
2023-11-24 09:30:00-05:00,190.8699951171875,190.89999389648438,189.3000030517578,189.4600067138672
2023-11-24 10:30:00-05:00,189.47000122070312,189.6699981689453,189.25,189.61000061035156
2023-11-24 11:30:00-05:00,189.60000610351562,189.7888946533203,189.35000610351562,189.5399932861328
2023-11-27 09:30:00-05:00,190.25070190429688,190.29989624023438,188.89999389648438,189.05999755859375
2023-11-27 10:30:00-05:00,189.07000732421875,189.5,189.00999450683594,189.4949951171875
2023-11-27 11:30:00-05:00,189.49000549316406,190.50999450683594,189.44000244140625,190.3699951171875
2023-11-27 12:30:00-05:00,190.37899780273438,190.6699981689453,190.25579833984375,190.36500549316406
2023-11-27 13:30:00-05:00,190.36500549316406,190.36500549316406,189.9499969482422,190.07000732421875
2023-11-27 14:30:00-05:00,190.0749969482422,190.0749969482422,189.52000427246094,189.83999633789062
2023-11-27 15:30:00-05:00,189.85000610351562,190.05999755859375,189.60499572753906,189.77000427246094
2023-11-28 09:30:00-05:00,189.77999877929688,190.27000427246094,189.39999389648438,189.97999572753906
2023-11-28 10:30:00-05:00,189.98129272460938,190.61000061035156,189.94000244140625,190.5850067138672
2023-11-28 11:30:00-05:00,190.5800018310547,191.0800018310547,190.49000549316406,190.52000427246094
2023-11-28 12:30:00-05:00,190.51010131835938,190.52000427246094,189.75999450683594,189.9700927734375
2023-11-28 13:30:00-05:00,189.97500610351562,190.1199951171875,189.66000366210938,189.81399536132812
2023-11-28 14:30:00-05:00,189.80999755859375,190.11000061035156,189.5850067138672,189.8300018310547
2023-11-28 15:30:00-05:00,189.82000732421875,190.39999389648438,189.77999877929688,190.38999938964844
2023-11-29 09:30:00-05:00,190.89999389648438,192.08999633789062,190.60000610351562,190.8800048828125
2023-11-29 10:30:00-05:00,190.88999938964844,191.0749969482422,190.0500030517578,190.09739685058594
2023-11-29 11:30:00-05:00,190.10000610351562,190.27499389648438,189.52000427246094,189.89999389648438
2023-11-29 12:30:00-05:00,189.88999938964844,189.92999267578125,189.27999877929688,189.50030517578125
2023-11-29 13:30:00-05:00,189.5050048828125,189.50999450683594,189.17999267578125,189.2635040283203
2023-11-29 14:30:00-05:00,189.26499938964844,189.40499877929688,189.00999450683594,189.01499938964844
2023-11-29 15:30:00-05:00,189.00999450683594,189.44500732421875,188.97000122070312,189.35499572753906
2023-11-30 09:30:00-05:00,189.83999633789062,190.32000732421875,188.66000366210938,188.82589721679688
2023-11-30 10:30:00-05:00,188.8300018310547,188.99000549316406,188.33999633789062,188.47999572753906
2023-11-30 11:30:00-05:00,188.47999572753906,188.61000061035156,188.19000244140625,188.35000610351562
2023-11-30 12:30:00-05:00,188.35000610351562,188.75950622558594,188.27000427246094,188.3300018310547
2023-11-30 13:30:00-05:00,188.3350067138672,188.8300018310547,188.2899932861328,188.7899932861328
2023-11-30 14:30:00-05:00,188.78799438476562,189.2100067138672,188.63999938964844,188.77999877929688
2023-11-30 15:30:00-05:00,188.76499938964844,190.1999969482422,188.75999450683594,189.97999572753906
2023-12-01 09:30:00-05:00,190.3300018310547,190.5,189.22999572753906,190.05999755859375
2023-12-01 10:30:00-05:00,190.05999755859375,190.99000549316406,189.9199981689453,190.83009338378906
2023-12-01 11:30:00-05:00,190.83999633789062,191.4501953125,190.60000610351562,191.44500732421875
2023-12-01 12:30:00-05:00,191.44000244140625,191.55999755859375,191.0399932861328,191.05999755859375
2023-12-01 13:30:00-05:00,191.0500030517578,191.2899932861328,190.82009887695312,191.27870178222656
2023-12-01 14:30:00-05:00,191.27999877929688,191.33999633789062,190.9199981689453,191.1199951171875
2023-12-01 15:30:00-05:00,191.12240600585938,191.3800048828125,190.88160705566406,191.25999450683594
2023-12-04 09:30:00-05:00,189.8249969482422,190.0,188.08999633789062,188.16000366210938
2023-12-04 10:30:00-05:00,188.16000366210938,188.27999877929688,187.4510955810547,187.97000122070312
2023-12-04 11:30:00-05:00,187.9600067138672,188.57000732421875,187.8350067138672,188.45419311523438
2023-12-04 12:30:00-05:00,188.4600067138672,188.80999755859375,188.4199981689453,188.54989624023438
2023-12-04 13:30:00-05:00,188.5449981689453,188.96499633789062,188.49000549316406,188.85000610351562
2023-12-04 14:30:00-05:00,188.83999633789062,189.1300048828125,188.72000122070312,189.05999755859375
2023-12-04 15:30:00-05:00,189.06500244140625,189.66000366210938,188.97999572753906,189.4499969482422
2023-12-05 09:30:00-05:00,190.2100067138672,194.30999755859375,190.17999267578125,193.58999633789062
2023-12-05 10:30:00-05:00,193.5845947265625,194.39999389648438,193.47000122070312,193.55999755859375
2023-12-05 11:30:00-05:00,193.55999755859375,193.8000030517578,192.6199951171875,193.75999450683594
2023-12-05 12:30:00-05:00,193.77000427246094,193.8300018310547,192.9499969482422,193.13999938964844
2023-12-05 13:30:00-05:00,193.14500427246094,193.30999755859375,192.75,192.99000549316406
2023-12-05 14:30:00-05:00,193.0,193.47000122070312,192.77000427246094,193.1916961669922
2023-12-05 15:30:00-05:00,193.19500732421875,193.5399932861328,192.8699951171875,193.5
2023-12-06 09:30:00-05:00,194.4499969482422,194.75999450683594,192.2050018310547,192.4199981689453
2023-12-06 10:30:00-05:00,192.4199981689453,193.33999633789062,192.360107421875,193.09500122070312
2023-12-06 11:30:00-05:00,193.10000610351562,193.1300048828125,192.47000122070312,192.8300018310547
2023-12-06 12:30:00-05:00,192.83999633789062,192.97999572753906,192.3699951171875,192.90589904785156
2023-12-06 13:30:00-05:00,192.91000366210938,193.23500061035156,192.74000549316406,192.77999877929688
2023-12-06 14:30:00-05:00,192.77999877929688,193.0500030517578,192.33999633789062,192.42599487304688
2023-12-06 15:30:00-05:00,192.42999267578125,192.55999755859375,192.11000061035156,192.30999755859375
2023-12-07 09:30:00-05:00,193.6300048828125,194.9199981689453,193.58999633789062,194.72500610351562
2023-12-07 10:30:00-05:00,194.72500610351562,194.97999572753906,194.02000427246094,194.3000030517578
2023-12-07 11:30:00-05:00,194.2899932861328,195.0,194.21499633789062,194.94000244140625
2023-12-07 12:30:00-05:00,194.94000244140625,194.97000122070312,194.31309509277344,194.42999267578125
2023-12-07 13:30:00-05:00,194.42999267578125,194.52999877929688,194.1699981689453,194.47000122070312
2023-12-07 14:30:00-05:00,194.47000122070312,194.47500610351562,194.1199951171875,194.1699981689453
2023-12-07 15:30:00-05:00,194.1699981689453,194.35000610351562,194.00999450683594,194.24000549316406
2023-12-08 09:30:00-05:00,194.1999969482422,195.0,193.6699981689453,194.64990234375
2023-12-08 10:30:00-05:00,194.64999389648438,195.0,194.17999267578125,194.75999450683594
2023-12-08 11:30:00-05:00,194.75999450683594,195.19000244140625,194.27099609375,195.10000610351562
2023-12-08 12:30:00-05:00,195.09930419921875,195.36000061035156,194.9199981689453,195.24000549316406
2023-12-08 13:30:00-05:00,195.24000549316406,195.72000122070312,195.15499877929688,195.71499633789062
2023-12-08 14:30:00-05:00,195.71499633789062,195.97999572753906,195.41000366210938,195.74000549316406
2023-12-08 15:30:00-05:00,195.73500061035156,195.99000549316406,195.6199951171875,195.72000122070312
2023-12-11 09:30:00-05:00,193.218994140625,193.41000366210938,192.02000427246094,192.11000061035156
2023-12-11 10:30:00-05:00,192.1199951171875,192.42999267578125,191.4199981689453,191.80999755859375
2023-12-11 11:30:00-05:00,191.80999755859375,192.38999938964844,191.49000549316406,192.10000610351562
2023-12-11 12:30:00-05:00,192.10989379882812,192.58999633789062,192.05999755859375,192.4550018310547
2023-12-11 13:30:00-05:00,192.47000122070312,192.97000122070312,192.47000122070312,192.7917938232422
2023-12-11 14:30:00-05:00,192.7949981689453,193.125,192.75,192.8699951171875
2023-12-11 15:30:00-05:00,192.8699951171875,193.30999755859375,192.8300018310547,193.17999267578125
2023-12-12 09:30:00-05:00,193.0800018310547,193.38999938964844,191.7209930419922,192.8350067138672
2023-12-12 10:30:00-05:00,192.83999633789062,193.6199951171875,192.7550048828125,193.24000549316406
2023-12-12 11:30:00-05:00,193.25,193.49989318847656,193.07000732421875,193.46580505371094
2023-12-12 12:30:00-05:00,193.47999572753906,193.80999755859375,193.25999450683594,193.66000366210938
2023-12-12 13:30:00-05:00,193.6699981689453,194.3300018310547,193.6300048828125,194.22000122070312
2023-12-12 14:30:00-05:00,194.22000122070312,194.55999755859375,194.14500427246094,194.38499450683594
2023-12-12 15:30:00-05:00,194.3800048828125,194.72000122070312,194.2100067138672,194.6699981689453
2023-12-13 09:30:00-05:00,195.08999633789062,196.6300048828125,194.85000610351562,196.5200958251953
2023-12-13 10:30:00-05:00,196.52499389648438,196.73809814453125,195.64999389648438,195.9600067138672
2023-12-13 11:30:00-05:00,195.96499633789062,196.27999877929688,195.69500732421875,195.77000427246094
2023-12-13 12:30:00-05:00,195.76629638671875,196.6199951171875,195.47999572753906,196.55499267578125
2023-12-13 13:30:00-05:00,196.55499267578125,197.4499969482422,196.42999267578125,197.29750061035156
2023-12-13 14:30:00-05:00,197.2949981689453,198.0,196.57000732421875,196.97500610351562
2023-12-13 15:30:00-05:00,196.97500610351562,197.88999938964844,196.6699981689453,197.8699951171875
2023-12-14 09:30:00-05:00,198.67999267578125,199.6199951171875,198.58999633789062,198.7899932861328
2023-12-14 10:30:00-05:00,198.8000030517578,199.38499450683594,198.14500427246094,198.36000061035156
2023-12-14 11:30:00-05:00,198.35499572753906,198.55999755859375,197.58999633789062,198.39999389648438
2023-12-14 12:30:00-05:00,198.38999938964844,198.55999755859375,196.71499633789062,196.85499572753906
2023-12-14 13:30:00-05:00,196.85000610351562,197.89999389648438,196.16000366210938,197.89500427246094
2023-12-14 14:30:00-05:00,197.89500427246094,198.07989501953125,197.23500061035156,197.91009521484375
2023-12-14 15:30:00-05:00,197.91000366210938,198.16000366210938,197.55999755859375,198.13999938964844
2023-12-15 09:30:00-05:00,197.75,198.39990234375,197.0800018310547,198.02999877929688
2023-12-15 10:30:00-05:00,198.0399932861328,198.15899658203125,197.35000610351562,197.625
2023-12-15 11:30:00-05:00,197.6300048828125,198.02000427246094,197.53500366210938,197.72999572753906
2023-12-15 12:30:00-05:00,197.74000549316406,197.74000549316406,197.10000610351562,197.375
2023-12-15 13:30:00-05:00,197.3800048828125,197.6649932861328,197.02000427246094,197.27000427246094
2023-12-15 14:30:00-05:00,197.2908935546875,198.08999633789062,197.27999877929688,197.99000549316406
2023-12-15 15:30:00-05:00,197.99400329589844,198.1999969482422,197.0,197.1199951171875
2023-12-18 09:30:00-05:00,196.08999633789062,196.6300048828125,194.41000366210938,195.36500549316406
2023-12-18 10:30:00-05:00,195.36000061035156,195.52499389648438,194.6199951171875,194.92999267578125
2023-12-18 11:30:00-05:00,194.92999267578125,195.35000610351562,194.69500732421875,195.25010681152344
2023-12-18 12:30:00-05:00,195.25,196.16329956054688,195.15499877929688,196.14500427246094
2023-12-18 13:30:00-05:00,196.14999389648438,196.47999572753906,195.9949951171875,196.20989990234375
2023-12-18 14:30:00-05:00,196.2100067138672,196.4499969482422,196.10000610351562,196.1999969482422
2023-12-18 15:30:00-05:00,196.2100067138672,196.44000244140625,195.77999877929688,195.8623046875
2023-12-19 09:30:00-05:00,196.16000366210938,196.65499877929688,195.88999938964844,196.5399932861328
2023-12-19 10:30:00-05:00,196.5500030517578,196.9499969482422,196.27749633789062,196.60000610351562
2023-12-19 11:30:00-05:00,196.59500122070312,196.74000549316406,195.97000122070312,196.22999572753906
2023-12-19 12:30:00-05:00,196.22999572753906,196.3300018310547,195.97000122070312,196.2449951171875
2023-12-19 13:30:00-05:00,196.25,196.2899932861328,195.99000549316406,196.07000732421875
2023-12-19 14:30:00-05:00,196.0800018310547,196.47000122070312,195.97999572753906,196.4499969482422
2023-12-19 15:30:00-05:00,196.4499969482422,196.9499969482422,196.3249969482422,196.92999267578125
2023-12-20 09:30:00-05:00,196.92999267578125,197.67999267578125,196.69000244140625,197.38499450683594
2023-12-20 10:30:00-05:00,197.38499450683594,197.59500122070312,197.13999938964844,197.22999572753906
2023-12-20 11:30:00-05:00,197.22999572753906,197.44000244140625,197.00999450683594,197.35830688476562
2023-12-20 12:30:00-05:00,197.35000610351562,197.45260620117188,197.2230987548828,197.39999389648438
2023-12-20 13:30:00-05:00,197.41000366210938,197.57000732421875,197.11500549316406,197.18499755859375
2023-12-20 14:30:00-05:00,197.19000244140625,197.23500061035156,195.16000366210938,195.1999969482422
2023-12-20 15:30:00-05:00,195.2100067138672,195.75,194.83999633789062,194.83999633789062
2023-12-21 09:30:00-05:00,196.10000610351562,197.0800018310547,194.82000732421875,195.12969970703125
2023-12-21 10:30:00-05:00,195.1300048828125,195.1999969482422,194.2899932861328,194.86000061035156
2023-12-21 11:30:00-05:00,194.86000061035156,194.97000122070312,193.91000366210938,194.0399932861328
2023-12-21 12:30:00-05:00,194.0500030517578,194.25999450683594,193.5,194.05999755859375
2023-12-21 13:30:00-05:00,194.07000732421875,194.24000549316406,193.77000427246094,194.0
2023-12-21 14:30:00-05:00,193.9949951171875,194.4199981689453,193.75999450683594,194.4051055908203
2023-12-21 15:30:00-05:00,194.41000366210938,194.97999572753906,194.3321075439453,194.67999267578125
2023-12-22 09:30:00-05:00,195.17999267578125,195.41000366210938,194.4250030517578,194.6649932861328
2023-12-22 10:30:00-05:00,194.6649932861328,194.74119567871094,194.00999450683594,194.1750030517578
2023-12-22 11:30:00-05:00,194.1699981689453,194.35000610351562,193.83999633789062,194.0500030517578
2023-12-22 12:30:00-05:00,194.05999755859375,194.4600067138672,193.9499969482422,194.1300048828125
2023-12-22 13:30:00-05:00,194.125,194.2949981689453,193.0800018310547,193.1195068359375
2023-12-22 14:30:00-05:00,193.11500549316406,193.97999572753906,192.97000122070312,193.97999572753906
2023-12-22 15:30:00-05:00,193.97500610351562,193.99000549316406,193.48500061035156,193.52999877929688
2023-12-26 09:30:00-05:00,193.61000061035156,193.88999938964844,192.88999938964844,193.07000732421875
2023-12-26 10:30:00-05:00,193.0749969482422,193.44000244140625,192.88999938964844,192.96499633789062
2023-12-26 11:30:00-05:00,192.96499633789062,193.3000030517578,192.9600067138672,193.09500122070312
2023-12-26 12:30:00-05:00,193.09500122070312,193.36000061035156,193.02999877929688,193.13999938964844
2023-12-26 13:30:00-05:00,193.14500427246094,193.16000366210938,192.8300018310547,193.0800018310547
2023-12-26 14:30:00-05:00,193.08999633789062,193.4600067138672,192.9600067138672,193.41209411621094
2023-12-26 15:30:00-05:00,193.4199981689453,193.49000549316406,192.9199981689453,193.0399932861328
2023-12-27 09:30:00-05:00,192.49000549316406,192.89720153808594,191.44500732421875,191.6385040283203
2023-12-27 10:30:00-05:00,191.63499450683594,191.77499389648438,191.08999633789062,191.68040466308594
2023-12-27 11:30:00-05:00,191.67999267578125,192.52999877929688,191.5500030517578,192.47999572753906
2023-12-27 12:30:00-05:00,192.47500610351562,193.14999389648438,192.4600067138672,192.9759979248047
2023-12-27 13:30:00-05:00,192.97900390625,193.5,192.77999877929688,193.14999389648438
2023-12-27 14:30:00-05:00,193.1699981689453,193.24000549316406,192.75999450683594,192.92999267578125
2023-12-27 15:30:00-05:00,192.92999267578125,193.22000122070312,192.72999572753906,193.1699981689453
2023-12-28 09:30:00-05:00,194.13999938964844,194.66000366210938,193.72999572753906,194.2490997314453
2023-12-28 10:30:00-05:00,194.25,194.47999572753906,193.88999938964844,194.0500030517578
2023-12-28 11:30:00-05:00,194.05499267578125,194.42999267578125,193.99000549316406,194.16000366210938
2023-12-28 12:30:00-05:00,194.1649932861328,194.19000244140625,193.5800018310547,193.6999969482422
2023-12-28 13:30:00-05:00,193.6999969482422,194.07000732421875,193.6699981689453,194.01499938964844
2023-12-28 14:30:00-05:00,194.01499938964844,194.08999633789062,193.5500030517578,193.6750030517578
2023-12-28 15:30:00-05:00,193.6699981689453,193.8596954345703,193.1699981689453,193.5800018310547
2023-12-29 09:30:00-05:00,193.89999389648438,194.39999389648438,193.22030639648438,193.50999450683594
2023-12-29 10:30:00-05:00,193.50999450683594,193.5500030517578,191.90989685058594,191.9600067138672
2023-12-29 11:30:00-05:00,191.96499633789062,192.47999572753906,191.72500610351562,191.89999389648438
2023-12-29 12:30:00-05:00,191.90499877929688,192.22999572753906,191.77999877929688,191.89999389648438
2023-12-29 13:30:00-05:00,191.90499877929688,192.4499969482422,191.89999389648438,192.1199951171875
2023-12-29 14:30:00-05:00,192.11500549316406,192.72999572753906,192.11000061035156,192.67999267578125
2023-12-29 15:30:00-05:00,192.6750030517578,193.1300048828125,192.02000427246094,192.52000427246094
2024-01-02 09:30:00-05:00,187.80099487304688,188.44000244140625,186.00999450683594,186.1898956298828
2024-01-02 10:30:00-05:00,186.17999267578125,186.90499877929688,185.18429565429688,186.80499267578125
2024-01-02 11:30:00-05:00,186.8000030517578,187.35000610351562,186.57000732421875,186.61500549316406
2024-01-02 12:30:00-05:00,186.61500549316406,187.0399932861328,185.25999450683594,185.2949981689453
2024-01-02 13:30:00-05:00,185.2899932861328,185.5399932861328,184.22999572753906,184.4949951171875
2024-01-02 14:30:00-05:00,184.49000549316406,184.67999267578125,183.88499450683594,184.4199981689453
2024-01-02 15:30:00-05:00,184.4199981689453,185.63999938964844,184.4149932861328,185.52499389648438
2024-01-03 09:30:00-05:00,184.66799926757812,185.8800048828125,183.6300048828125,183.9586944580078
2024-01-03 10:30:00-05:00,183.9550018310547,184.27000427246094,183.4499969482422,184.1999969482422
2024-01-03 11:30:00-05:00,184.19000244140625,184.3800048828125,183.42999267578125,183.92999267578125
2024-01-03 12:30:00-05:00,183.92709350585938,184.5500030517578,183.85169982910156,184.4730987548828
2024-01-03 13:30:00-05:00,184.47500610351562,184.82000732421875,183.80499267578125,184.74000549316406
2024-01-03 14:30:00-05:00,184.74949645996094,184.94000244140625,184.21009826660156,184.38999938964844
2024-01-03 15:30:00-05:00,184.38999938964844,184.52000427246094,183.75,184.25
2024-01-04 09:30:00-05:00,182.14999389648438,183.0872039794922,181.22760009765625,181.67999267578125
2024-01-04 10:30:00-05:00,181.6699981689453,182.35499572753906,180.8800048828125,182.125
2024-01-04 11:30:00-05:00,182.1269989013672,182.44000244140625,181.32000732421875,182.13999938964844
2024-01-04 12:30:00-05:00,182.1300048828125,182.99000549316406,181.9600067138672,182.9149932861328
2024-01-04 13:30:00-05:00,182.91000366210938,183.07000732421875,182.4199981689453,182.5
2024-01-04 14:30:00-05:00,182.5,182.66000366210938,181.87210083007812,181.94009399414062
2024-01-04 15:30:00-05:00,181.94500732421875,182.4149932861328,181.42999267578125,181.9199981689453
2024-01-05 09:30:00-05:00,181.99000549316406,182.75999450683594,181.52000427246094,182.07000732421875
2024-01-05 10:30:00-05:00,182.06629943847656,182.74000549316406,181.96499633789062,182.0876007080078
2024-01-05 11:30:00-05:00,182.0800018310547,182.22500610351562,181.32000732421875,181.36500549316406
2024-01-05 12:30:00-05:00,181.36000061035156,181.86000061035156,181.2100067138672,181.74000549316406
2024-01-05 13:30:00-05:00,181.7449951171875,182.22999572753906,180.4199981689453,181.1199951171875
2024-01-05 14:30:00-05:00,181.11000061035156,181.38999938964844,180.1699981689453,180.27999877929688
2024-01-05 15:30:00-05:00,180.2799072265625,181.25999450683594,180.23809814453125,181.1699981689453
2024-01-08 09:30:00-05:00,182.0850067138672,183.88499450683594,181.5,183.80999755859375
2024-01-08 10:30:00-05:00,183.82000732421875,183.8800048828125,183.2100067138672,183.2449951171875
2024-01-08 11:30:00-05:00,183.2449951171875,184.57000732421875,183.23500061035156,183.99009704589844
2024-01-08 12:30:00-05:00,184.0,184.47000122070312,183.9600067138672,184.11500549316406
2024-01-08 13:30:00-05:00,184.1199951171875,184.875,184.0500030517578,184.83250427246094
2024-01-08 14:30:00-05:00,184.83999633789062,185.4199981689453,184.6999969482422,185.22000122070312
2024-01-08 15:30:00-05:00,185.21499633789062,185.60000610351562,184.91000366210938,185.5500030517578
2024-01-09 09:30:00-05:00,183.9199981689453,184.22999572753906,182.72999572753906,183.52499389648438
2024-01-09 10:30:00-05:00,183.52999877929688,184.25999450683594,183.2100067138672,184.22999572753906
2024-01-09 11:30:00-05:00,184.22999572753906,184.8300018310547,184.14999389648438,184.44000244140625
2024-01-09 12:30:00-05:00,184.44000244140625,184.9199981689453,184.38999938964844,184.39999389648438
2024-01-09 13:30:00-05:00,184.39999389648438,184.72999572753906,184.0399932861328,184.31500244140625
2024-01-09 14:30:00-05:00,184.3101043701172,184.89999389648438,184.30020141601562,184.77000427246094
2024-01-09 15:30:00-05:00,184.77999877929688,185.14999389648438,184.41000366210938,185.11000061035156
2024-01-10 09:30:00-05:00,184.35000610351562,184.9600067138672,183.9199981689453,184.5500030517578
2024-01-10 10:30:00-05:00,184.5449981689453,185.00999450683594,184.22250366210938,184.50999450683594
2024-01-10 11:30:00-05:00,184.51499938964844,184.5500030517578,184.0500030517578,184.27000427246094
2024-01-10 12:30:00-05:00,184.27000427246094,184.5749969482422,184.0800018310547,184.375
2024-01-10 13:30:00-05:00,184.3800048828125,185.67999267578125,184.35499572753906,185.625
2024-01-10 14:30:00-05:00,185.6300048828125,186.39999389648438,185.6199951171875,185.8249969482422
2024-01-10 15:30:00-05:00,185.8300018310547,186.27000427246094,185.27000427246094,186.13999938964844
2024-01-11 09:30:00-05:00,186.5399932861328,187.0500030517578,183.6199951171875,184.3699951171875
2024-01-11 10:30:00-05:00,184.36500549316406,184.8800048828125,183.8350067138672,184.19000244140625
2024-01-11 11:30:00-05:00,184.18499755859375,184.4499969482422,183.8350067138672,184.0500030517578
2024-01-11 12:30:00-05:00,184.0749969482422,184.77720642089844,184.0749969482422,184.65499877929688
2024-01-11 13:30:00-05:00,184.6699981689453,185.5399932861328,184.55999755859375,185.51499938964844
2024-01-11 14:30:00-05:00,185.52000427246094,185.6999969482422,184.7550048828125,185.3699951171875
2024-01-11 15:30:00-05:00,185.3699951171875,185.77000427246094,185.32000732421875,185.5800018310547
2024-01-12 09:30:00-05:00,186.05999755859375,186.74000549316406,185.48500061035156,185.7899932861328
2024-01-12 10:30:00-05:00,185.8000030517578,186.05999755859375,185.19000244140625,185.875
2024-01-12 11:30:00-05:00,185.875,185.9250030517578,185.38999938964844,185.6199951171875
2024-01-12 12:30:00-05:00,185.61500549316406,185.83999633789062,185.42999267578125,185.79379272460938
2024-01-12 13:30:00-05:00,185.8000030517578,186.06689453125,185.60000610351562,185.61000061035156
2024-01-12 14:30:00-05:00,185.60330200195312,185.61000061035156,185.22000122070312,185.51499938964844
2024-01-12 15:30:00-05:00,185.52000427246094,185.97999572753906,185.4658966064453,185.9199981689453
2024-01-16 09:30:00-05:00,182.5,182.85000610351562,180.9340057373047,182.75999450683594
2024-01-16 10:30:00-05:00,182.77000427246094,184.25999450683594,182.52000427246094,183.9499969482422
2024-01-16 11:30:00-05:00,183.9600067138672,184.16000366210938,182.3800048828125,182.4149932861328
2024-01-16 12:30:00-05:00,182.4199981689453,182.92999267578125,182.2100067138672,182.73500061035156
2024-01-16 13:30:00-05:00,182.75,182.9499053955078,182.13999938964844,182.45860290527344
2024-01-16 14:30:00-05:00,182.4550018310547,183.25999450683594,182.27000427246094,183.1699981689453
2024-01-16 15:30:00-05:00,183.17999267578125,183.6300048828125,183.13499450683594,183.61000061035156
2024-01-17 09:30:00-05:00,181.27000427246094,181.83999633789062,180.3000030517578,181.6999969482422
2024-01-17 10:30:00-05:00,181.68499755859375,182.06500244140625,181.3000030517578,181.80499267578125
2024-01-17 11:30:00-05:00,181.80999755859375,182.3300018310547,181.48800659179688,182.1199951171875
2024-01-17 12:30:00-05:00,182.1199951171875,182.53500366210938,181.8300018310547,182.1199951171875
2024-01-17 13:30:00-05:00,182.11500549316406,182.5500030517578,181.3699951171875,182.5355987548828
2024-01-17 14:30:00-05:00,182.5377960205078,182.6800994873047,182.0500946044922,182.20550537109375
2024-01-17 15:30:00-05:00,182.2050018310547,182.92999267578125,182.17999267578125,182.66000366210938
2024-01-18 09:30:00-05:00,186.08999633789062,187.64999389648438,185.8300018310547,187.45010375976562
2024-01-18 10:30:00-05:00,187.4600067138672,188.9600067138672,187.27000427246094,188.77000427246094
2024-01-18 11:30:00-05:00,188.76499938964844,188.77999877929688,187.67999267578125,187.92999267578125
2024-01-18 12:30:00-05:00,187.92999267578125,187.92999267578125,186.75010681152344,186.9250030517578
2024-01-18 13:30:00-05:00,186.92999267578125,188.9499969482422,186.9199981689453,188.92449951171875
2024-01-18 14:30:00-05:00,188.9250030517578,189.13999938964844,188.7050018310547,188.95989990234375
2024-01-18 15:30:00-05:00,188.9600067138672,188.99000549316406,188.50999450683594,188.72999572753906
2024-01-19 09:30:00-05:00,189.3300018310547,189.96499633789062,188.82000732421875,189.94009399414062
2024-01-19 10:30:00-05:00,189.94000244140625,190.16000366210938,189.5800018310547,189.91000366210938
2024-01-19 11:30:00-05:00,189.89999389648438,190.42999267578125,189.33009338378906,190.31500244140625
2024-01-19 12:30:00-05:00,190.32000732421875,190.99000549316406,190.27999877929688,190.93499755859375
2024-01-19 13:30:00-05:00,190.9344940185547,191.9499969482422,190.9250030517578,191.47000122070312
2024-01-19 14:30:00-05:00,191.47999572753906,191.74000549316406,191.1699981689453,191.43499755859375
2024-01-19 15:30:00-05:00,191.43429565429688,191.82000732421875,191.32000732421875,191.5800018310547
2024-01-22 09:30:00-05:00,192.42999267578125,194.9499969482422,192.42999267578125,194.75
2024-01-22 10:30:00-05:00,194.77000427246094,195.3300018310547,193.14999389648438,193.77999877929688
2024-01-22 11:30:00-05:00,193.7899932861328,193.85499572753906,193.02999877929688,193.66749572753906
2024-01-22 12:30:00-05:00,193.66319274902344,194.13999938964844,193.50999450683594,193.75729370117188
2024-01-22 13:30:00-05:00,193.75999450683594,194.5,193.7449951171875,194.3800048828125
2024-01-22 14:30:00-05:00,194.38999938964844,194.57000732421875,193.7050018310547,193.9001007080078
2024-01-22 15:30:00-05:00,193.89999389648438,193.9199981689453,193.4600067138672,193.8699951171875
2024-01-23 09:30:00-05:00,195.02000427246094,195.75,193.82989501953125,194.19500732421875
2024-01-23 10:30:00-05:00,194.1999969482422,194.57000732421875,194.0,194.32000732421875
2024-01-23 11:30:00-05:00,194.32000732421875,194.77999877929688,194.20010375976562,194.6649932861328
2024-01-23 12:30:00-05:00,194.6699981689453,195.24000549316406,194.4949951171875,195.05499267578125
2024-01-23 13:30:00-05:00,195.0500030517578,195.14999389648438,194.57000732421875,194.73399353027344
2024-01-23 14:30:00-05:00,194.64500427246094,195.19000244140625,194.57000732421875,194.8350067138672
2024-01-23 15:30:00-05:00,194.8350067138672,195.25,194.65989685058594,195.16000366210938
2024-01-24 09:30:00-05:00,195.4199981689453,196.3800048828125,194.66000366210938,196.0
2024-01-24 10:30:00-05:00,195.99009704589844,196.33999633789062,195.27000427246094,195.39999389648438
2024-01-24 11:30:00-05:00,195.41000366210938,195.89999389648438,195.34500122070312,195.75
2024-01-24 12:30:00-05:00,195.75270080566406,196.0800018310547,195.21499633789062,195.65499877929688
2024-01-24 13:30:00-05:00,195.66000366210938,195.66009521484375,194.69000244140625,194.80999755859375
2024-01-24 14:30:00-05:00,194.80999755859375,195.21820068359375,194.5500030517578,194.6566925048828
2024-01-24 15:30:00-05:00,194.65989685058594,195.10000610351562,194.33999633789062,194.50999450683594
2024-01-25 09:30:00-05:00,195.30499267578125,195.58999633789062,194.6300048828125,195.35499572753906
2024-01-25 10:30:00-05:00,195.36000061035156,195.8699951171875,195.13999938964844,195.83999633789062
2024-01-25 11:30:00-05:00,195.83999633789062,196.2675018310547,195.52999877929688,195.74000549316406
2024-01-25 12:30:00-05:00,195.75,195.9573974609375,194.10000610351562,194.7100067138672
2024-01-25 13:30:00-05:00,194.7050018310547,194.93499755859375,193.75169372558594,193.91110229492188
2024-01-25 14:30:00-05:00,193.9149932861328,194.1300048828125,193.1125030517578,193.85350036621094
2024-01-25 15:30:00-05:00,193.85499572753906,194.30999755859375,193.75999450683594,194.19000244140625
2024-01-26 09:30:00-05:00,194.27000427246094,194.75999450683594,193.75,194.68499755859375
2024-01-26 10:30:00-05:00,194.69000244140625,194.7449951171875,194.36000061035156,194.38999938964844
2024-01-26 11:30:00-05:00,194.39999389648438,194.47500610351562,193.60000610351562,193.72000122070312
2024-01-26 12:30:00-05:00,193.70010375976562,193.7100067138672,192.27000427246094,192.66000366210938
2024-01-26 13:30:00-05:00,192.66000366210938,192.72999572753906,192.27000427246094,192.47509765625
2024-01-26 14:30:00-05:00,192.47999572753906,192.97500610351562,192.33999633789062,192.4250030517578
2024-01-26 15:30:00-05:00,192.4250030517578,192.58999633789062,191.94000244140625,192.3699951171875
2024-01-29 09:30:00-05:00,192.00999450683594,192.17799377441406,189.5800018310547,190.8699951171875
2024-01-29 10:30:00-05:00,190.8699951171875,191.14999389648438,190.40499877929688,190.69000244140625
2024-01-29 11:30:00-05:00,190.68499755859375,191.13890075683594,190.39999389648438,191.02999877929688
2024-01-29 12:30:00-05:00,191.03500366210938,191.2899932861328,190.77999877929688,191.25
2024-01-29 13:30:00-05:00,191.25999450683594,191.6199951171875,191.2100067138672,191.53500366210938
2024-01-29 14:30:00-05:00,191.5355987548828,192.1999969482422,191.27999877929688,191.93499755859375
2024-01-29 15:30:00-05:00,191.93499755859375,192.10499572753906,191.38999938964844,191.77999877929688
2024-01-30 09:30:00-05:00,190.94000244140625,191.8000030517578,189.4600067138672,189.9499969482422
2024-01-30 10:30:00-05:00,189.92999267578125,190.25,187.86500549316406,188.6531982421875
2024-01-30 11:30:00-05:00,188.65499877929688,188.94000244140625,188.22999572753906,188.41000366210938
2024-01-30 12:30:00-05:00,188.39999389648438,188.57000732421875,187.67999267578125,188.56399536132812
2024-01-30 13:30:00-05:00,188.55999755859375,188.639892578125,187.47000122070312,187.84500122070312
2024-01-30 14:30:00-05:00,187.84500122070312,188.27999877929688,187.77000427246094,188.07000732421875
2024-01-30 15:30:00-05:00,188.06500244140625,188.13999938964844,187.8000030517578,187.97999572753906
2024-01-31 09:30:00-05:00,187.0399932861328,187.09500122070312,184.7899932861328,185.01499938964844
2024-01-31 10:30:00-05:00,185.02000427246094,185.8699951171875,184.89999389648438,185.7198944091797
2024-01-31 11:30:00-05:00,185.72000122070312,186.11000061035156,185.4199981689453,186.08999633789062
2024-01-31 12:30:00-05:00,186.0800018310547,186.44000244140625,185.8332977294922,186.16000366210938
2024-01-31 13:30:00-05:00,186.1699981689453,186.52999877929688,185.25999450683594,185.6699981689453
2024-01-31 14:30:00-05:00,185.6699981689453,186.94000244140625,185.03500366210938,185.52000427246094
2024-01-31 15:30:00-05:00,185.52000427246094,185.5886993408203,184.35000610351562,184.36000061035156
2024-02-01 09:30:00-05:00,184.25,186.17999267578125,183.9600067138672,186.10499572753906
2024-02-01 10:30:00-05:00,186.1199951171875,186.30999755859375,185.2899932861328,185.39500427246094
2024-02-01 11:30:00-05:00,185.38999938964844,186.2949981689453,185.36000061035156,185.88999938964844
2024-02-01 12:30:00-05:00,185.88999938964844,186.44000244140625,185.57000732421875,185.72999572753906
2024-02-01 13:30:00-05:00,185.74000549316406,186.15499877929688,185.25999450683594,185.97500610351562
2024-02-01 14:30:00-05:00,185.9799041748047,186.8000030517578,185.881103515625,186.66000366210938
2024-02-01 15:30:00-05:00,186.64999389648438,186.9499969482422,186.36000061035156,186.88999938964844
2024-02-02 09:30:00-05:00,180.4499969482422,184.1699981689453,180.0500030517578,183.31500244140625
2024-02-02 10:30:00-05:00,183.3300018310547,187.3300018310547,183.16000366210938,187.0
2024-02-02 11:30:00-05:00,187.00999450683594,187.10000610351562,185.8300018310547,187.02090454101562
2024-02-02 12:30:00-05:00,187.02999877929688,187.1199951171875,184.85400390625,186.03500366210938
2024-02-02 13:30:00-05:00,186.0399932861328,186.24000549316406,185.58999633789062,186.0800018310547
2024-02-02 14:30:00-05:00,186.08999633789062,187.07000732421875,186.0800018310547,186.72999572753906
2024-02-02 15:30:00-05:00,186.73500061035156,186.88999938964844,185.8300018310547,185.83999633789062
2024-02-05 09:30:00-05:00,187.125,188.36000061035156,185.83999633789062,186.6999969482422
2024-02-05 10:30:00-05:00,186.6699981689453,187.75999450683594,186.11000061035156,187.25
2024-02-05 11:30:00-05:00,187.25,188.49000549316406,187.2301025390625,188.42999267578125
2024-02-05 12:30:00-05:00,188.42999267578125,189.25,188.4199981689453,188.54010009765625
2024-02-05 13:30:00-05:00,188.54010009765625,189.02000427246094,188.38499450683594,188.46499633789062
2024-02-05 14:30:00-05:00,188.48699951171875,188.83999633789062,188.02999877929688,188.35000610351562
2024-02-05 15:30:00-05:00,188.33999633789062,188.4199981689453,187.63999938964844,187.6699981689453
2024-02-06 09:30:00-05:00,186.86000061035156,188.6300048828125,186.76950073242188,187.92999267578125
2024-02-06 10:30:00-05:00,187.91000366210938,188.86000061035156,187.27000427246094,188.81500244140625
2024-02-06 11:30:00-05:00,188.82000732421875,189.13999938964844,188.41000366210938,188.83999633789062
2024-02-06 12:30:00-05:00,188.83999633789062,189.0,188.42999267578125,188.88999938964844
2024-02-06 13:30:00-05:00,188.89500427246094,188.94000244140625,188.36109924316406,188.44850158691406
2024-02-06 14:30:00-05:00,188.4499969482422,188.6383056640625,188.22999572753906,188.35499572753906
2024-02-06 15:30:00-05:00,188.36000061035156,189.30999755859375,188.1699981689453,189.2899932861328
2024-02-07 09:30:00-05:00,190.63999938964844,191.0500030517578,188.61000061035156,190.37100219726562
2024-02-07 10:30:00-05:00,190.3800048828125,190.39999389648438,188.80599975585938,189.0749969482422
2024-02-07 11:30:00-05:00,189.0749969482422,189.27000427246094,188.80999755859375,188.9949951171875
2024-02-07 12:30:00-05:00,189.0,189.1750030517578,188.64999389648438,189.1199951171875
2024-02-07 13:30:00-05:00,189.1300048828125,189.2949981689453,188.86000061035156,188.97340393066406
2024-02-07 14:30:00-05:00,188.97999572753906,189.41000366210938,188.88999938964844,189.1750030517578
2024-02-07 15:30:00-05:00,189.1750030517578,189.4199981689453,188.93499755859375,189.41000366210938
2024-02-08 09:30:00-05:00,189.38499450683594,189.53500366210938,187.77000427246094,187.79640197753906
2024-02-08 10:30:00-05:00,187.8000030517578,188.22000122070312,187.35000610351562,188.0050048828125
2024-02-08 11:30:00-05:00,187.99070739746094,188.7198944091797,187.93499755859375,188.6999969482422
2024-02-08 12:30:00-05:00,188.70899963378906,188.75,188.0,188.22999572753906
2024-02-08 13:30:00-05:00,188.22999572753906,188.35000610351562,187.99000549316406,188.02000427246094
2024-02-08 14:30:00-05:00,188.01499938964844,188.44500732421875,187.99000549316406,188.33999633789062
2024-02-08 15:30:00-05:00,188.35499572753906,188.4199981689453,188.07000732421875,188.33999633789062
2024-02-09 09:30:00-05:00,188.64999389648438,188.92999267578125,188.0,188.49000549316406
2024-02-09 10:30:00-05:00,188.49000549316406,189.86000061035156,188.39999389648438,189.58580017089844
2024-02-09 11:30:00-05:00,189.58839416503906,189.99000549316406,189.10009765625,189.33999633789062
2024-02-09 12:30:00-05:00,189.3350067138672,189.67999267578125,189.14999389648438,189.4700927734375
2024-02-09 13:30:00-05:00,189.47999572753906,189.52999877929688,188.6999969482422,188.85000610351562
2024-02-09 14:30:00-05:00,188.8406982421875,189.02999877929688,188.56500244140625,188.80999755859375
2024-02-09 15:30:00-05:00,188.80999755859375,188.91000366210938,188.57000732421875,188.82000732421875
2024-02-12 09:30:00-05:00,188.4149932861328,188.6699981689453,187.44000244140625,187.46859741210938
2024-02-12 10:30:00-05:00,187.47000122070312,188.05999755859375,187.38009643554688,187.99000549316406
2024-02-12 11:30:00-05:00,187.99000549316406,188.17999267578125,187.6999969482422,187.86500549316406
2024-02-12 12:30:00-05:00,187.8603057861328,188.3699951171875,187.86019897460938,187.97500610351562
2024-02-12 13:30:00-05:00,187.97500610351562,188.1096954345703,187.41000366210938,187.4499969482422
2024-02-12 14:30:00-05:00,187.44500732421875,187.5,186.7899932861328,187.11000061035156
2024-02-12 15:30:00-05:00,187.10890197753906,187.4499969482422,186.8800048828125,187.17999267578125
2024-02-13 09:30:00-05:00,185.77000427246094,186.2100067138672,184.17999267578125,185.47079467773438
2024-02-13 10:30:00-05:00,185.4799041748047,186.11990356445312,185.36000061035156,185.61000061035156
2024-02-13 11:30:00-05:00,185.59500122070312,185.73939514160156,185.25160217285156,185.47500610351562
2024-02-13 12:30:00-05:00,185.47999572753906,185.77000427246094,185.11000061035156,185.2949981689453
2024-02-13 13:30:00-05:00,185.2899932861328,185.3800048828125,184.19000244140625,184.28500366210938
2024-02-13 14:30:00-05:00,184.27999877929688,184.59500122070312,183.51280212402344,183.7299041748047
2024-02-13 15:30:00-05:00,183.72500610351562,185.1999969482422,183.69000244140625,185.02999877929688
2024-02-14 09:30:00-05:00,185.32000732421875,185.52999877929688,183.4199981689453,183.8000030517578
2024-02-14 10:30:00-05:00,183.80499267578125,183.9600067138672,182.80349731445312,183.49000549316406
2024-02-14 11:30:00-05:00,183.49000549316406,183.60000610351562,182.50999450683594,182.8000030517578
2024-02-14 12:30:00-05:00,182.8000030517578,182.92739868164062,182.44000244140625,182.57000732421875
2024-02-14 13:30:00-05:00,182.5800018310547,183.19000244140625,182.49000549316406,183.14999389648438
2024-02-14 14:30:00-05:00,183.16000366210938,183.55999755859375,182.80999755859375,183.52499389648438
2024-02-14 15:30:00-05:00,183.52999877929688,184.27000427246094,183.42449951171875,184.02000427246094
2024-02-15 09:30:00-05:00,183.5500030517578,184.0894012451172,181.35000610351562,181.8800048828125
2024-02-15 10:30:00-05:00,181.89999389648438,182.1199951171875,181.44000244140625,181.99000549316406
2024-02-15 11:30:00-05:00,182.0,182.24989318847656,181.55999755859375,182.02499389648438
2024-02-15 12:30:00-05:00,182.02999877929688,182.19500732421875,181.6649932861328,182.0500030517578
2024-02-15 13:30:00-05:00,182.0458984375,182.4600067138672,181.86000061035156,181.97889709472656
2024-02-15 14:30:00-05:00,181.97000122070312,182.64999389648438,181.74000549316406,182.38009643554688
2024-02-15 15:30:00-05:00,182.38690185546875,184.49000549316406,182.2100067138672,183.9499969482422
2024-02-16 09:30:00-05:00,183.75,184.85000610351562,181.86000061035156,182.5449981689453
2024-02-16 10:30:00-05:00,182.5500030517578,183.44729614257812,182.4199981689453,183.14999389648438
2024-02-16 11:30:00-05:00,183.15499877929688,183.2899932861328,182.72000122070312,182.94009399414062
2024-02-16 12:30:00-05:00,182.9499969482422,183.00999450683594,182.47999572753906,182.64999389648438
2024-02-16 13:30:00-05:00,182.65699768066406,183.17999267578125,182.48500061035156,183.14300537109375
2024-02-16 14:30:00-05:00,183.1488037109375,183.19749450683594,182.02999877929688,182.25599670410156
2024-02-16 15:30:00-05:00,182.25999450683594,182.30999755859375,181.6649932861328,182.2899932861328
2024-02-20 09:30:00-05:00,182.0,182.42999267578125,180.2449951171875,180.4600067138672
2024-02-20 10:30:00-05:00,180.4600067138672,181.1649932861328,180.0,181.125
2024-02-20 11:30:00-05:00,181.1300048828125,181.3699951171875,180.60000610351562,180.7449951171875
2024-02-20 12:30:00-05:00,180.7449951171875,180.9499969482422,180.44000244140625,180.50999450683594
2024-02-20 13:30:00-05:00,180.5050048828125,180.83999633789062,180.39999389648438,180.69000244140625
2024-02-20 14:30:00-05:00,180.69000244140625,181.4600067138672,180.47000122070312,181.38270568847656
2024-02-20 15:30:00-05:00,181.38999938964844,181.66000366210938,180.86000061035156,181.61000061035156
2024-02-21 09:30:00-05:00,181.60000610351562,182.8887939453125,181.55499267578125,182.55999755859375
2024-02-21 10:30:00-05:00,182.55999755859375,182.64999389648438,182.07000732421875,182.15499877929688
2024-02-21 11:30:00-05:00,182.14999389648438,182.3300018310547,181.36000061035156,181.38999938964844
2024-02-21 12:30:00-05:00,181.38999938964844,181.72500610351562,181.05999755859375,181.4199981689453
2024-02-21 13:30:00-05:00,181.42999267578125,181.52000427246094,180.66000366210938,180.9499969482422
2024-02-21 14:30:00-05:00,180.9499969482422,181.30499267578125,180.76499938964844,181.2050018310547
2024-02-21 15:30:00-05:00,181.2100067138672,182.38999938964844,181.2050018310547,182.3300018310547
2024-02-22 09:30:00-05:00,183.83999633789062,184.0399932861328,182.5240020751953,183.05499267578125
2024-02-22 10:30:00-05:00,183.05999755859375,183.2967987060547,182.4600067138672,183.03500366210938
2024-02-22 11:30:00-05:00,183.0399932861328,183.25999450683594,182.74000549316406,183.05999755859375
2024-02-22 12:30:00-05:00,183.07000732421875,184.11000061035156,183.0,184.0399932861328
2024-02-22 13:30:00-05:00,184.0500030517578,184.9499969482422,183.94000244140625,184.94000244140625
2024-02-22 14:30:00-05:00,184.94000244140625,184.9550018310547,184.38999938964844,184.55999755859375
2024-02-22 15:30:00-05:00,184.56739807128906,184.6199951171875,184.17999267578125,184.3699951171875
2024-02-23 09:30:00-05:00,185.00999450683594,185.0399932861328,183.2949981689453,183.3000030517578
2024-02-23 10:30:00-05:00,183.2949981689453,183.55599975585938,182.63999938964844,183.0590057373047
2024-02-23 11:30:00-05:00,183.05499267578125,183.11500549316406,182.39010620117188,182.55999755859375
2024-02-23 12:30:00-05:00,182.55499267578125,182.9600067138672,182.30999755859375,182.9550018310547
2024-02-23 13:30:00-05:00,182.9550018310547,182.97000122070312,182.4302978515625,182.47000122070312
2024-02-23 14:30:00-05:00,182.47999572753906,182.69500732421875,182.44000244140625,182.5850067138672
2024-02-23 15:30:00-05:00,182.58999633789062,182.82000732421875,182.22999572753906,182.50999450683594
2024-02-26 09:30:00-05:00,182.39999389648438,182.75999450683594,181.14840698242188,181.60220336914062
2024-02-26 10:30:00-05:00,181.61000061035156,181.85000610351562,180.74000549316406,180.94000244140625
2024-02-26 11:30:00-05:00,180.94000244140625,181.25999450683594,180.8350067138672,180.97000122070312
2024-02-26 12:30:00-05:00,180.9730987548828,181.3300018310547,180.64999389648438,180.98500061035156
2024-02-26 13:30:00-05:00,180.99000549316406,181.72999572753906,180.85000610351562,181.71200561523438
2024-02-26 14:30:00-05:00,181.7100067138672,181.77999877929688,181.25999450683594,181.3800048828125
2024-02-26 15:30:00-05:00,181.3800048828125,181.47000122070312,181.0749969482422,181.13999938964844
2024-02-27 09:30:00-05:00,181.25,181.6699981689453,180.3000030517578,181.1699981689453
2024-02-27 10:30:00-05:00,181.16009521484375,181.27000427246094,180.75999450683594,180.86279296875
2024-02-27 11:30:00-05:00,180.86000061035156,181.01010131835938,180.5500030517578,180.69000244140625
2024-02-27 12:30:00-05:00,180.68499755859375,180.7899932861328,180.04010009765625,180.06539916992188
2024-02-27 13:30:00-05:00,180.07000732421875,182.60000610351562,179.55999755859375,182.60000610351562
2024-02-27 14:30:00-05:00,182.597900390625,183.92250061035156,182.17999267578125,182.60499572753906
2024-02-27 15:30:00-05:00,182.60000610351562,182.75,182.27999877929688,182.6300048828125
2024-02-28 09:30:00-05:00,182.50999450683594,183.1199951171875,181.11000061035156,181.16000366210938
2024-02-28 10:30:00-05:00,181.16000366210938,181.76499938964844,180.9600067138672,181.60150146484375
2024-02-28 11:30:00-05:00,181.6199951171875,181.6699981689453,180.60000610351562,180.7010040283203
2024-02-28 12:30:00-05:00,180.70469665527344,180.70469665527344,180.1300048828125,180.60220336914062
2024-02-28 13:30:00-05:00,180.61000061035156,180.92999267578125,180.5301055908203,180.61990356445312
2024-02-28 14:30:00-05:00,180.60499572753906,180.86000061035156,180.35000610351562,180.8350067138672
2024-02-28 15:30:00-05:00,180.8350067138672,181.47000122070312,180.8350067138672,181.4199981689453
2024-02-29 09:30:00-05:00,182.0,182.36000061035156,181.2899932861328,181.6199951171875
2024-02-29 10:30:00-05:00,181.62530517578125,181.7100067138672,180.4199981689453,180.42999267578125
2024-02-29 11:30:00-05:00,180.4250030517578,180.42999267578125,179.52999877929688,179.82000732421875
2024-02-29 12:30:00-05:00,179.82000732421875,180.8000030517578,179.64999389648438,180.3800048828125
2024-02-29 13:30:00-05:00,180.3800048828125,180.49000549316406,179.67999267578125,180.11000061035156
2024-02-29 14:30:00-05:00,180.1199951171875,180.6999969482422,179.86000061035156,180.5850067138672
2024-02-29 15:30:00-05:00,180.5850067138672,181.11000061035156,179.57000732421875,180.77000427246094
2024-03-01 09:30:00-05:00,180.10000610351562,180.43310546875,178.29600524902344,178.30850219726562
2024-03-01 10:30:00-05:00,178.30999755859375,178.47000122070312,177.6699981689453,178.22999572753906
2024-03-01 11:30:00-05:00,178.25,178.25,177.3800048828125,178.0399932861328
2024-03-01 12:30:00-05:00,178.04220581054688,178.8000030517578,177.9499969482422,178.70010375976562
2024-03-01 13:30:00-05:00,178.7050018310547,180.22000122070312,178.55999755859375,180.1999969482422
2024-03-01 14:30:00-05:00,180.1999969482422,180.2050018310547,179.5500030517578,179.67999267578125
2024-03-01 15:30:00-05:00,179.67999267578125,179.8000030517578,179.4149932861328,179.63999938964844
2024-03-04 09:30:00-05:00,175.8000030517578,176.8300018310547,173.92999267578125,174.1699981689453
2024-03-04 10:30:00-05:00,174.19000244140625,175.02000427246094,173.89999389648438,174.81500244140625
2024-03-04 11:30:00-05:00,174.82000732421875,175.0050048828125,174.00999450683594,174.6269989013672
2024-03-04 12:30:00-05:00,174.6300048828125,174.67999267578125,173.79010009765625,173.90499877929688
2024-03-04 13:30:00-05:00,173.89999389648438,174.5050048828125,173.7949981689453,174.35000610351562
2024-03-04 14:30:00-05:00,174.35629272460938,175.64500427246094,174.35499572753906,175.44000244140625
2024-03-04 15:30:00-05:00,175.44500732421875,175.5,174.9499969482422,175.08999633789062
2024-03-05 09:30:00-05:00,171.0,171.97000122070312,169.89999389648438,169.91000366210938
2024-03-05 10:30:00-05:00,169.9199981689453,170.82000732421875,169.6199951171875,170.61000061035156
2024-03-05 11:30:00-05:00,170.07000732421875,170.89500427246094,169.86000061035156,170.78500366210938
2024-03-05 12:30:00-05:00,170.78500366210938,170.82870483398438,170.14999389648438,170.47000122070312
2024-03-05 13:30:00-05:00,170.4600067138672,170.4720001220703,169.94000244140625,170.04400634765625
2024-03-05 14:30:00-05:00,170.04989624023438,170.24830627441406,169.7899932861328,169.97999572753906
2024-03-05 15:30:00-05:00,169.99000549316406,170.1999969482422,169.8300018310547,170.1699981689453
2024-03-06 09:30:00-05:00,170.42999267578125,171.07000732421875,168.92999267578125,169.5800018310547
2024-03-06 10:30:00-05:00,169.58999633789062,170.0500030517578,169.27000427246094,169.77999877929688
2024-03-06 11:30:00-05:00,169.77499389648438,170.3000030517578,169.3350067138672,170.17990112304688
2024-03-06 12:30:00-05:00,170.1750030517578,170.35000610351562,169.91000366210938,169.9915008544922
2024-03-06 13:30:00-05:00,169.9949951171875,170.0449981689453,168.67999267578125,169.10000610351562
2024-03-06 14:30:00-05:00,169.11000061035156,169.24000549316406,168.6999969482422,169.0
2024-03-06 15:30:00-05:00,169.00999450683594,169.39500427246094,168.8699951171875,169.1199951171875
2024-03-07 09:30:00-05:00,169.14999389648438,169.77999877929688,168.49000549316406,168.97000122070312
2024-03-07 10:30:00-05:00,168.97999572753906,169.52999877929688,168.61000061035156,169.27999877929688
2024-03-07 11:30:00-05:00,169.2899932861328,169.60000610351562,168.9199981689453,169.16000366210938
2024-03-07 12:30:00-05:00,169.1699981689453,169.64999389648438,168.99000549316406,169.625
2024-03-07 13:30:00-05:00,169.6300048828125,170.72999572753906,169.5500030517578,170.10000610351562
2024-03-07 14:30:00-05:00,170.08999633789062,170.44000244140625,169.60049438476562,169.610107421875
2024-03-07 15:30:00-05:00,169.61500549316406,169.66000366210938,168.89999389648438,168.97999572753906
2024-03-08 09:30:00-05:00,169.0,171.8489990234375,168.94000244140625,171.77999877929688
2024-03-08 10:30:00-05:00,171.77999877929688,172.0500030517578,171.02000427246094,171.6199951171875
2024-03-08 11:30:00-05:00,171.6199951171875,172.77000427246094,170.92999267578125,172.71499633789062
2024-03-08 12:30:00-05:00,172.72000122070312,172.7899932861328,171.7100067138672,172.22999572753906
2024-03-08 13:30:00-05:00,172.23500061035156,173.5,172.08999633789062,173.47000122070312
2024-03-08 14:30:00-05:00,173.47000122070312,173.6999969482422,171.34500122070312,171.39999389648438
2024-03-08 15:30:00-05:00,171.41000366210938,171.73280334472656,170.72000122070312,170.74000549316406
2024-03-11 09:30:00-04:00,173.25,174.25,172.8300018310547,173.35000610351562
2024-03-11 10:30:00-04:00,173.34890747070312,173.63999938964844,172.2899932861328,172.673095703125
2024-03-11 11:30:00-04:00,172.67799377441406,173.32960510253906,172.5399932861328,172.82000732421875
2024-03-11 12:30:00-04:00,172.8249969482422,172.97999572753906,172.0500030517578,172.38999938964844
2024-03-11 13:30:00-04:00,172.38499450683594,173.4199981689453,172.22000122070312,172.625
2024-03-11 14:30:00-04:00,172.6300048828125,172.94000244140625,172.43499755859375,172.6999969482422
2024-03-11 15:30:00-04:00,172.7100067138672,173.0699005126953,172.4499969482422,172.7899932861328
2024-03-12 09:30:00-04:00,173.14999389648438,173.47000122070312,171.00999450683594,172.63499450683594
2024-03-12 10:30:00-04:00,172.63999938964844,172.91000366210938,172.32009887695312,172.67990112304688
2024-03-12 11:30:00-04:00,172.6750030517578,173.10000610351562,172.21499633789062,172.52000427246094
2024-03-12 12:30:00-04:00,172.52999877929688,173.25999450683594,171.94000244140625,173.0399932861328
2024-03-12 13:30:00-04:00,173.0449981689453,173.83999633789062,173.00999450683594,173.79989624023438
2024-03-12 14:30:00-04:00,173.7949981689453,174.00999450683594,173.35000610351562,173.84500122070312
2024-03-12 15:30:00-04:00,173.85499572753906,174.02999877929688,173.14999389648438,173.22000122070312
2024-03-13 09:30:00-04:00,172.77000427246094,173.18499755859375,170.75999450683594,170.98500061035156
2024-03-13 10:30:00-04:00,170.98500061035156,171.35000610351562,170.86500549316406,170.9949951171875
2024-03-13 11:30:00-04:00,171.0,171.17999267578125,170.8527069091797,171.05999755859375
2024-03-13 12:30:00-04:00,171.07000732421875,171.4600067138672,170.94000244140625,171.43499755859375
2024-03-13 13:30:00-04:00,171.42999267578125,171.75999450683594,171.16000366210938,171.5800018310547
2024-03-13 14:30:00-04:00,171.5800018310547,171.8000030517578,171.02999877929688,171.27999877929688
2024-03-13 15:30:00-04:00,171.27999877929688,171.7050018310547,171.0399932861328,171.1699981689453
2024-03-14 09:30:00-04:00,172.32000732421875,173.8249969482422,172.0500030517578,173.6649932861328
2024-03-14 10:30:00-04:00,173.6699981689453,174.30780029296875,173.3000030517578,173.33999633789062
2024-03-14 11:30:00-04:00,173.34500122070312,173.49000549316406,172.39999389648438,172.6699981689453
2024-03-14 12:30:00-04:00,172.67999267578125,173.36920166015625,172.24000549316406,172.96299743652344
2024-03-14 13:30:00-04:00,172.96890258789062,174.0,172.89999389648438,173.8249969482422
2024-03-14 14:30:00-04:00,173.8300018310547,173.83999633789062,172.22000122070312,172.66000366210938
2024-03-14 15:30:00-04:00,172.66000366210938,173.28250122070312,172.5032958984375,173.0800018310547
2024-03-15 09:30:00-04:00,171.0,172.47000122070312,170.56399536132812,170.610107421875
2024-03-15 10:30:00-04:00,170.61810302734375,171.1699981689453,170.2899932861328,170.9550018310547
2024-03-15 11:30:00-04:00,170.9550018310547,171.47999572753906,170.73199462890625,171.31500244140625
2024-03-15 12:30:00-04:00,171.31500244140625,171.51499938964844,170.60000610351562,170.69500732421875
2024-03-15 13:30:00-04:00,170.6999969482422,171.25,170.52499389648438,171.21499633789062
2024-03-15 14:30:00-04:00,171.21499633789062,171.99000549316406,171.08990478515625,171.86500549316406
2024-03-15 15:30:00-04:00,171.8560028076172,172.60000610351562,171.47799682617188,172.57000732421875
2024-03-18 09:30:00-04:00,175.60000610351562,177.5800018310547,174.89059448242188,177.35000610351562
2024-03-18 10:30:00-04:00,177.3699951171875,177.7100067138672,176.55999755859375,176.82000732421875
2024-03-18 11:30:00-04:00,176.82000732421875,176.90499877929688,175.1999969482422,175.25830078125
2024-03-18 12:30:00-04:00,175.2550048828125,175.6199951171875,174.75,175.39500427246094
2024-03-18 13:30:00-04:00,175.39999389648438,175.5399932861328,174.99000549316406,175.5301055908203
2024-03-18 14:30:00-04:00,175.53599548339844,175.5399932861328,174.82000732421875,175.06500244140625
2024-03-18 15:30:00-04:00,175.07000732421875,175.1750030517578,173.52000427246094,173.6999969482422
2024-03-19 09:30:00-04:00,174.08999633789062,175.0399932861328,173.02999877929688,174.7050018310547
2024-03-19 10:30:00-04:00,174.6999969482422,175.3699951171875,174.55999755859375,174.83999633789062
2024-03-19 11:30:00-04:00,174.83999633789062,175.41000366210938,174.83999633789062,175.30999755859375
2024-03-19 12:30:00-04:00,175.31500244140625,175.85000610351562,175.17129516601562,175.64500427246094
2024-03-19 13:30:00-04:00,175.64999389648438,176.43499755859375,175.63999938964844,176.4250030517578
2024-03-19 14:30:00-04:00,176.4217071533203,176.60499572753906,176.0,176.3300018310547
2024-03-19 15:30:00-04:00,176.3350067138672,176.5399932861328,175.7899932861328,176.0800018310547
2024-03-20 09:30:00-04:00,175.72999572753906,176.1699981689453,175.08999633789062,176.16050720214844
2024-03-20 10:30:00-04:00,176.1649932861328,176.3800048828125,175.72000122070312,176.05990600585938
2024-03-20 11:30:00-04:00,176.05929565429688,176.50999450683594,175.94500732421875,176.38009643554688
2024-03-20 12:30:00-04:00,176.3800048828125,176.77499389648438,176.30999755859375,176.3249969482422
2024-03-20 13:30:00-04:00,176.30999755859375,177.38999938964844,176.27999877929688,177.00750732421875
2024-03-20 14:30:00-04:00,177.00999450683594,178.42999267578125,176.72000122070312,178.21499633789062
2024-03-20 15:30:00-04:00,178.2100067138672,178.6699981689453,177.94500732421875,178.66000366210938
2024-03-21 09:30:00-04:00,177.0,177.49000549316406,175.00999450683594,175.0218048095703
2024-03-21 10:30:00-04:00,175.02999877929688,175.05999755859375,171.8300018310547,172.82130432128906
2024-03-21 11:30:00-04:00,172.82000732421875,173.23500061035156,171.86000061035156,172.56500244140625
2024-03-21 12:30:00-04:00,172.57000732421875,172.60000610351562,171.9499969482422,172.10830688476562
2024-03-21 13:30:00-04:00,172.10009765625,172.1300048828125,170.91000366210938,171.0749969482422
2024-03-21 14:30:00-04:00,171.0800018310547,171.3300018310547,170.85000610351562,171.25
2024-03-21 15:30:00-04:00,171.24000549316406,171.57000732421875,170.83999633789062,171.39999389648438
2024-03-22 09:30:00-04:00,171.86000061035156,172.32000732421875,170.05999755859375,171.78570556640625
2024-03-22 10:30:00-04:00,171.7949981689453,172.55999755859375,171.58999633789062,172.25999450683594
2024-03-22 11:30:00-04:00,172.27000427246094,172.88999938964844,172.07000732421875,172.36500549316406
2024-03-22 12:30:00-04:00,172.3699951171875,172.94000244140625,172.08999633789062,172.61399841308594
2024-03-22 13:30:00-04:00,172.6199951171875,172.67999267578125,172.36000061035156,172.625
2024-03-22 14:30:00-04:00,172.62759399414062,172.99000549316406,172.6199951171875,172.9868927001953
2024-03-22 15:30:00-04:00,172.98159790039062,173.0500030517578,172.24000549316406,172.25
2024-03-25 09:30:00-04:00,170.52999877929688,170.69000244140625,169.4499969482422,170.0399932861328
2024-03-25 10:30:00-04:00,170.0399932861328,170.72999572753906,169.97000122070312,170.1199951171875
2024-03-25 11:30:00-04:00,170.1199951171875,170.82000732421875,170.09500122070312,170.73789978027344
2024-03-25 12:30:00-04:00,170.73500061035156,171.47000122070312,170.64500427246094,171.36500549316406
2024-03-25 13:30:00-04:00,171.36000061035156,171.6096954345703,171.15499877929688,171.3300018310547
2024-03-25 14:30:00-04:00,171.3249969482422,171.6300048828125,171.23500061035156,171.55799865722656
2024-03-25 15:30:00-04:00,171.55999755859375,171.94000244140625,170.7899932861328,170.86000061035156
2024-03-26 09:30:00-04:00,170.0,171.068603515625,169.64999389648438,170.72000122070312
2024-03-26 10:30:00-04:00,170.72000122070312,170.88999938964844,170.36000061035156,170.6510009765625
2024-03-26 11:30:00-04:00,170.65499877929688,171.25,170.4949951171875,171.2346954345703
2024-03-26 12:30:00-04:00,171.23109436035156,171.4199981689453,170.6750030517578,170.82000732421875
2024-03-26 13:30:00-04:00,170.82400512695312,170.88999938964844,170.16000366210938,170.52000427246094
2024-03-26 14:30:00-04:00,170.5124969482422,170.68499755859375,170.3300018310547,170.5399932861328
2024-03-26 15:30:00-04:00,170.5399932861328,170.5500030517578,169.60000610351562,169.81500244140625
2024-03-27 09:30:00-04:00,170.4199981689453,173.11000061035156,170.11000061035156,172.0449981689453
2024-03-27 10:30:00-04:00,172.0399932861328,172.75999450683594,171.94009399414062,172.4550018310547
2024-03-27 11:30:00-04:00,172.4600067138672,172.6999969482422,171.86000061035156,172.0467987060547
2024-03-27 12:30:00-04:00,172.0500030517578,172.38999938964844,172.0,172.25999450683594
2024-03-27 13:30:00-04:00,172.27000427246094,172.82000732421875,172.13999938964844,172.75
2024-03-27 14:30:00-04:00,172.7550048828125,173.10000610351562,172.42630004882812,172.99000549316406
2024-03-27 15:30:00-04:00,173.0,173.60000610351562,172.8800048828125,173.41000366210938
2024-03-28 09:30:00-04:00,171.6999969482422,171.93499755859375,170.72000122070312,171.19500732421875
2024-03-28 10:30:00-04:00,171.1999969482422,171.2100067138672,170.50999450683594,170.8350067138672
2024-03-28 11:30:00-04:00,170.83999633789062,171.1999969482422,170.72999572753906,171.16920471191406
2024-03-28 12:30:00-04:00,171.1699981689453,171.3699951171875,170.9499969482422,170.96499633789062
2024-03-28 13:30:00-04:00,170.9600067138672,171.810302734375,170.88999938964844,171.7801055908203
2024-03-28 14:30:00-04:00,171.7899932861328,172.22999572753906,171.61000061035156,172.139892578125
2024-03-28 15:30:00-04:00,172.13999938964844,172.22999572753906,171.25999450683594,171.52000427246094
2024-04-01 09:30:00-04:00,171.1875,171.22000122070312,169.8350067138672,170.08990478515625
2024-04-01 10:30:00-04:00,170.08900451660156,170.16000366210938,169.47999572753906,169.84500122070312
2024-04-01 11:30:00-04:00,169.83999633789062,170.0800018310547,169.5850067138672,169.89500427246094
2024-04-01 12:30:00-04:00,169.89500427246094,170.02000427246094,169.75999450683594,169.9156951904297
2024-04-01 13:30:00-04:00,169.9199981689453,170.08999633789062,169.8800048828125,169.9949951171875
2024-04-01 14:30:00-04:00,169.99000549316406,170.24000549316406,169.85000610351562,169.93499755859375
2024-04-01 15:30:00-04:00,169.93499755859375,170.13999938964844,169.8699951171875,170.00999450683594
2024-04-02 09:30:00-04:00,169.05999755859375,169.33999633789062,168.23019409179688,169.0399932861328
2024-04-02 10:30:00-04:00,169.03500366210938,169.19500732421875,168.52999877929688,168.8321990966797
2024-04-02 11:30:00-04:00,168.8350067138672,169.1479949951172,168.3699951171875,168.6649932861328
2024-04-02 12:30:00-04:00,168.67999267578125,169.08999633789062,168.63999938964844,168.9949951171875
2024-04-02 13:30:00-04:00,169.0,169.10499572753906,168.86000061035156,168.9199981689453
2024-04-02 14:30:00-04:00,168.9199981689453,169.07000732421875,168.72999572753906,168.97500610351562
2024-04-02 15:30:00-04:00,168.99000549316406,169.2200927734375,168.77000427246094,168.94000244140625
2024-04-03 09:30:00-04:00,168.75,170.0800018310547,168.58999633789062,170.0366973876953
2024-04-03 10:30:00-04:00,170.02499389648438,170.67999267578125,169.97999572753906,170.52000427246094
2024-04-03 11:30:00-04:00,170.52000427246094,170.6750030517578,170.1999969482422,170.32000732421875
2024-04-03 12:30:00-04:00,170.30999755859375,170.44000244140625,169.75,170.2050018310547
2024-04-03 13:30:00-04:00,170.2100067138672,170.38999938964844,170.12010192871094,170.19700622558594
2024-04-03 14:30:00-04:00,170.1999969482422,170.60000610351562,169.27999877929688,169.52499389648438
2024-04-03 15:30:00-04:00,169.52999877929688,170.14999389648438,169.3800048828125,169.66000366210938
2024-04-04 09:30:00-04:00,170.2899932861328,171.19000244140625,170.0399932861328,171.00999450683594
2024-04-04 10:30:00-04:00,171.01499938964844,171.27999877929688,170.7100067138672,171.27000427246094
2024-04-04 11:30:00-04:00,171.27999877929688,171.9199981689453,171.27499389648438,171.72030639648438
2024-04-04 12:30:00-04:00,171.72999572753906,171.86990356445312,171.3350067138672,171.5399932861328
2024-04-04 13:30:00-04:00,171.5467987060547,171.61000061035156,169.6999969482422,169.75
2024-04-04 14:30:00-04:00,169.74000549316406,170.10000610351562,169.02000427246094,169.04100036621094
2024-04-04 15:30:00-04:00,169.0399932861328,169.74000549316406,168.8300018310547,168.88999938964844
2024-04-05 09:30:00-04:00,169.5,169.91000366210938,168.9499969482422,169.22000122070312
2024-04-05 10:30:00-04:00,169.22999572753906,169.82000732421875,169.08999633789062,169.46499633789062
2024-04-05 11:30:00-04:00,169.46499633789062,170.3800048828125,169.38900756835938,170.1699981689453
2024-04-05 12:30:00-04:00,170.1699981689453,170.375,169.77999877929688,170.07400512695312
2024-04-05 13:30:00-04:00,170.08999633789062,170.1699981689453,169.35000610351562,169.50030517578125
2024-04-05 14:30:00-04:00,169.50999450683594,169.9199981689453,169.36000061035156,169.88999938964844
2024-04-05 15:30:00-04:00,169.88999938964844,169.97999572753906,169.5,169.57000732421875
2024-04-08 09:30:00-04:00,169.05999755859375,169.19000244140625,168.24000549316406,168.82000732421875
2024-04-08 10:30:00-04:00,168.8249969482422,169.1300048828125,168.64999389648438,168.81500244140625
2024-04-08 11:30:00-04:00,168.81500244140625,168.81500244140625,168.26499938964844,168.4123992919922
2024-04-08 12:30:00-04:00,168.4149932861328,168.8350067138672,168.40499877929688,168.64500427246094
2024-04-08 13:30:00-04:00,168.64500427246094,168.89999389648438,168.47000122070312,168.79010009765625
2024-04-08 14:30:00-04:00,168.7949981689453,168.79989624023438,168.5449981689453,168.78500366210938
2024-04-08 15:30:00-04:00,168.78500366210938,168.9600067138672,168.3249969482422,168.4600067138672
2024-04-09 09:30:00-04:00,168.69200134277344,170.0749969482422,168.5,169.47000122070312
2024-04-09 10:30:00-04:00,169.47500610351562,169.49000549316406,168.47999572753906,168.69500732421875
2024-04-09 11:30:00-04:00,168.6999969482422,169.16000366210938,168.69000244140625,169.07000732421875
2024-04-09 12:30:00-04:00,169.07000732421875,169.55999755859375,168.89999389648438,169.25999450683594
2024-04-09 13:30:00-04:00,169.27000427246094,169.5,168.5,168.5850067138672
2024-04-09 14:30:00-04:00,168.5800018310547,169.25999450683594,168.35000610351562,169.25250244140625
2024-04-09 15:30:00-04:00,169.25999450683594,169.72999572753906,168.94000244140625,169.69000244140625
2024-04-10 09:30:00-04:00,168.83999633789062,169.08999633789062,167.11000061035156,168.02999877929688
2024-04-10 10:30:00-04:00,168.04400634765625,168.6999969482422,167.61000061035156,167.9149932861328
2024-04-10 11:30:00-04:00,167.94000244140625,168.11000061035156,167.5399932861328,168.01499938964844
2024-04-10 12:30:00-04:00,168.03700256347656,168.60000610351562,167.67999267578125,168.13499450683594
2024-04-10 13:30:00-04:00,168.12100219726562,168.5800018310547,167.6300048828125,167.75999450683594
2024-04-10 14:30:00-04:00,167.76499938964844,169.6699981689453,167.69000244140625,168.25999450683594
2024-04-10 15:30:00-04:00,168.25999450683594,168.68499755859375,167.6999969482422,167.75
2024-04-11 09:30:00-04:00,168.25,169.1699981689453,168.16009521484375,168.72000122070312
2024-04-11 10:30:00-04:00,168.72999572753906,169.4199981689453,168.57000732421875,169.0
2024-04-11 11:30:00-04:00,169.0010986328125,170.2899932861328,169.0,169.91000366210938
2024-04-11 12:30:00-04:00,169.9199981689453,172.19000244140625,169.83999633789062,172.10499572753906
2024-04-11 13:30:00-04:00,172.11000061035156,174.47999572753906,171.96009826660156,174.17999267578125
2024-04-11 14:30:00-04:00,174.17999267578125,174.86000061035156,173.5500030517578,174.73989868164062
2024-04-11 15:30:00-04:00,174.74000549316406,175.4600067138672,174.6199951171875,175.0399932861328
2024-04-12 09:30:00-04:00,174.28500366210938,178.36000061035156,174.2100067138672,176.75
2024-04-12 10:30:00-04:00,176.74249267578125,176.80999755859375,175.32000732421875,176.25430297851562
2024-04-12 11:30:00-04:00,176.25999450683594,176.99000549316406,175.56500244140625,175.58999633789062
2024-04-12 12:30:00-04:00,175.59500122070312,175.66000366210938,174.8000030517578,175.35000610351562
2024-04-12 13:30:00-04:00,175.33999633789062,176.0,175.23500061035156,175.97000122070312
2024-04-12 14:30:00-04:00,175.97000122070312,176.25999450683594,175.6300048828125,176.0175018310547
2024-04-12 15:30:00-04:00,176.01499938964844,176.74000549316406,175.9550018310547,176.56500244140625
2024-04-15 09:30:00-04:00,175.3800048828125,175.9799041748047,173.85000610351562,174.8800048828125
2024-04-15 10:30:00-04:00,174.8800048828125,176.6300048828125,174.55999755859375,175.41000366210938
2024-04-15 11:30:00-04:00,175.39999389648438,176.14999389648438,174.9600067138672,175.10000610351562
2024-04-15 12:30:00-04:00,175.09500122070312,175.57000732421875,174.51010131835938,174.52000427246094
2024-04-15 13:30:00-04:00,174.50999450683594,174.61000061035156,172.5,173.1300048828125
2024-04-15 14:30:00-04:00,173.1199951171875,173.75999450683594,172.8000030517578,172.92999267578125
2024-04-15 15:30:00-04:00,172.92999267578125,173.61000061035156,172.66000366210938,172.68499755859375
2024-04-16 09:30:00-04:00,171.7100067138672,173.7550048828125,171.1820068359375,171.22000122070312
2024-04-16 10:30:00-04:00,171.1999969482422,171.4499969482422,169.02000427246094,169.44500732421875
2024-04-16 11:30:00-04:00,169.4499969482422,169.85000610351562,168.27000427246094,169.4149932861328
2024-04-16 12:30:00-04:00,169.41000366210938,169.72999572753906,168.92999267578125,169.38999938964844
2024-04-16 13:30:00-04:00,169.39999389648438,170.39999389648438,168.39999389648438,168.9250030517578
2024-04-16 14:30:00-04:00,168.9250030517578,170.0800018310547,168.8800048828125,169.9949951171875
2024-04-16 15:30:00-04:00,169.99000549316406,170.01499938964844,169.27999877929688,169.33790588378906
2024-04-17 09:30:00-04:00,169.5800018310547,170.63999938964844,169.3101043701172,170.4550018310547
2024-04-17 10:30:00-04:00,170.4499969482422,170.47500610351562,169.2100067138672,169.2100067138672
2024-04-17 11:30:00-04:00,169.22000122070312,169.36000061035156,168.60000610351562,168.6999969482422
2024-04-17 12:30:00-04:00,168.6999969482422,168.97000122070312,168.07000732421875,168.82000732421875
2024-04-17 13:30:00-04:00,168.8300018310547,169.0,168.50999450683594,168.61000061035156
2024-04-17 14:30:00-04:00,168.6199951171875,169.17999267578125,168.02000427246094,168.08999633789062
2024-04-17 15:30:00-04:00,168.08999633789062,168.5449981689453,168.0,168.0
2024-04-18 09:30:00-04:00,168.0,168.63999938964844,167.3300018310547,168.03990173339844
2024-04-18 10:30:00-04:00,168.0399932861328,168.27999877929688,167.86000061035156,167.99000549316406
2024-04-18 11:30:00-04:00,168.0,168.01499938964844,167.39999389648438,167.56500244140625
2024-04-18 12:30:00-04:00,167.56500244140625,167.6999969482422,166.6300048828125,166.9799041748047
2024-04-18 13:30:00-04:00,166.99000549316406,167.11000061035156,166.5500030517578,166.85989379882812
2024-04-18 14:30:00-04:00,166.8800048828125,167.25,166.63999938964844,167.10000610351562
2024-04-18 15:30:00-04:00,167.10000610351562,167.37429809570312,166.77499389648438,167.0399932861328
2024-04-19 09:30:00-04:00,166.1199951171875,166.39999389648438,164.82000732421875,165.27000427246094
2024-04-19 10:30:00-04:00,165.25999450683594,165.66000366210938,164.875,164.98500061035156
2024-04-19 11:30:00-04:00,164.97999572753906,165.16000366210938,164.0800018310547,164.36239624023438
2024-04-19 12:30:00-04:00,164.3699951171875,165.3000030517578,164.17999267578125,164.9199981689453
2024-04-19 13:30:00-04:00,164.89999389648438,165.6699981689453,164.89999389648438,165.0399932861328
2024-04-19 14:30:00-04:00,165.02000427246094,165.24000549316406,164.52000427246094,165.1649932861328
2024-04-19 15:30:00-04:00,165.16000366210938,165.1999969482422,164.7949981689453,164.92999267578125
2024-04-22 09:30:00-04:00,165.75,166.22999572753906,165.22999572753906,165.3699951171875
2024-04-22 10:30:00-04:00,165.3699951171875,165.5399932861328,164.77000427246094,165.39500427246094
2024-04-22 11:30:00-04:00,165.39999389648438,165.8699951171875,165.3748016357422,165.6199951171875
2024-04-22 12:30:00-04:00,165.61419677734375,166.28500366210938,165.43499755859375,166.27499389648438
2024-04-22 13:30:00-04:00,166.27000427246094,167.25999450683594,166.27000427246094,166.85499572753906
2024-04-22 14:30:00-04:00,166.86000061035156,167.0500030517578,166.2550048828125,166.66000366210938
2024-04-22 15:30:00-04:00,166.66000366210938,166.73989868164062,165.63999938964844,165.83999633789062
2024-04-23 09:30:00-04:00,165.25999450683594,166.7100067138672,164.92999267578125,165.82000732421875
2024-04-23 10:30:00-04:00,165.82000732421875,166.97999572753906,165.82000732421875,166.625
2024-04-23 11:30:00-04:00,166.6199951171875,166.6999969482422,166.05740356445312,166.27000427246094
2024-04-23 12:30:00-04:00,166.27000427246094,166.63999938964844,166.1717071533203,166.39199829101562
2024-04-23 13:30:00-04:00,166.39999389648438,166.86000061035156,166.3249969482422,166.83999633789062
2024-04-23 14:30:00-04:00,166.83999633789062,166.86990356445312,166.5,166.85000610351562
2024-04-23 15:30:00-04:00,166.83999633789062,167.0500030517578,166.7550048828125,166.91000366210938
2024-04-24 09:30:00-04:00,166.39999389648438,168.3000030517578,166.2100067138672,167.9949951171875
2024-04-24 10:30:00-04:00,167.9949951171875,168.27999877929688,167.52000427246094,167.9199981689453
2024-04-24 11:30:00-04:00,167.9250030517578,169.27499389648438,167.91000366210938,168.72500610351562
2024-04-24 12:30:00-04:00,168.72500610351562,168.85000610351562,168.11000061035156,168.46170043945312
2024-04-24 13:30:00-04:00,168.47000122070312,169.2899932861328,168.4600067138672,168.75
2024-04-24 14:30:00-04:00,168.75,169.08990478515625,168.27999877929688,169.05499267578125
2024-04-24 15:30:00-04:00,169.05409240722656,169.3000030517578,168.6699981689453,168.9499969482422
2024-04-25 09:30:00-04:00,169.60000610351562,170.61000061035156,168.47000122070312,168.91749572753906
2024-04-25 10:30:00-04:00,168.89999389648438,169.08560180664062,168.4499969482422,168.5677947998047
2024-04-25 11:30:00-04:00,168.56500244140625,169.1999969482422,168.15109252929688,169.19000244140625
2024-04-25 12:30:00-04:00,169.18760681152344,169.53829956054688,168.9199981689453,169.05999755859375
2024-04-25 13:30:00-04:00,169.05499267578125,169.74989318847656,168.86000061035156,169.1300048828125
2024-04-25 14:30:00-04:00,169.11000061035156,170.03500366210938,168.96009826660156,169.93499755859375
2024-04-25 15:30:00-04:00,169.92999267578125,170.00999450683594,169.41000366210938,169.89999389648438
2024-04-26 09:30:00-04:00,169.8699951171875,171.05999755859375,169.5399932861328,170.66000366210938
2024-04-26 10:30:00-04:00,170.66000366210938,171.33999633789062,170.41000366210938,170.69000244140625
2024-04-26 11:30:00-04:00,170.68499755859375,170.9199981689453,170.2100067138672,170.2449951171875
2024-04-26 12:30:00-04:00,170.25,170.25999450683594,169.76010131835938,169.875
2024-04-26 13:30:00-04:00,169.8800048828125,169.88999938964844,169.3699951171875,169.6999969482422
2024-04-26 14:30:00-04:00,169.6999969482422,170.11000061035156,169.52000427246094,169.99000549316406
2024-04-26 15:30:00-04:00,169.97999572753906,170.08999633789062,169.19000244140625,169.2899932861328
2024-04-29 09:30:00-04:00,173.38999938964844,176.02999877929688,173.1300048828125,174.75999450683594
2024-04-29 10:30:00-04:00,174.75,175.1300048828125,173.97999572753906,174.50999450683594
2024-04-29 11:30:00-04:00,174.5198974609375,174.82000732421875,174.00999450683594,174.3249969482422
2024-04-29 12:30:00-04:00,174.32769775390625,174.8887939453125,174.22000122070312,174.8699951171875
2024-04-29 13:30:00-04:00,174.8699951171875,175.10499572753906,174.08999633789062,174.2657928466797
2024-04-29 14:30:00-04:00,174.26010131835938,174.66000366210938,173.35150146484375,173.8249969482422
2024-04-29 15:30:00-04:00,173.8249969482422,173.97889709472656,173.1199951171875,173.49000549316406
2024-04-30 09:30:00-04:00,173.20199584960938,174.99000549316406,172.64999389648438,174.42999267578125
2024-04-30 10:30:00-04:00,174.4250030517578,174.94500732421875,173.72459411621094,173.86500549316406
2024-04-30 11:30:00-04:00,173.86990356445312,174.1999053955078,173.60499572753906,173.8365936279297
2024-04-30 12:30:00-04:00,173.83999633789062,173.92999267578125,173.22000122070312,173.27529907226562
2024-04-30 13:30:00-04:00,173.30499267578125,173.87989807128906,173.10000610351562,173.17999267578125
2024-04-30 14:30:00-04:00,173.1999969482422,173.34500122070312,172.55999755859375,172.72999572753906
2024-04-30 15:30:00-04:00,172.74000549316406,172.94000244140625,170.02000427246094,170.08999633789062
2024-05-01 09:30:00-04:00,170.0,171.07000732421875,169.11000061035156,170.81500244140625
2024-05-01 10:30:00-04:00,170.78500366210938,171.36000061035156,170.64500427246094,171.1699981689453
2024-05-01 11:30:00-04:00,171.1699981689453,171.72000122070312,171.10000610351562,171.38999938964844
2024-05-01 12:30:00-04:00,171.3800048828125,171.4499969482422,170.7550048828125,171.1199951171875
2024-05-01 13:30:00-04:00,171.125,171.50999450683594,170.61000061035156,171.42300415039062
2024-05-01 14:30:00-04:00,171.4199981689453,172.69000244140625,170.89500427246094,172.3699951171875
2024-05-01 15:30:00-04:00,172.38499450683594,172.38499450683594,169.25,169.2899932861328
2024-05-02 09:30:00-04:00,172.4199981689453,172.66000366210938,170.88999938964844,171.58999633789062
2024-05-02 10:30:00-04:00,171.5941925048828,172.0800018310547,171.4199981689453,171.60000610351562
2024-05-02 11:30:00-04:00,171.59719848632812,172.5050048828125,171.46249389648438,172.3498992919922
2024-05-02 12:30:00-04:00,172.34500122070312,172.77999877929688,171.94000244140625,172.6988983154297
2024-05-02 13:30:00-04:00,172.6999969482422,172.94000244140625,172.41000366210938,172.89999389648438
2024-05-02 14:30:00-04:00,172.89999389648438,173.22000122070312,172.5500030517578,173.14999389648438
2024-05-02 15:30:00-04:00,173.14500427246094,173.4149932861328,172.5399932861328,173.08999633789062
2024-05-03 09:30:00-04:00,186.6699981689453,187.0,182.66000366210938,184.17999267578125
2024-05-03 10:30:00-04:00,184.19900512695312,184.99000549316406,183.5399932861328,184.64999389648438
2024-05-03 11:30:00-04:00,184.66000366210938,184.94000244140625,184.1300048828125,184.36000061035156
2024-05-03 12:30:00-04:00,184.35989379882812,185.4949951171875,184.3000030517578,185.360107421875
2024-05-03 13:30:00-04:00,185.36000061035156,185.86000061035156,184.80999755859375,185.75
2024-05-03 14:30:00-04:00,185.7550048828125,185.99000549316406,184.25999450683594,184.9949951171875
2024-05-03 15:30:00-04:00,185.0,185.00999450683594,183.0500030517578,183.38999938964844
2024-05-06 09:30:00-04:00,182.35400390625,184.1699981689453,181.6300048828125,182.6199951171875
2024-05-06 10:30:00-04:00,182.88999938964844,183.3800048828125,181.72999572753906,181.99710083007812
2024-05-06 11:30:00-04:00,182.0050048828125,182.39999389648438,181.5,181.60000610351562
2024-05-06 12:30:00-04:00,181.60000610351562,181.82989501953125,180.58120727539062,180.58999633789062
2024-05-06 13:30:00-04:00,180.58999633789062,181.33999633789062,180.4199981689453,180.80499267578125
2024-05-06 14:30:00-04:00,180.80999755859375,181.6199951171875,180.6999969482422,181.48060607910156
2024-05-06 15:30:00-04:00,181.49000549316406,182.02000427246094,181.24000549316406,181.6999969482422
2024-05-07 09:30:00-04:00,183.4499969482422,184.89999389648438,182.7100067138672,182.83990478515625
2024-05-07 10:30:00-04:00,182.8249969482422,183.11000061035156,182.16000366210938,182.17999267578125
2024-05-07 11:30:00-04:00,182.16000366210938,182.356201171875,181.41000366210938,181.52000427246094
2024-05-07 12:30:00-04:00,181.52000427246094,182.72000122070312,181.32000732421875,182.55999755859375
2024-05-07 13:30:00-04:00,182.55999755859375,182.9199981689453,182.08999633789062,182.37600708007812
2024-05-07 14:30:00-04:00,182.3699951171875,182.77999877929688,182.1699981689453,182.63499450683594
2024-05-07 15:30:00-04:00,182.6300048828125,182.67999267578125,182.22000122070312,182.3699951171875
2024-05-08 09:30:00-04:00,182.7100067138672,182.9600067138672,181.4600067138672,181.91000366210938
2024-05-08 10:30:00-04:00,181.88999938964844,182.3800048828125,181.7550048828125,182.28500366210938
2024-05-08 11:30:00-04:00,182.28500366210938,182.61000061035156,181.8509979248047,182.33999633789062
2024-05-08 12:30:00-04:00,182.33999633789062,182.49000549316406,182.02999877929688,182.3000030517578
2024-05-08 13:30:00-04:00,182.30499267578125,182.72000122070312,182.2949981689453,182.68499755859375
2024-05-08 14:30:00-04:00,182.69000244140625,182.99000549316406,182.61000061035156,182.89010620117188
2024-05-08 15:30:00-04:00,182.89500427246094,183.0500030517578,182.68499755859375,182.74000549316406
2024-05-09 09:30:00-04:00,182.55999755859375,183.82989501953125,182.1199951171875,183.4199981689453
2024-05-09 10:30:00-04:00,183.4250030517578,183.86000061035156,183.11000061035156,183.63999938964844
2024-05-09 11:30:00-04:00,183.64999389648438,183.83999633789062,183.43499755859375,183.60499572753906
2024-05-09 12:30:00-04:00,183.60499572753906,184.5,183.53990173339844,184.3800048828125
2024-05-09 13:30:00-04:00,184.38999938964844,184.64999389648438,184.05999755859375,184.25
2024-05-09 14:30:00-04:00,184.24000549316406,184.61500549316406,184.22000122070312,184.31500244140625
2024-05-09 15:30:00-04:00,184.30999755859375,184.64999389648438,184.3000030517578,184.64999389648438
2024-05-10 09:30:00-04:00,184.9199981689453,185.08999633789062,183.14999389648438,183.2050018310547
2024-05-10 10:30:00-04:00,183.2100067138672,183.3997039794922,182.25999450683594,182.69000244140625
2024-05-10 11:30:00-04:00,182.6999969482422,182.73500061035156,182.2449951171875,182.48880004882812
2024-05-10 12:30:00-04:00,182.48500061035156,182.58999633789062,182.2100067138672,182.39500427246094
2024-05-10 13:30:00-04:00,182.38999938964844,182.85000610351562,182.1300048828125,182.74000549316406
2024-05-10 14:30:00-04:00,182.72999572753906,182.9600067138672,182.57000732421875,182.94000244140625
2024-05-10 15:30:00-04:00,182.94000244140625,183.1999969482422,182.7899932861328,183.0
2024-05-13 09:30:00-04:00,185.43499755859375,185.86500549316406,184.6199951171875,185.68899536132812
2024-05-13 10:30:00-04:00,185.68499755859375,186.42999267578125,185.6300048828125,185.9199981689453
2024-05-13 11:30:00-04:00,185.9149932861328,186.5,185.77999877929688,186.2899932861328
2024-05-13 12:30:00-04:00,186.2899932861328,186.92999267578125,186.25,186.65859985351562
2024-05-13 13:30:00-04:00,186.66000366210938,186.9499969482422,186.3699951171875,186.6501007080078
2024-05-13 14:30:00-04:00,186.65989685058594,187.10000610351562,186.55999755859375,186.98989868164062
2024-05-13 15:30:00-04:00,186.98500061035156,187.02999877929688,186.07000732421875,186.28500366210938
2024-05-14 09:30:00-04:00,187.64999389648438,188.3000030517578,186.5500030517578,187.00999450683594
2024-05-14 10:30:00-04:00,187.00999450683594,187.1999969482422,186.2899932861328,186.97999572753906
2024-05-14 11:30:00-04:00,186.98500061035156,187.0,186.52000427246094,186.8000030517578
2024-05-14 12:30:00-04:00,186.8000030517578,186.9499969482422,186.4510040283203,186.52999877929688
2024-05-14 13:30:00-04:00,186.53500366210938,187.3699951171875,186.48500061035156,187.32940673828125
2024-05-14 14:30:00-04:00,187.3249969482422,187.80999755859375,187.1999969482422,187.7449951171875
2024-05-14 15:30:00-04:00,187.75,187.91000366210938,187.16000366210938,187.38999938964844
2024-05-15 09:30:00-04:00,187.97999572753906,189.72999572753906,187.3800048828125,189.57899475097656
2024-05-15 10:30:00-04:00,189.5800018310547,190.07000732421875,189.52000427246094,189.9199981689453
2024-05-15 11:30:00-04:00,189.9250030517578,190.2100067138672,189.5399932861328,190.15499877929688
2024-05-15 12:30:00-04:00,190.15499877929688,190.64999389648438,190.13999938964844,190.3699951171875
2024-05-15 13:30:00-04:00,190.3800048828125,190.5500030517578,189.8603057861328,189.92999267578125
2024-05-15 14:30:00-04:00,189.9250030517578,190.25999450683594,189.82000732421875,189.875
2024-05-15 15:30:00-04:00,189.8800048828125,190.1199951171875,189.5,189.74000549316406
2024-05-16 09:30:00-04:00,190.51600646972656,191.09500122070312,189.97500610351562,190.5802001953125
2024-05-16 10:30:00-04:00,190.5850067138672,190.75,189.72500610351562,189.9698944091797
2024-05-16 11:30:00-04:00,189.96499633789062,190.3800048828125,189.76499938964844,190.32110595703125
2024-05-16 12:30:00-04:00,190.32949829101562,190.48809814453125,189.97000122070312,190.00999450683594
2024-05-16 13:30:00-04:00,190.00050354003906,190.25999450683594,189.75999450683594,189.92739868164062
2024-05-16 14:30:00-04:00,189.9199981689453,190.10000610351562,189.83999633789062,189.88499450683594
2024-05-16 15:30:00-04:00,189.88999938964844,190.22000122070312,189.66009521484375,189.89999389648438
2024-05-17 09:30:00-04:00,189.3800048828125,190.80999755859375,189.22000122070312,190.1501007080078
2024-05-17 10:30:00-04:00,190.16000366210938,190.3000030517578,189.65199279785156,189.69700622558594
2024-05-17 11:30:00-04:00,189.69000244140625,189.9600067138672,189.42010498046875,189.7899932861328
2024-05-17 12:30:00-04:00,189.7949981689453,189.99000549316406,189.5811004638672,189.68499755859375
2024-05-17 13:30:00-04:00,189.69000244140625,189.875,189.3800048828125,189.67999267578125
2024-05-17 14:30:00-04:00,189.6649932861328,190.1300048828125,189.6199951171875,190.10830688476562
2024-05-17 15:30:00-04:00,190.10499572753906,190.14999389648438,189.75039672851562,189.92999267578125
2024-05-20 09:30:00-04:00,189.35000610351562,191.77000427246094,189.00999450683594,191.60499572753906
2024-05-20 10:30:00-04:00,191.60000610351562,191.91990661621094,191.1699981689453,191.17999267578125
2024-05-20 11:30:00-04:00,191.1750030517578,191.50999450683594,191.02000427246094,191.1649932861328
2024-05-20 12:30:00-04:00,191.16000366210938,191.80499267578125,191.16000366210938,191.46499633789062
2024-05-20 13:30:00-04:00,191.46400451660156,191.6199951171875,191.16009521484375,191.41000366210938
2024-05-20 14:30:00-04:00,191.41000366210938,191.5,191.0800018310547,191.31399536132812
2024-05-20 15:30:00-04:00,191.30999755859375,191.34800720214844,190.80999755859375,191.0800018310547
2024-05-21 09:30:00-04:00,191.08999633789062,192.58999633789062,190.92010498046875,192.2100067138672
2024-05-21 10:30:00-04:00,192.22999572753906,192.64990234375,191.86000061035156,192.28269958496094
2024-05-21 11:30:00-04:00,192.2899932861328,192.42300415039062,191.8300018310547,192.17909240722656
2024-05-21 12:30:00-04:00,192.1750030517578,192.38499450683594,191.77999877929688,192.36000061035156
2024-05-21 13:30:00-04:00,192.3699951171875,192.5399932861328,192.2949981689453,192.51499938964844
2024-05-21 14:30:00-04:00,192.51499938964844,192.67999267578125,192.39999389648438,192.52999877929688
2024-05-21 15:30:00-04:00,192.52999877929688,192.72999572753906,192.27999877929688,192.36000061035156
2024-05-22 09:30:00-04:00,192.25,192.82310485839844,191.97999572753906,192.71499633789062
2024-05-22 10:30:00-04:00,192.71499633789062,192.75999450683594,192.0330047607422,192.13999938964844
2024-05-22 11:30:00-04:00,192.13999938964844,192.1999969482422,191.52499389648438,191.6199951171875
2024-05-22 12:30:00-04:00,191.61500549316406,191.72999572753906,191.0800018310547,191.3699951171875
2024-05-22 13:30:00-04:00,191.36000061035156,191.42999267578125,190.27000427246094,190.60000610351562
2024-05-22 14:30:00-04:00,190.59500122070312,190.94000244140625,190.52000427246094,190.9398956298828
2024-05-22 15:30:00-04:00,190.9300994873047,191.30499267578125,190.3800048828125,190.97999572753906
2024-05-23 09:30:00-04:00,191.0,191.0,188.5050048828125,189.0500030517578
2024-05-23 10:30:00-04:00,189.05999755859375,189.69000244140625,188.67999267578125,189.4499969482422
2024-05-23 11:30:00-04:00,189.4550018310547,189.7100067138672,189.07000732421875,189.52499389648438
2024-05-23 12:30:00-04:00,189.52499389648438,189.59950256347656,188.42999267578125,188.64010620117188
2024-05-23 13:30:00-04:00,188.64999389648438,188.68499755859375,187.30999755859375,187.7050018310547
2024-05-23 14:30:00-04:00,187.6999969482422,187.8000030517578,187.16000366210938,187.6199951171875
2024-05-23 15:30:00-04:00,187.6199951171875,187.82000732421875,186.625,186.91000366210938
2024-05-24 09:30:00-04:00,188.82000732421875,189.52000427246094,188.0404052734375,189.52000427246094
2024-05-24 10:30:00-04:00,189.51499938964844,190.2899932861328,189.25999450683594,190.1199951171875
2024-05-24 11:30:00-04:00,190.11000061035156,190.5800018310547,189.72999572753906,190.37989807128906
2024-05-24 12:30:00-04:00,190.3800048828125,190.55999755859375,190.22999572753906,190.4149932861328
2024-05-24 13:30:00-04:00,190.4199981689453,190.46499633789062,190.05499267578125,190.14999389648438
2024-05-24 14:30:00-04:00,190.14999389648438,190.38999938964844,189.93499755859375,190.08999633789062
2024-05-24 15:30:00-04:00,190.0850067138672,190.24000549316406,189.82000732421875,190.0
2024-05-28 09:30:00-04:00,191.53199768066406,192.99000549316406,190.33999633789062,191.63999938964844
2024-05-28 10:30:00-04:00,191.6300048828125,191.77000427246094,191.13009643554688,191.6199951171875
2024-05-28 11:30:00-04:00,191.61000061035156,191.9499969482422,191.05999755859375,191.2550048828125
2024-05-28 12:30:00-04:00,191.2501983642578,191.45899963378906,190.86000061035156,190.875
2024-05-28 13:30:00-04:00,190.875,190.9600067138672,189.64999389648438,189.72979736328125
2024-05-28 14:30:00-04:00,189.72500610351562,189.8699951171875,189.10000610351562,189.53280639648438
2024-05-28 15:30:00-04:00,189.53799438476562,190.10000610351562,189.3300018310547,190.10000610351562
2024-05-29 09:30:00-04:00,189.50999450683594,192.2469940185547,189.50999450683594,191.85000610351562
2024-05-29 10:30:00-04:00,191.84890747070312,192.24000549316406,191.125,191.48370361328125
2024-05-29 11:30:00-04:00,191.48500061035156,191.77999877929688,191.0800018310547,191.75999450683594
2024-05-29 12:30:00-04:00,191.7624969482422,192.02999877929688,191.5030059814453,191.7949981689453
2024-05-29 13:30:00-04:00,191.7899932861328,191.97000122070312,191.30999755859375,191.5601043701172
2024-05-29 14:30:00-04:00,191.55999755859375,191.6300048828125,190.72000122070312,191.13999938964844
2024-05-29 15:30:00-04:00,191.13999938964844,191.2100067138672,189.95989990234375,190.3699951171875
2024-05-30 09:30:00-04:00,190.78500366210938,192.10000610351562,190.6300048828125,191.44500732421875
2024-05-30 10:30:00-04:00,191.4499969482422,191.82400512695312,191.0,191.69500732421875
2024-05-30 11:30:00-04:00,191.6699981689453,191.75,191.10000610351562,191.25999450683594
2024-05-30 12:30:00-04:00,191.25999450683594,192.13999938964844,191.2050018310547,192.07870483398438
2024-05-30 13:30:00-04:00,192.0800018310547,192.17999267578125,191.36000061035156,191.53500366210938
2024-05-30 14:30:00-04:00,191.5366973876953,191.8000030517578,191.41000366210938,191.56500244140625
2024-05-30 15:30:00-04:00,191.5800018310547,191.83999633789062,190.85000610351562,191.2899932861328
2024-05-31 09:30:00-04:00,191.44000244140625,192.57000732421875,191.27000427246094,191.69000244140625
2024-05-31 10:30:00-04:00,191.69000244140625,191.97000122070312,190.10000610351562,190.41000366210938
2024-05-31 11:30:00-04:00,190.38999938964844,190.7073974609375,189.91000366210938,190.19720458984375
2024-05-31 12:30:00-04:00,190.1999969482422,190.58999633789062,189.91000366210938,190.57000732421875
2024-05-31 13:30:00-04:00,190.57000732421875,190.82000732421875,190.3800048828125,190.55499267578125
2024-05-31 14:30:00-04:00,190.5500030517578,191.26980590820312,190.3300018310547,191.02999877929688
2024-05-31 15:30:00-04:00,191.02000427246094,192.49000549316406,190.89999389648438,192.47000122070312
2024-06-03 09:30:00-04:00,192.97999572753906,194.99000549316406,192.52999877929688,194.8350067138672
2024-06-03 10:30:00-04:00,194.8300018310547,194.9199981689453,193.5800018310547,194.1300048828125
2024-06-03 11:30:00-04:00,194.1199951171875,194.38999938964844,193.24000549316406,193.28939819335938
2024-06-03 12:30:00-04:00,193.27999877929688,193.82640075683594,192.83999633789062,193.7899932861328
2024-06-03 13:30:00-04:00,193.75999450683594,194.05499267578125,193.08999633789062,193.10000610351562
2024-06-03 14:30:00-04:00,193.10000610351562,193.52000427246094,192.91009521484375,193.35400390625
2024-06-03 15:30:00-04:00,193.36000061035156,194.11000061035156,193.27999877929688,194.08999633789062
2024-06-04 09:30:00-04:00,194.72000122070312,195.0,193.03419494628906,194.02999877929688
2024-06-04 10:30:00-04:00,194.02499389648438,194.39999389648438,193.66000366210938,194.0500030517578
2024-06-04 11:30:00-04:00,194.05499267578125,194.49000549316406,193.71499633789062,194.47000122070312
2024-06-04 12:30:00-04:00,194.47000122070312,194.82000732421875,194.33999633789062,194.80499267578125
2024-06-04 13:30:00-04:00,194.80999755859375,195.32000732421875,194.41000366210938,195.23500061035156
2024-06-04 14:30:00-04:00,195.22999572753906,195.32000732421875,193.92999267578125,194.5072021484375
2024-06-04 15:30:00-04:00,194.5050048828125,194.8699951171875,194.17999267578125,194.36500549316406
2024-06-05 09:30:00-04:00,195.4199981689453,196.4199981689453,194.8800048828125,195.375
2024-06-05 10:30:00-04:00,195.3800048828125,196.1699981689453,195.19500732421875,196.13999938964844
2024-06-05 11:30:00-04:00,196.13999938964844,196.89999389648438,195.82000732421875,195.9250030517578
2024-06-05 12:30:00-04:00,195.9199981689453,196.25999450683594,195.60009765625,195.88519287109375
2024-06-05 13:30:00-04:00,195.8800048828125,196.6999969482422,195.8800048828125,196.2050018310547
2024-06-05 14:30:00-04:00,196.1999969482422,196.44000244140625,195.72000122070312,196.139892578125
2024-06-05 15:30:00-04:00,196.1300048828125,196.4499969482422,195.6199951171875,195.89999389648438
2024-06-06 09:30:00-04:00,195.68499755859375,196.5,195.2100067138672,195.9199981689453
2024-06-06 10:30:00-04:00,195.91000366210938,196.0,195.44000244140625,195.8350067138672
2024-06-06 11:30:00-04:00,195.8350067138672,195.83999633789062,195.41000366210938,195.6699981689453
2024-06-06 12:30:00-04:00,195.6768035888672,196.07000732421875,195.46499633789062,195.6479949951172
2024-06-06 13:30:00-04:00,195.64500427246094,195.73500061035156,194.9499969482422,195.54449462890625
2024-06-06 14:30:00-04:00,195.5399932861328,195.54080200195312,195.02000427246094,195.39300537109375
2024-06-06 15:30:00-04:00,195.39500427246094,195.5,194.1699981689453,194.47999572753906
2024-06-07 09:30:00-04:00,194.66000366210938,195.75,194.13999938964844,194.80999755859375
2024-06-07 10:30:00-04:00,194.80499267578125,195.97000122070312,194.74009704589844,195.6199951171875
2024-06-07 11:30:00-04:00,195.625,196.18499755859375,195.60000610351562,195.9550018310547
2024-06-07 12:30:00-04:00,195.9600067138672,196.49000549316406,195.7100067138672,196.36000061035156
2024-06-07 13:30:00-04:00,196.36000061035156,196.5800018310547,195.72000122070312,195.8699951171875
2024-06-07 14:30:00-04:00,195.86000061035156,196.44000244140625,195.5800018310547,196.4394989013672
2024-06-07 15:30:00-04:00,196.43499755859375,196.94000244140625,196.24000549316406,196.89999389648438
2024-06-10 09:30:00-04:00,197.1999969482422,197.2816925048828,194.8300018310547,195.6199951171875
2024-06-10 10:30:00-04:00,195.6217041015625,195.74000549316406,195.25,195.55419921875
2024-06-10 11:30:00-04:00,195.55999755859375,196.2100067138672,195.07000732421875,195.88839721679688
2024-06-10 12:30:00-04:00,195.88999938964844,196.3800048828125,195.11000061035156,195.4250030517578
2024-06-10 13:30:00-04:00,195.44000244140625,196.4499969482422,192.14999389648438,193.16000366210938
2024-06-10 14:30:00-04:00,193.14999389648438,194.3000030517578,192.3300018310547,192.96499633789062
2024-06-10 15:30:00-04:00,192.9600067138672,193.19000244140625,192.2899932861328,193.1300048828125
2024-06-11 09:30:00-04:00,193.66000366210938,201.0449981689453,193.63999938964844,200.89999389648438
2024-06-11 10:30:00-04:00,200.8925018310547,204.50999450683594,200.8800048828125,204.40989685058594
2024-06-11 11:30:00-04:00,204.39500427246094,205.4499969482422,203.4499969482422,204.22500610351562
2024-06-11 12:30:00-04:00,204.2476043701172,206.02999877929688,203.8000030517578,205.0399932861328
2024-06-11 13:30:00-04:00,205.02999877929688,205.41000366210938,204.44000244140625,205.0800018310547
2024-06-11 14:30:00-04:00,205.08999633789062,205.92999267578125,204.6999969482422,205.72999572753906
2024-06-11 15:30:00-04:00,205.72999572753906,207.16000366210938,205.49000549316406,207.13999938964844
2024-06-12 09:30:00-04:00,207.36000061035156,215.99000549316406,206.91000366210938,215.23500061035156
2024-06-12 10:30:00-04:00,215.22000122070312,218.1199951171875,214.67999267578125,217.58009338378906
2024-06-12 11:30:00-04:00,217.5800018310547,217.60000610351562,215.27000427246094,215.35000610351562
2024-06-12 12:30:00-04:00,215.33059692382812,217.36000061035156,214.86099243164062,216.92999267578125
2024-06-12 13:30:00-04:00,216.92750549316406,219.3249969482422,216.4600067138672,218.960205078125
2024-06-12 14:30:00-04:00,218.95010375976562,220.1999969482422,217.3699951171875,217.72999572753906
2024-06-12 15:30:00-04:00,217.74000549316406,217.75999450683594,212.83999633789062,213.1116943359375
2024-06-13 09:30:00-04:00,214.77999877929688,216.75,213.13999938964844,213.85020446777344
2024-06-13 10:30:00-04:00,213.8643035888672,214.5590057373047,212.17010498046875,213.44500732421875
2024-06-13 11:30:00-04:00,213.43589782714844,214.06179809570312,211.60000610351562,212.10000610351562
2024-06-13 12:30:00-04:00,212.11000061035156,213.74000549316406,212.02999877929688,213.60000610351562
2024-06-13 13:30:00-04:00,213.60499572753906,213.7899932861328,212.4001007080078,213.19000244140625
2024-06-13 14:30:00-04:00,213.1999969482422,214.39999389648438,213.0399932861328,214.33999633789062
2024-06-13 15:30:00-04:00,214.3300018310547,214.8800048828125,213.83200073242188,214.1300048828125
2024-06-14 09:30:00-04:00,213.80999755859375,215.1699981689453,212.6199951171875,213.38999938964844
2024-06-14 10:30:00-04:00,213.38999938964844,213.91990661621094,212.66000366210938,213.59500122070312
2024-06-14 11:30:00-04:00,213.59500122070312,213.82000732421875,211.6699981689453,211.75
2024-06-14 12:30:00-04:00,211.75,212.2790069580078,211.3000030517578,211.77999877929688
2024-06-14 13:30:00-04:00,211.77999877929688,212.4499969482422,211.69000244140625,212.22500610351562
2024-06-14 14:30:00-04:00,212.22950744628906,212.38999938964844,211.67999267578125,212.3800048828125
2024-06-14 15:30:00-04:00,212.375,212.58790588378906,211.4199981689453,212.52000427246094
2024-06-17 09:30:00-04:00,213.3000030517578,216.49000549316406,212.72000122070312,216.09140014648438
2024-06-17 10:30:00-04:00,216.08999633789062,217.3300018310547,215.3300018310547,216.3314971923828
2024-06-17 11:30:00-04:00,216.3300018310547,217.07000732421875,215.82000732421875,216.5399932861328
2024-06-17 12:30:00-04:00,216.5399932861328,218.10000610351562,216.1300048828125,217.82000732421875
2024-06-17 13:30:00-04:00,217.8300018310547,218.75,217.75,218.35000610351562
2024-06-17 14:30:00-04:00,218.34519958496094,218.94500732421875,217.9600067138672,218.15499877929688
2024-06-17 15:30:00-04:00,218.16000366210938,218.33999633789062,215.47999572753906,216.7100067138672
2024-06-18 09:30:00-04:00,217.61000061035156,218.6300048828125,214.44000244140625,215.30999755859375
2024-06-18 10:30:00-04:00,215.30999755859375,215.8000030517578,213.44000244140625,214.36000061035156
2024-06-18 11:30:00-04:00,214.35499572753906,214.44000244140625,213.0,213.22000122070312
2024-06-18 12:30:00-04:00,213.22000122070312,214.22999572753906,213.2165069580078,213.66000366210938
2024-06-18 13:30:00-04:00,213.66000366210938,214.05569458007812,213.07000732421875,213.72300720214844
2024-06-18 14:30:00-04:00,213.72500610351562,214.91000366210938,213.4001007080078,214.64999389648438
2024-06-18 15:30:00-04:00,214.64500427246094,215.10000610351562,213.91000366210938,214.3800048828125
2024-06-20 09:30:00-04:00,213.92999267578125,214.24000549316406,211.47999572753906,211.6385955810547
2024-06-20 10:30:00-04:00,211.6300048828125,211.97000122070312,209.52999877929688,209.53500366210938
2024-06-20 11:30:00-04:00,209.5399932861328,211.1699981689453,209.4199981689453,209.52499389648438
2024-06-20 12:30:00-04:00,209.52999877929688,210.28990173339844,209.1300048828125,209.3800048828125
2024-06-20 13:30:00-04:00,209.3699951171875,210.60000610351562,209.2100067138672,210.0399932861328
2024-06-20 14:30:00-04:00,210.0399932861328,210.1699981689453,209.16000366210938,209.67320251464844
2024-06-20 15:30:00-04:00,209.6750030517578,209.75,208.85000610351562,209.55999755859375
2024-06-21 09:30:00-04:00,210.38999938964844,211.88999938964844,209.58999633789062,210.82009887695312
2024-06-21 10:30:00-04:00,210.8300018310547,211.43479919433594,210.4199981689453,210.82000732421875
2024-06-21 11:30:00-04:00,210.82000732421875,211.6300048828125,210.72000122070312,211.10000610351562
2024-06-21 12:30:00-04:00,211.08999633789062,211.10989379882812,209.85000610351562,210.05999755859375
2024-06-21 13:30:00-04:00,210.05999755859375,210.97999572753906,209.9499969482422,210.84500122070312
2024-06-21 14:30:00-04:00,210.83999633789062,210.97000122070312,209.97000122070312,210.4199981689453
2024-06-21 15:30:00-04:00,210.4149932861328,210.85000610351562,207.11000061035156,207.11000061035156
2024-06-24 09:30:00-04:00,207.72000122070312,209.55999755859375,206.58999633789062,209.0050048828125
2024-06-24 10:30:00-04:00,209.0,212.6999969482422,208.9199981689453,212.36549377441406
2024-06-24 11:30:00-04:00,212.3800048828125,212.61000061035156,210.6300048828125,210.91000366210938
2024-06-24 12:30:00-04:00,210.91000366210938,211.0,209.39199829101562,210.0050048828125
2024-06-24 13:30:00-04:00,210.0,210.08999633789062,208.8800048828125,209.3699951171875
2024-06-24 14:30:00-04:00,209.3800048828125,209.50999450683594,208.52000427246094,208.85899353027344
2024-06-24 15:30:00-04:00,208.85000610351562,208.91000366210938,207.8446044921875,208.14999389648438
2024-06-25 09:30:00-04:00,209.0800018310547,211.3800048828125,208.61000061035156,209.79989624023438
2024-06-25 10:30:00-04:00,209.8000030517578,210.25999450683594,209.20010375976562,209.7100067138672
2024-06-25 11:30:00-04:00,209.72000122070312,210.48500061035156,209.7100067138672,210.03140258789062
2024-06-25 12:30:00-04:00,210.02999877929688,210.19000244140625,209.3800048828125,210.11500549316406
2024-06-25 13:30:00-04:00,210.11500549316406,210.67010498046875,209.94000244140625,210.66000366210938
2024-06-25 14:30:00-04:00,210.65890502929688,210.66900634765625,209.88999938964844,210.14010620117188
2024-06-25 15:30:00-04:00,210.13999938964844,210.13999938964844,208.82000732421875,209.0760040283203
2024-06-26 09:30:00-04:00,211.44000244140625,213.0,210.63999938964844,212.36000061035156
2024-06-26 10:30:00-04:00,212.3699951171875,213.74000549316406,212.343994140625,213.2100067138672
2024-06-26 11:30:00-04:00,213.2100067138672,214.77999877929688,213.02999877929688,214.34500122070312
2024-06-26 12:30:00-04:00,214.34500122070312,214.3699951171875,213.22999572753906,213.55999755859375
2024-06-26 13:30:00-04:00,213.55169677734375,214.86000061035156,213.49000549316406,214.35000610351562
2024-06-26 14:30:00-04:00,214.34500122070312,214.57000732421875,212.8300018310547,213.26199340820312
2024-06-26 15:30:00-04:00,213.28990173339844,213.5,212.72000122070312,213.1199951171875
2024-06-27 09:30:00-04:00,214.6300048828125,215.739501953125,213.38999938964844,213.80999755859375
2024-06-27 10:30:00-04:00,213.80999755859375,213.9600067138672,212.35000610351562,212.9705047607422
2024-06-27 11:30:00-04:00,212.97000122070312,213.86000061035156,212.57000732421875,213.85499572753906
2024-06-27 12:30:00-04:00,213.8513946533203,214.19000244140625,213.55999755859375,214.0
2024-06-27 13:30:00-04:00,213.99400329589844,214.07000732421875,213.0500030517578,213.4199981689453
2024-06-27 14:30:00-04:00,213.4199981689453,214.02000427246094,213.27000427246094,213.8289031982422
2024-06-27 15:30:00-04:00,213.8300018310547,214.1199951171875,213.14500427246094,214.11000061035156
2024-06-28 09:30:00-04:00,215.80499267578125,216.07000732421875,213.57029724121094,214.63999938964844
2024-06-28 10:30:00-04:00,214.63499450683594,215.3000030517578,213.77000427246094,214.33999633789062
2024-06-28 11:30:00-04:00,214.3300018310547,214.7100067138672,213.52000427246094,213.83999633789062
2024-06-28 12:30:00-04:00,213.8350067138672,214.52999877929688,213.27000427246094,213.83009338378906
2024-06-28 13:30:00-04:00,213.85000610351562,214.0800018310547,213.1300048828125,213.2100067138672
2024-06-28 14:30:00-04:00,213.2100067138672,213.48500061035156,212.6999969482422,213.05499267578125
2024-06-28 15:30:00-04:00,213.0500030517578,213.60989379882812,210.3000030517578,210.61000061035156
2024-07-01 09:30:00-04:00,212.1300048828125,215.58999633789062,211.9199981689453,215.22999572753906
2024-07-01 10:30:00-04:00,215.22000122070312,215.55999755859375,214.08999633789062,215.0133056640625
2024-07-01 11:30:00-04:00,215.00999450683594,216.5800018310547,214.6999969482422,216.5050048828125
2024-07-01 12:30:00-04:00,216.50999450683594,217.50999450683594,216.47000122070312,217.25430297851562
2024-07-01 13:30:00-04:00,217.25,217.25,215.9199981689453,215.93499755859375
2024-07-01 14:30:00-04:00,215.9199981689453,216.24000549316406,215.13999938964844,215.53500366210938
2024-07-01 15:30:00-04:00,215.53500366210938,217.0,215.4600067138672,216.72999572753906
2024-07-02 09:30:00-04:00,216.14999389648438,218.89999389648438,215.10000610351562,218.70989990234375
2024-07-02 10:30:00-04:00,218.7100067138672,220.3300018310547,218.5637969970703,219.51019287109375
2024-07-02 11:30:00-04:00,219.52999877929688,220.11000061035156,218.75999450683594,219.1649932861328
2024-07-02 12:30:00-04:00,219.14999389648438,219.5,218.83079528808594,219.39999389648438
2024-07-02 13:30:00-04:00,219.4001007080078,220.07000732421875,219.27000427246094,220.02999877929688
2024-07-02 14:30:00-04:00,220.02999877929688,220.3300018310547,219.50999450683594,219.6199951171875
2024-07-02 15:30:00-04:00,219.61000061035156,220.3800048828125,219.5,220.3699951171875
2024-07-03 09:30:00-04:00,220.42999267578125,221.39999389648438,219.02999877929688,219.3800048828125
2024-07-03 10:30:00-04:00,219.37989807128906,220.72999572753906,219.10009765625,220.11500549316406
2024-07-03 11:30:00-04:00,220.11500549316406,221.3000030517578,219.77000427246094,221.3000030517578
2024-07-05 09:30:00-04:00,221.64999389648438,225.44000244140625,221.64999389648438,225.17080688476562
2024-07-05 10:30:00-04:00,225.1699981689453,225.19000244140625,223.8300018310547,224.72000122070312
2024-07-05 11:30:00-04:00,224.72000122070312,225.41909790039062,224.67999267578125,225.22000122070312
2024-07-05 12:30:00-04:00,225.22999572753906,225.3699951171875,224.72999572753906,225.35000610351562
2024-07-05 13:30:00-04:00,225.35499572753906,225.63999938964844,224.97999572753906,225.25
2024-07-05 14:30:00-04:00,225.25999450683594,225.52499389648438,225.00999450683594,225.4199981689453
2024-07-05 15:30:00-04:00,225.41990661621094,226.4499969482422,225.36000061035156,226.30999755859375
2024-07-08 09:30:00-04:00,227.08999633789062,227.35000610351562,223.25,225.1999969482422
2024-07-08 10:30:00-04:00,225.19979858398438,226.80999755859375,224.783203125,226.50999450683594
2024-07-08 11:30:00-04:00,226.52999877929688,227.0,225.7899932861328,226.52000427246094
2024-07-08 12:30:00-04:00,226.50999450683594,226.89999389648438,226.0500030517578,226.5998992919922
2024-07-08 13:30:00-04:00,226.5800018310547,227.44000244140625,226.38999938964844,227.3300018310547
2024-07-08 14:30:00-04:00,227.3300018310547,227.36000061035156,226.4600067138672,226.8249969482422
2024-07-08 15:30:00-04:00,226.80999755859375,227.83999633789062,226.76010131835938,227.8000030517578
2024-07-09 09:30:00-04:00,228.18499755859375,229.39500427246094,226.37210083007812,228.52999877929688
2024-07-09 10:30:00-04:00,228.5229034423828,228.65499877929688,227.3000030517578,227.9149932861328
2024-07-09 11:30:00-04:00,227.91009521484375,228.2480010986328,227.60000610351562,228.17999267578125
2024-07-09 12:30:00-04:00,228.1699981689453,228.72540283203125,228.00999450683594,228.00999450683594
2024-07-09 13:30:00-04:00,228.0,228.53500366210938,227.85000610351562,228.44000244140625
2024-07-09 14:30:00-04:00,228.4499969482422,228.5198974609375,228.16000366210938,228.36000061035156
2024-07-09 15:30:00-04:00,228.35000610351562,228.77999877929688,228.1842041015625,228.6999969482422
2024-07-10 09:30:00-04:00,229.44000244140625,231.7220001220703,229.25,231.10000610351562
2024-07-10 10:30:00-04:00,231.11000061035156,231.15499877929688,230.10499572753906,230.9949951171875
2024-07-10 11:30:00-04:00,231.0,232.74000549316406,230.9550018310547,232.19500732421875
2024-07-10 12:30:00-04:00,232.1999969482422,232.4199981689453,230.7100067138672,231.55999755859375
2024-07-10 13:30:00-04:00,231.57000732421875,232.14999389648438,231.52000427246094,232.10000610351562
2024-07-10 14:30:00-04:00,232.10000610351562,232.19000244140625,231.6300048828125,231.75999450683594
2024-07-10 15:30:00-04:00,231.75999450683594,233.0800018310547,231.7050018310547,232.91000366210938
2024-07-11 09:30:00-04:00,231.31170654296875,232.38999938964844,228.52999877929688,228.89999389648438
2024-07-11 10:30:00-04:00,228.8699951171875,229.63999938964844,226.27000427246094,226.6199951171875
2024-07-11 11:30:00-04:00,226.6199951171875,227.83999633789062,225.77000427246094,227.7657928466797
2024-07-11 12:30:00-04:00,227.75999450683594,228.72000122070312,227.27000427246094,227.97999572753906
2024-07-11 13:30:00-04:00,227.97000122070312,227.97500610351562,226.58999633789062,227.26499938964844
2024-07-11 14:30:00-04:00,227.25999450683594,228.5500030517578,227.2100067138672,227.7100067138672
2024-07-11 15:30:00-04:00,227.72000122070312,228.6999969482422,227.5500030517578,227.5500030517578
2024-07-12 09:30:00-04:00,229.0,231.5,228.67999267578125,230.8800048828125
2024-07-12 10:30:00-04:00,230.8800048828125,232.3979949951172,230.6199951171875,231.89990234375
2024-07-12 11:30:00-04:00,231.89999389648438,231.99000549316406,230.50999450683594,230.7100067138672
2024-07-12 12:30:00-04:00,230.7100067138672,231.91000366210938,230.57000732421875,231.90249633789062
2024-07-12 13:30:00-04:00,231.89999389648438,232.63999938964844,231.83999633789062,232.27000427246094
2024-07-12 14:30:00-04:00,232.26499938964844,232.36000061035156,231.55999755859375,231.85989379882812
2024-07-12 15:30:00-04:00,231.86000061035156,231.8699951171875,229.91000366210938,230.57000732421875
2024-07-15 09:30:00-04:00,236.53199768066406,237.22999572753906,233.33999633789062,234.79010009765625
2024-07-15 10:30:00-04:00,234.82000732421875,236.3101043701172,234.47999572753906,235.60000610351562
2024-07-15 11:30:00-04:00,235.5800018310547,235.94979858398438,234.5,235.30799865722656
2024-07-15 12:30:00-04:00,235.32000732421875,235.8800048828125,234.6199951171875,234.69000244140625
2024-07-15 13:30:00-04:00,234.6595001220703,234.8000030517578,233.9040069580078,234.2050018310547
2024-07-15 14:30:00-04:00,234.2100067138672,235.07000732421875,233.97000122070312,234.5800018310547
2024-07-15 15:30:00-04:00,234.5800018310547,234.7899932861328,233.08999633789062,234.4199981689453
2024-07-16 09:30:00-04:00,235.2050018310547,236.27000427246094,233.00999450683594,233.8300018310547
2024-07-16 10:30:00-04:00,233.8300018310547,234.91000366210938,233.6750030517578,234.16000366210938
2024-07-16 11:30:00-04:00,234.16000366210938,234.35000610351562,232.6199951171875,232.94790649414062
2024-07-16 12:30:00-04:00,232.9250030517578,233.7971954345703,232.3300018310547,233.5449981689453
2024-07-16 13:30:00-04:00,233.5399932861328,234.5500030517578,233.4149932861328,234.38999938964844
2024-07-16 14:30:00-04:00,234.39950561523438,234.86500549316406,234.3000030517578,234.55990600585938
2024-07-16 15:30:00-04:00,234.5500030517578,234.97999572753906,234.28500366210938,234.80999755859375
2024-07-17 09:30:00-04:00,229.47999572753906,231.45989990234375,226.63999938964844,227.82000732421875
2024-07-17 10:30:00-04:00,227.8000030517578,228.8300018310547,227.4499969482422,228.6199951171875
2024-07-17 11:30:00-04:00,228.6300048828125,229.00999450683594,228.09500122070312,228.4949951171875
2024-07-17 12:30:00-04:00,228.48500061035156,229.00999450683594,228.14999389648438,228.6999969482422
2024-07-17 13:30:00-04:00,228.67999267578125,229.77999877929688,228.25999450683594,229.51910400390625
2024-07-17 14:30:00-04:00,229.51800537109375,229.8000030517578,228.9600067138672,229.13999938964844
2024-07-17 15:30:00-04:00,229.13999938964844,229.82000732421875,228.57000732421875,228.88499450683594
2024-07-18 09:30:00-04:00,230.34500122070312,230.44000244140625,226.58999633789062,227.88999938964844
2024-07-18 10:30:00-04:00,227.8699951171875,228.00999450683594,222.7899932861328,222.99000549316406
2024-07-18 11:30:00-04:00,222.97999572753906,224.02999877929688,222.4499969482422,223.35000610351562
2024-07-18 12:30:00-04:00,223.35000610351562,225.06500244140625,222.47000122070312,224.55999755859375
2024-07-18 13:30:00-04:00,224.5500030517578,225.1999969482422,224.4149932861328,224.60009765625
2024-07-18 14:30:00-04:00,224.5800018310547,225.07000732421875,223.45089721679688,224.1300048828125
2024-07-18 15:30:00-04:00,224.1199951171875,225.14999389648438,223.8249969482422,224.19000244140625
2024-07-19 09:30:00-04:00,224.8520050048828,226.8000030517578,224.4199981689453,225.0142059326172
2024-07-19 10:30:00-04:00,225.05999755859375,225.86000061035156,223.8708038330078,223.9600067138672
2024-07-19 11:30:00-04:00,223.9600067138672,225.0500030517578,223.55999755859375,223.94500732421875
2024-07-19 12:30:00-04:00,223.94000244140625,224.57989501953125,223.27499389648438,224.4600067138672
2024-07-19 13:30:00-04:00,224.42999267578125,224.94500732421875,223.86000061035156,224.44000244140625
2024-07-19 14:30:00-04:00,224.4600067138672,225.1199951171875,223.88999938964844,225.00999450683594
2024-07-19 15:30:00-04:00,225.0,225.0699005126953,224.00999450683594,224.3800048828125
2024-07-22 09:30:00-04:00,227.27000427246094,227.77999877929688,225.5800018310547,226.8000030517578
2024-07-22 10:30:00-04:00,226.80499267578125,227.12510681152344,223.72000122070312,223.82989501953125
2024-07-22 11:30:00-04:00,223.77999877929688,224.13999938964844,223.08999633789062,223.8350067138672
2024-07-22 12:30:00-04:00,223.8300018310547,224.58999633789062,223.6999969482422,224.38999938964844
2024-07-22 13:30:00-04:00,224.3699951171875,225.42010498046875,224.3300018310547,225.0500030517578
2024-07-22 14:30:00-04:00,225.05999755859375,225.6300048828125,224.6300048828125,224.67999267578125
2024-07-22 15:30:00-04:00,224.67999267578125,225.0399932861328,223.77999877929688,223.92999267578125
2024-07-23 09:30:00-04:00,224.39999389648438,225.13999938964844,222.67999267578125,224.625
2024-07-23 10:30:00-04:00,224.63999938964844,226.72999572753906,224.10060119628906,226.60890197753906
2024-07-23 11:30:00-04:00,226.61500549316406,226.92999267578125,225.1999969482422,225.639892578125
2024-07-23 12:30:00-04:00,225.6300048828125,225.6999053955078,224.61500549316406,224.72000122070312
2024-07-23 13:30:00-04:00,224.7100067138672,225.0399932861328,224.3800048828125,224.5399932861328
2024-07-23 14:30:00-04:00,224.57240295410156,225.10000610351562,224.3280029296875,225.07470703125
2024-07-23 15:30:00-04:00,225.05999755859375,225.27999877929688,224.32000732421875,225.00999450683594
2024-07-24 09:30:00-04:00,224.0,224.8000030517578,220.3000030517578,220.88999938964844
2024-07-24 10:30:00-04:00,220.89999389648438,221.02999877929688,218.2899932861328,218.6750030517578
2024-07-24 11:30:00-04:00,218.6699981689453,218.83999633789062,217.1300048828125,217.90499877929688
2024-07-24 12:30:00-04:00,217.90989685058594,218.5500030517578,217.72000122070312,218.0258026123047
2024-07-24 13:30:00-04:00,218.02000427246094,218.86000061035156,217.83999633789062,218.16000366210938
2024-07-24 14:30:00-04:00,218.16000366210938,218.42999267578125,217.7563018798828,217.88999938964844
2024-07-24 15:30:00-04:00,217.8800048828125,218.77999877929688,217.6999969482422,218.57000732421875
2024-07-25 09:30:00-04:00,218.8699951171875,219.84500122070312,214.6199951171875,215.80999755859375
2024-07-25 10:30:00-04:00,215.82000732421875,219.39999389648438,215.44009399414062,218.67999267578125
2024-07-25 11:30:00-04:00,218.6840057373047,220.52000427246094,218.11000061035156,220.19200134277344
2024-07-25 12:30:00-04:00,220.1999969482422,220.85000610351562,219.27000427246094,219.4199981689453
2024-07-25 13:30:00-04:00,219.42999267578125,220.47999572753906,219.3572998046875,219.8800048828125
2024-07-25 14:30:00-04:00,219.86000061035156,220.4199981689453,218.61700439453125,220.125
2024-07-25 15:30:00-04:00,220.10000610351562,220.27000427246094,217.3300018310547,217.49000549316406
2024-07-26 09:30:00-04:00,218.85000610351562,219.14990234375,216.00999450683594,217.39999389648438
2024-07-26 10:30:00-04:00,217.39500427246094,218.1540069580078,216.45590209960938,217.9553985595703
2024-07-26 11:30:00-04:00,217.9550018310547,219.02000427246094,217.50999450683594,218.69119262695312
2024-07-26 12:30:00-04:00,218.7100067138672,219.49000549316406,218.7100067138672,219.30450439453125
2024-07-26 13:30:00-04:00,219.30499267578125,219.326904296875,217.67999267578125,218.14999389648438
2024-07-26 14:30:00-04:00,218.16000366210938,218.75,217.56100463867188,218.60499572753906
2024-07-26 15:30:00-04:00,218.6199951171875,218.6199951171875,217.1300048828125,218.1199951171875
2024-07-29 09:30:00-04:00,216.67999267578125,219.3000030517578,215.92999267578125,217.72999572753906
2024-07-29 10:30:00-04:00,217.75,218.69000244140625,216.50999450683594,217.13999938964844
2024-07-29 11:30:00-04:00,217.11000061035156,218.9600067138672,216.60049438476562,218.5449981689453
2024-07-29 12:30:00-04:00,218.5500030517578,219.27999877929688,218.375,218.6999969482422
2024-07-29 13:30:00-04:00,218.6999969482422,219.08689880371094,218.0500030517578,218.35000610351562
2024-07-29 14:30:00-04:00,218.33999633789062,218.75,217.97000122070312,218.58999633789062
2024-07-29 15:30:00-04:00,218.58999633789062,219.1199951171875,218.0,218.2100067138672
2024-07-30 09:30:00-04:00,219.0399932861328,220.3249969482422,218.55999755859375,219.07000732421875
2024-07-30 10:30:00-04:00,219.07000732421875,219.33580017089844,217.1699981689453,217.2899932861328
2024-07-30 11:30:00-04:00,217.27999877929688,217.5399932861328,216.3300018310547,216.97999572753906
2024-07-30 12:30:00-04:00,216.9600067138672,217.35000610351562,216.1199951171875,217.25
2024-07-30 13:30:00-04:00,217.24000549316406,218.74000549316406,216.9600067138672,218.28500366210938
2024-07-30 14:30:00-04:00,218.27999877929688,218.7100067138672,217.97000122070312,218.6300048828125
2024-07-30 15:30:00-04:00,218.63999938964844,219.9199981689453,218.4499969482422,218.7899932861328
2024-07-31 09:30:00-04:00,221.52999877929688,223.44000244140625,220.63999938964844,222.8300018310547
2024-07-31 10:30:00-04:00,222.83999633789062,223.82000732421875,222.3000030517578,223.15499877929688
2024-07-31 11:30:00-04:00,223.15499877929688,223.3699951171875,222.1699981689453,222.3699951171875
2024-07-31 12:30:00-04:00,222.38360595703125,223.00999450683594,222.08009338378906,222.60000610351562
2024-07-31 13:30:00-04:00,222.59500122070312,223.00999450683594,221.30999755859375,222.92999267578125
2024-07-31 14:30:00-04:00,222.94000244140625,223.3699951171875,221.28500366210938,221.610107421875
2024-07-31 15:30:00-04:00,221.63999938964844,223.00929260253906,221.3699951171875,221.99000549316406
2024-08-01 09:30:00-04:00,224.3699951171875,224.45050048828125,221.25999450683594,221.27999877929688
2024-08-01 10:30:00-04:00,221.27969360351562,221.72999572753906,220.1199951171875,220.5399932861328
2024-08-01 11:30:00-04:00,220.55999755859375,220.85000610351562,219.02000427246094,219.32000732421875
2024-08-01 12:30:00-04:00,219.33999633789062,219.5,217.6300048828125,218.14999389648438
2024-08-01 13:30:00-04:00,218.16000366210938,218.8000030517578,217.1907958984375,217.7899932861328
2024-08-01 14:30:00-04:00,217.7949981689453,218.15989685058594,217.02000427246094,218.05499267578125
2024-08-01 15:30:00-04:00,218.0500030517578,219.13999938964844,217.13499450683594,218.27999877929688
2024-08-02 09:30:00-04:00,219.14999389648438,224.4149932861328,217.7100067138672,222.65499877929688
2024-08-02 10:30:00-04:00,222.6300048828125,224.37989807128906,221.75999450683594,222.8300018310547
2024-08-02 11:30:00-04:00,222.86000061035156,224.72000122070312,221.4199981689453,224.6199951171875
2024-08-02 12:30:00-04:00,224.61500549316406,225.60000610351562,223.4499969482422,224.63999938964844
2024-08-02 13:30:00-04:00,224.6300048828125,225.0050048828125,221.91000366210938,223.43499755859375
2024-08-02 14:30:00-04:00,223.4199981689453,224.10000610351562,222.11000061035156,222.6199951171875
2024-08-02 15:30:00-04:00,222.6300048828125,222.98829650878906,219.05999755859375,219.8000030517578
2024-08-05 09:30:00-04:00,199.13999938964844,211.11000061035156,196.2100067138672,207.97869873046875
2024-08-05 10:30:00-04:00,207.94070434570312,213.47000122070312,207.82000732421875,211.1699981689453
2024-08-05 11:30:00-04:00,211.1999969482422,213.0,209.5050048828125,212.61500549316406
2024-08-05 12:30:00-04:00,212.6199951171875,212.64999389648438,209.72000122070312,210.80999755859375
2024-08-05 13:30:00-04:00,210.7899932861328,211.88999938964844,209.3699951171875,210.61000061035156
2024-08-05 14:30:00-04:00,210.56300354003906,210.9499969482422,203.9199981689453,206.42999267578125
2024-08-05 15:30:00-04:00,206.42999267578125,209.35000610351562,206.01170349121094,209.19000244140625
2024-08-06 09:30:00-04:00,205.38999938964844,206.25,201.07000732421875,204.89010620117188
2024-08-06 10:30:00-04:00,204.97999572753906,207.739501953125,204.3699951171875,206.11000061035156
2024-08-06 11:30:00-04:00,206.1204071044922,208.99000549316406,206.05999755859375,208.63099670410156
2024-08-06 12:30:00-04:00,208.6699981689453,209.97999572753906,208.36000061035156,208.99000549316406
2024-08-06 13:30:00-04:00,209.00999450683594,209.4799041748047,207.7050018310547,209.44639587402344
2024-08-06 14:30:00-04:00,209.4499969482422,209.9499969482422,207.39999389648438,208.5050048828125
2024-08-06 15:30:00-04:00,208.5050048828125,208.58999633789062,206.39999389648438,207.125
2024-08-07 09:30:00-04:00,206.88999938964844,212.89999389648438,206.41000366210938,211.6999969482422
2024-08-07 10:30:00-04:00,211.69000244140625,213.58999633789062,211.47000122070312,213.16000366210938
2024-08-07 11:30:00-04:00,213.12399291992188,213.63999938964844,211.17999267578125,212.5850067138672
2024-08-07 12:30:00-04:00,212.59970092773438,212.97000122070312,210.35000610351562,211.0399932861328
2024-08-07 13:30:00-04:00,211.0399932861328,211.49000549316406,210.02000427246094,211.05999755859375
2024-08-07 14:30:00-04:00,211.02000427246094,211.02000427246094,208.47999572753906,210.5200958251953
2024-08-07 15:30:00-04:00,210.5500030517578,210.99000549316406,209.41000366210938,209.86000061035156
2024-08-08 09:30:00-04:00,213.09500122070312,213.2100067138672,208.8300018310547,212.55999755859375
2024-08-08 10:30:00-04:00,212.5800018310547,212.99000549316406,211.0800018310547,212.2100067138672
2024-08-08 11:30:00-04:00,212.2100067138672,213.4600067138672,211.7100067138672,213.25
2024-08-08 12:30:00-04:00,213.26499938964844,213.99000549316406,212.5,213.89759826660156
2024-08-08 13:30:00-04:00,213.89999389648438,214.1999969482422,212.70750427246094,212.97999572753906
2024-08-08 14:30:00-04:00,212.9958953857422,213.42999267578125,212.1199951171875,212.13009643554688
2024-08-08 15:30:00-04:00,212.13999938964844,213.52000427246094,211.8800048828125,213.33999633789062
2024-08-09 09:30:00-04:00,212.0800018310547,214.7895050048828,211.97999572753906,214.6999969482422
2024-08-09 10:30:00-04:00,214.7100067138672,215.73500061035156,213.6699981689453,215.13499450683594
2024-08-09 11:30:00-04:00,215.1199951171875,215.7100067138672,214.41000366210938,214.5301055908203
2024-08-09 12:30:00-04:00,214.52999877929688,216.5399932861328,214.51010131835938,216.53500366210938
2024-08-09 13:30:00-04:00,216.5399932861328,216.77999877929688,214.9199981689453,215.27999877929688
2024-08-09 14:30:00-04:00,215.27499389648438,216.3800048828125,214.89999389648438,216.28500366210938
2024-08-09 15:30:00-04:00,216.25999450683594,216.61500549316406,215.33999633789062,216.3000030517578
2024-08-12 09:30:00-04:00,216.0,218.71499633789062,215.60000610351562,218.4499969482422
2024-08-12 10:30:00-04:00,218.44000244140625,219.50990295410156,217.14999389648438,217.80999755859375
2024-08-12 11:30:00-04:00,217.7947998046875,218.7574005126953,217.35000610351562,217.97999572753906
2024-08-12 12:30:00-04:00,217.97000122070312,218.33999633789062,217.02999877929688,217.24769592285156
2024-08-12 13:30:00-04:00,217.25,217.4550018310547,216.47999572753906,216.7449951171875
2024-08-12 14:30:00-04:00,216.6999969482422,217.42999267578125,216.59500122070312,217.02999877929688
2024-08-12 15:30:00-04:00,217.0399932861328,217.6300048828125,216.58999633789062,217.5500030517578
2024-08-13 09:30:00-04:00,219.10499572753906,221.7100067138672,219.00999450683594,221.0
2024-08-13 10:30:00-04:00,220.9949951171875,221.5,220.26060485839844,221.05499267578125
2024-08-13 11:30:00-04:00,221.0500030517578,221.59869384765625,220.88999938964844,221.11050415039062
2024-08-13 12:30:00-04:00,221.08999633789062,221.8000030517578,220.9600067138672,221.69000244140625
2024-08-13 13:30:00-04:00,221.69000244140625,221.88999938964844,220.56500244140625,221.21800231933594
2024-08-13 14:30:00-04:00,221.24609375,221.48489379882812,220.5399932861328,220.66000366210938
2024-08-13 15:30:00-04:00,220.6699981689453,221.27999877929688,220.4199981689453,221.27000427246094
2024-08-14 09:30:00-04:00,220.56500244140625,222.02000427246094,219.6999969482422,221.1103973388672
2024-08-14 10:30:00-04:00,221.11000061035156,222.55999755859375,220.4550018310547,222.55870056152344
2024-08-14 11:30:00-04:00,222.5500030517578,223.02999877929688,221.01499938964844,221.30499267578125
2024-08-14 12:30:00-04:00,221.32000732421875,221.4600067138672,220.3800048828125,221.1750030517578
2024-08-14 13:30:00-04:00,221.16000366210938,221.7689971923828,220.91000366210938,221.5399932861328
2024-08-14 14:30:00-04:00,221.52999877929688,221.61000061035156,220.80999755859375,221.16000366210938
2024-08-14 15:30:00-04:00,221.16000366210938,222.35000610351562,221.15310668945312,221.6199951171875
2024-08-15 09:30:00-04:00,224.5500030517578,224.99000549316406,222.75999450683594,224.7899932861328
2024-08-15 10:30:00-04:00,224.77999877929688,225.33999633789062,223.89999389648438,224.0050048828125
2024-08-15 11:30:00-04:00,224.00999450683594,225.01499938964844,223.85000610351562,224.9949951171875
2024-08-15 12:30:00-04:00,225.0,225.02000427246094,224.2449951171875,224.5449981689453
2024-08-15 13:30:00-04:00,224.55999755859375,225.14999389648438,224.50999450683594,225.07000732421875
2024-08-15 14:30:00-04:00,225.05999755859375,225.3300018310547,224.91380310058594,225.05999755859375
2024-08-15 15:30:00-04:00,225.05499267578125,225.08999633789062,223.84500122070312,224.7100067138672
2024-08-16 09:30:00-04:00,223.9199981689453,225.02000427246094,223.6501007080078,224.38999938964844
2024-08-16 10:30:00-04:00,224.3800048828125,225.02000427246094,223.96609497070312,224.91000366210938
2024-08-16 11:30:00-04:00,224.91000366210938,226.4456024169922,224.91000366210938,226.33999633789062
2024-08-16 12:30:00-04:00,226.35000610351562,226.8271026611328,226.30999755859375,226.5500030517578
2024-08-16 13:30:00-04:00,226.5500030517578,226.6699981689453,225.6300048828125,225.99000549316406
2024-08-16 14:30:00-04:00,225.98500061035156,226.2100067138672,225.7635955810547,225.9600067138672
2024-08-16 15:30:00-04:00,225.9604949951172,226.13999938964844,225.5399932861328,226.10000610351562
2024-08-19 09:30:00-04:00,225.69500732421875,225.69500732421875,223.0399932861328,224.16000366210938
2024-08-19 10:30:00-04:00,224.16000366210938,224.72999572753906,223.49000549316406,224.43020629882812
2024-08-19 11:30:00-04:00,224.42759704589844,224.64999389648438,223.75,224.4250030517578
2024-08-19 12:30:00-04:00,224.41000366210938,224.46499633789062,223.75,224.02499389648438
2024-08-19 13:30:00-04:00,224.02999877929688,224.66000366210938,223.8000030517578,224.63999938964844
2024-08-19 14:30:00-04:00,224.64500427246094,224.9499969482422,224.5800018310547,224.92999267578125
2024-08-19 15:30:00-04:00,224.9250030517578,225.97000122070312,224.88999938964844,225.89999389648438
2024-08-20 09:30:00-04:00,225.77000427246094,227.1699981689453,225.4499969482422,226.66000366210938
2024-08-20 10:30:00-04:00,226.67999267578125,226.69000244140625,225.7100067138672,226.2100067138672
2024-08-20 11:30:00-04:00,226.2050018310547,227.09500122070312,226.08999633789062,226.89999389648438
2024-08-20 12:30:00-04:00,226.89500427246094,227.08999633789062,226.11000061035156,226.7100067138672
2024-08-20 13:30:00-04:00,226.6999969482422,227.11000061035156,226.35000610351562,227.01499938964844
2024-08-20 14:30:00-04:00,227.02999877929688,227.05999755859375,226.19000244140625,226.48500061035156
2024-08-20 15:30:00-04:00,226.47999572753906,226.92999267578125,226.38999938964844,226.49000549316406
2024-08-21 09:30:00-04:00,226.49000549316406,227.6699981689453,225.91000366210938,227.22500610351562
2024-08-21 10:30:00-04:00,227.22999572753906,227.97999572753906,225.8800048828125,226.49000549316406
2024-08-21 11:30:00-04:00,226.49989318847656,226.58999633789062,225.63499450683594,226.24000549316406
2024-08-21 12:30:00-04:00,226.25,226.50399780273438,225.92010498046875,226.00010681152344
2024-08-21 13:30:00-04:00,226.00999450683594,226.4499969482422,225.8300018310547,226.4499969482422
2024-08-21 14:30:00-04:00,226.4499969482422,226.5800018310547,225.3302001953125,225.77000427246094
2024-08-21 15:30:00-04:00,225.77999877929688,226.55999755859375,225.1909942626953,226.39999389648438
2024-08-22 09:30:00-04:00,227.60000610351562,228.33999633789062,226.5500030517578,226.77000427246094
2024-08-22 10:30:00-04:00,226.75999450683594,227.2100067138672,226.13999938964844,226.17999267578125
2024-08-22 11:30:00-04:00,226.13999938964844,226.44000244140625,224.92010498046875,226.42999267578125
2024-08-22 12:30:00-04:00,226.43499755859375,226.61000061035156,225.0847930908203,225.64500427246094
2024-08-22 13:30:00-04:00,225.6300048828125,225.82000732421875,223.89999389648438,224.85989379882812
2024-08-22 14:30:00-04:00,224.86000061035156,224.94000244140625,224.14999389648438,224.32000732421875
2024-08-22 15:30:00-04:00,224.33999633789062,224.9199981689453,224.02999877929688,224.52999877929688
2024-08-23 09:30:00-04:00,225.65890502929688,228.22000122070312,225.52000427246094,227.97500610351562
2024-08-23 10:30:00-04:00,227.99000549316406,228.10000610351562,225.19009399414062,225.9499969482422
2024-08-23 11:30:00-04:00,225.968505859375,226.7100067138672,224.8800048828125,225.11500549316406
2024-08-23 12:30:00-04:00,225.11000061035156,225.99000549316406,224.33999633789062,225.96499633789062
2024-08-23 13:30:00-04:00,225.97000122070312,226.5500030517578,225.9499969482422,226.45269775390625
2024-08-23 14:30:00-04:00,226.4550018310547,227.10000610351562,226.22000122070312,227.05999755859375
2024-08-23 15:30:00-04:00,227.06500244140625,227.16690063476562,226.22999572753906,226.7736053466797
2024-08-26 09:30:00-04:00,227.2100067138672,227.2100067138672,224.47720336914062,224.9499969482422
2024-08-26 10:30:00-04:00,224.9199981689453,225.19000244140625,223.8905029296875,225.07000732421875
2024-08-26 11:30:00-04:00,225.05999755859375,225.82000732421875,224.63999938964844,225.8105010986328
2024-08-26 12:30:00-04:00,225.81100463867188,226.39999389648438,225.75,226.1199951171875
2024-08-26 13:30:00-04:00,226.1300048828125,226.4250030517578,225.4429931640625,225.8699951171875
2024-08-26 14:30:00-04:00,225.86000061035156,226.6699981689453,225.76010131835938,226.4300994873047
2024-08-26 15:30:00-04:00,226.42999267578125,227.27999877929688,226.2899932861328,227.25999450683594
2024-08-27 09:30:00-04:00,226.21009826660156,228.22000122070312,224.88999938964844,227.97000122070312
2024-08-27 10:30:00-04:00,227.9600067138672,228.80999755859375,227.6501007080078,228.6300048828125
2024-08-27 11:30:00-04:00,228.57000732421875,228.66000366210938,227.8699951171875,227.94000244140625
2024-08-27 12:30:00-04:00,227.92999267578125,228.52999877929688,227.5500030517578,228.49000549316406
2024-08-27 13:30:00-04:00,228.5,228.66400146484375,228.07000732421875,228.4832000732422
2024-08-27 14:30:00-04:00,228.47999572753906,228.5489959716797,228.08999633789062,228.14999389648438
2024-08-27 15:30:00-04:00,228.14999389648438,228.27000427246094,227.75,228.13999938964844
2024-08-28 09:30:00-04:00,228.0500030517578,229.66000366210938,227.87100219726562,229.63999938964844
2024-08-28 10:30:00-04:00,229.6300048828125,229.85000610351562,226.3300018310547,226.80999755859375
2024-08-28 11:30:00-04:00,226.8000030517578,227.27000427246094,226.25999450683594,227.02999877929688
2024-08-28 12:30:00-04:00,227.02000427246094,227.75999450683594,227.00999450683594,227.47000122070312
2024-08-28 13:30:00-04:00,227.47000122070312,227.60000610351562,225.6800994873047,226.0800018310547
2024-08-28 14:30:00-04:00,226.0800018310547,227.63999938964844,225.9600067138672,227.4600067138672
2024-08-28 15:30:00-04:00,227.4499969482422,227.5399932861328,226.33999633789062,226.49000549316406
2024-08-29 09:30:00-04:00,230.27999877929688,231.94000244140625,228.8800048828125,231.4199981689453
2024-08-29 10:30:00-04:00,231.42999267578125,232.88999938964844,231.3800048828125,232.4499969482422
2024-08-29 11:30:00-04:00,232.44760131835938,232.7091064453125,231.49000549316406,232.4499969482422
2024-08-29 12:30:00-04:00,232.4499969482422,232.7100067138672,231.8699951171875,232.1300048828125
2024-08-29 13:30:00-04:00,232.13999938964844,232.5,230.5500030517578,230.83599853515625
2024-08-29 14:30:00-04:00,230.8300018310547,230.97000122070312,229.62010192871094,230.13999938964844
2024-08-29 15:30:00-04:00,230.1699981689453,230.77000427246094,229.3300018310547,229.80999755859375
2024-08-30 09:30:00-04:00,230.0,230.39999389648438,228.54010009765625,229.19500732421875
2024-08-30 10:30:00-04:00,229.1999969482422,230.00999450683594,227.72999572753906,228.2449951171875
2024-08-30 11:30:00-04:00,228.22000122070312,228.875,227.5500030517578,228.02999877929688
2024-08-30 12:30:00-04:00,228.02020263671875,228.6999969482422,227.47999572753906,228.14999389648438
2024-08-30 13:30:00-04:00,228.13499450683594,228.31500244140625,227.66000366210938,227.99000549316406
2024-08-30 14:30:00-04:00,228.0,229.0500030517578,227.9499969482422,229.0399932861328
2024-08-30 15:30:00-04:00,229.0399932861328,229.85000610351562,228.3800048828125,228.86000061035156
2024-09-03 09:30:00-04:00,228.61000061035156,229.0,224.72999572753906,225.30999755859375
2024-09-03 10:30:00-04:00,225.30499267578125,225.30499267578125,223.50999450683594,223.85499572753906
2024-09-03 11:30:00-04:00,223.86000061035156,224.42999267578125,223.27000427246094,223.88999938964844
2024-09-03 12:30:00-04:00,223.8800048828125,224.14999389648438,223.4499969482422,223.8314971923828
2024-09-03 13:30:00-04:00,223.8251953125,223.9199981689453,221.83999633789062,222.1300048828125
2024-09-03 14:30:00-04:00,222.1199951171875,222.72999572753906,221.77000427246094,222.4499969482422
2024-09-03 15:30:00-04:00,222.44000244140625,222.77999877929688,221.1699981689453,222.75
2024-09-04 09:30:00-04:00,221.66000366210938,221.7550048828125,217.47999572753906,218.63499450683594
2024-09-04 10:30:00-04:00,218.6300048828125,220.25,218.5399932861328,218.6800994873047
2024-09-04 11:30:00-04:00,218.69500732421875,219.96499633789062,218.02000427246094,219.92999267578125
2024-09-04 12:30:00-04:00,220.11000061035156,220.7843017578125,219.5399932861328,220.1199951171875
2024-09-04 13:30:00-04:00,220.10459899902344,221.11000061035156,220.07000732421875,220.91000366210938
2024-09-04 14:30:00-04:00,220.89999389648438,221.13999938964844,220.1699981689453,220.5500030517578
2024-09-04 15:30:00-04:00,220.5500030517578,221.4300994873047,220.4199981689453,220.7899932861328
2024-09-05 09:30:00-04:00,222.5,225.47999572753906,222.36000061035156,225.05999755859375
2024-09-05 10:30:00-04:00,225.0800018310547,225.38999938964844,222.3800048828125,222.47999572753906
2024-09-05 11:30:00-04:00,222.4600067138672,222.81959533691406,221.88999938964844,222.79519653320312
2024-09-05 12:30:00-04:00,222.7899932861328,223.14999389648438,222.33999633789062,222.38999938964844
2024-09-05 13:30:00-04:00,222.397705078125,223.75,222.37420654296875,223.33059692382812
2024-09-05 14:30:00-04:00,223.33999633789062,223.89999389648438,222.11000061035156,222.8300018310547
2024-09-05 15:30:00-04:00,222.82000732421875,223.3699951171875,221.8101043701172,222.39999389648438
2024-09-06 09:30:00-04:00,224.0,225.24000549316406,222.3800048828125,222.69000244140625
2024-09-06 10:30:00-04:00,222.6699981689453,223.02000427246094,220.8300018310547,221.25
2024-09-06 11:30:00-04:00,221.25,222.0677947998047,220.66200256347656,220.68569946289062
2024-09-06 12:30:00-04:00,220.6999969482422,221.63999938964844,220.4600067138672,220.97999572753906
2024-09-06 13:30:00-04:00,220.9499969482422,221.08999633789062,219.77000427246094,220.18780517578125
2024-09-06 14:30:00-04:00,220.19000244140625,221.47000122070312,219.82000732421875,221.05999755859375
2024-09-06 15:30:00-04:00,221.0625,221.5500030517578,220.13999938964844,220.91000366210938
2024-09-09 09:30:00-04:00,220.89999389648438,221.0,217.82000732421875,218.875
2024-09-09 10:30:00-04:00,218.8800048828125,219.00999450683594,217.0500030517578,218.9600067138672
2024-09-09 11:30:00-04:00,218.97999572753906,220.5,218.92999267578125,220.2039031982422
2024-09-09 12:30:00-04:00,220.2126007080078,220.92999267578125,219.80999755859375,220.83999633789062
2024-09-09 13:30:00-04:00,220.83799743652344,220.85000610351562,217.0800018310547,217.1699981689453
2024-09-09 14:30:00-04:00,217.13999938964844,219.2725067138672,216.72000122070312,219.25999450683594
2024-09-09 15:30:00-04:00,219.27000427246094,221.0364990234375,219.27000427246094,220.99000549316406
2024-09-10 09:30:00-04:00,219.58999633789062,219.97500610351562,216.72999572753906,219.77999877929688
2024-09-10 10:30:00-04:00,219.76499938964844,220.22000122070312,218.22000122070312,219.9499969482422
2024-09-10 11:30:00-04:00,219.9499969482422,220.41000366210938,218.0404052734375,218.5399932861328
2024-09-10 12:30:00-04:00,218.5301055908203,220.64999389648438,218.49000549316406,220.27000427246094
2024-09-10 13:30:00-04:00,220.27000427246094,221.47999572753906,220.19590759277344,220.80999755859375
2024-09-10 14:30:00-04:00,220.8300018310547,221.0449981689453,220.2100067138672,220.75
2024-09-10 15:30:00-04:00,220.7449951171875,221.11000061035156,219.67999267578125,220.1699981689453
2024-09-11 09:30:00-04:00,221.0,222.75,219.14999389648438,219.25
2024-09-11 10:30:00-04:00,219.24000549316406,219.33999633789062,217.968994140625,218.89999389648438
2024-09-11 11:30:00-04:00,218.89999389648438,220.9499969482422,218.6699981689453,220.835205078125
2024-09-11 12:30:00-04:00,220.86000061035156,221.85000610351562,220.50999450683594,221.20970153808594
2024-09-11 13:30:00-04:00,221.22000122070312,221.6999969482422,220.83999633789062,221.6199951171875
2024-09-11 14:30:00-04:00,221.64999389648438,221.97000122070312,221.11000061035156,221.97000122070312
2024-09-11 15:30:00-04:00,221.9550018310547,223.0,221.67999267578125,222.86000061035156
2024-09-12 09:30:00-04:00,222.0,222.37939453125,219.82000732421875,222.07000732421875
2024-09-12 10:30:00-04:00,222.07119750976562,223.0675048828125,221.08999633789062,221.89999389648438
2024-09-12 11:30:00-04:00,221.89999389648438,222.5399932861328,221.6199951171875,221.92999267578125
2024-09-12 12:30:00-04:00,221.9499969482422,223.0500030517578,221.7100067138672,222.6199951171875
2024-09-12 13:30:00-04:00,222.60000610351562,223.22999572753906,222.5800018310547,223.14010620117188
2024-09-12 14:30:00-04:00,223.13999938964844,223.5399932861328,222.16000366210938,222.94000244140625
2024-09-12 15:30:00-04:00,222.92999267578125,223.3489990234375,222.44000244140625,222.8699951171875
2024-09-13 09:30:00-04:00,223.0,223.38999938964844,222.19000244140625,222.3699951171875
2024-09-13 10:30:00-04:00,222.35000610351562,223.75,221.91000366210938,223.5449981689453
2024-09-13 11:30:00-04:00,223.5449981689453,223.99000549316406,223.05499267578125,223.3101043701172
2024-09-13 12:30:00-04:00,223.32000732421875,224.02999877929688,223.22000122070312,223.58380126953125
2024-09-13 13:30:00-04:00,223.5800018310547,224.02000427246094,222.85000610351562,223.0
2024-09-13 14:30:00-04:00,222.9949951171875,223.0500030517578,222.33120727539062,222.53399658203125
2024-09-13 15:30:00-04:00,222.5399932861328,222.84300231933594,222.30999755859375,222.4600067138672
2024-09-16 09:30:00-04:00,216.47000122070312,217.1999969482422,213.9199981689453,216.66000366210938
2024-09-16 10:30:00-04:00,216.64010620117188,216.9149932861328,214.83999633789062,216.55650329589844
2024-09-16 11:30:00-04:00,216.5500030517578,216.5800018310547,214.91000366210938,215.39999389648438
2024-09-16 12:30:00-04:00,215.38999938964844,215.97999572753906,214.92010498046875,215.96499633789062
2024-09-16 13:30:00-04:00,215.9600067138672,216.52000427246094,215.75,216.42999267578125
2024-09-16 14:30:00-04:00,216.4250030517578,216.466796875,215.9199981689453,216.22500610351562
2024-09-16 15:30:00-04:00,216.22500610351562,216.6999969482422,216.17999267578125,216.3000030517578
2024-09-17 09:30:00-04:00,215.5,216.55999755859375,214.5,216.4199981689453
2024-09-17 10:30:00-04:00,216.39999389648438,216.89999389648438,215.88999938964844,216.2050018310547
2024-09-17 11:30:00-04:00,216.2100067138672,216.83999633789062,215.50999450683594,215.75999450683594
2024-09-17 12:30:00-04:00,215.77000427246094,216.22999572753906,215.22999572753906,216.1699981689453
2024-09-17 13:30:00-04:00,216.16000366210938,216.38999938964844,215.05999755859375,216.14999389648438
2024-09-17 14:30:00-04:00,216.13999938964844,216.6199951171875,215.3000030517578,216.61000061035156
2024-09-17 15:30:00-04:00,216.60000610351562,216.85000610351562,216.1699981689453,216.85000610351562
2024-09-18 09:30:00-04:00,218.25,220.73500061035156,218.1721954345703,220.73500061035156
2024-09-18 10:30:00-04:00,220.7301025390625,221.61000061035156,220.25100708007812,220.6300048828125
2024-09-18 11:30:00-04:00,220.63999938964844,220.86990356445312,219.52000427246094,220.80999755859375
2024-09-18 12:30:00-04:00,220.8000030517578,221.35000610351562,220.25999450683594,221.21009826660156
2024-09-18 13:30:00-04:00,221.22000122070312,222.6999969482422,219.92999267578125,221.4073028564453
2024-09-18 14:30:00-04:00,221.4958953857422,221.85000610351562,218.92999267578125,221.5
2024-09-18 15:30:00-04:00,221.5399932861328,221.80999755859375,219.8800048828125,220.69000244140625
2024-09-19 09:30:00-04:00,225.0,229.60000610351562,224.63999938964844,229.4949951171875
2024-09-19 10:30:00-04:00,229.58999633789062,229.74000549316406,227.66000366210938,228.49000549316406
2024-09-19 11:30:00-04:00,228.48460388183594,229.17999267578125,228.0,228.9949951171875
2024-09-19 12:30:00-04:00,228.99000549316406,229.3300018310547,228.72079467773438,229.17010498046875
2024-09-19 13:30:00-04:00,229.17689514160156,229.45570373535156,228.39999389648438,228.8699951171875
2024-09-19 14:30:00-04:00,228.8699951171875,229.49000549316406,228.76010131835938,229.46719360351562
2024-09-19 15:30:00-04:00,229.4600067138672,229.58999633789062,228.2899932861328,228.82000732421875
2024-09-20 09:30:00-04:00,230.1300048828125,231.16000366210938,229.3011016845703,230.0345001220703
2024-09-20 10:30:00-04:00,230.02999877929688,230.5800018310547,229.1999969482422,229.77000427246094
2024-09-20 11:30:00-04:00,229.75999450683594,231.74000549316406,229.74000549316406,231.72999572753906
2024-09-20 12:30:00-04:00,231.72000122070312,231.9199981689453,230.61000061035156,230.75
2024-09-20 13:30:00-04:00,230.74000549316406,231.25999450683594,229.60000610351562,229.77720642089844
2024-09-20 14:30:00-04:00,229.77000427246094,232.0,229.5,231.97500610351562
2024-09-20 15:30:00-04:00,231.97500610351562,233.08999633789062,227.6199951171875,228.52999877929688
2024-09-23 09:30:00-04:00,227.33999633789062,228.07000732421875,225.86000061035156,228.00999450683594
2024-09-23 10:30:00-04:00,228.00999450683594,229.4499969482422,227.6300048828125,228.6533966064453
2024-09-23 11:30:00-04:00,228.66000366210938,228.89999389648438,226.92999267578125,226.94000244140625
2024-09-23 12:30:00-04:00,226.94000244140625,227.41000366210938,226.62010192871094,226.74000549316406
2024-09-23 13:30:00-04:00,226.74899291992188,227.17999267578125,226.50999450683594,226.67999267578125
2024-09-23 14:30:00-04:00,226.69000244140625,226.75999450683594,225.89999389648438,226.2899932861328
2024-09-23 15:30:00-04:00,226.27999877929688,226.6999969482422,225.80999755859375,226.4499969482422
2024-09-24 09:30:00-04:00,228.64500427246094,229.35000610351562,226.0500030517578,226.07000732421875
2024-09-24 10:30:00-04:00,226.07000732421875,227.47999572753906,225.74000549316406,227.01210021972656
2024-09-24 11:30:00-04:00,227.02000427246094,227.73939514160156,226.6999969482422,227.5500030517578
2024-09-24 12:30:00-04:00,227.5399932861328,227.75999450683594,226.80999755859375,227.24000549316406
2024-09-24 13:30:00-04:00,227.24220275878906,227.47999572753906,226.80999755859375,226.8791046142578
2024-09-24 14:30:00-04:00,226.8699951171875,227.08999633789062,226.5399932861328,227.0260009765625
2024-09-24 15:30:00-04:00,227.0399932861328,227.5,226.3699951171875,227.36000061035156
2024-09-25 09:30:00-04:00,225.25,227.2899932861328,224.61000061035156,226.38499450683594
2024-09-25 10:30:00-04:00,226.27000427246094,226.79989624023438,225.3800048828125,225.4499969482422
2024-09-25 11:30:00-04:00,225.39999389648438,225.98989868164062,225.32000732421875,225.87010192871094
2024-09-25 12:30:00-04:00,225.86000061035156,226.02000427246094,225.27000427246094,225.36000061035156
2024-09-25 13:30:00-04:00,225.35000610351562,225.4499969482422,224.02999877929688,224.89999389648438
2024-09-25 14:30:00-04:00,224.88999938964844,225.32000732421875,224.76499938964844,225.25990295410156
2024-09-25 15:30:00-04:00,225.25,226.44000244140625,225.19000244140625,226.30999755859375
2024-09-26 09:30:00-04:00,227.0,227.09970092773438,225.88999938964844,226.89999389648438
2024-09-26 10:30:00-04:00,226.91000366210938,228.5,226.52999877929688,227.3896942138672
2024-09-26 11:30:00-04:00,227.38650512695312,227.82000732421875,226.67999267578125,227.30999755859375
2024-09-26 12:30:00-04:00,227.31500244140625,227.39999389648438,226.6699981689453,227.15499877929688
2024-09-26 13:30:00-04:00,227.15499877929688,227.7100067138672,226.9709930419922,227.7050018310547
2024-09-26 14:30:00-04:00,227.7100067138672,227.86500549316406,227.46200561523438,227.5749969482422
2024-09-26 15:30:00-04:00,227.5800018310547,227.7899932861328,226.99000549316406,227.6199951171875
2024-09-27 09:30:00-04:00,229.0,229.52000427246094,227.99000549316406,228.96499633789062
2024-09-27 10:30:00-04:00,228.96499633789062,229.07000732421875,227.83999633789062,228.1300048828125
2024-09-27 11:30:00-04:00,228.1199951171875,228.25,227.3000030517578,228.14999389648438
2024-09-27 12:30:00-04:00,228.13999938964844,228.6199951171875,227.9199981689453,227.9949951171875
2024-09-27 13:30:00-04:00,227.99000549316406,228.52000427246094,227.80999755859375,227.89500427246094
2024-09-27 14:30:00-04:00,227.89999389648438,228.19000244140625,227.52999877929688,227.80999755859375
2024-09-27 15:30:00-04:00,227.82000732421875,228.0,227.5500030517578,227.82000732421875
2024-09-30 09:30:00-04:00,231.0,232.34120178222656,230.30999755859375,230.97999572753906
2024-09-30 10:30:00-04:00,230.97000122070312,232.04989624023438,230.75,231.89999389648438
2024-09-30 11:30:00-04:00,232.02000427246094,232.53829956054688,231.8300018310547,232.1199951171875
2024-09-30 12:30:00-04:00,232.1199951171875,232.1999969482422,231.30999755859375,231.64500427246094
2024-09-30 13:30:00-04:00,231.64999389648438,232.0,230.5500030517578,231.00999450683594
2024-09-30 14:30:00-04:00,231.0,231.91000366210938,230.77639770507812,231.22000122070312
2024-09-30 15:30:00-04:00,231.2050018310547,233.0,231.11000061035156,233.0
2024-10-01 09:30:00-04:00,228.5,228.77000427246094,224.66000366210938,224.9600067138672
2024-10-01 10:30:00-04:00,224.6999969482422,225.5,224.52000427246094,225.47500610351562
2024-10-01 11:30:00-04:00,225.47000122070312,225.94000244140625,225.0500030517578,225.31300354003906
2024-10-01 12:30:00-04:00,225.3000030517578,225.39500427246094,223.74000549316406,223.92999267578125
2024-10-01 13:30:00-04:00,223.92999267578125,225.63999938964844,223.83999633789062,225.4600067138672
2024-10-01 14:30:00-04:00,225.44000244140625,226.1884002685547,225.24600219726562,226.1501007080078
2024-10-01 15:30:00-04:00,226.14999389648438,226.33999633789062,225.87570190429688,226.25999450683594
2024-10-02 09:30:00-04:00,225.88999938964844,226.11000061035156,223.02999877929688,225.4199981689453
2024-10-02 10:30:00-04:00,225.39999389648438,226.60000610351562,225.27000427246094,226.2050018310547
2024-10-02 11:30:00-04:00,226.22000122070312,227.0500030517578,226.1649932861328,226.95199584960938
2024-10-02 12:30:00-04:00,226.9499969482422,227.03939819335938,226.58999633789062,226.95989990234375
2024-10-02 13:30:00-04:00,226.94000244140625,227.17999267578125,226.35000610351562,226.82000732421875
2024-10-02 14:30:00-04:00,226.8000030517578,227.3300018310547,226.64999389648438,227.24000549316406
2024-10-02 15:30:00-04:00,227.22500610351562,227.3699951171875,226.69009399414062,226.80999755859375
2024-10-03 09:30:00-04:00,225.24000549316406,226.8000030517578,224.72000122070312,224.8350067138672
2024-10-03 10:30:00-04:00,224.80999755859375,225.52999877929688,224.26499938964844,224.87420654296875
2024-10-03 11:30:00-04:00,224.88839721679688,225.3699951171875,224.8300018310547,225.07119750976562
2024-10-03 12:30:00-04:00,225.08999633789062,225.09629821777344,223.3238983154297,223.8350067138672
2024-10-03 13:30:00-04:00,223.83999633789062,224.40989685058594,223.70010375976562,223.84010314941406
2024-10-03 14:30:00-04:00,223.8350067138672,224.0399932861328,223.50010681152344,223.6999969482422
2024-10-03 15:30:00-04:00,223.7100067138672,225.83999633789062,223.66000366210938,225.6699981689453
2024-10-04 09:30:00-04:00,227.88999938964844,228.0,224.3800048828125,224.510498046875
2024-10-04 10:30:00-04:00,224.49000549316406,225.5399932861328,224.13999938964844,224.55999755859375
2024-10-04 11:30:00-04:00,224.52999877929688,225.57000732421875,224.3249969482422,224.9499969482422
2024-10-04 12:30:00-04:00,224.9571075439453,225.47999572753906,224.8675994873047,225.10009765625
2024-10-04 13:30:00-04:00,225.1199951171875,225.35000610351562,224.5500030517578,225.08999633789062
2024-10-04 14:30:00-04:00,225.08999633789062,226.19000244140625,225.0399932861328,226.09010314941406
2024-10-04 15:30:00-04:00,226.09500122070312,226.97999572753906,225.92999267578125,226.77999877929688
2024-10-07 09:30:00-04:00,224.4600067138672,225.5399932861328,224.05499267578125,225.32000732421875
2024-10-07 10:30:00-04:00,225.31500244140625,225.69000244140625,224.47999572753906,225.0601043701172
2024-10-07 11:30:00-04:00,225.0800018310547,225.27999877929688,224.07000732421875,224.25999450683594
2024-10-07 12:30:00-04:00,224.25,224.57000732421875,223.80999755859375,223.80999755859375
2024-10-07 13:30:00-04:00,223.82000732421875,224.05999755859375,223.39999389648438,223.74989318847656
2024-10-07 14:30:00-04:00,223.72999572753906,223.72999572753906,222.22999572753906,222.56500244140625
2024-10-07 15:30:00-04:00,222.56399536132812,222.6300048828125,221.3350067138672,221.72000122070312
2024-10-08 09:30:00-04:00,224.30999755859375,225.8800048828125,223.25,224.89999389648438
2024-10-08 10:30:00-04:00,224.89759826660156,225.9600067138672,224.66000366210938,225.3300018310547
2024-10-08 11:30:00-04:00,225.33929443359375,225.60000610351562,224.74000549316406,224.82000732421875
2024-10-08 12:30:00-04:00,224.8300018310547,225.0,224.22239685058594,224.74000549316406
2024-10-08 13:30:00-04:00,224.74000549316406,225.11500549316406,224.66000366210938,224.92970275878906
2024-10-08 14:30:00-04:00,224.9199981689453,225.58999633789062,224.77999877929688,225.27000427246094
2024-10-08 15:30:00-04:00,225.27000427246094,225.97500610351562,225.23500061035156,225.77999877929688
2024-10-09 09:30:00-04:00,225.1699981689453,227.1699981689453,224.8300018310547,227.10000610351562
2024-10-09 10:30:00-04:00,227.10000610351562,228.2899932861328,226.97000122070312,228.19000244140625
2024-10-09 11:30:00-04:00,228.2100067138672,228.7100067138672,228.08200073242188,228.7100067138672
2024-10-09 12:30:00-04:00,228.72000122070312,229.03990173339844,228.52000427246094,228.86000061035156
2024-10-09 13:30:00-04:00,228.83999633789062,229.6699981689453,228.02999877929688,229.6300048828125
2024-10-09 14:30:00-04:00,229.6199951171875,229.62989807128906,228.8000030517578,229.07420349121094
2024-10-09 15:30:00-04:00,229.07000732421875,229.75,229.05999755859375,229.50999450683594
2024-10-10 09:30:00-04:00,227.77999877929688,228.82980346679688,227.1699981689453,228.2554931640625
2024-10-10 10:30:00-04:00,228.2364044189453,228.39599609375,227.6300048828125,228.2899932861328
2024-10-10 11:30:00-04:00,228.2899932861328,229.22999572753906,228.13999938964844,228.7100067138672
2024-10-10 12:30:00-04:00,228.72500610351562,228.73910522460938,228.12030029296875,228.5
2024-10-10 13:30:00-04:00,228.49000549316406,228.8000030517578,228.0399932861328,228.32000732421875
2024-10-10 14:30:00-04:00,228.32000732421875,228.94500732421875,228.07000732421875,228.85499572753906
2024-10-10 15:30:00-04:00,228.85499572753906,229.5,228.80499267578125,229.02999877929688
2024-10-11 09:30:00-04:00,229.32000732421875,229.41000366210938,227.33999633789062,228.75999450683594
2024-10-11 10:30:00-04:00,228.74000549316406,229.19000244140625,227.7899932861328,227.97500610351562
2024-10-11 11:30:00-04:00,227.9700927734375,228.11000061035156,227.66000366210938,227.83009338378906
2024-10-11 12:30:00-04:00,227.8300018310547,227.98500061035156,227.41000366210938,227.83999633789062
2024-10-11 13:30:00-04:00,227.8249969482422,228.4499969482422,227.5800018310547,228.19500732421875
2024-10-11 14:30:00-04:00,228.19500732421875,228.97000122070312,228.05999755859375,228.69000244140625
2024-10-11 15:30:00-04:00,228.68870544433594,228.75999450683594,227.5,227.52000427246094
2024-10-14 09:30:00-04:00,228.6999969482422,231.30999755859375,228.60000610351562,230.68499755859375
2024-10-14 10:30:00-04:00,230.68499755859375,230.8800048828125,229.14999389648438,229.69000244140625
2024-10-14 11:30:00-04:00,229.67999267578125,230.52920532226562,229.42999267578125,230.24949645996094
2024-10-14 12:30:00-04:00,230.25999450683594,230.6063995361328,230.1999969482422,230.42999267578125
2024-10-14 13:30:00-04:00,230.41000366210938,230.55029296875,230.05999755859375,230.4600067138672
2024-10-14 14:30:00-04:00,230.48350524902344,231.44679260253906,230.4499969482422,231.22259521484375
2024-10-14 15:30:00-04:00,231.22000122070312,231.72779846191406,231.0399932861328,231.3000030517578
2024-10-15 09:30:00-04:00,233.58999633789062,237.49000549316406,232.3699951171875,235.82000732421875
2024-10-15 10:30:00-04:00,235.82000732421875,236.1300048828125,234.67010498046875,235.431396484375
2024-10-15 11:30:00-04:00,235.42999267578125,236.2899932861328,234.5500030517578,234.75999450683594
2024-10-15 12:30:00-04:00,234.75,235.1999969482422,233.85000610351562,234.02000427246094
2024-10-15 13:30:00-04:00,233.96400451660156,234.47000122070312,233.5,233.94000244140625
2024-10-15 14:30:00-04:00,233.94000244140625,234.0800018310547,233.0449981689453,233.24000549316406
2024-10-15 15:30:00-04:00,233.25,234.0699005126953,232.80999755859375,233.8000030517578
2024-10-16 09:30:00-04:00,231.6199951171875,232.1199951171875,229.85000610351562,230.72970581054688
2024-10-16 10:30:00-04:00,230.7100067138672,231.13999938964844,230.0500030517578,230.5850067138672
2024-10-16 11:30:00-04:00,230.5800018310547,230.95989990234375,230.06100463867188,230.33999633789062
2024-10-16 12:30:00-04:00,230.34500122070312,231.2899932861328,230.32000732421875,230.90989685058594
2024-10-16 13:30:00-04:00,230.90989685058594,231.36000061035156,230.5800018310547,231.11000061035156
2024-10-16 14:30:00-04:00,231.10000610351562,231.6199951171875,230.97999572753906,231.61500549316406
2024-10-16 15:30:00-04:00,231.6199951171875,231.92999267578125,231.22000122070312,231.75
2024-10-17 09:30:00-04:00,233.44000244140625,233.85000610351562,230.52999877929688,232.4138946533203
2024-10-17 10:30:00-04:00,232.41000366210938,232.48989868164062,231.1999969482422,232.25999450683594
2024-10-17 11:30:00-04:00,232.25999450683594,232.8040008544922,232.0500030517578,232.25
2024-10-17 12:30:00-04:00,232.24000549316406,232.52999877929688,232.02999877929688,232.3874053955078
2024-10-17 13:30:00-04:00,232.39999389648438,232.5800018310547,231.27499389648438,231.5865020751953
2024-10-17 14:30:00-04:00,231.5800018310547,232.11000061035156,231.3699951171875,231.7550048828125
2024-10-17 15:30:00-04:00,231.7550048828125,232.3300018310547,231.63999938964844,232.25999450683594
2024-10-18 09:30:00-04:00,235.8800048828125,236.0500030517578,234.02000427246094,234.77000427246094
2024-10-18 10:30:00-04:00,234.75999450683594,235.14999389648438,234.27499389648438,235.0399932861328
2024-10-18 11:30:00-04:00,235.0399932861328,235.33999633789062,234.75,234.99000549316406
2024-10-18 12:30:00-04:00,234.99000549316406,235.85000610351562,234.94000244140625,235.24000549316406
2024-10-18 13:30:00-04:00,235.24000549316406,235.75,235.04159545898438,235.52999877929688
2024-10-18 14:30:00-04:00,235.52499389648438,235.63999938964844,235.02999877929688,235.3000030517578
2024-10-18 15:30:00-04:00,235.2899932861328,235.3000030517578,234.8000030517578,234.97999572753906
2024-10-21 09:30:00-04:00,234.4499969482422,235.99000549316406,234.4499969482422,235.6699981689453
2024-10-21 10:30:00-04:00,235.6699981689453,236.10000610351562,235.1199951171875,235.4199981689453
2024-10-21 11:30:00-04:00,235.39999389648438,236.60499572753906,235.28500366210938,236.27999877929688
2024-10-21 12:30:00-04:00,236.3000030517578,236.61500549316406,236.11399841308594,236.37010192871094
2024-10-21 13:30:00-04:00,236.3800048828125,236.85000610351562,236.1999969482422,236.22500610351562
2024-10-21 14:30:00-04:00,236.22999572753906,236.27000427246094,235.88999938964844,236.13499450683594
2024-10-21 15:30:00-04:00,236.13499450683594,236.5800018310547,235.82749938964844,236.5800018310547
2024-10-22 09:30:00-04:00,233.8300018310547,234.1999969482422,232.61000061035156,233.91000366210938
2024-10-22 10:30:00-04:00,233.90499877929688,234.4499969482422,233.47000122070312,234.39950561523438
2024-10-22 11:30:00-04:00,234.40069580078125,234.90989685058594,234.1300048828125,234.1699981689453
2024-10-22 12:30:00-04:00,234.19000244140625,235.0800018310547,234.14999389648438,234.85000610351562
2024-10-22 13:30:00-04:00,234.85000610351562,236.0050048828125,234.84500122070312,235.31320190429688
2024-10-22 14:30:00-04:00,235.3300018310547,235.74000549316406,235.17999267578125,235.6999969482422
2024-10-22 15:30:00-04:00,235.6999969482422,236.19000244140625,235.6999969482422,235.86000061035156
2024-10-23 09:30:00-04:00,234.32000732421875,235.1439971923828,233.80999755859375,234.72000122070312
2024-10-23 10:30:00-04:00,234.72000122070312,235.11990356445312,233.3249969482422,233.5
2024-10-23 11:30:00-04:00,233.49000549316406,233.7362060546875,229.63999938964844,229.69000244140625
2024-10-23 12:30:00-04:00,229.6699981689453,230.25,228.92999267578125,230.05499267578125
2024-10-23 13:30:00-04:00,230.02000427246094,230.07000732421875,227.75999450683594,228.6199951171875
2024-10-23 14:30:00-04:00,228.60000610351562,229.80990600585938,228.50999450683594,229.6750030517578
2024-10-23 15:30:00-04:00,229.6999969482422,230.86000061035156,229.61000061035156,230.75
2024-10-24 09:30:00-04:00,229.91700744628906,230.39999389648438,228.41000366210938,229.80999755859375
2024-10-24 10:30:00-04:00,229.85000610351562,230.3800048828125,229.22999572753906,229.82000732421875
2024-10-24 11:30:00-04:00,229.82000732421875,230.0399932861328,228.6699981689453,229.51939392089844
2024-10-24 12:30:00-04:00,229.52000427246094,230.82000732421875,229.52000427246094,230.27000427246094
2024-10-24 13:30:00-04:00,230.27999877929688,230.5399932861328,230.0399932861328,230.4600067138672
2024-10-24 14:30:00-04:00,230.42999267578125,230.80999755859375,230.1199951171875,230.52999877929688
2024-10-24 15:30:00-04:00,230.5399932861328,230.8000030517578,230.22000122070312,230.57000732421875
2024-10-25 09:30:00-04:00,229.74000549316406,232.42990112304688,229.57000732421875,232.1300048828125
2024-10-25 10:30:00-04:00,232.1199951171875,233.1999969482422,232.1199951171875,232.22999572753906
2024-10-25 11:30:00-04:00,232.22999572753906,232.73199462890625,231.75999450683594,232.7100067138672
2024-10-25 12:30:00-04:00,232.73500061035156,232.94000244140625,231.52999877929688,231.8574981689453
2024-10-25 13:30:00-04:00,231.8300018310547,231.97149658203125,231.07000732421875,231.83999633789062
2024-10-25 14:30:00-04:00,231.84689331054688,232.1999969482422,231.3699951171875,231.6199951171875
2024-10-25 15:30:00-04:00,231.64999389648438,231.8000030517578,231.11000061035156,231.39999389648438
2024-10-28 09:30:00-04:00,233.31500244140625,234.5500030517578,232.5500030517578,233.6345977783203
2024-10-28 10:30:00-04:00,233.6199951171875,234.3300018310547,233.22000122070312,233.5500030517578
2024-10-28 11:30:00-04:00,233.5500030517578,234.31500244140625,233.14999389648438,234.3101043701172
2024-10-28 12:30:00-04:00,234.30999755859375,234.72999572753906,233.93260192871094,234.42999267578125
2024-10-28 13:30:00-04:00,234.4250030517578,234.64500427246094,233.91000366210938,233.9149932861328
2024-10-28 14:30:00-04:00,233.91000366210938,234.11000061035156,233.57000732421875,233.97000122070312
2024-10-28 15:30:00-04:00,233.9600067138672,233.98129272460938,233.11000061035156,233.49000549316406
2024-10-29 09:30:00-04:00,233.19500732421875,234.05499267578125,232.32000732421875,233.05999755859375
2024-10-29 10:30:00-04:00,233.0500030517578,233.69000244140625,233.0399932861328,233.27000427246094
2024-10-29 11:30:00-04:00,233.25999450683594,233.58999633789062,233.0200958251953,233.10000610351562
2024-10-29 12:30:00-04:00,233.10499572753906,234.2100067138672,233.02000427246094,233.88999938964844
2024-10-29 13:30:00-04:00,233.9199981689453,234.13999938964844,233.75999450683594,233.97000122070312
2024-10-29 14:30:00-04:00,233.98500061035156,234.2198944091797,233.8800048828125,234.1999969482422
2024-10-29 15:30:00-04:00,234.2050018310547,234.32000732421875,233.5399932861328,233.75
2024-10-30 09:30:00-04:00,232.6199951171875,233.2299041748047,231.69000244140625,231.86000061035156
2024-10-30 10:30:00-04:00,231.8668975830078,231.9499969482422,230.5050048828125,231.55499267578125
2024-10-30 11:30:00-04:00,231.55999755859375,231.6649932861328,231.05999755859375,231.1999053955078
2024-10-30 12:30:00-04:00,231.1999969482422,231.38999938964844,230.22999572753906,230.24110412597656
2024-10-30 13:30:00-04:00,230.2449951171875,231.0,229.8704071044922,230.64999389648438
2024-10-30 14:30:00-04:00,230.62010192871094,230.94000244140625,230.1699981689453,230.72999572753906
2024-10-30 15:30:00-04:00,230.72999572753906,230.83999633789062,229.55999755859375,230.13999938964844
2024-10-31 09:30:00-04:00,229.22999572753906,229.8300018310547,227.80999755859375,228.44500732421875
2024-10-31 10:30:00-04:00,228.4499969482422,228.72999572753906,226.8800048828125,227.31500244140625
2024-10-31 11:30:00-04:00,227.30999755859375,227.48500061035156,226.41000366210938,227.25
2024-10-31 12:30:00-04:00,227.27999877929688,228.1768035888672,227.2001953125,227.860107421875
2024-10-31 13:30:00-04:00,227.86000061035156,227.96629333496094,226.8249969482422,227.08999633789062
2024-10-31 14:30:00-04:00,227.09500122070312,227.77999877929688,226.69500732421875,227.3300018310547
2024-10-31 15:30:00-04:00,227.3300018310547,227.77999877929688,225.38999938964844,225.38999938964844
2024-11-01 09:30:00-04:00,220.97000122070312,225.33999633789062,220.27999877929688,224.07000732421875
2024-11-01 10:30:00-04:00,224.08999633789062,224.21400451660156,221.60000610351562,223.2104949951172
2024-11-01 11:30:00-04:00,223.22000122070312,223.25,221.77000427246094,222.16000366210938
2024-11-01 12:30:00-04:00,222.13999938964844,223.39990234375,222.0500030517578,223.33999633789062
2024-11-01 13:30:00-04:00,223.34019470214844,223.36000061035156,222.07000732421875,222.2449951171875
2024-11-01 14:30:00-04:00,222.24000549316406,223.0998992919922,222.13999938964844,222.3300018310547
2024-11-01 15:30:00-04:00,222.33999633789062,223.25,222.27000427246094,222.85000610351562
2024-11-04 09:30:00-05:00,221.01199340820312,222.5399932861328,219.7100067138672,221.73150634765625
2024-11-04 10:30:00-05:00,221.75,222.26499938964844,221.13009643554688,221.4801025390625
2024-11-04 11:30:00-05:00,221.48080444335938,221.57000732421875,220.41000366210938,221.11509704589844
2024-11-04 12:30:00-05:00,221.11500549316406,222.6199951171875,221.0200958251953,222.02049255371094
2024-11-04 13:30:00-05:00,222.02000427246094,222.6190948486328,221.96009826660156,222.25999450683594
2024-11-04 14:30:00-05:00,222.25,222.7899932861328,222.1999969482422,222.47999572753906
2024-11-04 15:30:00-05:00,222.5,222.55999755859375,221.52000427246094,222.1199951171875
2024-11-05 09:30:00-05:00,221.7949981689453,223.94500732421875,221.7949981689453,223.31910705566406
2024-11-05 10:30:00-05:00,223.32000732421875,223.47999572753906,221.93499755859375,222.6699981689453
2024-11-05 11:30:00-05:00,222.67999267578125,223.75,222.67999267578125,223.3800048828125
2024-11-05 12:30:00-05:00,223.39999389648438,223.77999877929688,222.6199951171875,222.6199951171875
2024-11-05 13:30:00-05:00,222.6300048828125,223.4499969482422,222.40020751953125,223.33009338378906
2024-11-05 14:30:00-05:00,223.33999633789062,223.4470977783203,222.80999755859375,223.25
2024-11-05 15:30:00-05:00,223.25,223.52999877929688,222.7100067138672,223.4499969482422
2024-11-06 09:30:00-05:00,221.21499633789062,225.88999938964844,221.19000244140625,225.65130615234375
2024-11-06 10:30:00-05:00,225.66000366210938,226.06500244140625,223.69500732421875,224.8000030517578
2024-11-06 11:30:00-05:00,224.80239868164062,225.17999267578125,223.96499633789062,224.25999450683594
2024-11-06 12:30:00-05:00,224.27000427246094,224.60000610351562,223.99000549316406,224.1876983642578
2024-11-06 13:30:00-05:00,224.18499755859375,224.3300018310547,223.7449951171875,223.85000610351562
2024-11-06 14:30:00-05:00,223.86000061035156,224.22500610351562,223.25999450683594,223.62550354003906
2024-11-06 15:30:00-05:00,223.66000366210938,223.8800048828125,222.5,222.6999969482422
2024-11-07 09:30:00-05:00,224.625,226.5500030517578,224.57000732421875,225.7335968017578
2024-11-07 10:30:00-05:00,225.75,226.4199981689453,225.35000610351562,226.30499267578125
2024-11-07 11:30:00-05:00,226.3000030517578,227.4199981689453,226.1699981689453,227.21499633789062
2024-11-07 12:30:00-05:00,227.2100067138672,227.49000549316406,226.77000427246094,227.10330200195312
2024-11-07 13:30:00-05:00,227.10000610351562,227.3800048828125,226.7449951171875,227.10000610351562
2024-11-07 14:30:00-05:00,227.11000061035156,227.75999450683594,226.85499572753906,227.52999877929688
2024-11-07 15:30:00-05:00,227.53500366210938,227.8699951171875,226.75,227.69000244140625
2024-11-08 09:30:00-05:00,227.13999938964844,228.66000366210938,227.13999938964844,227.4947052001953
2024-11-08 10:30:00-05:00,227.47999572753906,227.55999755859375,226.4084014892578,226.68809509277344
2024-11-08 11:30:00-05:00,226.68499755859375,227.5800018310547,226.68499755859375,226.8800048828125
2024-11-08 12:30:00-05:00,226.8699951171875,227.4564971923828,226.7899932861328,226.9949951171875
2024-11-08 13:30:00-05:00,227.0,227.61000061035156,226.97000122070312,227.53990173339844
2024-11-08 14:30:00-05:00,227.52999877929688,227.72000122070312,227.25999450683594,227.47999572753906
2024-11-08 15:30:00-05:00,227.4499969482422,227.48500061035156,226.72000122070312,227.16000366210938
2024-11-11 09:30:00-05:00,225.05499267578125,225.6999969482422,222.77000427246094,222.80499267578125
2024-11-11 10:30:00-05:00,222.80999755859375,223.72000122070312,222.7200927734375,222.78500366210938
2024-11-11 11:30:00-05:00,222.72999572753906,223.1387939453125,222.00999450683594,222.19500732421875
2024-11-11 12:30:00-05:00,222.19000244140625,222.4600067138672,221.5,222.4600067138672
2024-11-11 13:30:00-05:00,222.4499053955078,223.10000610351562,222.36000061035156,223.05999755859375
2024-11-11 14:30:00-05:00,223.05999755859375,223.74000549316406,222.97000122070312,223.63499450683594
2024-11-11 15:30:00-05:00,223.63999938964844,224.35000610351562,223.4600067138672,224.25
2024-11-12 09:30:00-05:00,224.6300048828125,225.0399932861328,223.5749969482422,224.1699981689453
2024-11-12 10:30:00-05:00,224.2050018310547,225.5500030517578,224.17999267578125,225.1300048828125
2024-11-12 11:30:00-05:00,225.02000427246094,225.47000122070312,223.88499450683594,223.9199981689453
2024-11-12 12:30:00-05:00,223.9199981689453,224.47000122070312,223.35499572753906,224.47000122070312
2024-11-12 13:30:00-05:00,224.4499969482422,224.75990295410156,224.13999938964844,224.61990356445312
2024-11-12 14:30:00-05:00,224.6300048828125,224.82000732421875,224.44039916992188,224.60000610351562
2024-11-12 15:30:00-05:00,224.58999633789062,224.8000030517578,223.94039916992188,224.24000549316406
2024-11-13 09:30:00-05:00,223.9499969482422,225.20989990234375,222.75999450683594,223.2100067138672
2024-11-13 10:30:00-05:00,223.24000549316406,224.47000122070312,223.22500610351562,224.39500427246094
2024-11-13 11:30:00-05:00,224.46490478515625,225.5500030517578,223.77499389648438,225.02000427246094
2024-11-13 12:30:00-05:00,225.02499389648438,226.64999389648438,224.94000244140625,226.36380004882812
2024-11-13 13:30:00-05:00,226.36000061035156,226.42999267578125,225.75289916992188,225.91990661621094
2024-11-13 14:30:00-05:00,225.91000366210938,225.99130249023438,225.1186065673828,225.3701934814453
2024-11-13 15:30:00-05:00,225.3800048828125,225.9199981689453,224.47000122070312,225.07000732421875
2024-11-14 09:30:00-05:00,225.07000732421875,226.60000610351562,225.0500030517578,226.57000732421875
2024-11-14 10:30:00-05:00,226.56500244140625,227.05999755859375,226.33999633789062,226.4199981689453
2024-11-14 11:30:00-05:00,226.5800018310547,227.0800018310547,226.50999450683594,227.0
2024-11-14 12:30:00-05:00,227.00999450683594,228.63999938964844,226.77000427246094,228.47279357910156
2024-11-14 13:30:00-05:00,228.4700927734375,228.8699951171875,227.8300018310547,228.52749633789062
2024-11-14 14:30:00-05:00,228.50999450683594,228.7100067138672,226.99000549316406,227.03500366210938
2024-11-14 15:30:00-05:00,227.03500366210938,228.3800048828125,227.03500366210938,228.19000244140625
2024-11-15 09:30:00-05:00,225.9199981689453,226.9199981689453,224.44000244140625,224.6300048828125
2024-11-15 10:30:00-05:00,224.6300048828125,225.24000549316406,224.4600067138672,225.23500061035156
2024-11-15 11:30:00-05:00,225.2310028076172,225.47999572753906,224.6699981689453,224.87240600585938
2024-11-15 12:30:00-05:00,224.8699951171875,224.9499969482422,224.27000427246094,224.73500061035156
2024-11-15 13:30:00-05:00,224.6999969482422,224.9600067138672,224.3300018310547,224.39990234375
2024-11-15 14:30:00-05:00,224.39999389648438,225.30999755859375,224.3000030517578,224.80999755859375
2024-11-15 15:30:00-05:00,224.80999755859375,225.24000549316406,224.5699005126953,224.9199981689453
2024-11-18 09:30:00-05:00,225.1999969482422,228.22000122070312,225.17999267578125,228.10000610351562
2024-11-18 10:30:00-05:00,228.10000610351562,229.2100067138672,228.10000610351562,229.05999755859375
2024-11-18 11:30:00-05:00,229.06509399414062,229.16000366210938,228.36000061035156,228.75
2024-11-18 12:30:00-05:00,228.7449951171875,229.74000549316406,228.63499450683594,228.96719360351562
2024-11-18 13:30:00-05:00,228.9600067138672,229.4980010986328,228.67999267578125,228.81500244140625
2024-11-18 14:30:00-05:00,228.82000732421875,229.08030700683594,228.03370666503906,228.05999755859375
2024-11-18 15:30:00-05:00,228.0500030517578,228.24000549316406,227.32000732421875,227.99000549316406
2024-11-19 09:30:00-05:00,226.7949981689453,228.86500549316406,226.66000366210938,228.85000610351562
2024-11-19 10:30:00-05:00,228.83999633789062,229.61000061035156,228.67999267578125,229.30999755859375
2024-11-19 11:30:00-05:00,229.3350067138672,229.86000061035156,229.19000244140625,229.85499572753906
2024-11-19 12:30:00-05:00,229.85499572753906,230.16000366210938,229.25,229.5800018310547
2024-11-19 13:30:00-05:00,229.5345001220703,229.99000549316406,229.35499572753906,229.38999938964844
2024-11-19 14:30:00-05:00,229.38999938964844,229.49000549316406,228.35000610351562,228.44000244140625
2024-11-19 15:30:00-05:00,228.42999267578125,228.72000122070312,227.72000122070312,228.33999633789062
2024-11-20 09:30:00-05:00,229.42999267578125,229.92999267578125,226.4199981689453,226.51499938964844
2024-11-20 10:30:00-05:00,226.52499389648438,227.1999969482422,226.10000610351562,226.17999267578125
2024-11-20 11:30:00-05:00,226.19000244140625,227.6999969482422,225.88999938964844,226.85009765625
2024-11-20 12:30:00-05:00,226.85000610351562,227.3699951171875,226.3800048828125,226.81329345703125
2024-11-20 13:30:00-05:00,226.7899932861328,227.00999450683594,226.39500427246094,226.80999755859375
2024-11-20 14:30:00-05:00,226.80999755859375,228.0,226.6999969482422,227.9748992919922
2024-11-20 15:30:00-05:00,227.97000122070312,229.0,227.97000122070312,229.0
2024-11-21 09:30:00-05:00,228.7899932861328,229.9199981689453,225.71029663085938,225.9499969482422
2024-11-21 10:30:00-05:00,225.94000244140625,228.9199981689453,225.8300018310547,228.77000427246094
2024-11-21 11:30:00-05:00,228.75,229.4698944091797,228.49000549316406,229.2899932861328
2024-11-21 12:30:00-05:00,229.30999755859375,230.14999389648438,229.27000427246094,229.83999633789062
2024-11-21 13:30:00-05:00,229.85000610351562,229.93370056152344,229.22000122070312,229.36000061035156
2024-11-21 14:30:00-05:00,229.3800048828125,229.5800018310547,228.99000549316406,229.27000427246094
2024-11-21 15:30:00-05:00,229.27000427246094,229.2899932861328,228.27000427246094,228.50999450683594
2024-11-22 09:30:00-05:00,228.05999755859375,230.1300048828125,228.05999755859375,229.27999877929688
2024-11-22 10:30:00-05:00,229.27999877929688,229.92999267578125,228.8300018310547,229.47999572753906
2024-11-22 11:30:00-05:00,229.48989868164062,230.1199951171875,228.97000122070312,229.98500061035156
2024-11-22 12:30:00-05:00,229.98500061035156,230.7198944091797,229.6750030517578,230.17999267578125
2024-11-22 13:30:00-05:00,230.1649932861328,230.38999938964844,229.3300018310547,229.44000244140625
2024-11-22 14:30:00-05:00,229.44500732421875,229.63999938964844,228.92999267578125,229.375
2024-11-22 15:30:00-05:00,229.3699951171875,230.14999389648438,229.30999755859375,229.75999450683594
2024-11-25 09:30:00-05:00,231.4600067138672,233.2449951171875,231.4199981689453,232.0
2024-11-25 10:30:00-05:00,231.97999572753906,232.80099487304688,231.70030212402344,231.7100067138672
2024-11-25 11:30:00-05:00,231.7050018310547,231.85000610351562,229.9600067138672,230.20680236816406
2024-11-25 12:30:00-05:00,230.1999969482422,230.5800018310547,229.74000549316406,230.4149932861328
2024-11-25 13:30:00-05:00,230.4250030517578,230.74000549316406,230.1999969482422,230.68499755859375
2024-11-25 14:30:00-05:00,230.6649932861328,230.85000610351562,230.09500122070312,230.52000427246094
2024-11-25 15:30:00-05:00,230.5012969970703,233.1699981689453,229.84500122070312,232.8800048828125
2024-11-26 09:30:00-05:00,233.47500610351562,235.43499755859375,233.47500610351562,234.36000061035156
2024-11-26 10:30:00-05:00,234.36000061035156,235.57000732421875,234.2100067138672,235.0399932861328
2024-11-26 11:30:00-05:00,235.0399932861328,235.10470581054688,234.27000427246094,234.47999572753906
2024-11-26 12:30:00-05:00,234.47999572753906,235.17999267578125,234.35000610351562,234.50999450683594
2024-11-26 13:30:00-05:00,234.50999450683594,235.10000610351562,234.44500732421875,234.92999267578125
2024-11-26 14:30:00-05:00,234.9250030517578,235.25,234.72999572753906,234.80999755859375
2024-11-26 15:30:00-05:00,234.80999755859375,235.27999877929688,234.5800018310547,235.0800018310547
2024-11-27 09:30:00-05:00,234.46499633789062,235.67999267578125,233.8101043701172,235.16000366210938
2024-11-27 10:30:00-05:00,235.16000366210938,235.69000244140625,234.15460205078125,234.6699981689453
2024-11-27 11:30:00-05:00,234.62010192871094,234.88999938964844,233.97999572753906,234.57000732421875
2024-11-27 12:30:00-05:00,234.55999755859375,235.0,234.40939331054688,234.7801055908203
2024-11-27 13:30:00-05:00,234.77999877929688,235.13710021972656,234.7100067138672,234.97999572753906
2024-11-27 14:30:00-05:00,234.97999572753906,235.25,234.73500061035156,234.84500122070312
2024-11-27 15:30:00-05:00,234.83999633789062,235.08999633789062,234.5850067138672,234.99000549316406
2024-11-29 09:30:00-05:00,234.83999633789062,235.88999938964844,233.97000122070312,235.34500122070312
2024-11-29 10:30:00-05:00,235.35000610351562,236.5998992919922,235.33999633789062,236.39999389648438
2024-11-29 11:30:00-05:00,236.3800048828125,237.14999389648438,236.2899932861328,236.3699951171875
2024-12-02 09:30:00-05:00,237.27000427246094,240.27999877929688,237.16000366210938,240.27000427246094
2024-12-02 10:30:00-05:00,240.27000427246094,240.7899932861328,239.44000244140625,239.8300018310547
2024-12-02 11:30:00-05:00,239.8271942138672,240.1999969482422,239.36000061035156,239.8300018310547
2024-12-02 12:30:00-05:00,239.83999633789062,240.0,239.24000549316406,239.44000244140625
2024-12-02 13:30:00-05:00,239.4199981689453,239.50999450683594,239.02999877929688,239.3300018310547
2024-12-02 14:30:00-05:00,239.3300018310547,239.83999633789062,239.25010681152344,239.7899932861328
2024-12-02 15:30:00-05:00,239.7899932861328,239.94000244140625,239.0500030517578,239.60000610351562
2024-12-03 09:30:00-05:00,239.9199981689453,241.36990356445312,238.90029907226562,240.47000122070312
2024-12-03 10:30:00-05:00,240.47500610351562,241.33999633789062,240.4499969482422,241.3300018310547
2024-12-03 11:30:00-05:00,241.3300018310547,241.63499450683594,240.98199462890625,241.26499938964844
2024-12-03 12:30:00-05:00,241.26499938964844,241.6999053955078,241.14500427246094,241.4199981689453
2024-12-03 13:30:00-05:00,241.4199981689453,242.1699981689453,241.34500122070312,242.14999389648438
2024-12-03 14:30:00-05:00,242.15499877929688,242.4600067138672,241.85000610351562,242.05320739746094
2024-12-03 15:30:00-05:00,242.05999755859375,242.7550048828125,242.05999755859375,242.6300048828125
2024-12-04 09:30:00-05:00,242.8800048828125,244.10499572753906,242.50999450683594,243.4499969482422
2024-12-04 10:30:00-05:00,243.44000244140625,243.82000732421875,242.85000610351562,242.90499877929688
2024-12-04 11:30:00-05:00,242.90499877929688,242.90989685058594,241.25,242.03990173339844
2024-12-04 12:30:00-05:00,242.0399932861328,242.50999450683594,241.63999938964844,242.25869750976562
2024-12-04 13:30:00-05:00,242.24000549316406,243.17640686035156,241.92999267578125,243.07000732421875
2024-12-04 14:30:00-05:00,243.05999755859375,243.125,242.77999877929688,242.98500061035156
2024-12-04 15:30:00-05:00,242.98500061035156,243.5399932861328,242.8260955810547,243.02000427246094
2024-12-05 09:30:00-05:00,244.0500030517578,244.5399932861328,242.71279907226562,242.92999267578125
2024-12-05 10:30:00-05:00,242.92999267578125,243.0800018310547,242.22999572753906,242.5500030517578
2024-12-05 11:30:00-05:00,242.5449981689453,243.40989685058594,242.30999755859375,243.36000061035156
2024-12-05 12:30:00-05:00,243.35830688476562,243.3699951171875,242.61000061035156,242.88499450683594
2024-12-05 13:30:00-05:00,242.88999938964844,243.69000244140625,242.83999633789062,243.27999877929688
2024-12-05 14:30:00-05:00,243.28500366210938,243.36000061035156,242.7449951171875,242.9058074951172
2024-12-05 15:30:00-05:00,242.90499877929688,243.0800018310547,242.1300048828125,243.0800018310547
2024-12-06 09:30:00-05:00,242.8699951171875,244.6300048828125,242.0800018310547,243.44000244140625
2024-12-06 10:30:00-05:00,243.4499969482422,244.10000610351562,243.27499389648438,243.58200073242188
2024-12-06 11:30:00-05:00,243.5800018310547,243.83999633789062,243.2100067138672,243.60000610351562
2024-12-06 12:30:00-05:00,243.58999633789062,243.61500549316406,242.94000244140625,243.26409912109375
2024-12-06 13:30:00-05:00,243.25999450683594,243.63999938964844,243.0399932861328,243.16270446777344
2024-12-06 14:30:00-05:00,243.16000366210938,243.39999389648438,242.87010192871094,243.0500030517578
2024-12-06 15:30:00-05:00,243.0500030517578,243.14999389648438,242.1999969482422,242.86000061035156
2024-12-09 09:30:00-05:00,241.8300018310547,244.72000122070312,241.75999450683594,244.50999450683594
2024-12-09 10:30:00-05:00,244.47999572753906,247.23880004882812,244.4199981689453,246.47000122070312
2024-12-09 11:30:00-05:00,246.48500061035156,247.24000549316406,246.30999755859375,246.79029846191406
2024-12-09 12:30:00-05:00,246.8249969482422,247.01510620117188,245.7100067138672,246.9053955078125
2024-12-09 13:30:00-05:00,246.88999938964844,246.88999938964844,246.05999755859375,246.09500122070312
2024-12-09 14:30:00-05:00,246.09500122070312,246.77999877929688,245.89999389648438,246.75999450683594
2024-12-09 15:30:00-05:00,246.77999877929688,247.08999633789062,246.11000061035156,246.80999755859375
2024-12-10 09:30:00-05:00,246.9499969482422,247.78709411621094,245.80999755859375,246.72999572753906
2024-12-10 10:30:00-05:00,246.73500061035156,246.9199981689453,245.3419952392578,245.6699981689453
2024-12-10 11:30:00-05:00,245.6699981689453,247.17999267578125,245.61000061035156,247.07000732421875
2024-12-10 12:30:00-05:00,247.05999755859375,247.4783935546875,246.72000122070312,247.40660095214844
2024-12-10 13:30:00-05:00,247.40499877929688,247.8000030517578,247.35000610351562,247.42999267578125
2024-12-10 14:30:00-05:00,247.42999267578125,248.2100067138672,247.41000366210938,247.72000122070312
2024-12-10 15:30:00-05:00,247.72500610351562,248.07000732421875,247.3699951171875,247.8000030517578
2024-12-11 09:30:00-05:00,247.94500732421875,249.99000549316406,247.64999389648438,249.42999267578125
2024-12-11 10:30:00-05:00,249.42999267578125,250.8000030517578,249.39500427246094,250.44000244140625
2024-12-11 11:30:00-05:00,250.4199981689453,250.4199981689453,249.33999633789062,249.681396484375
2024-12-11 12:30:00-05:00,249.67999267578125,249.77999877929688,248.97000122070312,249.10000610351562
2024-12-11 13:30:00-05:00,249.08999633789062,249.1649932861328,248.0863037109375,248.27999877929688
2024-12-11 14:30:00-05:00,248.2801055908203,248.44000244140625,247.0500030517578,247.14999389648438
2024-12-11 15:30:00-05:00,247.13999938964844,247.16000366210938,246.26010131835938,246.42999267578125
2024-12-12 09:30:00-05:00,246.94500732421875,248.1199951171875,245.67999267578125,247.99000549316406
2024-12-12 10:30:00-05:00,247.99000549316406,248.59959411621094,247.66000366210938,248.4709930419922
2024-12-12 11:30:00-05:00,248.47999572753906,248.54989624023438,247.99000549316406,248.09280395507812
2024-12-12 12:30:00-05:00,248.08999633789062,248.74000549316406,247.63999938964844,248.52999877929688
2024-12-12 13:30:00-05:00,248.52000427246094,248.74000549316406,248.0,248.02000427246094
2024-12-12 14:30:00-05:00,248.01499938964844,248.2100067138672,247.4499969482422,247.75
2024-12-12 15:30:00-05:00,247.75999450683594,248.1999969482422,247.74000549316406,247.9499969482422
2024-12-13 09:30:00-05:00,247.8800048828125,249.2902069091797,247.35000610351562,247.5500030517578
2024-12-13 10:30:00-05:00,247.5800018310547,247.9499969482422,246.5,246.625
2024-12-13 11:30:00-05:00,246.6199951171875,247.02999877929688,246.24000549316406,246.4600067138672
2024-12-13 12:30:00-05:00,246.47000122070312,247.25999450683594,246.33999633789062,247.19000244140625
2024-12-13 13:30:00-05:00,247.1750030517578,248.01499938964844,247.16009521484375,247.91000366210938
2024-12-13 14:30:00-05:00,247.90499877929688,248.10000610351562,247.63999938964844,248.02000427246094
2024-12-13 15:30:00-05:00,248.02000427246094,248.2987060546875,247.88999938964844,248.1300048828125
2024-12-16 09:30:00-05:00,248.0,250.0,247.64999389648438,249.05999755859375
2024-12-16 10:30:00-05:00,249.02999877929688,249.9600067138672,248.82000732421875,249.6699981689453
2024-12-16 11:30:00-05:00,249.7100067138672,250.3000030517578,249.53500366210938,250.05999755859375
2024-12-16 12:30:00-05:00,250.05999755859375,251.37890625,250.05259704589844,251.11000061035156
2024-12-16 13:30:00-05:00,251.08999633789062,251.2471923828125,250.5800018310547,250.8000946044922
2024-12-16 14:30:00-05:00,250.80999755859375,251.0001983642578,250.2100067138672,250.69500732421875
2024-12-16 15:30:00-05:00,250.6999969482422,251.10000610351562,249.9499969482422,251.0399932861328
2024-12-17 09:30:00-05:00,250.13499450683594,252.97999572753906,249.7899932861328,252.27000427246094
2024-12-17 10:30:00-05:00,252.2550048828125,253.35000610351562,251.77000427246094,252.5500030517578
2024-12-17 11:30:00-05:00,252.52999877929688,253.3000030517578,252.47999572753906,253.22500610351562
2024-12-17 12:30:00-05:00,253.25,253.2899932861328,252.69009399414062,253.1300048828125
2024-12-17 13:30:00-05:00,253.13999938964844,253.63499450683594,252.92999267578125,253.1999969482422
2024-12-17 14:30:00-05:00,253.1999969482422,253.38999938964844,252.75,252.8800048828125
2024-12-17 15:30:00-05:00,252.8800048828125,253.80999755859375,252.64999389648438,253.47999572753906
2024-12-18 09:30:00-05:00,252.22000122070312,253.39999389648438,251.3300018310547,253.07000732421875
2024-12-18 10:30:00-05:00,253.07000732421875,253.79989624023438,252.85000610351562,253.32000732421875
2024-12-18 11:30:00-05:00,253.32359313964844,254.0399932861328,253.1750030517578,253.63499450683594
2024-12-18 12:30:00-05:00,253.6300048828125,254.00999450683594,253.47000122070312,253.71009826660156
2024-12-18 13:30:00-05:00,253.6999969482422,254.27999877929688,251.5399932861328,252.4499969482422
2024-12-18 14:30:00-05:00,252.44900512695312,252.97999572753906,249.5,249.89999389648438
2024-12-18 15:30:00-05:00,249.9199981689453,250.39920043945312,247.75,247.86000061035156
2024-12-19 09:30:00-05:00,247.4600067138672,251.02000427246094,247.09500122070312,249.88999938964844
2024-12-19 10:30:00-05:00,249.88999938964844,251.38760375976562,249.3699951171875,251.0399932861328
2024-12-19 11:30:00-05:00,251.0399932861328,251.85000610351562,250.53500366210938,250.5800018310547
2024-12-19 12:30:00-05:00,250.58999633789062,250.94000244140625,249.72000122070312,250.8300018310547
2024-12-19 13:30:00-05:00,250.81500244140625,251.4499969482422,250.2902069091797,250.52000427246094
2024-12-19 14:30:00-05:00,250.50999450683594,250.52000427246094,249.52999877929688,250.3249969482422
2024-12-19 15:30:00-05:00,250.3300018310547,250.5500030517578,249.4093017578125,249.85000610351562
2024-12-20 09:30:00-05:00,248.1199951171875,249.6240997314453,246.3000030517578,249.59500122070312
2024-12-20 10:30:00-05:00,249.58999633789062,252.0,249.39999389648438,251.99000549316406
2024-12-20 11:30:00-05:00,251.97999572753906,253.92999267578125,251.88999938964844,253.73500061035156
2024-12-20 12:30:00-05:00,253.73500061035156,253.77000427246094,252.77200317382812,252.8699951171875
2024-12-20 13:30:00-05:00,252.91000366210938,253.64999389648438,252.67999267578125,253.62030029296875
2024-12-20 14:30:00-05:00,253.6300048828125,254.19000244140625,253.3000030517578,253.49000549316406
2024-12-20 15:30:00-05:00,253.5,255.0,252.7899932861328,254.58999633789062
2024-12-23 09:30:00-05:00,254.77000427246094,255.64500427246094,253.4499969482422,254.07000732421875
2024-12-23 10:30:00-05:00,254.0500030517578,255.07000732421875,253.4600067138672,254.8300018310547
2024-12-23 11:30:00-05:00,254.83909606933594,255.22999572753906,254.3699951171875,254.42999267578125
2024-12-23 12:30:00-05:00,254.42999267578125,254.7550048828125,253.72000122070312,253.9199981689453
2024-12-23 13:30:00-05:00,253.9199981689453,254.4600067138672,253.8699951171875,254.2949981689453
2024-12-23 14:30:00-05:00,254.3000030517578,254.39999389648438,253.67999267578125,254.33999633789062
2024-12-23 15:30:00-05:00,254.33999633789062,255.64999389648438,254.33999633789062,255.30999755859375
2024-12-24 09:30:00-05:00,255.3699951171875,257.45001220703125,255.30999755859375,257.1050109863281
2024-12-24 10:30:00-05:00,257.114990234375,258.0,257.1000061035156,257.2929992675781
2024-12-24 11:30:00-05:00,257.2699890136719,257.5400085449219,256.8700866699219,257.3599853515625
2024-12-26 09:30:00-05:00,258.3550109863281,260.0899963378906,257.6300048828125,258.3612060546875
2024-12-26 10:30:00-05:00,258.364990234375,259.19000244140625,258.1300048828125,258.8800048828125
2024-12-26 11:30:00-05:00,258.8900146484375,259.3399963378906,258.82000732421875,258.9849853515625
2024-12-26 12:30:00-05:00,258.9880065917969,259.32501220703125,258.57000732421875,258.81890869140625
2024-12-26 13:30:00-05:00,258.80999755859375,258.94891357421875,258.4100036621094,258.6000061035156
2024-12-26 14:30:00-05:00,258.6099853515625,259.4700012207031,258.5899963378906,259.1099853515625
2024-12-26 15:30:00-05:00,259.1199951171875,259.510009765625,259.010009765625,259.1000061035156
2024-12-27 09:30:00-05:00,257.8999938964844,258.70001220703125,254.91000366210938,254.99000549316406
2024-12-27 10:30:00-05:00,254.9600067138672,255.39999389648438,254.0399932861328,254.72999572753906
2024-12-27 11:30:00-05:00,254.74000549316406,254.8000030517578,253.05999755859375,253.67999267578125
2024-12-27 12:30:00-05:00,253.6699981689453,254.9799041748047,253.64779663085938,254.9499969482422
2024-12-27 13:30:00-05:00,254.94000244140625,255.50999450683594,254.86000061035156,255.01499938964844
2024-12-27 14:30:00-05:00,255.02999877929688,255.55990600585938,254.9600067138672,255.1699981689453
2024-12-27 15:30:00-05:00,255.1699981689453,255.82000732421875,254.97000122070312,255.72000122070312
2024-12-30 09:30:00-05:00,252.22999572753906,253.0,250.75,250.9199981689453
2024-12-30 10:30:00-05:00,250.91600036621094,252.28500366210938,250.91600036621094,251.89999389648438
2024-12-30 11:30:00-05:00,251.88999938964844,253.10000610351562,251.80999755859375,253.0500030517578
2024-12-30 12:30:00-05:00,253.05999755859375,253.47000122070312,252.5,252.82000732421875
2024-12-30 13:30:00-05:00,252.80499267578125,253.2899932861328,252.58999633789062,252.9364013671875
2024-12-30 14:30:00-05:00,252.92999267578125,253.49989318847656,252.69000244140625,252.72000122070312
2024-12-30 15:30:00-05:00,252.72999572753906,253.0399932861328,252.0399932861328,252.1199951171875
2024-12-31 09:30:00-05:00,252.66000366210938,253.27999877929688,251.32000732421875,251.6876983642578
2024-12-31 10:30:00-05:00,251.69000244140625,252.139892578125,251.02499389648438,251.17999267578125
2024-12-31 11:30:00-05:00,251.17999267578125,251.5500030517578,250.64999389648438,250.71629333496094
2024-12-31 12:30:00-05:00,250.6999969482422,250.75999450683594,249.44000244140625,249.69000244140625
2024-12-31 13:30:00-05:00,249.69000244140625,250.26800537109375,249.52999877929688,249.77000427246094
2024-12-31 14:30:00-05:00,249.76499938964844,250.8800048828125,249.69000244140625,250.7700958251953
2024-12-31 15:30:00-05:00,250.77000427246094,251.0800018310547,249.5,250.3800048828125
2025-01-02 09:30:00-05:00,248.92999267578125,249.10000610351562,244.8000030517578,245.73989868164062
2025-01-02 10:30:00-05:00,245.6300048828125,245.8800048828125,244.16009521484375,244.89500427246094
2025-01-02 11:30:00-05:00,244.90989685058594,245.25,243.32000732421875,243.42860412597656
2025-01-02 12:30:00-05:00,243.41000366210938,243.41000366210938,242.30999755859375,242.6862030029297
2025-01-02 13:30:00-05:00,242.6699981689453,242.83999633789062,241.82009887695312,242.4884033203125
2025-01-02 14:30:00-05:00,242.47999572753906,243.44000244140625,241.87130737304688,243.23109436035156
2025-01-02 15:30:00-05:00,243.25,243.9499969482422,243.01019287109375,243.82000732421875
2025-01-03 09:30:00-05:00,243.3699951171875,244.17999267578125,241.88999938964844,242.4597930908203
2025-01-03 10:30:00-05:00,242.4499969482422,243.67559814453125,242.13999938964844,243.49000549316406
2025-01-03 11:30:00-05:00,243.47999572753906,244.04859924316406,242.6699981689453,242.7707061767578
2025-01-03 12:30:00-05:00,242.77999877929688,243.16000366210938,242.27999877929688,243.00999450683594
2025-01-03 13:30:00-05:00,243.0,243.05999755859375,242.57000732421875,242.6699981689453
2025-01-03 14:30:00-05:00,242.66000366210938,243.44239807128906,242.63999938964844,242.85000610351562
2025-01-03 15:30:00-05:00,242.83999633789062,243.60000610351562,242.61000061035156,243.3000030517578
2025-01-06 09:30:00-05:00,244.3300018310547,246.1826934814453,243.83999633789062,245.5500030517578
2025-01-06 10:30:00-05:00,245.5399932861328,247.3300018310547,245.3300018310547,246.74000549316406
2025-01-06 11:30:00-05:00,246.7550048828125,246.76100158691406,245.7012939453125,245.77000427246094
2025-01-06 12:30:00-05:00,245.75999450683594,245.8699951171875,244.47999572753906,245.02999877929688
2025-01-06 13:30:00-05:00,245.02999877929688,245.17999267578125,244.60000610351562,244.97999572753906
2025-01-06 14:30:00-05:00,244.97999572753906,245.1300048828125,244.4250030517578,244.89500427246094
2025-01-06 15:30:00-05:00,244.91000366210938,245.33999633789062,244.4199981689453,245.0
2025-01-07 09:30:00-05:00,242.97999572753906,245.5500030517578,242.8300018310547,245.1649932861328
2025-01-07 10:30:00-05:00,245.16000366210938,245.3800048828125,243.7100067138672,243.77000427246094
2025-01-07 11:30:00-05:00,243.74000549316406,245.0,242.13819885253906,242.38999938964844
2025-01-07 12:30:00-05:00,242.39999389648438,243.4084014892578,241.36000061035156,243.15550231933594
2025-01-07 13:30:00-05:00,243.14999389648438,243.17999267578125,242.07009887695312,242.45799255371094
2025-01-07 14:30:00-05:00,242.4499969482422,242.49000549316406,241.75,242.00999450683594
2025-01-07 15:30:00-05:00,242.02000427246094,242.40499877929688,241.53900146484375,242.19000244140625
2025-01-08 09:30:00-05:00,241.97000122070312,242.86549377441406,240.0500030517578,242.40989685058594
2025-01-08 10:30:00-05:00,242.38999938964844,243.71229553222656,242.0850067138672,242.7100067138672
2025-01-08 11:30:00-05:00,242.72610473632812,243.5800018310547,241.24000549316406,241.3699951171875
2025-01-08 12:30:00-05:00,241.36000061035156,242.50869750976562,241.1999969482422,242.35000610351562
2025-01-08 13:30:00-05:00,242.35000610351562,242.97999572753906,241.04400634765625,242.7949981689453
2025-01-08 14:30:00-05:00,242.6999969482422,242.72000122070312,241.6999969482422,242.38400268554688
2025-01-08 15:30:00-05:00,242.3800048828125,242.98699951171875,241.8000030517578,242.72000122070312
2025-01-10 09:30:00-05:00,240.02499389648438,240.14999389648438,235.8000030517578,237.4250030517578
2025-01-10 10:30:00-05:00,237.4241943359375,237.44830322265625,233.5,233.77000427246094
2025-01-10 11:30:00-05:00,233.77000427246094,235.89999389648438,233.0,235.57000732421875
2025-01-10 12:30:00-05:00,235.5399932861328,237.33970642089844,235.06500244140625,237.11500549316406
2025-01-10 13:30:00-05:00,237.1199951171875,237.5850067138672,236.41000366210938,236.8300018310547
2025-01-10 14:30:00-05:00,236.83999633789062,236.8800048828125,235.75,235.9949951171875
2025-01-10 15:30:00-05:00,235.9949951171875,237.2899932861328,235.77000427246094,236.92999267578125
2025-01-13 09:30:00-05:00,233.5,233.58999633789062,229.72000122070312,230.3800048828125
2025-01-13 10:30:00-05:00,230.3800048828125,231.8000030517578,230.22000122070312,230.72500610351562
2025-01-13 11:30:00-05:00,230.7324981689453,232.52999877929688,230.39999389648438,232.32000732421875
2025-01-13 12:30:00-05:00,232.2899932861328,233.43499755859375,231.97999572753906,233.3800048828125
2025-01-13 13:30:00-05:00,233.3800048828125,233.97000122070312,233.25999450683594,233.55999755859375
2025-01-13 14:30:00-05:00,233.5500030517578,234.1999969482422,233.3699951171875,233.6844024658203
2025-01-13 15:30:00-05:00,233.69000244140625,234.6699981689453,233.65499877929688,234.39999389648438
2025-01-14 09:30:00-05:00,234.75,236.1199951171875,234.25999450683594,235.61000061035156
2025-01-14 10:30:00-05:00,235.60000610351562,235.97000122070312,234.1300048828125,234.2100067138672
2025-01-14 11:30:00-05:00,234.19000244140625,234.47630310058594,232.84500122070312,233.3249969482422
2025-01-14 12:30:00-05:00,233.30999755859375,234.1199951171875,232.64999389648438,234.02020263671875
2025-01-14 13:30:00-05:00,234.0399932861328,234.9199981689453,233.72000122070312,234.25869750976562
2025-01-14 14:30:00-05:00,234.25,234.64999389648438,232.4720001220703,233.2949981689453
2025-01-14 15:30:00-05:00,233.27999877929688,233.44000244140625,232.5399932861328,233.27999877929688
2025-01-15 09:30:00-05:00,234.63999938964844,238.38999938964844,234.42999267578125,237.92010498046875
2025-01-15 10:30:00-05:00,237.9600067138672,238.5399932861328,237.30999755859375,237.40069580078125
2025-01-15 11:30:00-05:00,237.39999389648438,237.5800018310547,236.5023956298828,237.11990356445312
2025-01-15 12:30:00-05:00,237.11500549316406,237.74000549316406,236.97000122070312,237.52999877929688
2025-01-15 13:30:00-05:00,237.52000427246094,237.75999450683594,237.25999450683594,237.5601043701172
2025-01-15 14:30:00-05:00,237.5800018310547,238.03419494628906,237.52000427246094,237.62120056152344
2025-01-15 15:30:00-05:00,237.6199951171875,238.47000122070312,237.38999938964844,237.85000610351562
2025-01-16 09:30:00-05:00,237.49000549316406,238.00999450683594,232.71060180664062,232.8179931640625
2025-01-16 10:30:00-05:00,232.802001953125,233.02000427246094,230.16000366210938,230.5850067138672
2025-01-16 11:30:00-05:00,230.59950256347656,231.10000610351562,229.75,230.9199981689453
2025-01-16 12:30:00-05:00,230.9199981689453,231.1999969482422,229.07000732421875,229.19000244140625
2025-01-16 13:30:00-05:00,229.18499755859375,229.39999389648438,228.55999755859375,229.1750030517578
2025-01-16 14:30:00-05:00,229.1750030517578,230.068603515625,228.89999389648438,229.02499389648438
2025-01-16 15:30:00-05:00,229.00999450683594,229.2917938232422,228.02999877929688,228.24000549316406
2025-01-17 09:30:00-05:00,232.11500549316406,232.2899932861328,229.72000122070312,230.38499450683594
2025-01-17 10:30:00-05:00,230.39999389648438,231.64999389648438,230.35000610351562,231.2812957763672
2025-01-17 11:30:00-05:00,231.2899932861328,231.32000732421875,229.49000549316406,230.25909423828125
2025-01-17 12:30:00-05:00,230.26499938964844,230.44000244140625,229.88999938964844,229.91000366210938
2025-01-17 13:30:00-05:00,229.9102020263672,229.9499969482422,228.47999572753906,229.17999267578125
2025-01-17 14:30:00-05:00,229.17999267578125,229.77000427246094,229.0800018310547,229.44009399414062
2025-01-17 15:30:00-05:00,229.44000244140625,230.02000427246094,229.22999572753906,229.99000549316406
2025-01-21 09:30:00-05:00,224.0,224.4199981689453,220.8000030517578,221.77029418945312
2025-01-21 10:30:00-05:00,221.77499389648438,222.08999633789062,219.6999969482422,220.10780334472656
2025-01-21 11:30:00-05:00,220.08999633789062,220.77000427246094,219.3800048828125,220.36000061035156
2025-01-21 12:30:00-05:00,220.36000061035156,221.07000732421875,220.00999450683594,220.40499877929688
2025-01-21 13:30:00-05:00,220.40469360351562,221.69000244140625,220.3699951171875,221.60989379882812
2025-01-21 14:30:00-05:00,221.60499572753906,221.6699981689453,220.30999755859375,221.64990234375
2025-01-21 15:30:00-05:00,221.63999938964844,222.77999877929688,221.33999633789062,222.66000366210938
2025-01-22 09:30:00-05:00,219.94000244140625,223.35279846191406,219.8000030517578,221.63099670410156
2025-01-22 10:30:00-05:00,221.63499450683594,223.0800018310547,221.5500030517578,222.85980224609375
2025-01-22 11:30:00-05:00,222.85789489746094,222.92799377441406,221.6999969482422,222.56500244140625
2025-01-22 12:30:00-05:00,222.56500244140625,222.85000610351562,222.01499938964844,222.11570739746094
2025-01-22 13:30:00-05:00,222.1300048828125,222.86500549316406,221.91000366210938,222.74600219726562
2025-01-22 14:30:00-05:00,222.75,223.60000610351562,222.4199981689453,223.35000610351562
2025-01-22 15:30:00-05:00,223.36500549316406,223.97999572753906,223.05999755859375,223.77000427246094
2025-01-23 09:30:00-05:00,224.72999572753906,227.02999877929688,224.25999450683594,225.97000122070312
2025-01-23 10:30:00-05:00,225.96499633789062,226.3699951171875,224.3800048828125,225.1750030517578
2025-01-23 11:30:00-05:00,225.16000366210938,225.19500732421875,223.3856964111328,223.57000732421875
2025-01-23 12:30:00-05:00,223.56500244140625,223.77999877929688,223.19000244140625,223.5500030517578
2025-01-23 13:30:00-05:00,223.55999755859375,223.63499450683594,222.42999267578125,222.8000030517578
2025-01-23 14:30:00-05:00,222.80999755859375,223.1699981689453,222.5749969482422,222.8800048828125
2025-01-23 15:30:00-05:00,222.86500549316406,223.64999389648438,222.3000030517578,223.64999389648438
2025-01-24 09:30:00-05:00,224.97500610351562,225.6300048828125,222.5301055908203,222.72999572753906
2025-01-24 10:30:00-05:00,222.73500061035156,223.3699951171875,222.35009765625,222.75999450683594
2025-01-24 11:30:00-05:00,222.77000427246094,223.49000549316406,222.13999938964844,222.27999877929688
2025-01-24 12:30:00-05:00,222.27999877929688,222.72450256347656,221.9499969482422,222.16000366210938
2025-01-24 13:30:00-05:00,222.13999938964844,222.5500030517578,221.9199981689453,222.3699951171875
2025-01-24 14:30:00-05:00,222.35000610351562,222.92999267578125,221.41000366210938,222.32000732421875
2025-01-24 15:30:00-05:00,222.31500244140625,223.0449981689453,222.1999969482422,222.7899932861328
2025-01-27 09:30:00-05:00,224.02999877929688,227.6999969482422,224.0,227.29229736328125
2025-01-27 10:30:00-05:00,227.3000030517578,228.8300018310547,227.08999633789062,228.49380493164062
2025-01-27 11:30:00-05:00,228.47000122070312,230.13999938964844,228.17999267578125,230.08999633789062
2025-01-27 12:30:00-05:00,230.08999633789062,231.3800048828125,229.8105010986328,231.32000732421875
2025-01-27 13:30:00-05:00,231.3000030517578,232.14999389648438,230.99000549316406,232.02999877929688
2025-01-27 14:30:00-05:00,232.02999877929688,232.02999877929688,230.13999938964844,230.67999267578125
2025-01-27 15:30:00-05:00,230.6999969482422,231.3800048828125,228.47999572753906,229.94000244140625
2025-01-28 09:30:00-05:00,230.8800048828125,237.7899932861328,230.8800048828125,237.63999938964844
2025-01-28 10:30:00-05:00,237.64999389648438,239.4499969482422,237.6300048828125,239.0800018310547
2025-01-28 11:30:00-05:00,239.05999755859375,240.19000244140625,238.20010375976562,238.5500030517578
2025-01-28 12:30:00-05:00,238.5500030517578,239.24989318847656,238.23500061035156,238.74420166015625
2025-01-28 13:30:00-05:00,238.76800537109375,239.10000610351562,238.58999633789062,238.82000732421875
2025-01-28 14:30:00-05:00,238.82220458984375,239.47999572753906,238.30999755859375,238.83999633789062
2025-01-28 15:30:00-05:00,238.8800048828125,238.97999572753906,237.75999450683594,238.24000549316406
2025-01-29 09:30:00-05:00,234.14999389648438,237.1300048828125,234.00999450683594,236.8300018310547
2025-01-29 10:30:00-05:00,236.80999755859375,238.0,236.42999267578125,236.5157012939453
2025-01-29 11:30:00-05:00,236.52999877929688,237.22000122070312,236.1300048828125,236.86900329589844
2025-01-29 12:30:00-05:00,236.8699951171875,237.43499755859375,235.4600067138672,237.42999267578125
2025-01-29 13:30:00-05:00,237.4499969482422,237.66000366210938,236.30999755859375,236.44500732421875
2025-01-29 14:30:00-05:00,236.44000244140625,239.24000549316406,236.34500122070312,239.0500030517578
2025-01-29 15:30:00-05:00,239.05999755859375,239.85499572753906,238.72000122070312,239.35000610351562
2025-01-30 09:30:00-05:00,238.6649932861328,240.7899932861328,238.08999633789062,238.4600067138672
2025-01-30 10:30:00-05:00,238.4600067138672,239.02999877929688,237.2100067138672,238.16000366210938
2025-01-30 11:30:00-05:00,238.1844024658203,238.8800048828125,237.80999755859375,238.02999877929688
2025-01-30 12:30:00-05:00,238.02999877929688,238.7686004638672,237.90499877929688,238.4499969482422
2025-01-30 13:30:00-05:00,238.44000244140625,239.6699981689453,238.44000244140625,239.25
2025-01-30 14:30:00-05:00,239.25,240.0500030517578,239.2100067138672,239.5800018310547
2025-01-30 15:30:00-05:00,239.5800018310547,239.85499572753906,237.24000549316406,237.55999755859375
2025-01-31 09:30:00-05:00,247.0399932861328,247.19000244140625,240.5500030517578,240.943603515625
2025-01-31 10:30:00-05:00,240.90499877929688,241.42930603027344,238.58999633789062,238.94900512695312
2025-01-31 11:30:00-05:00,238.97000122070312,240.0500030517578,238.74000549316406,239.74000549316406
2025-01-31 12:30:00-05:00,239.75,239.80099487304688,236.22000122070312,236.4250030517578
2025-01-31 13:30:00-05:00,236.42999267578125,236.86000061035156,234.47000122070312,235.13499450683594
2025-01-31 14:30:00-05:00,235.15499877929688,235.2799072265625,233.44000244140625,234.2899932861328
2025-01-31 15:30:00-05:00,234.30999755859375,236.5,233.74000549316406,235.86000061035156
2025-02-03 09:30:00-05:00,229.44000244140625,231.8300018310547,226.63499450683594,229.25999450683594
2025-02-03 10:30:00-05:00,229.25999450683594,229.8199005126953,226.0800018310547,226.4199981689453
2025-02-03 11:30:00-05:00,226.41000366210938,227.1300048828125,225.7100067138672,226.36990356445312
2025-02-03 12:30:00-05:00,226.36000061035156,227.07000732421875,225.9499969482422,226.89999389648438
2025-02-03 13:30:00-05:00,226.91000366210938,228.8477020263672,226.88999938964844,228.47000122070312
2025-02-03 14:30:00-05:00,228.47999572753906,229.2100067138672,228.32000732421875,228.5500946044922
2025-02-03 15:30:00-05:00,228.57000732421875,228.9698944091797,227.6300048828125,227.97999572753906
2025-02-04 09:30:00-05:00,227.1999969482422,230.41180419921875,226.64999389648438,230.3699951171875
2025-02-04 10:30:00-05:00,230.3800048828125,231.54879760742188,230.13499450683594,231.0500030517578
2025-02-04 11:30:00-05:00,231.05999755859375,232.7899932861328,231.0500030517578,231.77999877929688
2025-02-04 12:30:00-05:00,231.7899932861328,232.3800048828125,231.38999938964844,232.22000122070312
2025-02-04 13:30:00-05:00,232.22569274902344,232.36000061035156,231.3800048828125,232.13999938964844
2025-02-04 14:30:00-05:00,232.13999938964844,232.9499969482422,232.13499450683594,232.3090057373047
2025-02-04 15:30:00-05:00,232.2899932861328,233.1300048828125,232.02999877929688,232.7899932861328
2025-02-05 09:30:00-05:00,228.49000549316406,230.6197052001953,228.3000030517578,229.5
2025-02-05 10:30:00-05:00,229.50999450683594,230.19749450683594,228.8513946533203,230.08999633789062
2025-02-05 11:30:00-05:00,230.08999633789062,231.27999877929688,229.99000549316406,230.69000244140625
2025-02-05 12:30:00-05:00,230.67999267578125,230.75,229.6300048828125,229.91000366210938
2025-02-05 13:30:00-05:00,229.89999389648438,231.52999877929688,229.7100067138672,230.64869689941406
2025-02-05 14:30:00-05:00,230.63999938964844,231.8699951171875,230.5,231.7949981689453
2025-02-05 15:30:00-05:00,231.77999877929688,232.6699981689453,231.110107421875,232.4600067138672
2025-02-06 09:30:00-05:00,231.33999633789062,233.8000030517578,230.779296875,231.5399932861328
2025-02-06 10:30:00-05:00,231.5850067138672,232.3256072998047,230.4250030517578,231.51499938964844
2025-02-06 11:30:00-05:00,231.50999450683594,231.63499450683594,230.89999389648438,231.3300018310547
2025-02-06 12:30:00-05:00,231.34500122070312,232.33999633789062,231.02999877929688,232.19000244140625
2025-02-06 13:30:00-05:00,232.19000244140625,233.11000061035156,232.0800018310547,232.8699951171875
2025-02-06 14:30:00-05:00,232.88999938964844,232.88999938964844,231.89500427246094,232.27999877929688
2025-02-06 15:30:00-05:00,232.2899932861328,233.27999877929688,231.92999267578125,233.22000122070312
2025-02-07 09:30:00-05:00,232.51499938964844,234.0,229.8800048828125,230.38999938964844
2025-02-07 10:30:00-05:00,230.33999633789062,231.26800537109375,228.89999389648438,229.05499267578125
2025-02-07 11:30:00-05:00,229.0850067138672,229.4199981689453,228.19500732421875,228.40060424804688
2025-02-07 12:30:00-05:00,228.38999938964844,229.44000244140625,228.36329650878906,229.2989044189453
2025-02-07 13:30:00-05:00,229.2899932861328,229.5,227.8300018310547,227.8800048828125
2025-02-07 14:30:00-05:00,227.88999938964844,228.5800018310547,227.7899932861328,228.0
2025-02-07 15:30:00-05:00,227.99000549316406,228.14999389648438,227.25999450683594,227.7100067138672
2025-02-10 09:30:00-05:00,229.57000732421875,230.5850067138672,228.8000030517578,229.86619567871094
2025-02-10 10:30:00-05:00,229.88999938964844,229.91160583496094,228.75999450683594,229.36000061035156
2025-02-10 11:30:00-05:00,229.3708038330078,229.38499450683594,228.23919677734375,228.470703125
2025-02-10 12:30:00-05:00,228.47000122070312,228.8800048828125,228.3699951171875,228.47000122070312
2025-02-10 13:30:00-05:00,228.48500061035156,229.03500366210938,228.40499877929688,228.6999053955078
2025-02-10 14:30:00-05:00,228.6999969482422,228.83999633789062,227.60000610351562,227.69000244140625
2025-02-10 15:30:00-05:00,227.69500732421875,227.8800048828125,227.1999969482422,227.63999938964844
2025-02-11 09:30:00-05:00,228.1999969482422,233.49000549316406,228.1300048828125,233.33999633789062
2025-02-11 10:30:00-05:00,233.32000732421875,234.7178955078125,232.82009887695312,234.64999389648438
2025-02-11 11:30:00-05:00,234.66000366210938,235.22999572753906,233.72169494628906,234.57229614257812
2025-02-11 12:30:00-05:00,234.58999633789062,234.625,233.25,233.5449981689453
2025-02-11 13:30:00-05:00,233.59609985351562,234.1898956298828,233.1300048828125,233.3699951171875
2025-02-11 14:30:00-05:00,233.3621063232422,233.9250030517578,232.89999389648438,233.1107940673828
2025-02-11 15:30:00-05:00,233.11000061035156,233.3000030517578,232.1699981689453,232.77000427246094
2025-02-12 09:30:00-05:00,231.27499389648438,234.0500030517578,230.67999267578125,233.60499572753906
2025-02-12 10:30:00-05:00,233.58120727539062,235.13999938964844,233.5800018310547,235.07000732421875
2025-02-12 11:30:00-05:00,235.07000732421875,235.66000366210938,234.72999572753906,235.2899932861328
2025-02-12 12:30:00-05:00,235.27330017089844,235.88999938964844,234.86000061035156,235.47999572753906
2025-02-12 13:30:00-05:00,235.47320556640625,236.4199981689453,235.32000732421875,236.2100067138672
2025-02-12 14:30:00-05:00,236.2100067138672,236.66000366210938,236.07000732421875,236.46499633789062
2025-02-12 15:30:00-05:00,236.4600067138672,236.9600067138672,235.91000366210938,236.88999938964844
2025-02-13 09:30:00-05:00,236.97500610351562,239.0,235.57000732421875,237.8800048828125
2025-02-13 10:30:00-05:00,237.89599609375,241.42999267578125,237.72999572753906,240.47999572753906
2025-02-13 11:30:00-05:00,240.49029541015625,240.83999633789062,239.82000732421875,240.34500122070312
2025-02-13 12:30:00-05:00,240.3498992919922,241.35000610351562,240.19000244140625,241.02999877929688
2025-02-13 13:30:00-05:00,241.0399932861328,242.07000732421875,240.52999877929688,241.7698974609375
2025-02-13 14:30:00-05:00,241.75010681152344,242.33990478515625,241.25999450683594,241.5449981689453
2025-02-13 15:30:00-05:00,241.5449981689453,241.7689971923828,241.00999450683594,241.52000427246094
2025-02-14 09:30:00-05:00,241.07000732421875,245.0500030517578,241.0,244.3800048828125
2025-02-14 10:30:00-05:00,244.3800048828125,244.3800048828125,243.16000366210938,243.94500732421875
2025-02-14 11:30:00-05:00,243.94000244140625,244.52999877929688,243.69000244140625,243.81520080566406
2025-02-14 12:30:00-05:00,243.8249969482422,244.30999755859375,243.33999633789062,243.99989318847656
2025-02-14 13:30:00-05:00,243.97999572753906,244.5399932861328,243.94000244140625,244.14999389648438
2025-02-14 14:30:00-05:00,244.139892578125,244.3699951171875,243.91009521484375,244.10000610351562
2025-02-14 15:30:00-05:00,244.0800018310547,245.41000366210938,243.91000366210938,244.57000732421875
2025-02-18 09:30:00-05:00,243.91000366210938,245.17999267578125,242.860107421875,244.0904998779297
2025-02-18 10:30:00-05:00,244.0800018310547,244.9698944091797,243.94000244140625,244.72999572753906
2025-02-18 11:30:00-05:00,244.72000122070312,245.0500030517578,244.17999267578125,244.42999267578125
2025-02-18 12:30:00-05:00,244.4499969482422,244.5,243.25,243.43499755859375
2025-02-18 13:30:00-05:00,243.42999267578125,243.48330688476562,241.83999633789062,243.05499267578125
2025-02-18 14:30:00-05:00,243.05499267578125,243.8350067138672,242.97999572753906,243.52000427246094
2025-02-18 15:30:00-05:00,243.52999877929688,244.60000610351562,243.14999389648438,244.47000122070312
2025-02-19 09:30:00-05:00,244.61000061035156,246.00999450683594,243.7899932861328,243.9398956298828
2025-02-19 10:30:00-05:00,243.92999267578125,244.49000549316406,243.160400390625,244.3957061767578
2025-02-19 11:30:00-05:00,244.38999938964844,245.65139770507812,244.02999877929688,245.14999389648438
2025-02-19 12:30:00-05:00,245.13999938964844,245.27999877929688,244.22999572753906,244.7100067138672
2025-02-19 13:30:00-05:00,244.71499633789062,245.1898956298828,244.22000122070312,244.9001007080078
2025-02-19 14:30:00-05:00,244.89999389648438,245.1699981689453,244.45010375976562,244.8800048828125
2025-02-19 15:30:00-05:00,244.8800048828125,245.089599609375,244.53500366210938,244.8800048828125
2025-02-20 09:30:00-05:00,244.97000122070312,246.77999877929688,244.2899932861328,244.7449951171875
2025-02-20 10:30:00-05:00,244.74000549316406,246.6999969482422,244.58999633789062,246.13059997558594
2025-02-20 11:30:00-05:00,246.125,246.4600067138672,245.02999877929688,246.3800048828125
2025-02-20 12:30:00-05:00,246.3699951171875,246.41000366210938,245.16000366210938,245.44500732421875
2025-02-20 13:30:00-05:00,245.44000244140625,245.5800018310547,245.02000427246094,245.2550048828125
2025-02-20 14:30:00-05:00,245.25,245.75,244.85000610351562,245.6199951171875
2025-02-20 15:30:00-05:00,245.61000061035156,246.0,245.36000061035156,245.86000061035156
2025-02-21 09:30:00-05:00,245.96499633789062,246.94000244140625,245.22000122070312,245.7899932861328
2025-02-21 10:30:00-05:00,245.77499389648438,247.4499969482422,245.22000122070312,247.1300048828125
2025-02-21 11:30:00-05:00,247.14500427246094,247.64999389648438,246.64999389648438,247.3699951171875
2025-02-21 12:30:00-05:00,247.3800048828125,248.69000244140625,247.10000610351562,247.44119262695312
2025-02-21 13:30:00-05:00,247.44509887695312,248.0767059326172,246.42999267578125,246.49000549316406
2025-02-21 14:30:00-05:00,246.5050048828125,246.82000732421875,245.39010620117188,245.8000030517578
2025-02-21 15:30:00-05:00,245.81500244140625,246.08999633789062,245.3300018310547,245.58999633789062
2025-02-24 09:30:00-05:00,244.80799865722656,248.86000061035156,244.58999633789062,247.85000610351562
2025-02-24 10:30:00-05:00,247.85000610351562,247.9541015625,246.00999450683594,247.11019897460938
2025-02-24 11:30:00-05:00,247.1199951171875,248.32000732421875,247.1199951171875,247.7949981689453
2025-02-24 12:30:00-05:00,247.82000732421875,248.13999938964844,247.22000122070312,248.0500030517578
2025-02-24 13:30:00-05:00,248.0500030517578,248.8000030517578,247.6699981689453,248.66000366210938
2025-02-24 14:30:00-05:00,248.66000366210938,248.75,247.42999267578125,247.61000061035156
2025-02-24 15:30:00-05:00,247.59500122070312,247.7899932861328,246.82000732421875,247.22999572753906
2025-02-25 09:30:00-05:00,248.0,249.52000427246094,244.91000366210938,245.11000061035156
2025-02-25 10:30:00-05:00,245.1300048828125,246.8699951171875,244.91000366210938,246.52499389648438
2025-02-25 11:30:00-05:00,246.53500366210938,249.97999572753906,246.4300994873047,249.5800018310547
2025-02-25 12:30:00-05:00,249.5800018310547,249.6199951171875,247.72999572753906,247.97999572753906
2025-02-25 13:30:00-05:00,247.97000122070312,248.6199951171875,247.16000366210938,247.66810607910156
2025-02-25 14:30:00-05:00,247.63999938964844,248.58999633789062,247.5500030517578,247.72000122070312
2025-02-25 15:30:00-05:00,247.72500610351562,247.77000427246094,246.0449981689453,247.0500030517578
2025-02-26 09:30:00-05:00,244.3300018310547,244.97999572753906,241.4199981689453,243.47999572753906
2025-02-26 10:30:00-05:00,243.4949951171875,243.72000122070312,241.5800018310547,241.80999755859375
2025-02-26 11:30:00-05:00,241.8000030517578,243.88999938964844,241.75,243.1300048828125
2025-02-26 12:30:00-05:00,243.13999938964844,243.2899932861328,240.24000549316406,240.34030151367188
2025-02-26 13:30:00-05:00,240.33999633789062,240.38999938964844,239.1300048828125,239.82000732421875
2025-02-26 14:30:00-05:00,239.80999755859375,240.4499969482422,239.52999877929688,239.9499969482422
2025-02-26 15:30:00-05:00,239.9600067138672,240.7100067138672,239.68499755859375,240.30999755859375
2025-02-27 09:30:00-05:00,239.41000366210938,242.27999877929688,238.47000122070312,241.375
2025-02-27 10:30:00-05:00,241.36000061035156,242.4600067138672,240.63999938964844,241.52000427246094
2025-02-27 11:30:00-05:00,241.52000427246094,241.78480529785156,239.5850067138672,241.05799865722656
2025-02-27 12:30:00-05:00,241.12969970703125,242.17999267578125,240.36000061035156,241.89999389648438
2025-02-27 13:30:00-05:00,241.92999267578125,242.0500030517578,240.52000427246094,240.6300048828125
2025-02-27 14:30:00-05:00,240.64500427246094,240.66000366210938,238.77029418945312,238.9199981689453
2025-02-27 15:30:00-05:00,238.9550018310547,239.3695068359375,237.10000610351562,237.3800048828125
2025-02-28 09:30:00-05:00,236.9499969482422,237.7816925048828,234.50999450683594,237.59500122070312
2025-02-28 10:30:00-05:00,237.5800018310547,237.8300018310547,236.49000549316406,236.9199981689453
2025-02-28 11:30:00-05:00,236.8699951171875,237.75,236.5500030517578,237.60499572753906
2025-02-28 12:30:00-05:00,237.69000244140625,237.89999389648438,236.22999572753906,237.41000366210938
2025-02-28 13:30:00-05:00,237.40499877929688,238.3083038330078,237.00999450683594,237.9199981689453
2025-02-28 14:30:00-05:00,237.8800048828125,239.77999877929688,237.7003936767578,239.7100067138672
2025-02-28 15:30:00-05:00,239.69000244140625,242.08999633789062,238.80999755859375,241.83999633789062
2025-03-03 09:30:00-05:00,241.7220001220703,244.02720642089844,239.8249969482422,241.48500061035156
2025-03-03 10:30:00-05:00,241.5,242.6300048828125,241.12669372558594,241.19000244140625
2025-03-03 11:30:00-05:00,241.22999572753906,242.5500030517578,240.6649932861328,242.5399932861328
2025-03-03 12:30:00-05:00,242.5399932861328,242.98680114746094,240.74000549316406,240.96499633789062
2025-03-03 13:30:00-05:00,241.02000427246094,241.8699951171875,240.44000244140625,241.15179443359375
2025-03-03 14:30:00-05:00,241.16000366210938,242.0,236.64999389648438,236.8892059326172
2025-03-03 15:30:00-05:00,236.8800048828125,238.55999755859375,236.11199951171875,238.13999938964844
2025-03-04 09:30:00-05:00,237.7050018310547,239.38999938964844,236.35000610351562,238.39999389648438
2025-03-04 10:30:00-05:00,238.39999389648438,239.80999755859375,237.64999389648438,238.6300048828125
2025-03-04 11:30:00-05:00,238.58999633789062,240.07000732421875,238.12890625,238.1649932861328
2025-03-04 12:30:00-05:00,238.11000061035156,238.17990112304688,236.16000366210938,236.75
2025-03-04 13:30:00-05:00,236.75,238.55999755859375,236.42999267578125,238.2888946533203
2025-03-04 14:30:00-05:00,238.2899932861328,239.24989318847656,237.9822998046875,238.69000244140625
2025-03-04 15:30:00-05:00,238.67999267578125,238.75,234.6999969482422,236.07000732421875
2025-03-05 09:30:00-05:00,235.4949951171875,235.9499969482422,230.5500030517578,230.9199981689453
2025-03-05 10:30:00-05:00,230.94000244140625,233.1999969482422,230.13999938964844,230.6490020751953
2025-03-05 11:30:00-05:00,230.6199951171875,234.64999389648438,229.22999572753906,234.53990173339844
2025-03-05 12:30:00-05:00,234.5399932861328,235.5399932861328,234.0,234.67999267578125
2025-03-05 13:30:00-05:00,234.66529846191406,236.5500030517578,234.10000610351562,235.74749755859375
2025-03-05 14:30:00-05:00,235.8000030517578,236.47999572753906,235.14999389648438,236.0399932861328
2025-03-05 15:30:00-05:00,236.00999450683594,236.35000610351562,235.05999755859375,235.77000427246094
2025-03-06 09:30:00-05:00,234.43499755859375,237.16000366210938,233.5399932861328,236.47000122070312
2025-03-06 10:30:00-05:00,236.47000122070312,237.86000061035156,236.2449951171875,236.77999877929688
2025-03-06 11:30:00-05:00,236.74000549316406,237.33999633789062,234.0404052734375,234.4149932861328
2025-03-06 12:30:00-05:00,234.39999389648438,235.42999267578125,234.05999755859375,234.2949981689453
2025-03-06 13:30:00-05:00,234.30499267578125,235.1699981689453,233.39999389648438,233.69000244140625
2025-03-06 14:30:00-05:00,233.65499877929688,236.00999450683594,233.3300018310547,235.17999267578125
2025-03-06 15:30:00-05:00,235.1699981689453,235.75999450683594,234.4499969482422,235.32000732421875
2025-03-07 09:30:00-05:00,235.10499572753906,239.42999267578125,235.05999755859375,238.30999755859375
2025-03-07 10:30:00-05:00,238.31500244140625,240.16000366210938,237.0301055908203,239.02000427246094
2025-03-07 11:30:00-05:00,239.0399932861328,239.69749450683594,237.86000061035156,239.2899932861328
2025-03-07 12:30:00-05:00,239.25999450683594,241.3699951171875,238.8000030517578,240.41439819335938
2025-03-07 13:30:00-05:00,240.4250030517578,240.91000366210938,238.57000732421875,239.64999389648438
2025-03-07 14:30:00-05:00,239.6649932861328,239.86000061035156,238.0800018310547,238.8114013671875
2025-03-07 15:30:00-05:00,238.8000030517578,239.77000427246094,237.94000244140625,239.07000732421875
2025-03-10 09:30:00-04:00,235.47999572753906,236.16000366210938,228.52000427246094,228.5500030517578
2025-03-10 10:30:00-04:00,228.55499267578125,229.5,225.2899932861328,226.50869750976562
2025-03-10 11:30:00-04:00,226.52999877929688,227.2899932861328,224.22000122070312,225.47999572753906
2025-03-10 12:30:00-04:00,225.5399932861328,226.69000244140625,224.3249969482422,225.2100067138672
2025-03-10 13:30:00-04:00,225.24000549316406,226.97999572753906,224.8699951171875,226.5800018310547
2025-03-10 14:30:00-04:00,226.58999633789062,227.51499938964844,224.4208984375,226.9761962890625
2025-03-10 15:30:00-04:00,226.99000549316406,228.64999389648438,226.5,227.54100036621094
2025-03-11 09:30:00-04:00,223.8000030517578,225.83990478515625,220.00999450683594,222.52000427246094
2025-03-11 10:30:00-04:00,222.49000549316406,222.9499969482422,220.58999633789062,221.00320434570312
2025-03-11 11:30:00-04:00,220.97999572753906,221.74000549316406,218.5,218.5500030517578
2025-03-11 12:30:00-04:00,218.5399932861328,219.8800048828125,217.4499969482422,217.7550048828125
2025-03-11 13:30:00-04:00,217.72999572753906,220.97999572753906,217.67999267578125,220.5449981689453
2025-03-11 14:30:00-04:00,220.5500030517578,223.27999877929688,220.09019470214844,221.82020568847656
2025-03-11 15:30:00-04:00,221.82000732421875,222.0500030517578,220.5800018310547,220.72999572753906
2025-03-12 09:30:00-04:00,220.17999267578125,221.75,218.8300018310547,218.9499969482422
2025-03-12 10:30:00-04:00,218.9499969482422,219.39999389648438,214.91000366210938,216.44500732421875
2025-03-12 11:30:00-04:00,216.47000122070312,218.61000061035156,216.3300018310547,218.3603973388672
2025-03-12 12:30:00-04:00,218.44500732421875,218.60000610351562,216.8800048828125,218.18980407714844
2025-03-12 13:30:00-04:00,218.1300048828125,218.22000122070312,215.92999267578125,216.11000061035156
2025-03-12 14:30:00-04:00,216.1199951171875,217.08990478515625,215.0500030517578,215.639892578125
2025-03-12 15:30:00-04:00,215.64999389648438,217.27000427246094,215.27999877929688,216.94000244140625
2025-03-13 09:30:00-04:00,215.94000244140625,216.8394012451172,214.22000122070312,214.27999877929688
2025-03-13 10:30:00-04:00,214.3000030517578,214.82000732421875,213.6300048828125,214.0402069091797
2025-03-13 11:30:00-04:00,214.0449981689453,214.35000610351562,211.63999938964844,211.94000244140625
2025-03-13 12:30:00-04:00,211.93380737304688,212.92999267578125,210.69000244140625,211.15499877929688
2025-03-13 13:30:00-04:00,211.13999938964844,212.47000122070312,210.50010681152344,212.2899932861328
2025-03-13 14:30:00-04:00,212.28599548339844,212.4698944091797,210.36000061035156,210.6300048828125
2025-03-13 15:30:00-04:00,210.6699981689453,210.7100067138672,208.4199981689453,209.7100067138672
2025-03-14 09:30:00-04:00,211.25,213.42999267578125,209.5800018310547,210.3780975341797
2025-03-14 10:30:00-04:00,210.3800048828125,212.3800048828125,209.97999572753906,211.92999267578125
2025-03-14 11:30:00-04:00,211.92999267578125,213.94000244140625,211.91000366210938,212.23069763183594
2025-03-14 12:30:00-04:00,212.23500061035156,213.5,212.07229614257812,212.31500244140625
2025-03-14 13:30:00-04:00,212.30259704589844,212.6898956298828,210.75999450683594,211.2449951171875
2025-03-14 14:30:00-04:00,211.25,213.41099548339844,211.25,212.90530395507812
2025-03-14 15:30:00-04:00,212.8946075439453,213.89999389648438,212.7100067138672,213.3800048828125
2025-03-17 09:30:00-04:00,213.36000061035156,214.97000122070312,212.1699981689453,213.22470092773438
2025-03-17 10:30:00-04:00,213.22500610351562,213.25999450683594,210.46969604492188,210.75469970703125
2025-03-17 11:30:00-04:00,210.7550048828125,211.8000030517578,209.97999572753906,211.1999969482422
2025-03-17 12:30:00-04:00,211.2100067138672,212.3699951171875,211.08999633789062,212.33030700683594
2025-03-17 13:30:00-04:00,212.35499572753906,214.73019409179688,212.27999877929688,214.4550018310547
2025-03-17 14:30:00-04:00,214.4499969482422,214.7967987060547,214.07000732421875,214.68499755859375
2025-03-17 15:30:00-04:00,214.67999267578125,215.22000122070312,213.6699981689453,214.19000244140625
2025-03-18 09:30:00-04:00,214.13999938964844,215.14999389648438,212.9499969482422,214.55140686035156
2025-03-18 10:30:00-04:00,214.5500030517578,214.88999938964844,212.64999389648438,213.3300018310547
2025-03-18 11:30:00-04:00,213.25,213.77499389648438,212.7899932861328,213.72000122070312
2025-03-18 12:30:00-04:00,213.6999969482422,213.7736053466797,211.49000549316406,212.2834014892578
2025-03-18 13:30:00-04:00,212.3000030517578,212.32000732421875,211.55979919433594,211.9949951171875
2025-03-18 14:30:00-04:00,212.0,212.65499877929688,211.810302734375,212.34500122070312
2025-03-18 15:30:00-04:00,212.34500122070312,213.25999450683594,212.30999755859375,212.7899932861328
2025-03-19 09:30:00-04:00,214.22000122070312,218.75999450683594,213.91009521484375,217.14500427246094
2025-03-19 10:30:00-04:00,217.2100067138672,217.2198028564453,214.9600067138672,215.66900634765625
2025-03-19 11:30:00-04:00,215.69000244140625,216.75,215.17999267578125,215.3000030517578
2025-03-19 12:30:00-04:00,215.2899932861328,215.3300018310547,214.2899932861328,214.3800048828125
2025-03-19 13:30:00-04:00,214.39199829101562,215.04969787597656,213.75,214.27000427246094
2025-03-19 14:30:00-04:00,214.27000427246094,217.0590057373047,214.25,215.50990295410156
2025-03-19 15:30:00-04:00,215.5,215.67999267578125,214.47999572753906,215.3000030517578
2025-03-20 09:30:00-04:00,213.99000549316406,217.48989868164062,212.89999389648438,216.9904022216797
2025-03-20 10:30:00-04:00,216.97999572753906,217.2949981689453,215.78759765625,216.0500030517578
2025-03-20 11:30:00-04:00,215.94000244140625,216.4600067138672,214.02000427246094,214.13999938964844
2025-03-20 12:30:00-04:00,214.13999938964844,214.50999450683594,213.0,213.22999572753906
2025-03-20 13:30:00-04:00,213.25999450683594,213.88999938964844,212.72999572753906,212.75999450683594
2025-03-20 14:30:00-04:00,212.77000427246094,213.39999389648438,212.22000122070312,212.68350219726562
2025-03-20 15:30:00-04:00,212.69000244140625,214.75999450683594,212.69000244140625,214.14999389648438
2025-03-21 09:30:00-04:00,211.51499938964844,214.41000366210938,211.47000122070312,213.74000549316406
2025-03-21 10:30:00-04:00,213.7100067138672,214.83999633789062,213.2606964111328,213.44349670410156
2025-03-21 11:30:00-04:00,213.44000244140625,215.39999389648438,212.63999938964844,214.65499877929688
2025-03-21 12:30:00-04:00,214.6699981689453,215.47999572753906,214.48480224609375,214.6199951171875
2025-03-21 13:30:00-04:00,214.61000061035156,215.03900146484375,214.26010131835938,214.6699981689453
2025-03-21 14:30:00-04:00,214.6699981689453,215.3699951171875,214.63999938964844,215.30999755859375
2025-03-21 15:30:00-04:00,215.30999755859375,218.83999633789062,215.00999450683594,218.36000061035156
2025-03-24 09:30:00-04:00,221.0,221.02099609375,218.5800018310547,219.77000427246094
2025-03-24 10:30:00-04:00,219.80999755859375,220.69000244140625,219.02920532226562,219.15750122070312
2025-03-24 11:30:00-04:00,219.15499877929688,220.0500030517578,218.9600067138672,219.0
2025-03-24 12:30:00-04:00,219.01499938964844,219.5,218.82000732421875,219.2899932861328
2025-03-24 13:30:00-04:00,219.32000732421875,219.85000610351562,219.08999633789062,219.75999450683594
2025-03-24 14:30:00-04:00,219.77499389648438,220.47000122070312,219.46580505371094,219.77000427246094
2025-03-24 15:30:00-04:00,219.7899932861328,221.00999450683594,219.66000366210938,220.42999267578125
2025-03-25 09:30:00-04:00,220.80999755859375,223.38999938964844,220.0800018310547,223.3699951171875
2025-03-25 10:30:00-04:00,223.3800048828125,223.89999389648438,222.3000030517578,223.52999877929688
2025-03-25 11:30:00-04:00,223.5399932861328,223.6999969482422,223.00999450683594,223.11000061035156
2025-03-25 12:30:00-04:00,223.10000610351562,223.6300048828125,220.72999572753906,222.80999755859375
2025-03-25 13:30:00-04:00,222.82699584960938,223.94900512695312,222.60000610351562,223.49000549316406
2025-03-25 14:30:00-04:00,223.5,223.7100067138672,222.78500366210938,223.4199981689453
2025-03-25 15:30:00-04:00,223.41000366210938,224.10000610351562,223.2899932861328,223.72999572753906
2025-03-26 09:30:00-04:00,223.50999450683594,225.02000427246094,222.83999633789062,224.07449340820312
2025-03-26 10:30:00-04:00,224.0850067138672,224.3155975341797,223.11000061035156,223.72000122070312
2025-03-26 11:30:00-04:00,223.7200927734375,223.89999389648438,222.1199951171875,223.6750030517578
2025-03-26 12:30:00-04:00,223.6750030517578,223.7899932861328,221.6300048828125,222.0800018310547
2025-03-26 13:30:00-04:00,222.0800018310547,222.22000122070312,221.4001007080078,221.8350067138672
2025-03-26 14:30:00-04:00,221.81500244140625,221.88499450683594,220.60000610351562,220.60000610351562
2025-03-26 15:30:00-04:00,220.61500549316406,221.8800048828125,220.47000122070312,221.39999389648438
2025-03-27 09:30:00-04:00,221.3300018310547,222.10000610351562,220.5601043701172,221.64999389648438
2025-03-27 10:30:00-04:00,221.64999389648438,223.24000549316406,221.39999389648438,222.8000946044922
2025-03-27 11:30:00-04:00,222.8000030517578,223.75999450683594,222.56500244140625,223.19500732421875
2025-03-27 12:30:00-04:00,223.17999267578125,223.97999572753906,222.72000122070312,223.10499572753906
2025-03-27 13:30:00-04:00,223.0800018310547,224.55999755859375,223.0500030517578,224.3699951171875
2025-03-27 14:30:00-04:00,224.35000610351562,224.99000549316406,223.94500732421875,224.7899932861328
2025-03-27 15:30:00-04:00,224.8000030517578,224.99000549316406,223.6999969482422,223.92999267578125
2025-03-28 09:30:00-04:00,221.6490020751953,223.8000030517578,219.69500732421875,219.91000366210938
2025-03-28 10:30:00-04:00,219.88999938964844,220.64999389648438,219.1699981689453,219.97999572753906
2025-03-28 11:30:00-04:00,219.89109802246094,220.22000122070312,218.35000610351562,218.69000244140625
2025-03-28 12:30:00-04:00,218.6699981689453,219.1199951171875,218.2100067138672,218.49000549316406
2025-03-28 13:30:00-04:00,218.5,219.16650390625,218.17999267578125,219.0500030517578
2025-03-28 14:30:00-04:00,219.0399932861328,219.14999389648438,218.1103973388672,218.50999450683594
2025-03-28 15:30:00-04:00,218.5,218.75,217.67999267578125,217.8800048828125
2025-03-31 09:30:00-04:00,217.22000122070312,219.30999755859375,216.24000549316406,218.57000732421875
2025-03-31 10:30:00-04:00,218.61000061035156,220.0800018310547,218.39999389648438,219.1300048828125
2025-03-31 11:30:00-04:00,219.10000610351562,220.92999267578125,218.88519287109375,220.9199981689453
2025-03-31 12:30:00-04:00,220.89999389648438,221.02000427246094,219.38999938964844,219.8699951171875
2025-03-31 13:30:00-04:00,219.85000610351562,220.8800048828125,219.24169921875,220.7949981689453
2025-03-31 14:30:00-04:00,220.8000030517578,221.73500061035156,220.38999938964844,221.22500610351562
2025-03-31 15:30:00-04:00,221.2100067138672,224.97000122070312,220.99009704589844,221.9949951171875
2025-04-01 09:30:00-04:00,219.80499267578125,223.38999938964844,218.89999389648438,221.5198974609375
2025-04-01 10:30:00-04:00,221.49000549316406,223.42999267578125,221.36000061035156,222.87989807128906
2025-04-01 11:30:00-04:00,222.86500549316406,223.13999938964844,222.14999389648438,222.52999877929688
2025-04-01 12:30:00-04:00,222.55499267578125,223.0800018310547,222.19000244140625,222.3385009765625
2025-04-01 13:30:00-04:00,222.3000030517578,222.77499389648438,221.4499969482422,221.5
2025-04-01 14:30:00-04:00,221.49000549316406,222.1199951171875,221.14999389648438,221.72999572753906
2025-04-01 15:30:00-04:00,221.7100067138672,223.49000549316406,221.57000732421875,223.13999938964844
2025-04-02 09:30:00-04:00,221.19000244140625,224.10850524902344,221.0500030517578,224.0399932861328
2025-04-02 10:30:00-04:00,224.02000427246094,224.71539306640625,223.4499969482422,224.47999572753906
2025-04-02 11:30:00-04:00,224.4499969482422,224.60000610351562,223.11000061035156,224.1300048828125
2025-04-02 12:30:00-04:00,224.1300048828125,225.19000244140625,223.19000244140625,224.72000122070312
2025-04-02 13:30:00-04:00,224.72000122070312,224.80999755859375,222.9199981689453,222.92999267578125
2025-04-02 14:30:00-04:00,222.9199981689453,223.9409942626953,222.8614044189453,223.66009521484375
2025-04-02 15:30:00-04:00,223.6699981689453,224.4600067138672,223.5,223.7899932861328
2025-04-03 09:30:00-04:00,205.52000427246094,207.48989868164062,202.52000427246094,205.63499450683594
2025-04-03 10:30:00-04:00,205.63499450683594,206.36000061035156,203.3699951171875,204.0500030517578
2025-04-03 11:30:00-04:00,204.0500030517578,207.0399932861328,203.7042999267578,206.05999755859375
2025-04-03 12:30:00-04:00,206.10000610351562,206.3000030517578,203.84010314941406,204.0050048828125
2025-04-03 13:30:00-04:00,203.99000549316406,204.6051025390625,202.6999969482422,203.0
2025-04-03 14:30:00-04:00,202.98280334472656,203.52000427246094,202.13999938964844,202.1999969482422
2025-04-03 15:30:00-04:00,202.1999969482422,203.86000061035156,201.25,203.47000122070312
2025-04-04 09:30:00-04:00,193.9250030517578,199.8800048828125,192.8000030517578,195.27999877929688
2025-04-04 10:30:00-04:00,195.2949981689453,197.0399932861328,191.05999755859375,194.49000549316406
2025-04-04 11:30:00-04:00,194.46499633789062,196.0,192.25999450683594,192.80999755859375
2025-04-04 12:30:00-04:00,192.77999877929688,193.9761962890625,190.89999389648438,190.99000549316406
2025-04-04 13:30:00-04:00,190.97999572753906,192.57000732421875,188.83099365234375,188.8800048828125
2025-04-04 14:30:00-04:00,188.89999389648438,190.86880493164062,187.34500122070312,190.22999572753906
2025-04-04 15:30:00-04:00,190.2100067138672,191.72999572753906,188.05999755859375,188.3800048828125
2025-04-07 09:30:00-04:00,177.24000549316406,194.13999938964844,174.6199951171875,182.39999389648438
2025-04-07 10:30:00-04:00,182.3800048828125,185.93980407714844,175.6999969482422,176.36000061035156
2025-04-07 11:30:00-04:00,176.41000366210938,180.16000366210938,175.75,178.13999938964844
2025-04-07 12:30:00-04:00,178.10000610351562,181.72000122070312,177.10000610351562,181.5399932861328
2025-04-07 13:30:00-04:00,181.55499267578125,183.88999938964844,179.5,180.3350067138672
2025-04-07 14:30:00-04:00,180.33999633789062,182.3000030517578,178.2801055908203,178.42129516601562
2025-04-07 15:30:00-04:00,178.44000244140625,182.0,178.43499755859375,181.58999633789062
2025-04-08 09:30:00-04:00,186.72999572753906,190.3350067138672,185.10000610351562,189.3300018310547
2025-04-08 10:30:00-04:00,189.32000732421875,189.92999267578125,184.05999755859375,184.08999633789062
2025-04-08 11:30:00-04:00,184.07000732421875,185.5399932861328,182.2899932861328,183.3300018310547
2025-04-08 12:30:00-04:00,183.32000732421875,183.51499938964844,175.0,175.02999877929688
2025-04-08 13:30:00-04:00,175.02000427246094,178.60989379882812,174.85000610351562,175.3300018310547
2025-04-08 14:30:00-04:00,175.31219482421875,177.22999572753906,171.6300048828125,172.88999938964844
2025-04-08 15:30:00-04:00,172.8699951171875,173.44000244140625,169.21009826660156,172.77000427246094
2025-04-09 09:30:00-04:00,172.1790008544922,179.4199981689453,171.88999938964844,178.41180419921875
2025-04-09 10:30:00-04:00,178.50999450683594,180.19000244140625,176.8300018310547,179.7550048828125
2025-04-09 11:30:00-04:00,179.75,181.07000732421875,177.75,179.58999633789062
2025-04-09 12:30:00-04:00,179.57989501953125,194.49000549316406,179.24000549316406,188.52499389648438
2025-04-09 13:30:00-04:00,188.50999450683594,194.86990356445312,188.1300048828125,190.8000030517578
2025-04-09 14:30:00-04:00,190.7899932861328,198.97999572753906,183.8699951171875,196.05999755859375
2025-04-09 15:30:00-04:00,196.0,200.61000061035156,195.91000366210938,198.85000610351562
2025-04-10 09:30:00-04:00,189.1649932861328,194.7799072265625,189.0,192.14500427246094
2025-04-10 10:30:00-04:00,192.22000122070312,193.57000732421875,188.69000244140625,188.8592071533203
2025-04-10 11:30:00-04:00,188.85499572753906,189.22999572753906,183.0,184.27000427246094
2025-04-10 12:30:00-04:00,184.26499938964844,189.89999389648438,184.1750030517578,188.00999450683594
2025-04-10 13:30:00-04:00,187.97000122070312,192.0,186.0,191.75999450683594
2025-04-10 14:30:00-04:00,191.75,192.8000030517578,189.02000427246094,189.98500061035156
2025-04-10 15:30:00-04:00,190.0,192.43499755859375,187.8300018310547,190.44000244140625
2025-04-11 09:30:00-04:00,186.17999267578125,193.25,186.05999755859375,189.92999267578125
2025-04-11 10:30:00-04:00,189.94000244140625,194.1999969482422,189.63999938964844,193.32000732421875
2025-04-11 11:30:00-04:00,193.2899932861328,197.6699981689453,192.87860107421875,195.80099487304688
2025-04-11 12:30:00-04:00,195.82000732421875,199.35000610351562,195.80999755859375,196.83070373535156
2025-04-11 13:30:00-04:00,196.8524932861328,199.5399932861328,196.03790283203125,197.5800018310547
2025-04-11 14:30:00-04:00,197.60000610351562,198.9438934326172,197.40179443359375,198.3419952392578
2025-04-11 15:30:00-04:00,198.35000610351562,199.0,197.54139709472656,198.02000427246094
2025-04-14 09:30:00-04:00,211.44000244140625,212.94000244140625,204.61000061035156,204.75
2025-04-14 10:30:00-04:00,204.8000030517578,206.1999053955078,203.41000366210938,203.60000610351562
2025-04-14 11:30:00-04:00,203.64999389648438,204.3800048828125,201.16209411621094,201.75
2025-04-14 12:30:00-04:00,201.72999572753906,204.97850036621094,201.5850067138672,203.86399841308594
2025-04-14 13:30:00-04:00,203.88499450683594,205.80999755859375,203.42999267578125,205.7899932861328
2025-04-14 14:30:00-04:00,205.7899932861328,206.66000366210938,205.38999938964844,205.7100067138672
2025-04-14 15:30:00-04:00,205.72000122070312,205.89999389648438,202.32000732421875,202.58999633789062
2025-04-15 09:30:00-04:00,201.85499572753906,203.5050048828125,199.82000732421875,200.8000030517578
2025-04-15 10:30:00-04:00,200.7899932861328,203.08999633789062,200.68600463867188,202.11500549316406
2025-04-15 11:30:00-04:00,202.13999938964844,203.35000610351562,201.9600067138672,203.0399932861328
2025-04-15 12:30:00-04:00,203.0500030517578,203.28399658203125,201.11500549316406,201.60440063476562
2025-04-15 13:30:00-04:00,201.5850067138672,202.7769012451172,201.30499267578125,201.76499938964844
2025-04-15 14:30:00-04:00,201.71499633789062,203.2899932861328,201.63999938964844,202.8000030517578
2025-04-15 15:30:00-04:00,202.8300018310547,202.95899963378906,201.9199981689453,202.1300048828125
2025-04-16 09:30:00-04:00,198.36000061035156,200.6999969482422,196.02000427246094,197.07000732421875
2025-04-16 10:30:00-04:00,197.05999755859375,198.98849487304688,196.80999755859375,198.35009765625
2025-04-16 11:30:00-04:00,198.375,198.39999389648438,196.3905029296875,196.91000366210938
2025-04-16 12:30:00-04:00,196.91000366210938,197.9199981689453,196.64999389648438,197.75999450683594
2025-04-16 13:30:00-04:00,197.75999450683594,197.80999755859375,193.9199981689453,194.55499267578125
2025-04-16 14:30:00-04:00,194.5399932861328,194.64370727539062,192.3699951171875,192.57000732421875
2025-04-16 15:30:00-04:00,192.5800018310547,194.86349487304688,192.57000732421875,194.3000030517578
2025-04-17 09:30:00-04:00,197.14999389648438,197.1999969482422,194.63999938964844,195.63999938964844
2025-04-17 10:30:00-04:00,195.69000244140625,197.09500122070312,194.4199981689453,196.0399932861328
2025-04-17 11:30:00-04:00,196.02999877929688,198.0500030517578,195.9886932373047,197.80499267578125
2025-04-17 12:30:00-04:00,197.8260040283203,198.57000732421875,196.67999267578125,196.6999969482422
2025-04-17 13:30:00-04:00,196.7100067138672,198.83349609375,196.6699981689453,198.27999877929688
2025-04-17 14:30:00-04:00,198.2899932861328,198.66000366210938,196.8699951171875,197.24220275878906
2025-04-17 15:30:00-04:00,197.25,197.6999969482422,195.82000732421875,196.8699951171875
2025-04-21 09:30:00-04:00,193.26499938964844,193.8000030517578,191.36000061035156,192.1199951171875
2025-04-21 10:30:00-04:00,192.11000061035156,192.49000549316406,190.60499572753906,190.73500061035156
2025-04-21 11:30:00-04:00,190.72000122070312,191.32000732421875,189.8112030029297,191.1300048828125
2025-04-21 12:30:00-04:00,191.1199951171875,191.75,190.13999938964844,190.61399841308594
2025-04-21 13:30:00-04:00,190.58999633789062,191.0,190.24000549316406,190.82000732421875
2025-04-21 14:30:00-04:00,190.81500244140625,191.3800048828125,190.1999969482422,191.10499572753906
2025-04-21 15:30:00-04:00,191.08999633789062,193.4199981689453,191.0500030517578,193.08999633789062
2025-04-22 09:30:00-04:00,196.07000732421875,198.94000244140625,196.0,198.01499938964844
2025-04-22 10:30:00-04:00,197.9499969482422,199.5500030517578,197.8699951171875,198.8300018310547
2025-04-22 11:30:00-04:00,198.8300018310547,201.5500030517578,197.86000061035156,201.3800048828125
2025-04-22 12:30:00-04:00,201.4001007080078,201.52999877929688,198.32029724121094,198.5399932861328
2025-04-22 13:30:00-04:00,198.51620483398438,200.00999450683594,198.10240173339844,199.8917999267578
2025-04-22 14:30:00-04:00,199.8800048828125,200.5,198.55999755859375,198.6201934814453
2025-04-22 15:30:00-04:00,198.625,199.88999938964844,198.0,199.66000366210938
2025-04-23 09:30:00-04:00,206.0,208.0,204.63009643554688,206.80499267578125
2025-04-23 10:30:00-04:00,206.80999755859375,207.9499969482422,204.05999755859375,204.6300048828125
2025-04-23 11:30:00-04:00,204.625,205.41000366210938,202.7989959716797,204.11000061035156
2025-04-23 12:30:00-04:00,204.13999938964844,205.44000244140625,203.51840209960938,204.9499969482422
2025-04-23 13:30:00-04:00,205.0,205.64999389648438,204.22000122070312,204.48240661621094
2025-04-23 14:30:00-04:00,204.47000122070312,205.1699981689453,203.6566925048828,204.00999450683594
2025-04-23 15:30:00-04:00,204.03089904785156,205.75,203.61000061035156,204.36000061035156
2025-04-24 09:30:00-04:00,204.88499450683594,206.35000610351562,202.94000244140625,206.32000732421875
2025-04-24 10:30:00-04:00,206.2899932861328,206.66000366210938,205.2200927734375,205.9250030517578
2025-04-24 11:30:00-04:00,205.88499450683594,206.75,205.58009338378906,206.2899932861328
2025-04-24 12:30:00-04:00,206.2899932861328,207.02999877929688,205.82000732421875,206.90499877929688
2025-04-24 13:30:00-04:00,206.9199981689453,207.7899932861328,206.5500030517578,207.28900146484375
2025-04-24 14:30:00-04:00,207.3000030517578,208.10000610351562,207.02999877929688,207.09010314941406
2025-04-24 15:30:00-04:00,207.11000061035156,208.82989501953125,207.08999633789062,208.1999969482422
2025-04-25 09:30:00-04:00,206.42999267578125,209.24989318847656,206.1999969482422,206.63479614257812
2025-04-25 10:30:00-04:00,206.63999938964844,207.7628936767578,206.51499938964844,207.10000610351562
2025-04-25 11:30:00-04:00,207.11000061035156,208.89999389648438,206.66000366210938,208.63560485839844
2025-04-25 12:30:00-04:00,208.52000427246094,209.41000366210938,208.2899932861328,209.3701934814453
2025-04-25 13:30:00-04:00,209.38999938964844,209.4149932861328,207.3699951171875,208.50450134277344
2025-04-25 14:30:00-04:00,208.50999450683594,208.8699951171875,208.13999938964844,208.22000122070312
2025-04-25 15:30:00-04:00,208.2100067138672,209.42999267578125,207.8699951171875,209.22999572753906
2025-04-28 09:30:00-04:00,210.05999755859375,211.5,208.74000549316406,208.92999267578125
2025-04-28 10:30:00-04:00,208.875,209.82000732421875,207.83999633789062,207.9499969482422
2025-04-28 11:30:00-04:00,207.98590087890625,208.39999389648438,207.4600067138672,207.86000061035156
2025-04-28 12:30:00-04:00,207.85000610351562,208.72999572753906,207.85000610351562,208.13999938964844
2025-04-28 13:30:00-04:00,208.13499450683594,210.0500030517578,208.0800018310547,209.8699951171875
2025-04-28 14:30:00-04:00,209.8699951171875,210.94000244140625,209.7613983154297,210.5399932861328
2025-04-28 15:30:00-04:00,210.52999877929688,211.4998016357422,210.0399932861328,210.08999633789062
2025-04-29 09:30:00-04:00,208.6929931640625,212.24000549316406,208.3699951171875,210.9499969482422
2025-04-29 10:30:00-04:00,210.9600067138672,212.07000732421875,210.6699981689453,211.0399932861328
2025-04-29 11:30:00-04:00,211.0399932861328,211.32530212402344,210.39999389648438,210.48800659179688
2025-04-29 12:30:00-04:00,210.49000549316406,210.69000244140625,209.35000610351562,210.36000061035156
2025-04-29 13:30:00-04:00,210.3699951171875,211.85000610351562,210.22000122070312,211.7227020263672
2025-04-29 14:30:00-04:00,211.72000122070312,211.96060180664062,211.10009765625,211.3000030517578
2025-04-29 15:30:00-04:00,211.30999755859375,211.77000427246094,210.9499969482422,211.24000549316406
2025-04-30 09:30:00-04:00,209.3000030517578,209.72000122070312,206.67050170898438,209.32119750976562
2025-04-30 10:30:00-04:00,209.34950256347656,210.86000061035156,208.71009826660156,210.5449981689453
2025-04-30 11:30:00-04:00,210.55999755859375,211.27999877929688,209.9499969482422,210.58999633789062
2025-04-30 12:30:00-04:00,210.58999633789062,211.36000061035156,209.8000030517578,211.0800018310547
2025-04-30 13:30:00-04:00,211.07000732421875,212.97000122070312,210.31500244140625,210.71499633789062
2025-04-30 14:30:00-04:00,210.6999969482422,211.30999755859375,210.27999877929688,210.3446044921875
2025-04-30 15:30:00-04:00,210.375,213.5399932861328,210.0500030517578,212.49000549316406
2025-05-01 09:30:00-04:00,209.00999450683594,212.5,208.89999389648438,211.74000549316406
2025-05-01 10:30:00-04:00,211.75,214.22000122070312,211.31500244140625,212.8966064453125
2025-05-01 11:30:00-04:00,212.89500427246094,213.1199951171875,211.4149932861328,212.77999877929688
2025-05-01 12:30:00-04:00,212.77999877929688,212.87759399414062,211.85000610351562,212.50999450683594
2025-05-01 13:30:00-04:00,212.50999450683594,213.0,212.06500244140625,212.77999877929688
2025-05-01 14:30:00-04:00,212.7899932861328,213.1999969482422,212.3000030517578,212.94000244140625
2025-05-01 15:30:00-04:00,212.94000244140625,214.5500030517578,212.47000122070312,212.8300018310547
2025-05-02 09:30:00-04:00,206.08999633789062,206.8199005126953,202.2100067138672,206.72000122070312
2025-05-02 10:30:00-04:00,206.72000122070312,206.99000549316406,204.60000610351562,204.9008026123047
2025-05-02 11:30:00-04:00,204.9199981689453,206.5800018310547,204.860595703125,205.0
2025-05-02 12:30:00-04:00,205.0,205.88999938964844,204.14999389648438,204.69900512695312
2025-05-02 13:30:00-04:00,204.6999969482422,205.8300018310547,204.6999969482422,204.8800048828125
2025-05-02 14:30:00-04:00,204.8699951171875,205.42999267578125,203.66000366210938,204.75999450683594
2025-05-02 15:30:00-04:00,204.75999450683594,205.5,203.88999938964844,205.3000030517578
2025-05-05 09:30:00-04:00,203.125,203.94000244140625,198.6199951171875,198.77999877929688
2025-05-05 10:30:00-04:00,198.78700256347656,199.64999389648438,198.2100067138672,199.19960021972656
2025-05-05 11:30:00-04:00,199.19000244140625,200.0399932861328,198.66000366210938,199.9739990234375
2025-05-05 12:30:00-04:00,199.9600067138672,200.63999938964844,199.67010498046875,200.41000366210938
2025-05-05 13:30:00-04:00,200.41000366210938,201.08999633789062,200.16000366210938,200.9600067138672
2025-05-05 14:30:00-04:00,200.9499969482422,201.16000366210938,199.39999389648438,199.39999389648438
2025-05-05 15:30:00-04:00,199.39999389648438,199.5998992919922,198.5196990966797,198.77000427246094
2025-05-06 09:30:00-04:00,198.125,199.8800048828125,197.02000427246094,198.91000366210938
2025-05-06 10:30:00-04:00,198.89999389648438,199.1300048828125,197.85000610351562,199.03500366210938
2025-05-06 11:30:00-04:00,199.03500366210938,200.6490020751953,198.66000366210938,198.97999572753906
2025-05-06 12:30:00-04:00,198.97500610351562,200.02000427246094,198.9600067138672,199.4250030517578
2025-05-06 13:30:00-04:00,199.4499969482422,199.82000732421875,198.69000244140625,199.30499267578125
2025-05-06 14:30:00-04:00,199.2949981689453,199.85000610351562,199.02000427246094,199.70840454101562
2025-05-06 15:30:00-04:00,199.72999572753906,200.1699981689453,198.3800048828125,198.41000366210938
2025-05-07 09:30:00-04:00,199.19500732421875,199.44000244140625,197.35000610351562,199.22000122070312
2025-05-07 10:30:00-04:00,199.2270050048828,199.39999389648438,193.80999755859375,194.35069274902344
2025-05-07 11:30:00-04:00,194.36000061035156,195.3699951171875,193.25,194.8699951171875
2025-05-07 12:30:00-04:00,194.85000610351562,195.77999877929688,194.5749969482422,195.3000030517578
2025-05-07 13:30:00-04:00,195.32000732421875,195.36000061035156,193.3000030517578,194.00999450683594
2025-05-07 14:30:00-04:00,193.9969940185547,195.7100067138672,193.83140563964844,194.32000732421875
2025-05-07 15:30:00-04:00,194.33999633789062,197.4698944091797,194.2899932861328,196.25
2025-05-08 09:30:00-04:00,197.74000549316406,198.1300048828125,194.67959594726562,195.82000732421875
2025-05-08 10:30:00-04:00,195.8300018310547,197.8300018310547,195.51499938964844,197.5399932861328
2025-05-08 11:30:00-04:00,197.52999877929688,200.0498046875,197.30999755859375,199.24000549316406
2025-05-08 12:30:00-04:00,199.23570251464844,199.99000549316406,199.01010131835938,199.13999938964844
2025-05-08 13:30:00-04:00,199.13999938964844,199.21200561523438,198.08999633789062,198.63999938964844
2025-05-08 14:30:00-04:00,198.63999938964844,199.68800354003906,198.4499969482422,199.55999755859375
2025-05-08 15:30:00-04:00,199.57000732421875,199.6199951171875,197.16400146484375,197.39999389648438
2025-05-09 09:30:00-04:00,199.0050048828125,200.53990173339844,198.1199951171875,198.360107421875
2025-05-09 10:30:00-04:00,198.38499450683594,199.17999267578125,197.53500366210938,198.42999267578125
2025-05-09 11:30:00-04:00,198.4199981689453,199.00999450683594,197.92999267578125,198.13499450683594
2025-05-09 12:30:00-04:00,198.1300048828125,198.4499969482422,197.60000610351562,198.13999938964844
2025-05-09 13:30:00-04:00,198.14500427246094,199.0998992919922,197.91000366210938,198.91000366210938
2025-05-09 14:30:00-04:00,198.94000244140625,199.42999267578125,198.7100067138672,198.77999877929688
2025-05-09 15:30:00-04:00,198.8000030517578,198.92990112304688,198.34010314941406,198.5399932861328
2025-05-12 09:30:00-04:00,210.97000122070312,211.26649475097656,206.75,209.16000366210938
2025-05-12 10:30:00-04:00,209.1699981689453,210.22999572753906,208.1199951171875,208.75999450683594
2025-05-12 11:30:00-04:00,208.77999877929688,208.9864959716797,208.25,208.72999572753906
2025-05-12 12:30:00-04:00,208.72999572753906,209.99000549316406,208.70919799804688,209.93499755859375
2025-05-12 13:30:00-04:00,209.94000244140625,210.9600067138672,209.93499755859375,210.77000427246094
2025-05-12 14:30:00-04:00,210.77999877929688,211.14999389648438,209.9199981689453,210.0500030517578
2025-05-12 15:30:00-04:00,210.05999755859375,210.85000610351562,209.9600067138672,210.8300018310547
2025-05-13 09:30:00-04:00,210.42999267578125,211.6656951904297,209.0800018310547,211.4499969482422
2025-05-13 10:30:00-04:00,211.44500732421875,211.8800048828125,211.0800018310547,211.38499450683594
2025-05-13 11:30:00-04:00,211.3975067138672,211.61000061035156,210.47999572753906,211.27999877929688
2025-05-13 12:30:00-04:00,211.27999877929688,211.94000244140625,210.90980529785156,211.7100067138672
2025-05-13 13:30:00-04:00,211.7100067138672,212.97000122070312,211.70989990234375,212.4600067138672
2025-05-13 14:30:00-04:00,212.47520446777344,213.39999389648438,212.0399932861328,213.22999572753906
2025-05-13 15:30:00-04:00,213.19000244140625,213.36000061035156,212.60499572753906,212.83999633789062
2025-05-14 09:30:00-04:00,212.4250030517578,213.94000244140625,211.8699951171875,213.2899932861328
2025-05-14 10:30:00-04:00,213.30499267578125,213.71640014648438,211.88980102539062,212.6199951171875
2025-05-14 11:30:00-04:00,212.6179962158203,212.8800048828125,211.99000549316406,212.2899932861328
2025-05-14 12:30:00-04:00,212.2949981689453,212.60000610351562,210.58009338378906,210.9600067138672
2025-05-14 13:30:00-04:00,210.97000122070312,211.94520568847656,210.9600067138672,211.3699951171875
2025-05-14 14:30:00-04:00,211.3800048828125,212.0500030517578,210.99000549316406,211.3594970703125
2025-05-14 15:30:00-04:00,211.33999633789062,212.60000610351562,211.24000549316406,212.41000366210938
2025-05-15 09:30:00-04:00,210.9949951171875,212.52999877929688,209.5399932861328,210.27499389648438
2025-05-15 10:30:00-04:00,210.32000732421875,212.8000030517578,210.19000244140625,212.49639892578125
2025-05-15 11:30:00-04:00,212.5,212.9600067138672,211.41009521484375,211.64169311523438
2025-05-15 12:30:00-04:00,211.6300048828125,212.27999877929688,211.2100067138672,212.12010192871094
2025-05-15 13:30:00-04:00,212.1300048828125,212.1300048828125,210.25999450683594,210.6300048828125
2025-05-15 14:30:00-04:00,210.6300048828125,211.2100067138672,210.3249969482422,210.36000061035156
2025-05-15 15:30:00-04:00,210.35000610351562,211.4600067138672,210.14999389648438,211.45799255371094
2025-05-16 09:30:00-04:00,212.32000732421875,212.57000732421875,210.55999755859375,210.60000610351562
2025-05-16 10:30:00-04:00,210.58999633789062,210.66000366210938,209.77000427246094,210.0800018310547
2025-05-16 11:30:00-04:00,210.08999633789062,211.14990234375,210.08999633789062,210.9550018310547
2025-05-16 12:30:00-04:00,210.9600067138672,211.4199981689453,210.6999969482422,211.11000061035156
2025-05-16 13:30:00-04:00,211.11000061035156,211.74000549316406,210.72999572753906,211.6199951171875
2025-05-16 14:30:00-04:00,211.6300048828125,211.92999267578125,211.42999267578125,211.72500610351562
2025-05-16 15:30:00-04:00,211.7100067138672,211.72999572753906,211.11000061035156,211.19000244140625
2025-05-19 09:30:00-04:00,207.13999938964844,207.47999572753906,204.25999450683594,206.61990356445312
2025-05-19 10:30:00-04:00,206.61000061035156,208.0399932861328,206.24000549316406,207.3300018310547
2025-05-19 11:30:00-04:00,207.32000732421875,208.5800018310547,207.27999877929688,208.48260498046875
2025-05-19 12:30:00-04:00,208.49000549316406,209.47999572753906,208.07000732421875,208.92999267578125
2025-05-19 13:30:00-04:00,208.92999267578125,209.1999969482422,207.77999877929688,208.02999877929688
2025-05-19 14:30:00-04:00,208.0500030517578,208.8000030517578,207.9600067138672,208.1273956298828
2025-05-19 15:30:00-04:00,208.1199951171875,208.92999267578125,208.10000610351562,208.75999450683594
2025-05-20 09:30:00-04:00,207.6699981689453,208.3000030517578,206.47000122070312,207.84500122070312
2025-05-20 10:30:00-04:00,207.8300018310547,208.47000122070312,207.22000122070312,207.63429260253906
2025-05-20 11:30:00-04:00,207.64999389648438,208.42999267578125,207.0500030517578,207.80999755859375
2025-05-20 12:30:00-04:00,207.80999755859375,208.01539611816406,207.11000061035156,207.3800048828125
2025-05-20 13:30:00-04:00,207.3699951171875,207.40499877929688,205.47000122070312,205.58999633789062
2025-05-20 14:30:00-04:00,205.5800018310547,206.41000366210938,205.02999877929688,206.27000427246094
2025-05-20 15:30:00-04:00,206.27000427246094,206.94000244140625,205.92999267578125,206.8699951171875
2025-05-21 09:30:00-04:00,205.1199951171875,206.61000061035156,204.05999755859375,205.80999755859375
2025-05-21 10:30:00-04:00,205.85000610351562,207.0399932861328,205.4761962890625,206.5800018310547
2025-05-21 11:30:00-04:00,206.57000732421875,206.8699951171875,205.5200958251953,205.63999938964844
2025-05-21 12:30:00-04:00,205.64999389648438,206.08999633789062,202.02000427246094,202.10000610351562
2025-05-21 13:30:00-04:00,202.08999633789062,203.34500122070312,201.75999450683594,202.3415069580078
2025-05-21 14:30:00-04:00,202.32000732421875,202.61000061035156,200.72000122070312,201.0301055908203
2025-05-21 15:30:00-04:00,201.05999755859375,202.49000549316406,201.0500030517578,202.05999755859375
2025-05-22 09:30:00-04:00,200.71499633789062,201.63999938964844,199.6999969482422,200.36000061035156
2025-05-22 10:30:00-04:00,200.3699951171875,201.36000061035156,200.35360717773438,200.9499969482422
2025-05-22 11:30:00-04:00,200.9499969482422,202.40989685058594,200.86000061035156,201.9499969482422
2025-05-22 12:30:00-04:00,201.94500732421875,202.0699005126953,201.16000366210938,201.88999938964844
2025-05-22 13:30:00-04:00,201.8800048828125,202.22000122070312,201.6699981689453,201.97000122070312
2025-05-22 14:30:00-04:00,201.9600067138672,202.72000122070312,201.64999389648438,202.61000061035156
2025-05-22 15:30:00-04:00,202.6199951171875,202.64999389648438,201.0,201.3699951171875
2025-05-23 09:30:00-04:00,193.6649932861328,197.6999969482422,193.4600067138672,197.1699981689453
2025-05-23 10:30:00-04:00,197.14999389648438,197.3699951171875,195.69000244140625,196.5850067138672
2025-05-23 11:30:00-04:00,196.58999633789062,197.1199951171875,195.71499633789062,196.05020141601562
2025-05-23 12:30:00-04:00,196.05079650878906,196.67239379882812,195.63499450683594,196.6199951171875
2025-05-23 13:30:00-04:00,196.60000610351562,196.60000610351562,195.08999633789062,195.75
2025-05-23 14:30:00-04:00,195.72000122070312,195.89999389648438,195.02999877929688,195.46240234375
2025-05-23 15:30:00-04:00,195.4600067138672,195.97000122070312,195.02999877929688,195.33999633789062
2025-05-27 09:30:00-04:00,198.3000030517578,199.1699981689453,197.42999267578125,198.35000610351562
2025-05-27 10:30:00-04:00,198.36000061035156,199.3699951171875,198.00999450683594,199.36500549316406
2025-05-27 11:30:00-04:00,199.36000061035156,200.5800018310547,199.0,199.9949951171875
2025-05-27 12:30:00-04:00,199.99000549316406,200.64999389648438,199.6699981689453,199.95989990234375
2025-05-27 13:30:00-04:00,199.9550018310547,200.74000549316406,199.80999755859375,200.3699951171875
2025-05-27 14:30:00-04:00,200.3800048828125,200.5500030517578,200.19000244140625,200.29440307617188
2025-05-27 15:30:00-04:00,200.3000030517578,200.47000122070312,199.92999267578125,200.1999969482422
2025-05-28 09:30:00-04:00,200.67999267578125,202.72999572753906,199.89999389648438,200.75
2025-05-28 10:30:00-04:00,200.74000549316406,201.30999755859375,200.2100067138672,201.0449981689453
2025-05-28 11:30:00-04:00,201.0500030517578,201.2899932861328,200.86199951171875,201.10000610351562
2025-05-28 12:30:00-04:00,201.08999633789062,201.52000427246094,200.8249969482422,201.11000061035156
2025-05-28 13:30:00-04:00,201.1199951171875,201.25,200.72999572753906,200.85000610351562
2025-05-28 14:30:00-04:00,200.83999633789062,201.52110290527344,200.32000732421875,201.12860107421875
2025-05-28 15:30:00-04:00,201.08999633789062,201.39500427246094,200.19500732421875,200.4199981689453
2025-05-29 09:30:00-04:00,203.5749969482422,203.77999877929688,200.75999450683594,201.13999938964844
2025-05-29 10:30:00-04:00,201.11000061035156,201.64999389648438,200.5500030517578,200.74000549316406
2025-05-29 11:30:00-04:00,200.74000549316406,200.8000030517578,198.50999450683594,199.4199981689453
2025-05-29 12:30:00-04:00,199.39999389648438,200.44960021972656,199.39999389648438,199.97500610351562
2025-05-29 13:30:00-04:00,199.9600067138672,200.1699981689453,199.0399932861328,199.0399932861328
2025-05-29 14:30:00-04:00,199.0399932861328,199.57000732421875,198.57000732421875,199.13929748535156
2025-05-29 15:30:00-04:00,199.125,200.2480010986328,199.0800018310547,199.9499969482422
2025-05-30 09:30:00-04:00,199.40499877929688,199.57000732421875,197.97000122070312,199.24000549316406
2025-05-30 10:30:00-04:00,199.22999572753906,199.48500061035156,198.80999755859375,199.30999755859375
2025-05-30 11:30:00-04:00,199.3000030517578,199.3699951171875,197.55039978027344,197.71499633789062
2025-05-30 12:30:00-04:00,197.72000122070312,198.1699981689453,196.77999877929688,198.0850067138672
2025-05-30 13:30:00-04:00,198.0800018310547,199.17999267578125,197.9499969482422,199.1199951171875
2025-05-30 14:30:00-04:00,199.1199951171875,200.22999572753906,198.9199981689453,200.05059814453125
2025-05-30 15:30:00-04:00,200.07000732421875,201.9499969482422,199.74009704589844,200.66000366210938
2025-06-02 09:30:00-04:00,200.14999389648438,202.1300048828125,200.1199951171875,200.52999877929688
2025-06-02 10:30:00-04:00,200.52000427246094,201.99000549316406,200.35000610351562,200.7100067138672
2025-06-02 11:30:00-04:00,200.72000122070312,201.1186981201172,200.3000030517578,201.02999877929688
2025-06-02 12:30:00-04:00,201.02999877929688,201.16799926757812,200.57000732421875,200.860107421875
2025-06-02 13:30:00-04:00,200.86000061035156,201.52999877929688,200.58009338378906,201.45399475097656
2025-06-02 14:30:00-04:00,201.4499969482422,201.7799072265625,201.13999938964844,201.66000366210938
2025-06-02 15:30:00-04:00,201.64999389648438,201.80990600585938,201.3000030517578,201.8000030517578
2025-06-03 09:30:00-04:00,201.35000610351562,203.24000549316406,200.9550018310547,201.74000549316406
2025-06-03 10:30:00-04:00,201.74000549316406,202.69000244140625,201.52020263671875,202.5
2025-06-03 11:30:00-04:00,202.52000427246094,203.33999633789062,202.05999755859375,203.05499267578125
2025-06-03 12:30:00-04:00,203.05999755859375,203.74000549316406,202.72000122070312,203.31460571289062
2025-06-03 13:30:00-04:00,203.3350067138672,203.77000427246094,202.5,203.09170532226562
2025-06-03 14:30:00-04:00,203.0800018310547,203.4398956298828,202.99000549316406,203.17999267578125
2025-06-03 15:30:00-04:00,203.17999267578125,203.4698944091797,202.97999572753906,203.33999633789062
2025-06-04 09:30:00-04:00,202.91000366210938,206.24000549316406,202.6508026123047,205.13999938964844
2025-06-04 10:30:00-04:00,205.1199951171875,205.17999267578125,203.99009704589844,204.08999633789062
2025-06-04 11:30:00-04:00,204.08999633789062,204.60000610351562,202.14999389648438,202.8300018310547
2025-06-04 12:30:00-04:00,202.82000732421875,203.58999633789062,202.61500549316406,203.4149932861328
2025-06-04 13:30:00-04:00,203.41200256347656,203.47000122070312,202.85000610351562,203.1199951171875
2025-06-04 14:30:00-04:00,203.11000061035156,203.25,202.75999450683594,203.19000244140625
2025-06-04 15:30:00-04:00,203.19000244140625,203.44769287109375,202.75999450683594,202.88699340820312
2025-06-05 09:30:00-04:00,203.59500122070312,203.83999633789062,201.27000427246094,202.4499969482422
2025-06-05 10:30:00-04:00,202.4499969482422,204.58999633789062,201.6772003173828,204.54379272460938
2025-06-05 11:30:00-04:00,204.53500366210938,204.75,202.47999572753906,203.13999938964844
2025-06-05 12:30:00-04:00,203.13999938964844,203.25,201.5500030517578,202.60009765625
2025-06-05 13:30:00-04:00,202.60000610351562,202.89999389648438,201.14999389648438,202.2104034423828
2025-06-05 14:30:00-04:00,202.2100067138672,202.72000122070312,200.1999969482422,200.72999572753906
2025-06-05 15:30:00-04:00,200.74000549316406,201.77000427246094,200.15960693359375,200.5500030517578
2025-06-06 09:30:00-04:00,202.9949951171875,205.6999969482422,202.98309326171875,203.66000366210938
2025-06-06 10:30:00-04:00,203.64999389648438,204.05999755859375,202.97999572753906,203.17990112304688
2025-06-06 11:30:00-04:00,203.0800018310547,203.60000610351562,202.61000061035156,202.625
2025-06-06 12:30:00-04:00,202.6199951171875,203.77999877929688,202.0500030517578,203.58999633789062
2025-06-06 13:30:00-04:00,203.60000610351562,205.2100067138672,203.58999633789062,204.98500061035156
2025-06-06 14:30:00-04:00,204.99000549316406,205.47000122070312,204.68499755859375,204.6999969482422
2025-06-06 15:30:00-04:00,204.69000244140625,205.22000122070312,203.89500427246094,203.92999267578125
2025-06-09 09:30:00-04:00,204.38999938964844,206.0,203.97999572753906,205.32000732421875
2025-06-09 10:30:00-04:00,205.3000030517578,205.74000549316406,204.50999450683594,204.52999877929688
2025-06-09 11:30:00-04:00,204.5301055908203,204.91000366210938,203.72999572753906,203.92880249023438
2025-06-09 12:30:00-04:00,203.92999267578125,205.29989624023438,200.02000427246094,200.72000122070312
2025-06-09 13:30:00-04:00,200.7100067138672,202.66769409179688,200.02999877929688,201.4600067138672
2025-06-09 14:30:00-04:00,201.42999267578125,201.6999969482422,200.6300048828125,201.25
2025-06-09 15:30:00-04:00,201.2100067138672,202.35499572753906,200.88999938964844,201.44000244140625
2025-06-10 09:30:00-04:00,200.60000610351562,203.35690307617188,200.57000732421875,202.8699951171875
2025-06-10 10:30:00-04:00,202.86000061035156,204.35000610351562,202.72999572753906,203.31500244140625
2025-06-10 11:30:00-04:00,203.32000732421875,203.32000732421875,202.3000946044922,202.53880310058594
2025-06-10 12:30:00-04:00,202.52999877929688,202.76300048828125,201.75,201.75999450683594
2025-06-10 13:30:00-04:00,201.77499389648438,202.10000610351562,201.30999755859375,201.6999969482422
2025-06-10 14:30:00-04:00,201.69000244140625,203.22500610351562,201.60000610351562,202.82000732421875
2025-06-10 15:30:00-04:00,202.82110595703125,202.97500610351562,202.3300018310547,202.75
2025-06-11 09:30:00-04:00,203.47000122070312,204.5,202.3300018310547,202.76010131835938
2025-06-11 10:30:00-04:00,202.75999450683594,202.77000427246094,200.91000366210938,200.94000244140625
2025-06-11 11:30:00-04:00,200.89500427246094,201.1699981689453,199.65960693359375,200.2071075439453
2025-06-11 12:30:00-04:00,200.19070434570312,201.2364959716797,200.18499755859375,200.91000366210938
2025-06-11 13:30:00-04:00,200.90499877929688,200.98500061035156,198.7100067138672,199.23919677734375
2025-06-11 14:30:00-04:00,199.22000122070312,199.60000610351562,198.6199951171875,198.97999572753906
2025-06-11 15:30:00-04:00,198.9499969482422,199.125,198.41000366210938,198.85000610351562
2025-06-12 09:30:00-04:00,199.0800018310547,199.38999938964844,197.360107421875,198.0666961669922
2025-06-12 10:30:00-04:00,198.0800018310547,198.9250030517578,197.86270141601562,198.14999389648438
2025-06-12 11:30:00-04:00,198.13369750976562,198.63999938964844,197.7550048828125,198.58999633789062
2025-06-12 12:30:00-04:00,198.5800018310547,199.44000244140625,198.2100067138672,199.25999450683594
2025-06-12 13:30:00-04:00,199.25999450683594,199.67990112304688,198.6696014404297,198.75
2025-06-12 14:30:00-04:00,198.75999450683594,199.06039428710938,198.5449981689453,198.88499450683594
2025-06-12 15:30:00-04:00,198.8800048828125,199.1999969482422,198.39999389648438,199.1999969482422
2025-06-13 09:30:00-04:00,199.72999572753906,200.3699951171875,195.91000366210938,196.15499877929688
2025-06-13 10:30:00-04:00,196.16000366210938,197.63999938964844,195.97999572753906,197.50999450683594
2025-06-13 11:30:00-04:00,197.52000427246094,198.04750061035156,197.2100067138672,197.27000427246094
2025-06-13 12:30:00-04:00,197.2899932861328,197.57000732421875,196.9199981689453,197.27000427246094
2025-06-13 13:30:00-04:00,197.25,197.7100067138672,196.22000122070312,196.2779998779297
2025-06-13 14:30:00-04:00,196.25999450683594,196.63999938964844,195.80999755859375,196.22000122070312
2025-06-13 15:30:00-04:00,196.24000549316406,196.69000244140625,195.77000427246094,196.4499969482422
2025-06-16 09:30:00-04:00,197.2899932861328,198.68499755859375,196.5635986328125,198.42999267578125
2025-06-16 10:30:00-04:00,198.43499755859375,198.66000366210938,197.1649932861328,197.31500244140625
2025-06-16 11:30:00-04:00,197.30999755859375,197.6300048828125,196.875,197.0800018310547
2025-06-16 12:30:00-04:00,197.0800018310547,197.9550018310547,197.02000427246094,197.875
2025-06-16 13:30:00-04:00,197.88499450683594,198.19000244140625,197.77000427246094,197.9886932373047
2025-06-16 14:30:00-04:00,197.99000549316406,198.39999389648438,197.66000366210938,198.2449951171875
2025-06-16 15:30:00-04:00,198.2449951171875,198.49000549316406,197.92999267578125,198.3699951171875
2025-06-17 09:30:00-04:00,197.1999969482422,197.92999267578125,196.2550048828125,197.5800018310547
2025-06-17 10:30:00-04:00,197.58299255371094,197.7899932861328,197.3249969482422,197.5800018310547
2025-06-17 11:30:00-04:00,197.58999633789062,198.38890075683594,197.4600067138672,197.61500549316406
2025-06-17 12:30:00-04:00,197.61000061035156,197.845703125,196.46499633789062,196.52000427246094
2025-06-17 13:30:00-04:00,196.50999450683594,196.82000732421875,195.2100067138672,195.4600067138672
2025-06-17 14:30:00-04:00,195.47999572753906,195.94000244140625,195.42030334472656,195.83999633789062
2025-06-17 15:30:00-04:00,195.85000610351562,195.88499450683594,195.4409942626953,195.63999938964844
2025-06-18 09:30:00-04:00,195.94500732421875,197.50999450683594,195.07000732421875,197.06019592285156
2025-06-18 10:30:00-04:00,197.11000061035156,197.57000732421875,196.63499450683594,196.94000244140625
2025-06-18 11:30:00-04:00,196.85000610351562,197.22999572753906,196.50030517578125,196.9508056640625
2025-06-18 12:30:00-04:00,196.94000244140625,197.02000427246094,196.0500030517578,196.05999755859375
2025-06-18 13:30:00-04:00,196.07000732421875,196.97999572753906,195.6300048828125,195.91000366210938
2025-06-18 14:30:00-04:00,195.91000366210938,196.4499969482422,195.11000061035156,195.63999938964844
2025-06-18 15:30:00-04:00,195.6300048828125,197.11000061035156,195.46600341796875,196.25
2025-06-20 09:30:00-04:00,198.23500061035156,200.94000244140625,197.52999877929688,198.67999267578125
2025-06-20 10:30:00-04:00,198.69000244140625,198.69000244140625,196.85960388183594,197.6699981689453
2025-06-20 11:30:00-04:00,197.7100067138672,198.86000061035156,197.6999969482422,198.49000549316406
2025-06-20 12:30:00-04:00,198.49000549316406,199.3699951171875,198.27000427246094,198.32000732421875
2025-06-20 13:30:00-04:00,198.32000732421875,200.19000244140625,198.07000732421875,199.80999755859375
2025-06-20 14:30:00-04:00,199.82000732421875,200.33670043945312,199.60009765625,199.92999267578125
2025-06-20 15:30:00-04:00,199.9199981689453,201.6999969482422,199.77000427246094,200.94000244140625
2025-06-23 09:30:00-04:00,201.53199768066406,202.3000030517578,199.94000244140625,201.37179565429688
2025-06-23 10:30:00-04:00,201.3800048828125,201.58999633789062,200.1999969482422,200.52999877929688
2025-06-23 11:30:00-04:00,200.3300018310547,200.52000427246094,199.50999450683594,200.1396026611328
2025-06-23 12:30:00-04:00,200.13999938964844,201.52000427246094,198.9600067138672,201.43899536132812
2025-06-23 13:30:00-04:00,201.4600067138672,202.24000549316406,201.0800018310547,201.69000244140625
2025-06-23 14:30:00-04:00,201.6699981689453,201.8968048095703,201.0507049560547,201.36019897460938
2025-06-23 15:30:00-04:00,201.35000610351562,201.83999633789062,201.13499450683594,201.5500030517578
2025-06-24 09:30:00-04:00,202.58999633789062,202.77999877929688,200.1999969482422,200.9822998046875
2025-06-24 10:30:00-04:00,200.99000549316406,201.5800018310547,200.7404022216797,201.3800048828125
2025-06-24 11:30:00-04:00,201.4600067138672,202.56500244140625,201.24000549316406,202.4499969482422
2025-06-24 12:30:00-04:00,202.45150756835938,203.44000244140625,201.94000244140625,201.9600067138672
2025-06-24 13:30:00-04:00,201.9600067138672,202.3300018310547,201.30999755859375,201.57000732421875
2025-06-24 14:30:00-04:00,201.5800018310547,202.01499938964844,201.30499267578125,201.52999877929688
2025-06-24 15:30:00-04:00,201.53500366210938,201.5998992919922,200.27000427246094,200.2899932861328
2025-06-25 09:30:00-04:00,201.4199981689453,203.66000366210938,201.1999969482422,202.44000244140625
2025-06-25 10:30:00-04:00,202.44000244140625,203.1750030517578,201.99000549316406,202.10000610351562
2025-06-25 11:30:00-04:00,202.10499572753906,202.1699981689453,201.39999389648438,201.8699951171875
2025-06-25 12:30:00-04:00,201.8800048828125,202.1999053955078,201.08999633789062,201.13999938964844
2025-06-25 13:30:00-04:00,201.13999938964844,201.27999877929688,200.62010192871094,201.01539611816406
2025-06-25 14:30:00-04:00,201.02000427246094,201.5,200.9499969482422,201.15980529785156
2025-06-25 15:30:00-04:00,201.13999938964844,201.6199951171875,200.88499450683594,201.60000610351562
2025-06-26 09:30:00-04:00,201.42999267578125,202.61500549316406,199.64999389648438,199.75
2025-06-26 10:30:00-04:00,199.74000549316406,200.50999450683594,199.6199951171875,199.69000244140625
2025-06-26 11:30:00-04:00,199.7100067138672,200.7899932861328,199.4600067138672,200.122802734375
2025-06-26 12:30:00-04:00,200.13780212402344,200.27000427246094,199.63499450683594,200.24000549316406
2025-06-26 13:30:00-04:00,200.25,201.36000061035156,199.97500610351562,200.97999572753906
2025-06-26 14:30:00-04:00,200.99000549316406,201.17869567871094,200.75,201.1750030517578
2025-06-26 15:30:00-04:00,201.17520141601562,201.55999755859375,200.7899932861328,200.94000244140625
2025-06-27 09:30:00-04:00,201.89500427246094,203.22000122070312,201.25999450683594,201.58009338378906
2025-06-27 10:30:00-04:00,201.58999633789062,201.9501953125,200.85499572753906,201.38180541992188
2025-06-27 11:30:00-04:00,201.39999389648438,202.0500030517578,201.38999938964844,201.99000549316406
2025-06-27 12:30:00-04:00,201.99000549316406,202.6999969482422,201.72999572753906,202.0800018310547
2025-06-27 13:30:00-04:00,202.10000610351562,202.1199951171875,200.92999267578125,201.44000244140625
2025-06-27 14:30:00-04:00,201.4499969482422,201.52000427246094,200.7899932861328,201.125
2025-06-27 15:30:00-04:00,201.1300048828125,201.27000427246094,200.22000122070312,201.10000610351562
2025-06-30 09:30:00-04:00,202.00999450683594,202.19000244140625,200.35240173339844,201.00990295410156
2025-06-30 10:30:00-04:00,201.0050048828125,201.32000732421875,199.59010314941406,199.97000122070312
2025-06-30 11:30:00-04:00,199.98919677734375,200.4199981689453,199.8000030517578,200.3249969482422
2025-06-30 12:30:00-04:00,200.30999755859375,200.47999572753906,199.84500122070312,200.15499877929688
2025-06-30 13:30:00-04:00,200.15499877929688,200.8300018310547,199.89999389648438,200.69500732421875
2025-06-30 14:30:00-04:00,200.69509887695312,207.08999633789062,199.2606964111328,206.58560180664062
2025-06-30 15:30:00-04:00,206.5500030517578,207.38999938964844,205.0500030517578,205.1199951171875
2025-07-01 09:30:00-04:00,206.6649932861328,209.8300018310547,206.14010620117188,209.54010009765625
2025-07-01 10:30:00-04:00,209.5500946044922,210.18649291992188,207.47000122070312,207.9499969482422
2025-07-01 11:30:00-04:00,207.9600067138672,208.18499755859375,206.7899932861328,207.875
2025-07-01 12:30:00-04:00,207.8699951171875,208.52999877929688,207.10000610351562,208.08999633789062
2025-07-01 13:30:00-04:00,208.08889770507812,208.4199981689453,207.61000061035156,208.2100067138672
2025-07-01 14:30:00-04:00,208.2100067138672,208.42990112304688,207.375,208.19000244140625
2025-07-01 15:30:00-04:00,208.18499755859375,208.22999572753906,207.51499938964844,207.86000061035156
2025-07-02 09:30:00-04:00,209.0800018310547,213.33999633789062,208.13999938964844,212.3000030517578
2025-07-02 10:30:00-04:00,212.27999877929688,212.85000610351562,211.4199981689453,211.47500610351562
2025-07-02 11:30:00-04:00,211.49000549316406,212.02000427246094,210.86000061035156,210.92030334472656
2025-07-02 12:30:00-04:00,210.9199981689453,211.35000610351562,210.22000122070312,210.81809997558594
2025-07-02 13:30:00-04:00,210.80999755859375,211.77000427246094,210.74000549316406,211.58999633789062
2025-07-02 14:30:00-04:00,211.5749969482422,212.9600067138672,211.3699951171875,211.94500732421875
2025-07-02 15:30:00-04:00,211.94000244140625,212.75,211.92999267578125,212.41000366210938
2025-07-03 09:30:00-04:00,212.14500427246094,213.85989379882812,211.8101043701172,213.73500061035156
2025-07-03 10:30:00-04:00,213.74000549316406,214.4600067138672,213.0399932861328,213.8800048828125
2025-07-03 11:30:00-04:00,213.889892578125,214.64999389648438,213.6699981689453,214.10000610351562
2025-07-07 09:30:00-04:00,212.67999267578125,215.8300018310547,211.80999755859375,212.36000061035156
2025-07-07 10:30:00-04:00,212.3699951171875,212.60000610351562,211.60000610351562,212.0399932861328
2025-07-07 11:30:00-04:00,212.03500366210938,212.22000122070312,210.3800048828125,210.8365020751953
2025-07-07 12:30:00-04:00,210.83900451660156,211.16990661621094,209.52000427246094,209.67039489746094
2025-07-07 13:30:00-04:00,209.6699981689453,210.5,208.91000366210938,208.94039916992188
2025-07-07 14:30:00-04:00,208.94000244140625,210.07000732421875,208.8000030517578,209.4499969482422
2025-07-07 15:30:00-04:00,209.4600067138672,210.25,209.19000244140625,209.94000244140625
2025-07-08 09:30:00-04:00,210.1300048828125,210.4600067138672,208.4499969482422,209.27999877929688
2025-07-08 10:30:00-04:00,209.28500366210938,211.42999267578125,209.25999450683594,209.87069702148438
2025-07-08 11:30:00-04:00,209.8800048828125,211.18499755859375,209.77999877929688,210.8300018310547
2025-07-08 12:30:00-04:00,210.83999633789062,210.88999938964844,209.5,209.8350067138672
2025-07-08 13:30:00-04:00,209.83999633789062,210.25999450683594,209.32000732421875,209.94500732421875
2025-07-08 14:30:00-04:00,209.9499969482422,210.0449981689453,209.40499877929688,209.60499572753906
2025-07-08 15:30:00-04:00,209.58999633789062,210.33999633789062,209.3000030517578,210.03500366210938
2025-07-09 09:30:00-04:00,209.52999877929688,210.89999389648438,209.35000610351562,209.91000366210938
2025-07-09 10:30:00-04:00,209.88999938964844,209.89999389648438,207.22000122070312,207.80499267578125
2025-07-09 11:30:00-04:00,207.80999755859375,208.22000122070312,207.26589965820312,207.8000030517578
2025-07-09 12:30:00-04:00,207.81039428710938,209.0449981689453,207.57139587402344,208.9156036376953
2025-07-09 13:30:00-04:00,208.9149932861328,209.97999572753906,208.72000122070312,209.7324981689453
2025-07-09 14:30:00-04:00,209.7449951171875,210.19000244140625,209.6199951171875,209.88999938964844
2025-07-09 15:30:00-04:00,209.8800048828125,211.3300018310547,209.72999572753906,211.11000061035156
2025-07-10 09:30:00-04:00,210.5050048828125,212.29989624023438,210.1199951171875,212.00999450683594
2025-07-10 10:30:00-04:00,212.02999877929688,213.47999572753906,211.89999389648438,212.97999572753906
2025-07-10 11:30:00-04:00,212.99000549316406,213.17999267578125,211.8300018310547,212.0800018310547
2025-07-10 12:30:00-04:00,212.07000732421875,212.77999877929688,211.85000610351562,212.6199951171875
2025-07-10 13:30:00-04:00,212.61000061035156,213.16000366210938,212.30999755859375,212.60000610351562
2025-07-10 14:30:00-04:00,212.5948944091797,213.4499969482422,212.57000732421875,212.5749969482422
2025-07-10 15:30:00-04:00,212.5800018310547,213.02000427246094,212.08999633789062,212.4199981689453
2025-07-11 09:30:00-04:00,210.56500244140625,212.1300048828125,209.86000061035156,211.7899932861328
2025-07-11 10:30:00-04:00,211.7899932861328,211.7899932861328,210.47999572753906,210.8249969482422
2025-07-11 11:30:00-04:00,210.8300018310547,211.2100067138672,210.4282989501953,210.63499450683594
2025-07-11 12:30:00-04:00,210.6199951171875,211.2899932861328,210.4499969482422,211.1649932861328
2025-07-11 13:30:00-04:00,211.15499877929688,211.65980529785156,210.95199584960938,211.40499877929688
2025-07-11 14:30:00-04:00,211.41000366210938,211.51699829101562,210.6199951171875,211.16000366210938
2025-07-11 15:30:00-04:00,211.1300048828125,211.39999389648438,211.029296875,211.0749969482422
2025-07-14 09:30:00-04:00,209.90899658203125,210.91000366210938,207.5399932861328,208.02999877929688
2025-07-14 10:30:00-04:00,208.02999877929688,208.89169311523438,207.8249969482422,208.76499938964844
2025-07-14 11:30:00-04:00,208.77000427246094,209.17999267578125,208.55999755859375,208.8406982421875
2025-07-14 12:30:00-04:00,208.85000610351562,209.3300018310547,208.76019287109375,209.0
2025-07-14 13:30:00-04:00,209.0133056640625,209.4499969482422,208.96080017089844,209.0
2025-07-14 14:30:00-04:00,209.0,209.4073028564453,208.87010192871094,209.1999053955078
2025-07-14 15:30:00-04:00,209.1699981689453,209.19000244140625,208.52000427246094,208.5399932861328
2025-07-15 09:30:00-04:00,209.14999389648438,211.1300048828125,208.9199981689453,210.1699981689453
2025-07-15 10:30:00-04:00,210.13999938964844,211.42999267578125,209.19769287109375,211.42999267578125
2025-07-15 11:30:00-04:00,211.42999267578125,211.88999938964844,210.36000061035156,210.67999267578125
2025-07-15 12:30:00-04:00,210.69500732421875,211.07000732421875,210.3800048828125,210.67269897460938
2025-07-15 13:30:00-04:00,210.68499755859375,211.6699981689453,210.66000366210938,211.375
2025-07-15 14:30:00-04:00,211.38890075683594,211.47999572753906,209.9600067138672,210.17999267578125
2025-07-15 15:30:00-04:00,210.2030029296875,210.2899932861328,208.99000549316406,209.00999450683594
2025-07-16 09:30:00-04:00,210.2899932861328,212.39999389648438,209.91050720214844,212.0850067138672
2025-07-16 10:30:00-04:00,212.11000061035156,212.1844940185547,209.2899932861328,210.1199951171875
2025-07-16 11:30:00-04:00,210.1488037109375,210.5,208.63999938964844,209.58999633789062
2025-07-16 12:30:00-04:00,209.60000610351562,210.947998046875,209.3699951171875,210.35000610351562
2025-07-16 13:30:00-04:00,210.33999633789062,210.63189697265625,209.87100219726562,210.0384979248047
2025-07-16 14:30:00-04:00,210.0399932861328,210.58509826660156,210.0399932861328,210.3249969482422
2025-07-16 15:30:00-04:00,210.32000732421875,210.6365966796875,209.97000122070312,210.22000122070312
2025-07-17 09:30:00-04:00,210.625,211.00999450683594,209.58999633789062,209.9499969482422
2025-07-17 10:30:00-04:00,209.94000244140625,210.8300018310547,209.77000427246094,210.44000244140625
2025-07-17 11:30:00-04:00,210.4499969482422,211.4499969482422,210.10499572753906,211.38999938964844
2025-07-17 12:30:00-04:00,211.38890075683594,211.50999450683594,210.7899932861328,210.9550018310547
2025-07-17 13:30:00-04:00,210.9499969482422,211.8000030517578,210.9001007080078,211.27999877929688
2025-07-17 14:30:00-04:00,211.27999877929688,211.27999877929688,210.77999877929688,210.9949951171875
2025-07-17 15:30:00-04:00,210.99989318847656,211.0500030517578,209.74000549316406,210.06100463867188
2025-07-18 09:30:00-04:00,210.7550048828125,211.00999450683594,209.70449829101562,209.9542999267578
2025-07-18 10:30:00-04:00,209.9600067138672,211.00999450683594,209.77000427246094,210.85000610351562
2025-07-18 11:30:00-04:00,210.85499572753906,211.1300048828125,210.67999267578125,211.00999450683594
2025-07-18 12:30:00-04:00,211.02000427246094,211.7899932861328,210.8800048828125,211.19000244140625
2025-07-18 13:30:00-04:00,211.17999267578125,211.5399932861328,210.75999450683594,210.93499755859375
2025-07-18 14:30:00-04:00,210.92999267578125,211.19500732421875,210.7899932861328,210.9499969482422
2025-07-18 15:30:00-04:00,210.94000244140625,211.34500122070312,210.8300018310547,211.22000122070312
2025-07-21 09:30:00-04:00,212.0500030517578,215.77999877929688,211.64089965820312,214.64500427246094
2025-07-21 10:30:00-04:00,214.63999938964844,214.7100067138672,212.8699951171875,213.47000122070312
2025-07-21 11:30:00-04:00,213.4600067138672,213.7100067138672,213.16000366210938,213.31959533691406
2025-07-21 12:30:00-04:00,213.31500244140625,213.86000061035156,213.13999938964844,213.67999267578125
2025-07-21 13:30:00-04:00,213.66000366210938,213.7100067138672,212.50999450683594,213.25999450683594
2025-07-21 14:30:00-04:00,213.268798828125,213.42999267578125,212.50999450683594,212.5800018310547
2025-07-21 15:30:00-04:00,212.5800018310547,212.71859741210938,212.07000732421875,212.5399932861328
2025-07-22 09:30:00-04:00,213.23500061035156,214.02999877929688,212.2301025390625,213.2655029296875
2025-07-22 10:30:00-04:00,213.25999450683594,213.69000244140625,212.72000122070312,213.477294921875
2025-07-22 11:30:00-04:00,213.47000122070312,213.82000732421875,212.75999450683594,213.27999877929688
2025-07-22 12:30:00-04:00,213.24000549316406,214.47999572753906,212.83999633789062,214.41119384765625
2025-07-22 13:30:00-04:00,214.39999389648438,214.42340087890625,213.44000244140625,213.7100067138672
2025-07-22 14:30:00-04:00,213.7100067138672,214.41990661621094,213.7100067138672,214.18499755859375
2025-07-22 15:30:00-04:00,214.17999267578125,214.64500427246094,213.92999267578125,214.38999938964844
2025-07-23 09:30:00-04:00,215.0449981689453,215.10000610351562,212.41000366210938,212.9351043701172
2025-07-23 10:30:00-04:00,212.9499053955078,213.1699981689453,212.5,213.14999389648438
2025-07-23 11:30:00-04:00,213.14999389648438,213.80999755859375,212.64999389648438,213.5
2025-07-23 12:30:00-04:00,213.5,214.22850036621094,213.36000061035156,214.125
2025-07-23 13:30:00-04:00,214.1199951171875,214.63499450683594,214.07000732421875,214.40499877929688
2025-07-23 14:30:00-04:00,214.40499877929688,214.69500732421875,213.94000244140625,214.13999938964844
2025-07-23 15:30:00-04:00,214.14500427246094,214.30999755859375,213.61000061035156,214.30999755859375
2025-07-24 09:30:00-04:00,214.05999755859375,215.69000244140625,213.52999877929688,214.4600067138672
2025-07-24 10:30:00-04:00,214.4499969482422,215.35000610351562,214.08999633789062,215.25999450683594
2025-07-24 11:30:00-04:00,215.2615966796875,215.49000549316406,214.1999969482422,214.33999633789062
2025-07-24 12:30:00-04:00,214.33999633789062,215.1999969482422,214.27999877929688,214.7899932861328
2025-07-24 13:30:00-04:00,214.7899932861328,215.1999969482422,214.55999755859375,214.73500061035156
2025-07-24 14:30:00-04:00,214.73890686035156,215.02000427246094,214.3300018310547,214.80999755859375
2025-07-24 15:30:00-04:00,214.81100463867188,214.94000244140625,213.72000122070312,213.75999450683594
2025-07-25 09:30:00-04:00,214.6999969482422,214.86000061035156,213.74000549316406,214.58529663085938
2025-07-25 10:30:00-04:00,214.58999633789062,215.24000549316406,214.2100067138672,214.50999450683594
2025-07-25 11:30:00-04:00,214.5,214.63999938964844,214.0500030517578,214.3896026611328
2025-07-25 12:30:00-04:00,214.38999938964844,214.58999633789062,214.0399932861328,214.1699981689453
2025-07-25 13:30:00-04:00,214.17039489746094,214.50999450683594,213.82000732421875,213.88999938964844
2025-07-25 14:30:00-04:00,213.91000366210938,214.00999450683594,213.39999389648438,213.5
2025-07-25 15:30:00-04:00,213.5050048828125,214.0,213.49000549316406,213.9600067138672
2025-07-28 09:30:00-04:00,214.02999877929688,214.74000549316406,213.5800018310547,214.52000427246094
2025-07-28 10:30:00-04:00,214.53500366210938,214.84500122070312,214.12229919433594,214.43499755859375
2025-07-28 11:30:00-04:00,214.44000244140625,214.75,214.2899932861328,214.5399932861328
2025-07-28 12:30:00-04:00,214.53500366210938,214.5749969482422,213.4149932861328,213.64500427246094
2025-07-28 13:30:00-04:00,213.63499450683594,214.02000427246094,213.6199951171875,213.8000030517578
2025-07-28 14:30:00-04:00,213.82000732421875,213.8300018310547,213.05999755859375,213.42999267578125
2025-07-28 15:30:00-04:00,213.4199981689453,214.0500030517578,213.32000732421875,214.0399932861328
2025-07-29 09:30:00-04:00,214.16000366210938,214.80999755859375,211.50999450683594,213.0500030517578
2025-07-29 10:30:00-04:00,213.0399932861328,213.24830627441406,211.88999938964844,211.89999389648438
2025-07-29 11:30:00-04:00,211.88099670410156,212.92999267578125,211.6999969482422,212.0
2025-07-29 12:30:00-04:00,211.99000549316406,212.38999938964844,210.8249969482422,212.1999969482422
2025-07-29 13:30:00-04:00,212.2100067138672,212.38999938964844,211.81500244140625,211.9600067138672
2025-07-29 14:30:00-04:00,211.96499633789062,212.44000244140625,211.60000610351562,211.88999938964844
2025-07-29 15:30:00-04:00,211.88999938964844,211.91000366210938,211.05450439453125,211.35000610351562
2025-07-30 09:30:00-04:00,211.89500427246094,212.38999938964844,210.02000427246094,210.61000061035156
2025-07-30 10:30:00-04:00,210.6199951171875,210.72000122070312,209.6199951171875,209.71499633789062
2025-07-30 11:30:00-04:00,209.72000122070312,210.4199981689453,209.57000732421875,210.1199951171875
2025-07-30 12:30:00-04:00,210.11000061035156,210.1699981689453,209.32000732421875,209.75650024414062
2025-07-30 13:30:00-04:00,209.75,210.14990234375,209.47999572753906,209.85499572753906
2025-07-30 14:30:00-04:00,209.85499572753906,210.13999938964844,207.72000122070312,208.52000427246094
2025-07-30 15:30:00-04:00,208.50999450683594,209.10989379882812,208.1300048828125,209.02000427246094
2025-07-31 09:30:00-04:00,208.3800048828125,209.68150329589844,207.8249969482422,208.8424072265625
2025-07-31 10:30:00-04:00,208.86000061035156,209.5500030517578,208.07000732421875,208.28280639648438
2025-07-31 11:30:00-04:00,208.27000427246094,209.0,208.1699981689453,208.95449829101562
2025-07-31 12:30:00-04:00,208.9499969482422,209.83999633789062,208.5,208.6649932861328
2025-07-31 13:30:00-04:00,208.6649932861328,208.9199981689453,207.58999633789062,208.61000061035156
2025-07-31 14:30:00-04:00,208.61000061035156,209.38429260253906,208.49000549316406,208.5699005126953
2025-07-31 15:30:00-04:00,208.57000732421875,208.85000610351562,207.16000366210938,207.61000061035156
2025-08-01 09:30:00-04:00,210.88999938964844,213.5800018310547,204.3699951171875,205.36000061035156
2025-08-01 10:30:00-04:00,205.3300018310547,205.72999572753906,203.07000732421875,203.44000244140625
2025-08-01 11:30:00-04:00,203.4199981689453,204.58999633789062,202.64999389648438,202.75
2025-08-01 12:30:00-04:00,202.75999450683594,203.2895050048828,201.5,201.9824981689453
2025-08-01 13:30:00-04:00,201.9801025390625,203.72999572753906,201.63009643554688,203.5500030517578
2025-08-01 14:30:00-04:00,203.5500030517578,204.32119750976562,202.89999389648438,203.19000244140625
2025-08-01 15:30:00-04:00,203.17999267578125,203.24000549316406,202.1699981689453,202.27000427246094
2025-08-04 09:30:00-04:00,204.5050048828125,206.83999633789062,204.19500732421875,206.75999450683594
2025-08-04 10:30:00-04:00,206.75999450683594,207.8800048828125,205.74000549316406,205.77000427246094
2025-08-04 11:30:00-04:00,205.75999450683594,205.8800048828125,203.92999267578125,203.93499755859375
2025-08-04 12:30:00-04:00,203.94000244140625,204.47999572753906,203.86500549316406,204.14999389648438
2025-08-04 13:30:00-04:00,204.13999938964844,204.22000122070312,203.41000366210938,203.42999267578125
2025-08-04 14:30:00-04:00,203.44000244140625,203.52999877929688,202.07000732421875,202.3249969482422
2025-08-04 15:30:00-04:00,202.3300018310547,203.4499969482422,201.6750030517578,203.33999633789062
2025-08-05 09:30:00-04:00,203.43499755859375,204.55499267578125,202.16000366210938,204.52999877929688
2025-08-05 10:30:00-04:00,204.53500366210938,205.33999633789062,203.90499877929688,204.6300048828125
2025-08-05 11:30:00-04:00,204.6199951171875,204.69000244140625,203.44000244140625,203.7100067138672
2025-08-05 12:30:00-04:00,203.7100067138672,204.1699981689453,203.08999633789062,204.03500366210938
2025-08-05 13:30:00-04:00,204.0500030517578,204.3000030517578,203.75999450683594,203.8699951171875
2025-08-05 14:30:00-04:00,203.86000061035156,203.97000122070312,203.19009399414062,203.3350067138672
2025-08-05 15:30:00-04:00,203.33999633789062,203.41000366210938,202.6699981689453,202.92999267578125
2025-08-06 09:30:00-04:00,205.60000610351562,211.14999389648438,205.58999633789062,210.75999450683594
2025-08-06 10:30:00-04:00,210.75999450683594,214.33999633789062,210.6300048828125,214.22500610351562
2025-08-06 11:30:00-04:00,214.22500610351562,214.99000549316406,213.6699981689453,214.49989318847656
2025-08-06 12:30:00-04:00,214.5196990966797,214.889892578125,213.86900329589844,214.5399932861328
2025-08-06 13:30:00-04:00,214.51499938964844,215.3800048828125,214.08999633789062,214.6024932861328
2025-08-06 14:30:00-04:00,214.61000061035156,214.7949981689453,213.75,213.875
2025-08-06 15:30:00-04:00,213.88499450683594,214.4199981689453,212.80999755859375,213.25
2025-08-07 09:30:00-04:00,218.875,220.3300018310547,216.5800018310547,218.27000427246094
2025-08-07 10:30:00-04:00,218.2863006591797,220.1300048828125,217.64999389648438,219.62899780273438
2025-08-07 11:30:00-04:00,219.6199951171875,220.33999633789062,219.4199981689453,219.9149932861328
2025-08-07 12:30:00-04:00,219.9199981689453,220.2100067138672,213.25,218.7100067138672
2025-08-07 13:30:00-04:00,218.72000122070312,219.72999572753906,218.71009826660156,219.5
2025-08-07 14:30:00-04:00,219.49000549316406,220.85000610351562,219.24349975585938,219.3000946044922
2025-08-07 15:30:00-04:00,219.30450439453125,220.1999969482422,219.25,220.1300048828125
2025-08-08 09:30:00-04:00,220.82000732421875,223.10000610351562,219.25,222.7816925048828
2025-08-08 10:30:00-04:00,222.77999877929688,224.6300048828125,222.6300048828125,224.36000061035156
2025-08-08 11:30:00-04:00,224.35499572753906,228.22500610351562,224.30999755859375,228.1999969482422
2025-08-08 12:30:00-04:00,228.2097930908203,230.91000366210938,227.943603515625,228.6750030517578
2025-08-08 13:30:00-04:00,228.6699981689453,230.99000549316406,228.5500030517578,229.2899932861328
2025-08-08 14:30:00-04:00,229.29159545898438,229.87989807128906,228.50999450683594,228.8300018310547
2025-08-08 15:30:00-04:00,228.82000732421875,229.69000244140625,228.4600067138672,229.3699951171875
2025-08-11 09:30:00-04:00,227.9199981689453,228.72999572753906,224.7624053955078,226.77499389648438
2025-08-11 10:30:00-04:00,226.7899932861328,227.88999938964844,226.10000610351562,227.47000122070312
2025-08-11 11:30:00-04:00,227.47000122070312,229.55999755859375,227.47000122070312,228.72999572753906
2025-08-11 12:30:00-04:00,228.73500061035156,229.0998992919922,228.0,228.10000610351562
2025-08-11 13:30:00-04:00,228.08999633789062,228.19500732421875,227.00999450683594,227.73500061035156
2025-08-11 14:30:00-04:00,227.75999450683594,227.9600067138672,227.10000610351562,227.64999389648438
2025-08-11 15:30:00-04:00,227.65919494628906,227.69500732421875,226.63999938964844,227.2050018310547
2025-08-12 09:30:00-04:00,228.0050048828125,229.9398956298828,227.10000610351562,228.57000732421875
2025-08-12 10:30:00-04:00,228.58999633789062,230.5865020751953,228.25999450683594,229.72999572753906
2025-08-12 11:30:00-04:00,229.7299041748047,230.11000061035156,228.32000732421875,229.77999877929688
2025-08-12 12:30:00-04:00,229.77999877929688,230.77999877929688,229.66000366210938,229.77499389648438
2025-08-12 13:30:00-04:00,229.7700958251953,230.5500030517578,229.4499969482422,229.57000732421875
2025-08-12 14:30:00-04:00,229.5800018310547,229.61000061035156,228.9199981689453,229.18299865722656
2025-08-12 15:30:00-04:00,229.1699981689453,230.10000610351562,229.05999755859375,229.64999389648438
2025-08-13 09:30:00-04:00,231.07000732421875,232.72000122070312,230.42999267578125,231.80999755859375
2025-08-13 10:30:00-04:00,231.80999755859375,234.5500030517578,231.67999267578125,232.2899932861328
2025-08-13 11:30:00-04:00,232.27999877929688,233.3972930908203,232.0301971435547,233.09500122070312
2025-08-13 12:30:00-04:00,233.07000732421875,233.36000061035156,231.5601043701172,232.4550018310547
2025-08-13 13:30:00-04:00,232.4499969482422,234.99000549316406,232.02000427246094,232.9250030517578
2025-08-13 14:30:00-04:00,232.94000244140625,233.91000366210938,230.8000030517578,233.5850067138672
2025-08-13 15:30:00-04:00,233.5850067138672,234.3300018310547,233.11000061035156,233.3300018310547
2025-08-14 09:30:00-04:00,234.05499267578125,235.11000061035156,231.67019653320312,232.2100067138672
2025-08-14 10:30:00-04:00,232.2050018310547,232.4600067138672,230.85000610351562,231.74020385742188
2025-08-14 11:30:00-04:00,231.75,232.2949981689453,230.91000366210938,232.00999450683594
2025-08-14 12:30:00-04:00,232.02000427246094,233.13999938964844,231.9687957763672,232.92730712890625
2025-08-14 13:30:00-04:00,232.92999267578125,233.1300048828125,232.32000732421875,232.72999572753906
2025-08-14 14:30:00-04:00,232.7100067138672,233.49000549316406,232.44000244140625,232.94500732421875
2025-08-14 15:30:00-04:00,232.92999267578125,233.50999450683594,232.69000244140625,232.8300018310547
2025-08-15 09:30:00-04:00,233.72999572753906,234.22140502929688,231.5500946044922,232.1699981689453
2025-08-15 10:30:00-04:00,232.16140747070312,232.2899932861328,230.47000122070312,231.07000732421875
2025-08-15 11:30:00-04:00,231.07000732421875,231.4550018310547,230.6197052001953,230.74000549316406
2025-08-15 12:30:00-04:00,230.74420166015625,231.22500610351562,230.22999572753906,230.57000732421875
2025-08-15 13:30:00-04:00,230.55999755859375,231.28990173339844,229.36000061035156,230.85000610351562
2025-08-15 14:30:00-04:00,230.86000061035156,231.5,230.47999572753906,231.36000061035156
2025-08-15 15:30:00-04:00,231.3699951171875,231.77000427246094,231.02000427246094,231.64999389648438
2025-08-18 09:30:00-04:00,231.77999877929688,233.1199951171875,230.61000061035156,230.66000366210938
2025-08-18 10:30:00-04:00,230.6199951171875,231.22000122070312,230.3699951171875,230.86000061035156
2025-08-18 11:30:00-04:00,230.86500549316406,231.10000610351562,230.5,230.67999267578125
2025-08-18 12:30:00-04:00,230.67999267578125,231.14999389648438,230.11000061035156,231.07000732421875
2025-08-18 13:30:00-04:00,231.0800018310547,231.6699981689453,230.89999389648438,231.14500427246094
2025-08-18 14:30:00-04:00,231.14999389648438,231.6750030517578,231.10000610351562,231.22500610351562
2025-08-18 15:30:00-04:00,231.22000122070312,231.5500030517578,230.8800048828125,230.8800048828125
2025-08-19 09:30:00-04:00,231.27499389648438,232.86500549316406,230.58999633789062,231.8300018310547
2025-08-19 10:30:00-04:00,231.82000732421875,232.27000427246094,230.47000122070312,231.32260131835938
2025-08-19 11:30:00-04:00,231.32000732421875,231.66000366210938,231.05499267578125,231.30990600585938
2025-08-19 12:30:00-04:00,231.27999877929688,231.3300018310547,230.05999755859375,230.625
2025-08-19 13:30:00-04:00,230.6199951171875,230.89999389648438,229.8699951171875,230.0500030517578
2025-08-19 14:30:00-04:00,230.02499389648438,230.19000244140625,229.35000610351562,230.18499755859375
2025-08-19 15:30:00-04:00,230.18499755859375,230.69000244140625,229.99000549316406,230.5399932861328
2025-08-20 09:30:00-04:00,229.97000122070312,230.4698944091797,226.5,226.7200927734375
2025-08-20 10:30:00-04:00,226.74000549316406,227.5500030517578,226.11000061035156,227.3350067138672
2025-08-20 11:30:00-04:00,227.3300018310547,227.3699951171875,226.41000366210938,227.1345977783203
2025-08-20 12:30:00-04:00,227.1300048828125,227.16000366210938,225.88999938964844,226.2949981689453
2025-08-20 13:30:00-04:00,226.3000030517578,226.8300018310547,225.77000427246094,225.99009704589844
2025-08-20 14:30:00-04:00,225.99000549316406,226.72999572753906,225.8699951171875,226.44500732421875
2025-08-20 15:30:00-04:00,226.44000244140625,227.0,225.92999267578125,225.9600067138672
2025-08-21 09:30:00-04:00,226.27999877929688,226.52000427246094,224.67999267578125,225.57989501953125
2025-08-21 10:30:00-04:00,225.5272979736328,225.5850067138672,224.51010131835938,225.1300048828125
2025-08-21 11:30:00-04:00,225.13499450683594,225.83999633789062,224.8000030517578,224.8300018310547
2025-08-21 12:30:00-04:00,224.8300018310547,225.00999450683594,223.7803955078125,224.1750030517578
2025-08-21 13:30:00-04:00,224.17080688476562,224.77850341796875,224.16000366210938,224.22999572753906
2025-08-21 14:30:00-04:00,224.22349548339844,225.05499267578125,224.0941925048828,224.8800048828125
2025-08-21 15:30:00-04:00,224.89999389648438,225.25,224.38839721679688,224.91000366210938
2025-08-22 09:30:00-04:00,226.1699981689453,228.19000244140625,225.41000366210938,227.9499969482422
2025-08-22 10:30:00-04:00,227.97000122070312,228.72000122070312,227.8000030517578,228.05999755859375
2025-08-22 11:30:00-04:00,228.0399932861328,228.43499755859375,226.9250030517578,227.16929626464844
2025-08-22 12:30:00-04:00,227.1699981689453,229.08999633789062,227.07000732421875,228.61000061035156
2025-08-22 13:30:00-04:00,228.6273956298828,228.6273956298828,227.77999877929688,227.8699951171875
2025-08-22 14:30:00-04:00,227.8800048828125,228.51980590820312,227.78500366210938,227.85000610351562
2025-08-22 15:30:00-04:00,227.83999633789062,228.30999755859375,227.44000244140625,227.75
2025-08-25 09:30:00-04:00,226.40499877929688,229.1199951171875,226.24000549316406,228.80999755859375
2025-08-25 10:30:00-04:00,228.77000427246094,229.24000549316406,228.2899932861328,228.56500244140625
2025-08-25 11:30:00-04:00,228.57000732421875,229.3000030517578,228.50010681152344,228.5399932861328
2025-08-25 12:30:00-04:00,228.5399932861328,228.75999450683594,228.32000732421875,228.43499755859375
2025-08-25 13:30:00-04:00,228.43499755859375,228.65499877929688,227.74000549316406,227.88499450683594
2025-08-25 14:30:00-04:00,227.875,227.90499877929688,227.44500732421875,227.59840393066406
2025-08-25 15:30:00-04:00,227.60000610351562,227.72000122070312,227.1199951171875,227.14999389648438
2025-08-26 09:30:00-04:00,226.8699951171875,227.0500030517578,224.69000244140625,226.5
2025-08-26 10:30:00-04:00,226.50999450683594,227.29989624023438,226.2899932861328,226.9615936279297
2025-08-26 11:30:00-04:00,226.96499633789062,227.6999969482422,226.5500030517578,227.57049560546875
2025-08-26 12:30:00-04:00,227.55999755859375,228.1699981689453,227.4199981689453,228.11160278320312
2025-08-26 13:30:00-04:00,228.11000061035156,228.50999450683594,227.73500061035156,228.3592071533203
2025-08-26 14:30:00-04:00,228.36000061035156,228.6199951171875,227.77000427246094,228.56820678710938
2025-08-26 15:30:00-04:00,228.57000732421875,229.49000549316406,227.72500610351562,229.3000030517578
2025-08-27 09:30:00-04:00,228.5800018310547,230.25,228.2949981689453,230.01499938964844
2025-08-27 10:30:00-04:00,230.02999877929688,230.6999969482422,229.47999572753906,229.5740966796875
2025-08-27 11:30:00-04:00,229.57000732421875,230.08799743652344,229.30999755859375,229.8699951171875
2025-08-27 12:30:00-04:00,229.88999938964844,230.08999633789062,229.60000610351562,229.83999633789062
2025-08-27 13:30:00-04:00,229.83999633789062,230.67999267578125,229.8000030517578,230.625
2025-08-27 14:30:00-04:00,230.6199951171875,230.63499450683594,229.72000122070312,230.13250732421875
2025-08-27 15:30:00-04:00,230.125,230.89999389648438,230.1199951171875,230.44000244140625
2025-08-28 09:30:00-04:00,230.80999755859375,230.89999389648438,229.3350067138672,230.41580200195312
2025-08-28 10:30:00-04:00,230.4300994873047,231.89999389648438,230.35000610351562,230.9499969482422
2025-08-28 11:30:00-04:00,230.9600067138672,232.35499572753906,230.9481964111328,232.2899932861328
2025-08-28 12:30:00-04:00,232.27999877929688,233.1199951171875,232.0800018310547,233.0
2025-08-28 13:30:00-04:00,233.00999450683594,233.41000366210938,232.83009338378906,232.91920471191406
2025-08-28 14:30:00-04:00,232.9199981689453,233.1699981689453,232.69000244140625,232.97500610351562
2025-08-28 15:30:00-04:00,232.97500610351562,233.3300018310547,232.47999572753906,232.49000549316406
2025-08-29 09:30:00-04:00,232.55999755859375,233.36129760742188,231.3699951171875,232.80960083007812
2025-08-29 10:30:00-04:00,232.80499267578125,233.16000366210938,232.5,232.9600067138672
2025-08-29 11:30:00-04:00,232.98500061035156,233.02999877929688,231.39999389648438,232.5
2025-08-29 12:30:00-04:00,232.50999450683594,232.9600067138672,231.97999572753906,232.02999877929688
2025-08-29 13:30:00-04:00,232.03250122070312,232.5749969482422,231.97000122070312,232.17999267578125
2025-08-29 14:30:00-04:00,232.19000244140625,232.75,232.0,232.3542938232422
2025-08-29 15:30:00-04:00,232.35000610351562,232.83770751953125,231.47999572753906,232.27000427246094
2025-09-02 09:30:00-04:00,229.6999969482422,230.77999877929688,227.69000244140625,230.60000610351562
2025-09-02 10:30:00-04:00,230.60000610351562,230.75,227.5283966064453,227.82899475097656
2025-09-02 11:30:00-04:00,227.82000732421875,228.1468963623047,227.1699981689453,227.85000610351562
2025-09-02 12:30:00-04:00,227.8437042236328,228.54539489746094,227.64999389648438,228.41000366210938
2025-09-02 13:30:00-04:00,228.4199981689453,229.33999633789062,228.3300018310547,228.39999389648438
2025-09-02 14:30:00-04:00,228.39999389648438,229.0800018310547,226.97000122070312,228.94000244140625
2025-09-02 15:30:00-04:00,228.92469787597656,230.0,228.89500427246094,229.7100067138672
2025-09-03 09:30:00-04:00,237.1999969482422,237.97000122070312,234.3699951171875,236.8300018310547
2025-09-03 10:30:00-04:00,236.81390380859375,237.60000610351562,235.99000549316406,236.01100158691406
2025-09-03 11:30:00-04:00,236.02000427246094,236.82000732421875,235.49000549316406,236.49000549316406
2025-09-03 12:30:00-04:00,236.4998016357422,237.89999389648438,236.44000244140625,237.4272003173828
2025-09-03 13:30:00-04:00,237.4250030517578,237.44000244140625,236.6300048828125,236.91000366210938
2025-09-03 14:30:00-04:00,236.89999389648438,237.4499969482422,236.77000427246094,237.15499877929688
2025-09-03 15:30:00-04:00,237.1558074951172,238.7100067138672,237.15040588378906,238.49000549316406
2025-09-04 09:30:00-04:00,238.4499969482422,239.89320373535156,237.0399932861328,237.69000244140625
2025-09-04 10:30:00-04:00,237.67999267578125,238.10000610351562,237.0749969482422,237.39999389648438
2025-09-04 11:30:00-04:00,237.38999938964844,237.6746063232422,236.74000549316406,237.16000366210938
2025-09-04 12:30:00-04:00,237.14999389648438,238.08999633789062,236.97000122070312,238.0399932861328
2025-09-04 13:30:00-04:00,238.04010009765625,238.38999938964844,237.50999450683594,238.05999755859375
2025-09-04 14:30:00-04:00,238.07000732421875,238.97999572753906,237.8800048828125,238.70449829101562
2025-09-04 15:30:00-04:00,238.6999969482422,239.89990234375,238.49000549316406,239.7100067138672
2025-09-05 09:30:00-04:00,239.99000549316406,241.32000732421875,239.1199951171875,239.28500366210938
2025-09-05 10:30:00-04:00,239.25,240.1699981689453,238.63999938964844,239.80499267578125
2025-09-05 11:30:00-04:00,239.82000732421875,240.31500244140625,238.52000427246094,238.77000427246094
2025-09-05 12:30:00-04:00,238.77999877929688,239.72500610351562,238.49009704589844,239.625
2025-09-05 13:30:00-04:00,239.64849853515625,239.64999389648438,238.72999572753906,239.1199951171875
2025-09-05 14:30:00-04:00,239.1199951171875,240.1300048828125,239.10000610351562,239.9250030517578
2025-09-05 15:30:00-04:00,239.92999267578125,240.01499938964844,239.05999755859375,239.6699981689453
2025-09-08 09:30:00-04:00,239.3000030517578,240.14999389648438,238.74000549316406,239.22999572753906
2025-09-08 10:30:00-04:00,239.22000122070312,239.57000732421875,238.61500549316406,238.6999969482422
2025-09-08 11:30:00-04:00,238.69500732421875,238.78829956054688,237.60000610351562,237.72999572753906
2025-09-08 12:30:00-04:00,237.72000122070312,237.87989807128906,236.33999633789062,237.80580139160156
2025-09-08 13:30:00-04:00,237.80990600585938,237.9550018310547,237.10499572753906,237.1649932861328
2025-09-08 14:30:00-04:00,237.15499877929688,237.24989318847656,236.61000061035156,237.11000061035156
2025-09-08 15:30:00-04:00,237.11500549316406,238.00999450683594,236.90420532226562,237.9199981689453
2025-09-09 09:30:00-04:00,237.0,238.0,236.0749969482422,236.3101043701172
2025-09-09 10:30:00-04:00,236.30999755859375,236.67999267578125,235.77999877929688,236.22500610351562
2025-09-09 11:30:00-04:00,236.22999572753906,236.25999450683594,235.5500030517578,236.0
2025-09-09 12:30:00-04:00,236.0,238.78050231933594,235.8249969482422,237.75
2025-09-09 13:30:00-04:00,237.75999450683594,238.10000610351562,233.6699981689453,234.52859497070312
2025-09-09 14:30:00-04:00,234.5500030517578,234.69000244140625,233.3699951171875,234.30999755859375
2025-09-09 15:30:00-04:00,234.30999755859375,234.63499450683594,233.51499938964844,234.35000610351562
2025-09-10 09:30:00-04:00,232.02499389648438,232.33999633789062,227.5500030517578,228.10800170898438
2025-09-10 10:30:00-04:00,228.11000061035156,228.34640502929688,227.02000427246094,227.0399932861328
2025-09-10 11:30:00-04:00,227.0399932861328,228.05499267578125,226.24009704589844,227.7386016845703
2025-09-10 12:30:00-04:00,227.7449951171875,227.78990173339844,226.6199951171875,226.80499267578125
2025-09-10 13:30:00-04:00,226.8000030517578,227.0850067138672,226.35000610351562,227.05999755859375
2025-09-10 14:30:00-04:00,227.05499267578125,227.35000610351562,226.17999267578125,226.18499755859375
2025-09-10 15:30:00-04:00,226.18499755859375,227.10000610351562,225.9521942138672,226.77999877929688
2025-09-11 09:30:00-04:00,226.875,229.18499755859375,226.64999389648438,228.94000244140625
2025-09-11 10:30:00-04:00,228.94000244140625,229.32000732421875,228.32020568847656,228.74000549316406
2025-09-11 11:30:00-04:00,228.75,228.77999877929688,228.02999877929688,228.61000061035156
2025-09-11 12:30:00-04:00,228.60000610351562,229.5399932861328,228.30999755859375,229.47250366210938
2025-09-11 13:30:00-04:00,229.47000122070312,230.16000366210938,229.17999267578125,229.4600067138672
2025-09-11 14:30:00-04:00,229.46499633789062,230.1508026123047,229.41000366210938,229.85000610351562
2025-09-11 15:30:00-04:00,229.83999633789062,230.4499969482422,229.8350067138672,230.02000427246094
2025-09-12 09:30:00-04:00,230.0,234.0780029296875,229.02000427246094,234.07000732421875
2025-09-12 10:30:00-04:00,234.0800018310547,234.50999450683594,233.36000061035156,234.09500122070312
2025-09-12 11:30:00-04:00,234.08999633789062,234.49000549316406,233.62100219726562,233.9694061279297
2025-09-12 12:30:00-04:00,233.9636993408203,233.96499633789062,233.0,233.23500061035156
2025-09-12 13:30:00-04:00,233.22000122070312,233.8699951171875,233.218505859375,233.5399932861328
2025-09-12 14:30:00-04:00,233.5399932861328,234.4499969482422,233.02999877929688,233.77549743652344
2025-09-12 15:30:00-04:00,233.77999877929688,234.2899932861328,233.50999450683594,234.05999755859375
2025-09-15 09:30:00-04:00,237.0,238.19000244140625,235.02999877929688,236.21499633789062
2025-09-15 10:30:00-04:00,236.2100067138672,237.02000427246094,235.66000366210938,236.82000732421875
2025-09-15 11:30:00-04:00,236.81500244140625,237.3000030517578,236.47000122070312,236.57000732421875
2025-09-15 12:30:00-04:00,236.5648956298828,236.5904998779297,235.6999969482422,235.75999450683594
2025-09-15 13:30:00-04:00,235.75,236.13999938964844,235.5800018310547,235.63999938964844
2025-09-15 14:30:00-04:00,235.63499450683594,236.33999633789062,235.27000427246094,235.97000122070312
2025-09-15 15:30:00-04:00,235.97000122070312,236.7899932861328,235.67999267578125,236.75999450683594
2025-09-16 09:30:00-04:00,237.0,241.22000122070312,236.32350158691406,239.52999877929688
2025-09-16 10:30:00-04:00,239.52999877929688,239.85000610351562,238.2449951171875,239.5928955078125
2025-09-16 11:30:00-04:00,239.58009338378906,239.58009338378906,238.46499633789062,239.19500732421875
2025-09-16 12:30:00-04:00,239.1999969482422,239.39999389648438,238.89999389648438,239.08560180664062
2025-09-16 13:30:00-04:00,239.10000610351562,239.11000061035156,238.1300048828125,238.92999267578125
2025-09-16 14:30:00-04:00,238.94000244140625,239.60000610351562,238.80999755859375,238.93829345703125
2025-09-16 15:30:00-04:00,238.94000244140625,239.4199981689453,238.08009338378906,238.13999938964844
2025-09-17 09:30:00-04:00,238.97000122070312,240.10000610351562,238.7899932861328,239.6300048828125
2025-09-17 10:30:00-04:00,239.63999938964844,240.00999450683594,239.1999969482422,239.47999572753906
2025-09-17 11:30:00-04:00,239.48500061035156,239.77999877929688,239.27999877929688,239.67430114746094
2025-09-17 12:30:00-04:00,239.67999267578125,239.77000427246094,239.35000610351562,239.52000427246094
2025-09-17 13:30:00-04:00,239.52000427246094,239.82000732421875,238.4499969482422,239.55999755859375
2025-09-17 14:30:00-04:00,239.5500030517578,239.6300048828125,237.7301025390625,239.2628936767578
2025-09-17 15:30:00-04:00,239.27000427246094,239.27999877929688,238.47999572753906,238.97000122070312
2025-09-18 09:30:00-04:00,239.9499969482422,241.1999969482422,236.64999389648438,237.55999755859375
2025-09-18 10:30:00-04:00,237.56500244140625,238.7949981689453,237.31500244140625,238.19000244140625
2025-09-18 11:30:00-04:00,238.2100067138672,238.5399932861328,237.35000610351562,237.94000244140625
2025-09-18 12:30:00-04:00,237.9499969482422,238.1999969482422,237.63999938964844,237.8800048828125
2025-09-18 13:30:00-04:00,237.8699951171875,238.10000610351562,237.210205078125,237.8018035888672
2025-09-18 14:30:00-04:00,237.80999755859375,237.94639587402344,237.25010681152344,237.4499969482422
2025-09-18 15:30:00-04:00,237.4550018310547,238.11000061035156,237.43499755859375,237.85000610351562
2025-09-19 09:30:00-04:00,241.1750030517578,242.6999969482422,240.21060180664062,241.14999389648438
2025-09-19 10:30:00-04:00,241.14999389648438,243.16000366210938,241.05999755859375,242.27999877929688
2025-09-19 11:30:00-04:00,242.27369689941406,244.56910705566406,242.0491943359375,244.52000427246094
2025-09-19 12:30:00-04:00,244.5124969482422,245.9199981689453,244.26870727539062,245.24380493164062
2025-09-19 13:30:00-04:00,245.24000549316406,246.2698974609375,244.89999389648438,245.48849487304688
2025-09-19 14:30:00-04:00,245.48500061035156,246.10000610351562,245.1909942626953,245.61000061035156
2025-09-19 15:30:00-04:00,245.60000610351562,246.3000030517578,244.74000549316406,245.2899932861328
2025-09-22 09:30:00-04:00,248.33999633789062,252.73500061035156,248.1699981689453,252.67160034179688
2025-09-22 10:30:00-04:00,252.66000366210938,256.0799865722656,252.0800018310547,255.789794921875
2025-09-22 11:30:00-04:00,255.77000427246094,256.6300048828125,253.5800018310547,253.72000122070312
2025-09-22 12:30:00-04:00,253.72999572753906,254.72999572753906,253.16000366210938,254.5928955078125
2025-09-22 13:30:00-04:00,254.5800018310547,255.25999450683594,253.89999389648438,255.24000549316406
2025-09-22 14:30:00-04:00,255.2449951171875,256.05999755859375,254.7346954345703,255.7899932861328
2025-09-22 15:30:00-04:00,255.80499267578125,256.260009765625,255.61500549316406,256.0899963378906
2025-09-23 09:30:00-04:00,256.5,257.3399963378906,255.27999877929688,256.6173095703125
2025-09-23 10:30:00-04:00,256.6099853515625,256.70001220703125,255.00999450683594,256.1000061035156
2025-09-23 11:30:00-04:00,256.1300048828125,256.2099914550781,255.35000610351562,255.72689819335938
2025-09-23 12:30:00-04:00,255.7200927734375,255.85000610351562,254.39999389648438,254.6699981689453
2025-09-23 13:30:00-04:00,254.66000366210938,254.96099853515625,253.92999267578125,254.63999938964844
2025-09-23 14:30:00-04:00,254.63999938964844,254.83999633789062,253.58999633789062,254.16990661621094
2025-09-23 15:30:00-04:00,254.16000366210938,254.52999877929688,253.6699981689453,254.52999877929688
2025-09-24 09:30:00-04:00,255.0,255.3699951171875,252.0800018310547,252.6219940185547
2025-09-24 10:30:00-04:00,252.625,252.99000549316406,251.5399932861328,252.1199951171875
2025-09-24 11:30:00-04:00,252.1199951171875,252.25999450683594,251.0399932861328,252.1649932861328
2025-09-24 12:30:00-04:00,252.17140197753906,252.25999450683594,251.33999633789062,251.49000549316406
2025-09-24 13:30:00-04:00,251.51499938964844,252.11000061035156,251.27999877929688,251.76499938964844
2025-09-24 14:30:00-04:00,251.75,251.7899932861328,251.24000549316406,251.38999938964844
2025-09-24 15:30:00-04:00,251.38999938964844,252.49000549316406,251.2899932861328,252.24000549316406
2025-09-25 09:30:00-04:00,253.0,254.1199951171875,251.71200561523438,254.0
2025-09-25 10:30:00-04:00,254.00010681152344,254.1387939453125,253.02999877929688,253.50010681152344
2025-09-25 11:30:00-04:00,253.50010681152344,253.91000366210938,252.3000030517578,252.53030395507812
2025-09-25 12:30:00-04:00,252.5399932861328,253.8800048828125,252.5,253.5
2025-09-25 13:30:00-04:00,253.49000549316406,254.58999633789062,252.85000610351562,254.55999755859375
2025-09-25 14:30:00-04:00,254.5500030517578,257.1700134277344,254.22999572753906,256.9599914550781
2025-09-25 15:30:00-04:00,256.95001220703125,257.1099853515625,255.4199981689453,256.94000244140625
2025-09-26 09:30:00-04:00,254.0,256.6000061035156,253.77999877929688,255.02000427246094
2025-09-26 10:30:00-04:00,255.02000427246094,255.99000549316406,254.57119750976562,255.9700927734375
2025-09-26 11:30:00-04:00,255.97000122070312,256.0400085449219,254.86000061035156,255.6649932861328
2025-09-26 12:30:00-04:00,255.66000366210938,256.9750061035156,255.47999572753906,256.5199890136719
2025-09-26 13:30:00-04:00,256.5199890136719,257.3599853515625,255.86000061035156,256.55499267578125
2025-09-26 14:30:00-04:00,256.56500244140625,256.7298889160156,255.49000549316406,255.64500427246094
2025-09-26 15:30:00-04:00,255.63999938964844,255.64979553222656,254.89999389648438,255.4600067138672
2025-09-29 09:30:00-04:00,254.0,254.5,253.00999450683594,254.2198944091797
2025-09-29 10:30:00-04:00,254.2050018310547,254.24000549316406,253.30999755859375,253.47000122070312
2025-09-29 11:30:00-04:00,253.4665069580078,254.07000732421875,253.1199951171875,253.66000366210938
2025-09-29 12:30:00-04:00,253.6699981689453,253.7799072265625,253.2100067138672,253.39999389648438
2025-09-29 13:30:00-04:00,253.38999938964844,254.61500549316406,253.1300048828125,254.57000732421875
2025-09-29 14:30:00-04:00,254.57000732421875,254.60000610351562,253.61000061035156,253.99000549316406
2025-09-29 15:30:00-04:00,253.99000549316406,254.8300018310547,253.94000244140625,254.35000610351562
2025-09-30 09:30:00-04:00,255.0,255.91900634765625,253.9600067138672,254.88619995117188
2025-09-30 10:30:00-04:00,254.91000366210938,255.6750030517578,253.82009887695312,254.22000122070312
2025-09-30 11:30:00-04:00,254.2100067138672,254.97000122070312,254.16009521484375,254.53509521484375
2025-09-30 12:30:00-04:00,254.55059814453125,254.6699981689453,253.31170654296875,253.73500061035156
2025-09-30 13:30:00-04:00,253.75999450683594,253.99000549316406,253.11000061035156,253.33999633789062
2025-09-30 14:30:00-04:00,253.33999633789062,254.24000549316406,253.27099609375,253.9499969482422
2025-09-30 15:30:00-04:00,253.9600067138672,255.17999267578125,253.80999755859375,254.55999755859375
2025-10-01 09:30:00-04:00,255.25,258.7900085449219,255.0500030517578,256.1614074707031
2025-10-01 10:30:00-04:00,256.17999267578125,256.2590026855469,255.10000610351562,255.52450561523438
2025-10-01 11:30:00-04:00,255.5301055908203,256.9200134277344,255.50999450683594,256.1600036621094
2025-10-01 12:30:00-04:00,256.1636047363281,256.8298034667969,255.85499572753906,256.1404113769531
2025-10-01 13:30:00-04:00,256.1650085449219,256.6859130859375,256.05999755859375,256.4849853515625
2025-10-01 14:30:00-04:00,256.4800109863281,256.94000244140625,255.8699951171875,255.94000244140625
2025-10-01 15:30:00-04:00,255.94000244140625,256.1400146484375,255.27999877929688,255.41000366210938
2025-10-02 09:30:00-04:00,256.5899963378906,257.29998779296875,254.14999389648438,256.2200927734375
2025-10-02 10:30:00-04:00,256.2300109863281,257.6400146484375,255.97000122070312,257.1650085449219
2025-10-02 11:30:00-04:00,257.1499938964844,258.17999267578125,256.72100830078125,257.3450012207031
2025-10-02 12:30:00-04:00,257.3450012207031,257.8226013183594,257.1138916015625,257.4100036621094
2025-10-02 13:30:00-04:00,257.3900146484375,257.9100036621094,257.0299987792969,257.8800048828125
2025-10-02 14:30:00-04:00,257.8699951171875,258.1600036621094,257.375,257.510009765625
2025-10-02 15:30:00-04:00,257.510009765625,257.875,256.8800048828125,257.1400146484375
2025-10-03 09:30:00-04:00,254.6649932861328,259.0400085449219,253.9600067138672,257.8500061035156
2025-10-03 10:30:00-04:00,257.8599853515625,258.739990234375,257.5199890136719,258.510009765625
2025-10-03 11:30:00-04:00,258.4930114746094,259.239990234375,258.2571105957031,258.5487060546875
2025-10-03 12:30:00-04:00,258.5400085449219,258.92999267578125,258.1199951171875,258.30999755859375
2025-10-03 13:30:00-04:00,258.29998779296875,258.5899963378906,256.9599914550781,258.3699951171875
2025-10-03 14:30:00-04:00,258.3699951171875,258.5849914550781,257.8500061035156,257.9200134277344
2025-10-03 15:30:00-04:00,257.9200134277344,258.260009765625,257.40350341796875,258.0150146484375
2025-10-06 09:30:00-04:00,257.94500732421875,259.07000732421875,255.0500030517578,257.7799987792969
2025-10-06 10:30:00-04:00,257.79998779296875,257.9800109863281,257.2799987792969,257.5513000488281
2025-10-06 11:30:00-04:00,257.56500244140625,257.6700134277344,256.7699890136719,257.1300048828125
2025-10-06 12:30:00-04:00,257.1300048828125,257.4800109863281,256.1304931640625,256.55999755859375
2025-10-06 13:30:00-04:00,256.54998779296875,256.68121337890625,255.5,256.18499755859375
2025-10-06 14:30:00-04:00,256.1802062988281,256.6600036621094,256.06500244140625,256.510009765625
2025-10-06 15:30:00-04:00,256.510009765625,257.25,256.4599914550781,256.6499938964844
2025-10-07 09:30:00-04:00,256.82000732421875,257.3999938964844,256.2799987792969,256.67999267578125
2025-10-07 10:30:00-04:00,256.6700134277344,257.10791015625,255.60000610351562,256.3789978027344
2025-10-07 11:30:00-04:00,256.3900146484375,256.84979248046875,255.88999938964844,256.3384094238281
2025-10-07 12:30:00-04:00,256.3299865722656,256.6600036621094,255.75430297851562,255.88999938964844
2025-10-07 13:30:00-04:00,255.86000061035156,256.1499938964844,255.42999267578125,256.06988525390625
2025-10-07 14:30:00-04:00,256.07000732421875,256.301513671875,255.91009521484375,256.0199890136719
2025-10-07 15:30:00-04:00,256.0199890136719,256.6199951171875,255.9199981689453,256.489990234375
2025-10-08 09:30:00-04:00,256.5299987792969,258.19000244140625,256.1099853515625,257.8399963378906
2025-10-08 10:30:00-04:00,257.8599853515625,258.4549865722656,257.20001220703125,258.0400085449219
2025-10-08 11:30:00-04:00,258.05499267578125,258.5199890136719,257.55999755859375,258.20001220703125
2025-10-08 12:30:00-04:00,258.19000244140625,258.32501220703125,257.625,257.92498779296875
2025-10-08 13:30:00-04:00,257.92498779296875,258.20001220703125,257.6499938964844,257.9150085449219
2025-10-08 14:30:00-04:00,257.8999938964844,258.42999267578125,257.739990234375,258.25
2025-10-08 15:30:00-04:00,258.239990234375,258.489990234375,257.8800048828125,258.0299987792969
2025-10-09 09:30:00-04:00,257.3299865722656,257.3599853515625,254.8090057373047,254.97999572753906
2025-10-09 10:30:00-04:00,254.5800018310547,255.1199951171875,254.57009887695312,254.89500427246094
2025-10-09 11:30:00-04:00,254.47000122070312,254.61000061035156,253.8260955810547,253.84500122070312
2025-10-09 12:30:00-04:00,253.8800048828125,254.00999450683594,253.2030029296875,253.4575958251953
2025-10-09 13:30:00-04:00,253.72999572753906,253.72999572753906,253.41009521484375,253.55999755859375
2025-10-09 14:30:00-04:00,253.44000244140625,254.08999633789062,253.41000366210938,253.89999389648438
2025-10-09 15:30:00-04:00,253.69000244140625,254.27000427246094,253.63999938964844,253.97999572753906
2025-10-10 09:30:00-04:00,255.32000732421875,256.29290771484375,254.8800048828125,255.17999267578125
2025-10-10 10:30:00-04:00,255.1999969482422,255.3000030517578,248.9499969482422,249.41000366210938
2025-10-10 11:30:00-04:00,249.0399932861328,249.6649932861328,247.75999450683594,248.61000061035156
2025-10-10 12:30:00-04:00,248.58999633789062,249.05999755859375,247.05999755859375,247.80999755859375
2025-10-10 13:30:00-04:00,247.77000427246094,248.57000732421875,247.0800018310547,247.16000366210938
2025-10-10 14:30:00-04:00,247.13710021972656,247.30999755859375,245.81500244140625,246.1649932861328
2025-10-10 15:30:00-04:00,246.1699981689453,246.99000549316406,244.57000732421875,245.27999877929688
2025-10-13 09:30:00-04:00,249.3800048828125,249.49000549316406,245.55999755859375,246.37600708007812
2025-10-13 10:30:00-04:00,246.3699951171875,248.65989685058594,246.22999572753906,248.59030151367188
2025-10-13 11:30:00-04:00,248.6199951171875,249.6199951171875,248.36000061035156,249.17999267578125
2025-10-13 12:30:00-04:00,249.1699981689453,249.68930053710938,248.5500030517578,249.1042022705078
2025-10-13 13:30:00-04:00,249.08999633789062,249.32000732421875,248.68800354003906,249.1461944580078
2025-10-13 14:30:00-04:00,249.13999938964844,249.24000549316406,248.1300048828125,248.32000732421875
2025-10-13 15:30:00-04:00,248.32000732421875,248.58999633789062,247.3300018310547,247.58999633789062
2025-10-14 09:30:00-04:00,246.61500549316406,247.22999572753906,244.6999969482422,247.02000427246094
2025-10-14 10:30:00-04:00,247.0,247.74989318847656,246.1199951171875,246.21400451660156
2025-10-14 11:30:00-04:00,246.22999572753906,247.75,246.1699981689453,247.38999938964844
2025-10-14 12:30:00-04:00,247.38999938964844,248.035400390625,247.38499450683594,247.79800415039062
2025-10-14 13:30:00-04:00,247.80999755859375,247.82000732421875,247.17999267578125,247.48500061035156
2025-10-14 14:30:00-04:00,247.49000549316406,248.75,247.14439392089844,248.4199981689453
2025-10-14 15:30:00-04:00,248.42999267578125,248.84500122070312,246.72999572753906,247.85000610351562
2025-10-15 09:30:00-04:00,249.3800048828125,251.82000732421875,248.63999938964844,250.85000610351562
2025-10-15 10:30:00-04:00,250.8699951171875,251.4691925048828,249.8000030517578,249.85989379882812
2025-10-15 11:30:00-04:00,249.82000732421875,250.04969787597656,248.72000122070312,249.77499389648438
2025-10-15 12:30:00-04:00,249.77999877929688,249.9499053955078,247.47999572753906,248.0904998779297
2025-10-15 13:30:00-04:00,248.10499572753906,249.8000030517578,248.0500030517578,249.64700317382812
2025-10-15 14:30:00-04:00,249.64999389648438,250.10000610351562,249.47999572753906,249.9199981689453
2025-10-15 15:30:00-04:00,249.92999267578125,250.07000732421875,248.1699981689453,249.42999267578125
2025-10-16 09:30:00-04:00,248.27000427246094,248.3800048828125,246.17999267578125,247.50999450683594
2025-10-16 10:30:00-04:00,247.49000549316406,249.0399932861328,247.48170471191406,248.23500061035156
2025-10-16 11:30:00-04:00,248.1699981689453,248.66310119628906,247.03500366210938,247.72000122070312
2025-10-16 12:30:00-04:00,247.70010375976562,247.7720947265625,246.0399932861328,247.22000122070312
2025-10-16 13:30:00-04:00,247.22000122070312,247.4199981689453,245.25999450683594,245.66000366210938
2025-10-16 14:30:00-04:00,245.63999938964844,247.02000427246094,245.1300048828125,246.5500030517578
2025-10-16 15:30:00-04:00,246.55999755859375,247.91000366210938,246.35000610351562,247.42999267578125
2025-10-17 09:30:00-04:00,248.02000427246094,250.32000732421875,247.27000427246094,249.5601043701172
2025-10-17 10:30:00-04:00,249.6439971923828,249.86000061035156,248.22999572753906,248.47999572753906
2025-10-17 11:30:00-04:00,248.47999572753906,250.35000610351562,248.09719848632812,250.29649353027344
2025-10-17 12:30:00-04:00,250.29330444335938,251.36000061035156,250.27520751953125,250.81500244140625
2025-10-17 13:30:00-04:00,250.8000030517578,252.53500366210938,250.2449951171875,252.3000030517578
2025-10-17 14:30:00-04:00,252.2823944091797,252.82000732421875,251.6999969482422,252.75999450683594
2025-10-17 15:30:00-04:00,252.75,253.3800048828125,252.1199951171875,252.3000030517578
2025-10-20 09:30:00-04:00,255.88499450683594,259.8699951171875,255.6300048828125,259.5050048828125
2025-10-20 10:30:00-04:00,259.489990234375,263.54998779296875,259.07000732421875,262.57000732421875
2025-10-20 11:30:00-04:00,262.54998779296875,264.375,262.4175109863281,263.489990234375
2025-10-20 12:30:00-04:00,263.4800109863281,264.2099914550781,262.6499938964844,263.1650085449219
2025-10-20 13:30:00-04:00,263.17999267578125,263.8299865722656,262.7900085449219,263.7300109863281
2025-10-20 14:30:00-04:00,263.739990234375,263.80999755859375,263.0400085449219,263.4200134277344
2025-10-20 15:30:00-04:00,263.44000244140625,263.8500061035156,261.92999267578125,262.2300109863281
2025-10-21 09:30:00-04:00,261.8800048828125,265.2900085449219,261.8800048828125,263.4999084472656
2025-10-21 10:30:00-04:00,263.4599914550781,263.8299865722656,262.510009765625,263.6619873046875
2025-10-21 11:30:00-04:00,263.6700134277344,264.5350036621094,263.0801086425781,263.1700134277344
2025-10-21 12:30:00-04:00,263.1600036621094,263.6799011230469,262.8475036621094,263.3265075683594
2025-10-21 13:30:00-04:00,263.3258056640625,264.04998779296875,262.1499938964844,263.44989013671875
2025-10-21 14:30:00-04:00,263.4495849609375,263.7381896972656,262.95001220703125,263.0849914550781
2025-10-21 15:30:00-04:00,263.0950012207031,263.2099914550781,262.4700012207031,262.8399963378906
2025-10-22 09:30:00-04:00,262.7900085449219,262.8500061035156,259.7200012207031,260.0498962402344
2025-10-22 10:30:00-04:00,260.0,261.1300048828125,257.6401062011719,258.4299011230469
2025-10-22 11:30:00-04:00,258.45001220703125,259.489990234375,258.04998779296875,258.54998779296875
2025-10-22 12:30:00-04:00,258.54998779296875,258.7699890136719,256.29998779296875,256.69140625
2025-10-22 13:30:00-04:00,256.6700134277344,257.0798034667969,255.42999267578125,256.5509948730469
2025-10-22 14:30:00-04:00,256.54998779296875,257.67999267578125,256.1400146484375,257.510009765625
2025-10-22 15:30:00-04:00,257.5199890136719,258.80999755859375,257.42999267578125,258.42999267578125
2025-10-23 09:30:00-04:00,259.8900146484375,260.1799011230469,258.0101013183594,259.4798889160156
2025-10-23 10:30:00-04:00,259.4200134277344,259.67999267578125,258.7300109863281,259.3999938964844
2025-10-23 11:30:00-04:00,259.3999938964844,260.6199035644531,259.0834045410156,260.0400085449219
2025-10-23 12:30:00-04:00,260.04998779296875,260.54998779296875,259.5199890136719,259.8599853515625
2025-10-23 13:30:00-04:00,259.8800048828125,260.42498779296875,259.8299865722656,259.9700012207031
2025-10-23 14:30:00-04:00,259.9700012207031,260.0199890136719,259.6199951171875,259.8999938964844
2025-10-23 15:30:00-04:00,259.9100036621094,260.04998779296875,259.0799865722656,259.5799865722656
2025-10-24 09:30:00-04:00,261.19000244140625,261.6199951171875,259.17999267578125,260.94140625
2025-10-24 10:30:00-04:00,260.94000244140625,263.3599853515625,260.7900085449219,263.2799987792969
2025-10-24 11:30:00-04:00,263.2900085449219,264.0299987792969,262.95001220703125,263.5799865722656
2025-10-24 12:30:00-04:00,263.5899963378906,263.7099914550781,262.8500061035156,263.6099853515625
2025-10-24 13:30:00-04:00,263.6099853515625,264.1300048828125,263.4100036621094,264.0199890136719
2025-10-24 14:30:00-04:00,264.0249938964844,264.1000061035156,263.1499938964844,263.5
2025-10-24 15:30:00-04:00,263.510009765625,263.6600036621094,262.1300048828125,262.739990234375
2025-10-27 09:30:00-04:00,264.8800048828125,267.04998779296875,264.65008544921875,265.7300109863281
2025-10-27 10:30:00-04:00,265.739990234375,266.4200134277344,265.19500732421875,265.7099914550781
2025-10-27 11:30:00-04:00,265.7099914550781,266.0899963378906,265.04998779296875,265.92999267578125
2025-10-27 12:30:00-04:00,265.94000244140625,266.125,265.510009765625,265.6199951171875
2025-10-27 13:30:00-04:00,265.6300048828125,266.0150146484375,265.510009765625,265.5950012207031
2025-10-27 14:30:00-04:00,265.5899963378906,267.3999938964844,265.4700012207031,267.2749938964844
2025-10-27 15:30:00-04:00,267.2699890136719,269.0799865722656,267.2099914550781,268.739990234375
2025-10-28 09:30:00-04:00,269.135009765625,269.8699951171875,268.25,268.6499938964844
2025-10-28 10:30:00-04:00,268.6423034667969,269.1400146484375,268.1499938964844,268.69720458984375
2025-10-28 11:30:00-04:00,268.69500732421875,269.0758056640625,268.3500061035156,268.9949951171875
2025-10-28 12:30:00-04:00,268.9800109863281,269.8699951171875,268.82000732421875,269.4949951171875
2025-10-28 13:30:00-04:00,269.4949951171875,269.4949951171875,268.79998779296875,269.0902099609375
2025-10-28 14:30:00-04:00,269.1050109863281,269.44000244140625,268.7799987792969,269.20001220703125
2025-10-28 15:30:00-04:00,269.20001220703125,269.3550109863281,268.6000061035156,269.0299987792969
2025-10-29 09:30:00-04:00,269.2749938964844,271.4100036621094,268.70001220703125,270.4200134277344
2025-10-29 10:30:00-04:00,270.4100036621094,270.44500732421875,267.51220703125,267.6300048828125
2025-10-29 11:30:00-04:00,267.6099853515625,268.8599853515625,267.1099853515625,268.6199951171875
2025-10-29 12:30:00-04:00,268.6029968261719,269.93011474609375,268.4700927734375,269.93011474609375
2025-10-29 13:30:00-04:00,269.8900146484375,270.8500061035156,269.7900085449219,270.80999755859375
2025-10-29 14:30:00-04:00,270.7850036621094,270.92999267578125,268.260009765625,268.30999755859375
2025-10-29 15:30:00-04:00,268.32000732421875,270.3800048828125,267.79998779296875,269.7300109863281
2025-10-30 09:30:00-04:00,271.989990234375,274.1400146484375,268.989990234375,269.0899963378906
2025-10-30 10:30:00-04:00,269.0899963378906,271.1700134277344,268.4800109863281,270.7900085449219
2025-10-30 11:30:00-04:00,270.7799987792969,272.3900146484375,270.2630920410156,272.010009765625
2025-10-30 12:30:00-04:00,272.0,272.06781005859375,271.0400085449219,271.95001220703125
2025-10-30 13:30:00-04:00,271.95001220703125,272.29998779296875,271.2799987792969,271.75
2025-10-30 14:30:00-04:00,271.760009765625,272.00799560546875,270.9949951171875,271.3399963378906
2025-10-30 15:30:00-04:00,271.3399963378906,271.6700134277344,271.04998779296875,271.2900085449219
2025-10-31 09:30:00-04:00,276.989990234375,277.32000732421875,269.1600036621094,270.3800048828125
2025-10-31 10:30:00-04:00,270.42999267578125,271.5599060058594,270.10009765625,271.29998779296875
2025-10-31 11:30:00-04:00,271.2998962402344,272.8584899902344,270.2200012207031,272.43499755859375
2025-10-31 12:30:00-04:00,272.42999267578125,273.1700134277344,270.1499938964844,270.3487854003906
2025-10-31 13:30:00-04:00,270.3299865722656,272.0599060058594,270.1099853515625,271.80999755859375
2025-10-31 14:30:00-04:00,271.7900085449219,272.17498779296875,271.2699890136719,272.1050109863281
2025-10-31 15:30:00-04:00,272.1300048828125,272.6499938964844,269.9599914550781,270.25
2025-11-03 09:30:00-05:00,270.4200134277344,270.7799987792969,266.25,267.6300048828125
2025-11-03 10:30:00-05:00,267.6400146484375,268.2799987792969,266.5,266.6400146484375
2025-11-03 11:30:00-05:00,266.659912109375,268.1499938964844,266.5223083496094,267.5350036621094
2025-11-03 12:30:00-05:00,267.5199890136719,268.0,267.25,267.6780090332031
2025-11-03 13:30:00-05:00,267.70989990234375,268.6199951171875,267.30999755859375,267.30999755859375
2025-11-03 14:30:00-05:00,267.32000732421875,267.7900085449219,266.9100036621094,267.6199951171875
2025-11-03 15:30:00-05:00,267.6300048828125,269.1099853515625,267.4599914550781,269.05999755859375
2025-11-04 09:30:00-05:00,268.24249267578125,269.5899963378906,267.614990234375,268.42999267578125
2025-11-04 10:30:00-05:00,268.42999267578125,271.0,267.7099914550781,270.6099853515625
2025-11-04 11:30:00-05:00,270.6400146484375,271.4859924316406,268.9800109863281,270.010009765625
2025-11-04 12:30:00-05:00,270.0050048828125,270.92999267578125,269.8900146484375,270.6383972167969
2025-11-04 13:30:00-05:00,270.6099853515625,270.82000732421875,269.8699951171875,270.5104064941406
2025-11-04 14:30:00-05:00,270.5299987792969,270.6099853515625,269.28271484375,270.09051513671875
2025-11-04 15:30:00-05:00,270.1000061035156,270.4049987792969,269.5,270.2099914550781
2025-11-05 09:30:00-05:00,268.5899963378906,269.58990478515625,266.92999267578125,269.0101013183594
2025-11-05 10:30:00-05:00,268.989990234375,270.3800048828125,268.760009765625,270.2900085449219
2025-11-05 11:30:00-05:00,270.2799987792969,270.4700012207031,269.5,269.9700012207031
2025-11-05 12:30:00-05:00,269.9700012207031,270.7900085449219,269.92999267578125,270.1199951171875
2025-11-05 13:30:00-05:00,270.1099853515625,271.70001220703125,269.7699890136719,270.42999267578125
2025-11-05 14:30:00-05:00,270.4100036621094,271.5,269.5299987792969,269.6000061035156
2025-11-05 15:30:00-05:00,269.6099853515625,270.3999938964844,268.9949951171875,270.1099853515625
2025-11-06 09:30:00-05:00,267.8900146484375,272.82000732421875,267.8900146484375,272.82000732421875
2025-11-06 10:30:00-05:00,272.8280029296875,273.3999938964844,271.55010986328125,272.1814880371094
2025-11-06 11:30:00-05:00,272.17999267578125,272.2200012207031,270.3900146484375,271.42498779296875
2025-11-06 12:30:00-05:00,271.4200134277344,272.56500244140625,270.9200134277344,271.3500061035156
2025-11-06 13:30:00-05:00,271.3699951171875,272.1600036621094,271.0203857421875,271.9901123046875
2025-11-06 14:30:00-05:00,272.0050048828125,272.20001220703125,270.7349853515625,271.2099914550781
2025-11-06 15:30:00-05:00,271.20001220703125,271.52020263671875,269.5950012207031,269.6600036621094
2025-11-07 09:30:00-05:00,269.7950134277344,272.2900085449219,267.2699890136719,271.5799865722656
2025-11-07 10:30:00-05:00,271.55999755859375,271.9700012207031,269.4800109863281,269.5299987792969
2025-11-07 11:30:00-05:00,269.5199890136719,269.8900146484375,268.32000732421875,269.1099853515625
2025-11-07 12:30:00-05:00,269.114990234375,269.1400146484375,268.0588073730469,268.45001220703125
2025-11-07 13:30:00-05:00,268.45001220703125,268.6600036621094,267.0950012207031,267.25
2025-11-07 14:30:00-05:00,267.260009765625,268.5,266.7799987792969,267.7598876953125
2025-11-07 15:30:00-05:00,267.760009765625,268.5799865722656,267.69000244140625,268.4200134277344
2025-11-10 09:30:00-05:00,268.95001220703125,273.7300109863281,268.95001220703125,271.85699462890625
2025-11-10 10:30:00-05:00,271.8299865722656,271.989990234375,269.04998779296875,269.06640625
2025-11-10 11:30:00-05:00,269.0400085449219,269.7587890625,268.489990234375,269.0799865722656
2025-11-10 12:30:00-05:00,269.07000732421875,270.2300109863281,269.010009765625,269.7300109863281
2025-11-10 13:30:00-05:00,269.7099914550781,270.3077087402344,267.4549865722656,269.6600036621094
2025-11-10 14:30:00-05:00,269.6300048828125,269.80999755859375,269.04998779296875,269.11859130859375
2025-11-10 15:30:00-05:00,269.1000061035156,269.6000061035156,268.760009765625,269.3599853515625
2025-11-11 09:30:00-05:00,269.80999755859375,274.739990234375,269.79998779296875,274.1000061035156
2025-11-11 10:30:00-05:00,274.1000061035156,274.3460998535156,272.42999267578125,272.5
2025-11-11 11:30:00-05:00,272.510009765625,273.614990234375,271.7799987792969,273.31500244140625
2025-11-11 12:30:00-05:00,273.3299865722656,274.70001220703125,273.0299987792969,274.4800109863281
2025-11-11 13:30:00-05:00,274.489990234375,275.6600036621094,274.1600036621094,275.32000732421875
2025-11-11 14:30:00-05:00,275.3299865722656,275.760009765625,275.04998779296875,275.25
2025-11-11 15:30:00-05:00,275.239990234375,275.8450012207031,274.79998779296875,275.29998779296875
2025-11-12 09:30:00-05:00,275.07501220703125,275.239990234375,271.8699951171875,272.94000244140625
2025-11-12 10:30:00-05:00,272.9100036621094,274.6099853515625,272.54998779296875,274.6000061035156
2025-11-12 11:30:00-05:00,274.5899963378906,274.8500061035156,273.7250061035156,274.3900146484375
2025-11-12 12:30:00-05:00,274.3800048828125,275.1400146484375,274.1199951171875,274.9800109863281
2025-11-12 13:30:00-05:00,274.989990234375,275.7300109863281,274.42999267578125,274.45001220703125
2025-11-12 14:30:00-05:00,274.45001220703125,274.69000244140625,273.5,274.04998779296875
2025-11-12 15:30:00-05:00,274.04998779296875,274.3999938964844,272.9700012207031,273.4700012207031
2025-11-13 09:30:00-05:00,274.2699890136719,276.6990051269531,273.2900085449219,273.7099914550781
2025-11-13 10:30:00-05:00,273.7001037597656,274.19000244140625,272.17999267578125,274.037109375
2025-11-13 11:30:00-05:00,274.0299987792969,274.4898986816406,272.4599914550781,272.8599853515625
2025-11-13 12:30:00-05:00,272.8399963378906,273.32000732421875,272.5,272.5700988769531
2025-11-13 13:30:00-05:00,272.55999755859375,273.8500061035156,272.1000061035156,273.5299987792969
2025-11-13 14:30:00-05:00,273.5350036621094,273.69000244140625,272.5450134277344,273.03961181640625
2025-11-13 15:30:00-05:00,273.0299987792969,273.6000061035156,272.5,273.0400085449219
2025-11-14 09:30:00-05:00,271.04998779296875,273.8900146484375,269.6000061035156,273.7591857910156
2025-11-14 10:30:00-05:00,273.7699890136719,274.6499938964844,273.20001220703125,274.6499938964844
2025-11-14 11:30:00-05:00,274.6449890136719,275.9200134277344,273.54998779296875,275.7049865722656
2025-11-14 12:30:00-05:00,275.7099914550781,275.95831298828125,274.2300109863281,274.5849914550781
2025-11-14 13:30:00-05:00,274.57000732421875,274.760009765625,273.8399963378906,273.9599914550781
2025-11-14 14:30:00-05:00,273.9700012207031,274.25,272.8900146484375,272.989990234375
2025-11-14 15:30:00-05:00,272.9700012207031,273.260009765625,272.1700134277344,272.4100036621094
2025-11-17 09:30:00-05:00,268.7200012207031,270.489990234375,267.0,269.2799987792969
2025-11-17 10:30:00-05:00,269.2300109863281,269.3900146484375,266.6499938964844,267.8799133300781
2025-11-17 11:30:00-05:00,267.8500061035156,269.54998779296875,267.82000732421875,268.9200134277344
2025-11-17 12:30:00-05:00,268.94000244140625,269.3500061035156,267.44000244140625,267.7799987792969
2025-11-17 13:30:00-05:00,267.7699890136719,268.3399963378906,266.8599853515625,267.2900085449219
2025-11-17 14:30:00-05:00,267.2950134277344,267.3800048828125,265.7300109863281,266.44000244140625
2025-11-17 15:30:00-05:00,266.44000244140625,267.5799865722656,266.19000244140625,267.4599914550781
2025-11-18 09:30:00-05:00,269.9150085449219,270.7049865722656,265.32000732421875,267.6499938964844
2025-11-18 10:30:00-05:00,267.6650085449219,268.1199951171875,266.02801513671875,267.8399963378906
2025-11-18 11:30:00-05:00,267.8399963378906,268.3380126953125,267.1400146484375,267.1650085449219
2025-11-18 12:30:00-05:00,267.1600036621094,268.92999267578125,266.42999267578125,268.45001220703125
2025-11-18 13:30:00-05:00,268.45001220703125,269.2200012207031,267.9599914550781,268.03448486328125
2025-11-18 14:30:00-05:00,268.04998779296875,268.92498779296875,267.67999267578125,268.28021240234375
2025-11-18 15:30:00-05:00,268.29998779296875,268.42999267578125,267.3299865722656,267.510009765625
2025-11-19 09:30:00-05:00,265.5249938964844,272.2099914550781,265.5,271.8500061035156
2025-11-19 10:30:00-05:00,271.85009765625,272.010009765625,269.3200988769531,269.7300109863281
2025-11-19 11:30:00-05:00,269.75,270.6549987792969,269.5299987792969,270.3999938964844
2025-11-19 12:30:00-05:00,270.4599914550781,271.30999755859375,269.6199951171875,270.0299987792969
2025-11-19 13:30:00-05:00,270.010009765625,271.010009765625,269.6300048828125,269.6700134277344
2025-11-19 14:30:00-05:00,269.6700134277344,270.7349853515625,269.1700134277344,270.0350036621094
2025-11-19 15:30:00-05:00,270.0,270.3299865722656,268.1400146484375,268.57000732421875
2025-11-20 09:30:00-05:00,270.80999755859375,275.42999267578125,270.80999755859375,273.9049987792969
2025-11-20 10:30:00-05:00,273.9100036621094,274.7300109863281,271.6199951171875,271.7799987792969
2025-11-20 11:30:00-05:00,271.7799987792969,271.7799987792969,268.04998779296875,268.94000244140625
2025-11-20 12:30:00-05:00,268.8699951171875,269.25,267.0201110839844,268.80999755859375
2025-11-20 13:30:00-05:00,268.7900085449219,268.92999267578125,266.3599853515625,267.7950134277344
2025-11-20 14:30:00-05:00,267.7799987792969,267.9100036621094,267.0,267.32000732421875
2025-11-20 15:30:00-05:00,267.32000732421875,267.5799865722656,265.9200134277344,266.3800048828125
2025-11-21 09:30:00-05:00,265.8800048828125,270.45001220703125,265.82000732421875,269.8500061035156
2025-11-21 10:30:00-05:00,269.7900085449219,271.4700012207031,269.2200012207031,270.8999938964844
2025-11-21 11:30:00-05:00,270.8900146484375,271.1199951171875,269.80999755859375,270.54998779296875
2025-11-21 12:30:00-05:00,270.6300048828125,271.6000061035156,270.20001220703125,270.9800109863281
2025-11-21 13:30:00-05:00,270.9800109863281,273.31500244140625,270.864990234375,272.6099853515625
2025-11-21 14:30:00-05:00,272.57501220703125,273.2799987792969,271.3500061035156,271.3699951171875
2025-11-21 15:30:00-05:00,271.3500061035156,272.1300048828125,270.5899963378906,271.489990234375
2025-11-24 09:30:00-05:00,270.8999938964844,275.9200134277344,270.8999938964844,273.0950012207031
2025-11-24 10:30:00-05:00,273.0799865722656,275.38958740234375,272.6499938964844,275.0
2025-11-24 11:30:00-05:00,274.9700012207031,275.2699890136719,274.44000244140625,274.8500061035156
2025-11-24 12:30:00-05:00,274.8500061035156,276.510009765625,274.75,276.1199951171875
2025-11-24 13:30:00-05:00,276.1199951171875,276.45001220703125,275.8500061035156,276.2195129394531
2025-11-24 14:30:00-05:00,276.2300109863281,276.6549987792969,275.3550109863281,276.4750061035156
2025-11-24 15:30:00-05:00,276.4700012207031,276.9800109863281,275.1099853515625,275.9800109863281
2025-11-25 09:30:00-05:00,275.29998779296875,280.3800048828125,275.2699890136719,278.9049987792969
2025-11-25 10:30:00-05:00,278.8900146484375,279.6300048828125,277.7799987792969,277.8299865722656
2025-11-25 11:30:00-05:00,277.82000732421875,279.30999755859375,277.5,279.0700988769531
2025-11-25 12:30:00-05:00,279.0899963378906,279.3699951171875,278.2300109863281,278.760009765625
2025-11-25 13:30:00-05:00,278.7650146484375,278.7799987792969,277.7900085449219,278.0350036621094
2025-11-25 14:30:00-05:00,278.0400085449219,278.1449890136719,277.49749755859375,277.56500244140625
2025-11-25 15:30:00-05:00,277.55999755859375,278.0,276.8599853515625,276.95001220703125
2025-11-26 09:30:00-05:00,276.9599914550781,279.0474853515625,276.6300048828125,277.80999755859375
2025-11-26 10:30:00-05:00,277.7900085449219,279.1400146484375,276.80999755859375,279.0101013183594
2025-11-26 11:30:00-05:00,279.0299987792969,279.5299987792969,278.8699951171875,279.0790100097656
2025-11-26 12:30:00-05:00,279.07000732421875,279.2900085449219,278.0950012207031,278.54998779296875
2025-11-26 13:30:00-05:00,278.55999755859375,278.581787109375,277.92498779296875,278.260009765625
2025-11-26 14:30:00-05:00,278.2601013183594,278.94000244140625,278.010009765625,278.0799865722656
2025-11-26 15:30:00-05:00,278.07000732421875,278.29998779296875,277.1499938964844,277.4700012207031
2025-11-28 09:30:00-05:00,277.260009765625,278.23919677734375,276.0199890136719,276.260009765625
2025-11-28 10:30:00-05:00,276.2900085449219,276.9198913574219,275.989990234375,276.25
2025-11-28 11:30:00-05:00,276.2449951171875,277.16009521484375,275.98651123046875,277.04998779296875
2025-12-01 09:30:00-05:00,278.1499938964844,278.7699890136719,276.1400146484375,278.14208984375
2025-12-01 10:30:00-05:00,278.1000061035156,278.4801025390625,277.30499267578125,277.9200134277344
2025-12-01 11:30:00-05:00,277.8999938964844,279.8900146484375,277.8900146484375,279.7705078125
2025-12-01 12:30:00-05:00,279.7749938964844,280.6400146484375,279.4599914550781,280.58819580078125
2025-12-01 13:30:00-05:00,280.590087890625,281.2200012207031,280.45001220703125,280.8900146484375
2025-12-01 14:30:00-05:00,280.8800048828125,281.94000244140625,280.7099914550781,281.9100036621094
2025-12-01 15:30:00-05:00,281.9200134277344,283.4100036621094,281.7300109863281,283.32000732421875
2025-12-02 09:30:00-05:00,283.0,285.3089904785156,282.7300109863281,284.57000732421875
2025-12-02 10:30:00-05:00,284.5400085449219,287.3999938964844,284.1499938964844,285.5400085449219
2025-12-02 11:30:00-05:00,285.5400085449219,285.9999084472656,284.8299865722656,285.8699951171875
2025-12-02 12:30:00-05:00,285.8800048828125,286.3399963378906,284.94000244140625,285.2149963378906
2025-12-02 13:30:00-05:00,285.20001220703125,286.1300048828125,285.0150146484375,285.625
2025-12-02 14:30:00-05:00,285.6000061035156,286.82000732421875,285.5801086425781,286.239990234375
2025-12-02 15:30:00-05:00,286.239990234375,286.6099853515625,285.7099914550781,286.2300109863281
2025-12-03 09:30:00-05:00,286.20001220703125,288.6099853515625,285.8999938964844,287.34051513671875
2025-12-03 10:30:00-05:00,287.32000732421875,287.5899963378906,285.75,286.4100036621094
2025-12-03 11:30:00-05:00,286.4200134277344,286.82000732421875,285.5,286.385009765625
2025-12-03 12:30:00-05:00,286.3500061035156,286.44000244140625,285.3399963378906,285.6792907714844
2025-12-03 13:30:00-05:00,285.67999267578125,285.94000244140625,284.8843078613281,285.2099914550781
2025-12-03 14:30:00-05:00,285.2300109863281,285.2499084472656,284.2749938964844,284.55499267578125
2025-12-03 15:30:00-05:00,284.54998779296875,284.70001220703125,283.5400085449219,284.1499938964844
2025-12-04 09:30:00-05:00,284.1099853515625,284.7300109863281,280.2699890136719,281.2250061035156
2025-12-04 10:30:00-05:00,281.2099914550781,281.6000061035156,279.80999755859375,280.2799987792969
2025-12-04 11:30:00-05:00,280.2850036621094,280.9335021972656,279.93780517578125,280.114990234375
2025-12-04 12:30:00-05:00,280.1300048828125,280.4866943359375,279.6400146484375,280.0050048828125
2025-12-04 13:30:00-05:00,279.989990234375,280.1000061035156,278.5899963378906,278.8599853515625
2025-12-04 14:30:00-05:00,278.8599853515625,280.7300109863281,278.82000732421875,280.125
2025-12-04 15:30:00-05:00,280.1199951171875,280.69000244140625,279.5799865722656,280.6499938964844
2025-12-05 09:30:00-05:00,280.5400085449219,281.1400146484375,279.2699890136719,280.4551086425781
2025-12-05 10:30:00-05:00,280.4599914550781,280.9800109863281,279.2900085449219,279.2950134277344
2025-12-05 11:30:00-05:00,279.29998779296875,279.3299865722656,278.114990234375,278.31500244140625
2025-12-05 12:30:00-05:00,278.31500244140625,279.4801025390625,278.04998779296875,279.44000244140625
2025-12-05 13:30:00-05:00,279.4800109863281,279.57000732421875,278.5849914550781,279.2337951660156
2025-12-05 14:30:00-05:00,279.2300109863281,279.29998779296875,278.5400085449219,278.8013916015625
2025-12-05 15:30:00-05:00,278.79998779296875,279.0249938964844,278.19000244140625,278.7900085449219
2025-12-08 09:30:00-05:00,278.1684875488281,279.6693115234375,277.45001220703125,277.55999755859375
2025-12-08 10:30:00-05:00,277.54998779296875,277.8800048828125,276.7049865722656,277.4599914550781
2025-12-08 11:30:00-05:00,277.4700012207031,277.8190002441406,277.0000915527344,277.2300109863281
2025-12-08 12:30:00-05:00,277.2099914550781,277.84991455078125,276.8699951171875,276.9700012207031
2025-12-08 13:30:00-05:00,276.9494934082031,276.9494934082031,276.20001220703125,276.3599853515625
2025-12-08 14:30:00-05:00,276.3699951171875,276.9700012207031,276.1499938964844,276.92498779296875
2025-12-08 15:30:00-05:00,276.92999267578125,277.9849853515625,276.6600036621094,277.9599914550781
2025-12-09 09:30:00-05:00,277.8900146484375,280.0299987792969,277.3500061035156,277.70001220703125
2025-12-09 10:30:00-05:00,277.70001220703125,278.0,277.0299987792969,277.4100036621094
2025-12-09 11:30:00-05:00,277.4100036621094,278.1199951171875,277.20001220703125,277.875
2025-12-09 12:30:00-05:00,277.875,278.739990234375,277.79998779296875,278.385009765625
2025-12-09 13:30:00-05:00,278.385009765625,278.8900146484375,278.1199951171875,278.69000244140625
2025-12-09 14:30:00-05:00,278.69000244140625,278.75,277.6499938964844,277.864990234375
2025-12-09 15:30:00-05:00,277.864990234375,278.25,276.9200134277344,277.2300109863281
2025-12-10 09:30:00-05:00,277.8699951171875,278.7929992675781,276.5849914550781,277.45001220703125
2025-12-10 10:30:00-05:00,277.4549865722656,278.2799987792969,276.44000244140625,278.2576904296875
2025-12-10 11:30:00-05:00,278.2300109863281,278.8900146484375,277.9750061035156,278.5264892578125
2025-12-10 12:30:00-05:00,278.5199890136719,279.2799987792969,278.0849914550781,278.1199951171875
2025-12-10 13:30:00-05:00,278.1199951171875,279.2200012207031,277.9100036621094,278.2200012207031
2025-12-10 14:30:00-05:00,278.2200012207031,279.75,277.70001220703125,278.9800109863281
2025-12-10 15:30:00-05:00,278.989990234375,279.3699951171875,278.5899963378906,278.7200012207031
2025-12-11 09:30:00-05:00,279.0950012207031,279.5799865722656,273.80999755859375,276.1199951171875
2025-12-11 10:30:00-05:00,276.114990234375,276.5899963378906,275.20001220703125,275.82501220703125
2025-12-11 11:30:00-05:00,275.82000732421875,278.17999267578125,275.80999755859375,277.9049987792969
2025-12-11 12:30:00-05:00,277.9200134277344,278.3500061035156,277.3800048828125,277.5226135253906
2025-12-11 13:30:00-05:00,277.5249938964844,278.2099914550781,277.510009765625,277.760009765625
2025-12-11 14:30:00-05:00,277.760009765625,278.2149963378906,277.59130859375,278.0950012207031
2025-12-11 15:30:00-05:00,278.0899963378906,278.2099914550781,277.4700012207031,278.05999755859375
2025-12-12 09:30:00-05:00,277.7950134277344,279.2200012207031,276.82000732421875,277.8699951171875
2025-12-12 10:30:00-05:00,277.8800048828125,278.8599853515625,277.44000244140625,277.739990234375
2025-12-12 11:30:00-05:00,277.7699890136719,278.44000244140625,277.2807922363281,277.8550109863281
2025-12-12 12:30:00-05:00,277.8349914550781,279.19000244140625,277.8349914550781,279.04998779296875
2025-12-12 13:30:00-05:00,279.0400085449219,279.04998779296875,277.7300109863281,277.95001220703125
2025-12-12 14:30:00-05:00,277.95001220703125,278.70001220703125,277.80999755859375,278.05499267578125
2025-12-12 15:30:00-05:00,278.04998779296875,278.5,276.94500732421875,278.3699951171875
2025-12-15 09:30:00-05:00,280.0,280.04998779296875,273.6199951171875,274.1449890136719
2025-12-15 10:30:00-05:00,274.1700134277344,275.6404113769531,273.7200012207031,275.510009765625
2025-12-15 11:30:00-05:00,275.5400085449219,275.69500732421875,274.1499938964844,274.9200134277344
2025-12-15 12:30:00-05:00,274.92498779296875,275.1000061035156,273.7300109863281,274.0400085449219
2025-12-15 13:30:00-05:00,274.0199890136719,274.25,273.0799865722656,273.3699951171875
2025-12-15 14:30:00-05:00,273.3800048828125,273.8424987792969,272.8399963378906,273.80499267578125
2025-12-15 15:30:00-05:00,273.80999755859375,274.7200012207031,273.5199890136719,274.114990234375
2025-12-16 09:30:00-05:00,272.82000732421875,274.0299987792969,271.7900085449219,273.1700134277344
2025-12-16 10:30:00-05:00,273.1700134277344,273.82000732421875,272.5,272.80999755859375
2025-12-16 11:30:00-05:00,272.79998779296875,274.2799987792969,272.69000244140625,273.20001220703125
2025-12-16 12:30:00-05:00,273.19989013671875,273.489990234375,271.79998779296875,272.1300048828125
2025-12-16 13:30:00-05:00,272.135009765625,273.9100036621094,272.135009765625,273.56500244140625
2025-12-16 14:30:00-05:00,273.56500244140625,274.79998779296875,273.5400085449219,274.55999755859375
2025-12-16 15:30:00-05:00,274.54998779296875,275.5,274.45001220703125,274.4700012207031
2025-12-17 09:30:00-05:00,275.010009765625,276.1600036621094,274.8299865722656,275.4949951171875
2025-12-17 10:30:00-05:00,275.4700012207031,275.7300109863281,273.0450134277344,273.489990234375
2025-12-17 11:30:00-05:00,273.489990234375,273.489990234375,272.2799987792969,272.8699951171875
2025-12-17 12:30:00-05:00,272.8800048828125,273.69000244140625,272.6499938964844,273.0199890136719
2025-12-17 13:30:00-05:00,272.9901123046875,273.9700012207031,272.44000244140625,273.7850036621094
2025-12-17 14:30:00-05:00,273.7699890136719,274.1099853515625,273.57000732421875,273.65008544921875
2025-12-17 15:30:00-05:00,273.6700134277344,273.8699951171875,271.69000244140625,271.8599853515625
2025-12-18 09:30:00-05:00,273.6050109863281,273.6199951171875,266.9599914550781,270.8999938964844
2025-12-18 10:30:00-05:00,270.86199951171875,272.7200012207031,270.80999755859375,272.29998779296875
2025-12-18 11:30:00-05:00,272.2900085449219,273.16400146484375,269.94000244140625,270.25
2025-12-18 12:30:00-05:00,270.20001220703125,272.75,270.1199951171875,272.6499938964844
2025-12-18 13:30:00-05:00,272.6700134277344,272.9599914550781,271.0899963378906,271.3699951171875
2025-12-18 14:30:00-05:00,271.3699951171875,271.96990966796875,270.5,271.8399963378906
2025-12-18 15:30:00-05:00,271.8500061035156,273.20001220703125,271.7850036621094,272.1600036621094
2025-12-19 09:30:00-05:00,272.1449890136719,272.9200134277344,270.95001220703125,271.7349853515625
2025-12-19 10:30:00-05:00,271.7200927734375,272.82000732421875,270.9949951171875,271.26080322265625
2025-12-19 11:30:00-05:00,271.2622985839844,271.4599914550781,270.2699890136719,270.6549987792969
2025-12-19 12:30:00-05:00,270.6600036621094,271.80950927734375,270.3399963378906,270.75
2025-12-19 13:30:00-05:00,270.760009765625,271.5098876953125,270.3999938964844,271.3699951171875
2025-12-19 14:30:00-05:00,271.3800048828125,271.739990234375,270.17498779296875,270.79998779296875
2025-12-19 15:30:00-05:00,270.80999755859375,274.5762939453125,269.8999938964844,273.6700134277344
2025-12-22 09:30:00-05:00,272.8599853515625,273.8800048828125,271.57000732421875,272.0150146484375
2025-12-22 10:30:00-05:00,272.0299987792969,272.79998779296875,271.510009765625,272.44000244140625
2025-12-22 11:30:00-05:00,272.4200134277344,272.510009765625,271.5199890136719,271.94000244140625
2025-12-22 12:30:00-05:00,271.9200134277344,272.1400146484375,270.739990234375,270.9399108886719
2025-12-22 13:30:00-05:00,270.93499755859375,271.1400146484375,270.510009765625,270.864990234375
2025-12-22 14:30:00-05:00,270.8699951171875,271.1099853515625,270.7149963378906,270.7200012207031
2025-12-22 15:30:00-05:00,270.7149963378906,271.19989013671875,270.5050048828125,270.82000732421875
2025-12-23 09:30:00-05:00,270.3599853515625,271.92999267578125,269.55999755859375,270.8399963378906
2025-12-23 10:30:00-05:00,270.8399963378906,271.95001220703125,270.70001220703125,271.7814025878906
2025-12-23 11:30:00-05:00,271.81500244140625,272.3111877441406,271.4729919433594,271.5299987792969
2025-12-23 12:30:00-05:00,271.5400085449219,271.80999755859375,271.1099853515625,271.70001220703125
2025-12-23 13:30:00-05:00,271.70001220703125,272.1199951171875,271.5,271.80999755859375
2025-12-23 14:30:00-05:00,271.80999755859375,272.44000244140625,271.760009765625,272.10699462890625
2025-12-23 15:30:00-05:00,272.1000061035156,272.45001220703125,271.8399963378906,272.239990234375
2025-12-24 09:30:00-05:00,273.25,274.739990234375,273.0899963378906,274.03509521484375
2025-12-24 10:30:00-05:00,274.0400085449219,275.04998779296875,273.9100036621094,274.85101318359375
2025-12-24 11:30:00-05:00,274.8599853515625,275.42999267578125,274.8299865722656,275.3599853515625
2025-12-26 09:30:00-05:00,274.25,275.3699951171875,274.05999755859375,274.8247985839844
2025-12-26 10:30:00-05:00,274.81500244140625,274.9800109863281,274.3699951171875,274.8800048828125
2025-12-26 11:30:00-05:00,274.8800048828125,274.93499755859375,274.4100036621094,274.6400146484375
2025-12-26 12:30:00-05:00,274.6300048828125,274.6499938964844,274.2250061035156,274.5199890136719
2025-12-26 13:30:00-05:00,274.5249938964844,274.9849853515625,274.3800048828125,274.7601013183594
2025-12-26 14:30:00-05:00,274.7650146484375,274.8299865722656,273.8700866699219,273.9800109863281
2025-12-26 15:30:00-05:00,273.9800109863281,273.989990234375,272.8699951171875,273.25
2025-12-29 09:30:00-05:00,272.5,274.3599853515625,272.4049987792969,273.9543151855469
2025-12-29 10:30:00-05:00,273.95001220703125,274.0299987792969,272.989990234375,273.2200012207031
2025-12-29 11:30:00-05:00,273.21881103515625,273.2900085449219,272.8299865722656,273.0400085449219
2025-12-29 12:30:00-05:00,273.0400085449219,273.6700134277344,272.9502868652344,273.6400146484375
2025-12-29 13:30:00-05:00,273.6300048828125,274.0,273.44000244140625,273.67999267578125
2025-12-29 14:30:00-05:00,273.67999267578125,274.0,273.6700134277344,273.9028015136719
2025-12-29 15:30:00-05:00,273.9100036621094,273.94000244140625,273.4599914550781,273.79901123046875
2025-12-30 09:30:00-05:00,274.0,274.07000732421875,272.3948059082031,272.5899963378906
2025-12-30 10:30:00-05:00,272.5799865722656,273.32000732421875,272.4200134277344,272.85980224609375
2025-12-30 11:30:00-05:00,272.8299865722656,272.9200134277344,272.2799987792969,272.5899963378906
2025-12-30 12:30:00-05:00,272.5899963378906,273.19000244140625,272.55999755859375,273.1000061035156
2025-12-30 13:30:00-05:00,273.1000061035156,273.52178955078125,273.0101013183594,273.3900146484375
2025-12-30 14:30:00-05:00,273.3800048828125,273.4744873046875,273.0899963378906,273.1650085449219
2025-12-30 15:30:00-05:00,273.1600036621094,273.2550048828125,272.739990234375,272.989990234375
2025-12-31 09:30:00-05:00,273.3599853515625,273.67999267578125,272.2318115234375,272.489990234375
2025-12-31 10:30:00-05:00,272.4949951171875,272.5849914550781,271.760009765625,272.489990234375
2025-12-31 11:30:00-05:00,272.489990234375,272.79998779296875,272.2699890136719,272.6700134277344
2025-12-31 12:30:00-05:00,272.6600036621094,273.1000061035156,272.54998779296875,272.625
2025-12-31 13:30:00-05:00,272.625,273.42999267578125,272.5799865722656,272.9609069824219
2025-12-31 14:30:00-05:00,272.97021484375,273.0068054199219,271.9599914550781,272.0799865722656
2025-12-31 15:30:00-05:00,272.0899963378906,272.75,271.75,271.8399963378906
2026-01-02 09:30:00-05:00,272.0,277.8247985839844,272.0,273.3900146484375
2026-01-02 10:30:00-05:00,273.3699951171875,273.3900146484375,269.8299865722656,270.3245849609375
2026-01-02 11:30:00-05:00,270.29998779296875,270.9599914550781,269.1099853515625,270.1499938964844
2026-01-02 12:30:00-05:00,270.17999267578125,270.4800109863281,269.7300109863281,270.0799865722656
2026-01-02 13:30:00-05:00,270.0899963378906,270.2499084472656,269.0199890136719,270.1300048828125
2026-01-02 14:30:00-05:00,270.1400146484375,270.8399963378906,270.0899963378906,270.510009765625
2026-01-02 15:30:00-05:00,270.5299987792969,271.04998779296875,270.3500061035156,270.9800109863281
2026-01-05 09:30:00-05:00,270.7149963378906,271.3599853515625,267.8599853515625,269.80999755859375
2026-01-05 10:30:00-05:00,269.79998779296875,270.2200012207031,268.70001220703125,268.7900085449219
2026-01-05 11:30:00-05:00,268.7799987792969,268.8500061035156,266.9200134277344,266.9700012207031
2026-01-05 12:30:00-05:00,266.989990234375,267.8900146484375,266.7701110839844,267.4200134277344
2026-01-05 13:30:00-05:00,267.4100036621094,267.6650085449219,266.1400146484375,266.2698974609375
2026-01-05 14:30:00-05:00,266.2699890136719,267.0400085449219,266.20001220703125,267.0190124511719
2026-01-05 15:30:00-05:00,267.0299987792969,267.739990234375,266.45001220703125,267.260009765625
2026-01-06 09:30:00-05:00,267.00799560546875,267.00799560546875,263.0299987792969,264.0299987792969
2026-01-06 10:30:00-05:00,264.0299987792969,265.1000061035156,262.29998779296875,262.4198913574219
2026-01-06 11:30:00-05:00,262.4200134277344,263.0,262.2099914550781,262.8846130371094
2026-01-06 12:30:00-05:00,262.8900146484375,263.79998779296875,262.4901123046875,262.5400085449219
2026-01-06 13:30:00-05:00,262.92999267578125,263.07000732421875,262.5400085449219,262.87701416015625
2026-01-06 14:30:00-05:00,262.7799987792969,263.0150146484375,262.260009765625,262.82000732421875
2026-01-06 15:30:00-05:00,262.8299865722656,262.9601135253906,262.3999938964844,262.42498779296875
2026-01-07 09:30:00-05:00,263.2699890136719,263.67999267578125,261.2099914550781,262.0299987792969
2026-01-07 10:30:00-05:00,262.0199890136719,262.2900085449219,260.9100036621094,261.0837097167969
2026-01-07 11:30:00-05:00,261.0849914550781,262.57000732421875,261.07000732421875,262.3599853515625
2026-01-07 12:30:00-05:00,262.3699951171875,262.70001220703125,261.0799865722656,261.2200012207031
2026-01-07 13:30:00-05:00,261.2449951171875,262.20001220703125,261.1300048828125,261.5899963378906
2026-01-07 14:30:00-05:00,261.5899963378906,262.5199890136719,261.260009765625,261.3299865722656
2026-01-07 15:30:00-05:00,261.3299865722656,261.3299865722656,259.82000732421875,260.3599853515625
2026-01-08 09:30:00-05:00,256.375,257.7699890136719,255.6999969482422,256.7449951171875
2026-01-08 10:30:00-05:00,256.7200927734375,257.19000244140625,255.9499969482422,256.1099853515625
2026-01-08 11:30:00-05:00,256.1099853515625,258.6000061035156,255.97000122070312,256.7090148925781
2026-01-08 12:30:00-05:00,256.6900939941406,257.6300048828125,256.5979919433594,257.4800109863281
2026-01-08 13:30:00-05:00,257.510009765625,257.5199890136719,256.29998779296875,256.6000061035156
2026-01-08 14:30:00-05:00,256.6050109863281,258.3299865722656,256.3800048828125,258.2799987792969
2026-01-08 15:30:00-05:00,258.2799987792969,259.2799987792969,257.9601135253906,259.05999755859375
2026-01-09 09:30:00-05:00,259.07501220703125,260.0,256.2200927734375,258.4599914550781
2026-01-09 10:30:00-05:00,258.4599914550781,258.75,256.8800048828125,256.9599914550781
2026-01-09 11:30:00-05:00,256.9512939453125,259.05499267578125,256.7663879394531,258.92999267578125
2026-01-09 12:30:00-05:00,258.9100036621094,259.1600036621094,258.2401123046875,259.1199951171875
2026-01-09 13:30:00-05:00,259.1300048828125,259.95001220703125,259.010009765625,259.7300109863281
2026-01-09 14:30:00-05:00,259.7300109863281,260.2099914550781,259.67999267578125,259.9649963378906
2026-01-09 15:30:00-05:00,259.95001220703125,260.05499267578125,258.95001220703125,259.3500061035156
2026-01-12 09:30:00-05:00,259.4100036621094,261.29998779296875,256.79998779296875,260.3500061035156
2026-01-12 10:30:00-05:00,260.364990234375,260.45001220703125,259.04998779296875,260.2300109863281
2026-01-12 11:30:00-05:00,260.2300109863281,261.1099853515625,259.7099914550781,260.60931396484375
2026-01-12 12:30:00-05:00,260.6000061035156,261.29998779296875,260.3500061035156,260.8900146484375
2026-01-12 13:30:00-05:00,260.8909912109375,260.94000244140625,260.19000244140625,260.6400146484375
2026-01-12 14:30:00-05:00,260.6499938964844,261.19000244140625,260.48529052734375,260.9700012207031
2026-01-12 15:30:00-05:00,260.9599914550781,261.1300048828125,260.010009765625,260.2099914550781
2026-01-13 09:30:00-05:00,258.8999938964844,261.80999755859375,258.8999938964844,260.090087890625
2026-01-13 10:30:00-05:00,260.1400146484375,260.2799072265625,259.489990234375,259.9100036621094
2026-01-13 11:30:00-05:00,259.8999938964844,261.1600036621094,259.8500061035156,260.8399963378906
2026-01-13 12:30:00-05:00,260.8500061035156,261.44000244140625,259.989990234375,259.989990234375
2026-01-13 13:30:00-05:00,259.9800109863281,260.6736145019531,259.1499938964844,259.739990234375
2026-01-13 14:30:00-05:00,259.7398986816406,259.79998779296875,258.7601013183594,259.0199890136719
2026-01-13 15:30:00-05:00,259.010009765625,261.20001220703125,258.8399963378906,261.04998779296875
2026-01-14 09:30:00-05:00,259.489990234375,261.80999755859375,258.82000732421875,259.75
2026-01-14 10:30:00-05:00,259.7550048828125,260.0,257.8599853515625,258.739990234375
2026-01-14 11:30:00-05:00,258.739990234375,258.80999755859375,256.7099914550781,257.3800048828125
2026-01-14 12:30:00-05:00,257.3900146484375,257.7149963378906,256.9100036621094,257.5299987792969
2026-01-14 13:30:00-05:00,257.5299987792969,258.1000061035156,257.05499267578125,257.79998779296875
2026-01-14 14:30:00-05:00,257.79998779296875,259.9800109863281,257.7900085449219,259.9700012207031
2026-01-14 15:30:00-05:00,259.9800109863281,260.6000061035156,258.6841125488281,259.95001220703125
2026-01-15 09:30:00-05:00,260.6499938964844,261.0299987792969,259.6199951171875,260.10009765625
2026-01-15 10:30:00-05:00,260.1400146484375,260.78509521484375,259.19000244140625,260.4949951171875
2026-01-15 11:30:00-05:00,260.5,260.6300048828125,259.29998779296875,259.3299865722656
2026-01-15 12:30:00-05:00,259.3399963378906,259.56500244140625,258.0,259.5299987792969
2026-01-15 13:30:00-05:00,259.54998779296875,259.75,258.260009765625,258.32000732421875
2026-01-15 14:30:00-05:00,258.3434143066406,258.45001220703125,257.04998779296875,257.6700134277344
2026-01-15 15:30:00-05:00,257.6575012207031,258.3800048828125,257.1099853515625,258.3299865722656
2026-01-16 09:30:00-05:00,257.8800048828125,258.8999938964844,256.4601135253906,256.80999755859375
2026-01-16 10:30:00-05:00,256.80999755859375,256.9200134277344,256.05999755859375,256.4399108886719
2026-01-16 11:30:00-05:00,256.426513671875,256.6300048828125,255.82000732421875,255.8300018310547
2026-01-16 12:30:00-05:00,255.8300018310547,256.08990478515625,254.92999267578125,256.0299987792969
2026-01-16 13:30:00-05:00,256.0299987792969,257.1499938964844,255.9149932861328,256.0
2026-01-16 14:30:00-05:00,256.0,256.9700012207031,255.94000244140625,256.17999267578125
2026-01-16 15:30:00-05:00,256.1700134277344,256.4725036621094,255.1300048828125,255.47999572753906
2026-01-20 09:30:00-05:00,252.50999450683594,254.7899932861328,250.85000610351562,251.61570739746094
2026-01-20 10:30:00-05:00,251.63999938964844,252.1300048828125,250.69000244140625,251.30499267578125
2026-01-20 11:30:00-05:00,251.3000030517578,251.58999633789062,250.35000610351562,250.55999755859375
2026-01-20 12:30:00-05:00,250.52000427246094,250.6999969482422,249.0800018310547,249.19500732421875
2026-01-20 13:30:00-05:00,249.17999267578125,249.22999572753906,247.4199981689453,247.45249938964844
2026-01-20 14:30:00-05:00,247.4499969482422,248.17999267578125,245.0800018310547,245.4600067138672
2026-01-20 15:30:00-05:00,245.4600067138672,246.92999267578125,243.4199981689453,246.69000244140625
2026-01-21 09:30:00-05:00,248.7100067138672,248.75,246.0800018310547,247.57000732421875
2026-01-21 10:30:00-05:00,247.57000732421875,248.72000122070312,246.8300018310547,247.3000030517578
2026-01-21 11:30:00-05:00,247.30999755859375,247.36000061035156,245.19000244140625,245.8300018310547
2026-01-21 12:30:00-05:00,245.82009887695312,246.47000122070312,245.5800018310547,245.8800048828125
2026-01-21 13:30:00-05:00,245.8800048828125,247.33999633789062,245.5,247.1103057861328
2026-01-21 14:30:00-05:00,247.1300048828125,251.55999755859375,247.10000610351562,248.38279724121094
2026-01-21 15:30:00-05:00,248.38999938964844,248.5800018310547,246.83999633789062,247.6300048828125
2026-01-22 09:30:00-05:00,249.1999969482422,250.7799072265625,248.38499450683594,250.1300048828125
2026-01-22 10:30:00-05:00,250.14999389648438,250.16000366210938,249.0,249.6999053955078
2026-01-22 11:30:00-05:00,249.69500732421875,249.89999389648438,249.25999450683594,249.74000549316406
2026-01-22 12:30:00-05:00,249.75,250.82000732421875,249.72999572753906,250.67999267578125
2026-01-22 13:30:00-05:00,250.6699981689453,251.0,249.75010681152344,250.52000427246094
2026-01-22 14:30:00-05:00,250.50999450683594,250.625,248.26510620117188,248.3699951171875
2026-01-22 15:30:00-05:00,248.33999633789062,248.9199981689453,248.17999267578125,248.36000061035156
2026-01-23 09:30:00-05:00,245.75,247.24000549316406,244.67999267578125,247.01010131835938
2026-01-23 10:30:00-05:00,247.02000427246094,249.41000366210938,246.97000122070312,248.35000610351562
2026-01-23 11:30:00-05:00,248.3699951171875,248.8000030517578,247.8800048828125,248.73989868164062
2026-01-23 12:30:00-05:00,248.72000122070312,248.80990600585938,247.61000061035156,247.92999267578125
2026-01-23 13:30:00-05:00,247.9600067138672,248.0299072265625,246.97000122070312,247.47500610351562
2026-01-23 14:30:00-05:00,247.47000122070312,248.47000122070312,247.40499877929688,248.19000244140625
2026-01-23 15:30:00-05:00,248.19000244140625,248.85000610351562,247.7449951171875,247.97000122070312
2026-01-26 09:30:00-05:00,251.47999572753906,254.88999938964844,249.8000030517578,254.0399932861328
2026-01-26 10:30:00-05:00,254.0399932861328,255.5,253.9199981689453,255.0998992919922
2026-01-26 11:30:00-05:00,255.0850067138672,255.4199981689453,254.25999450683594,254.5
2026-01-26 12:30:00-05:00,254.47000122070312,254.75,254.0800018310547,254.64999389648438
2026-01-26 13:30:00-05:00,254.63999938964844,255.97000122070312,254.32000732421875,255.94000244140625
2026-01-26 14:30:00-05:00,255.92999267578125,256.55999755859375,255.47000122070312,255.72500610351562
2026-01-26 15:30:00-05:00,255.72999572753906,255.99000549316406,254.89999389648438,255.4199981689453
2026-01-27 09:30:00-05:00,259.1400146484375,261.95001220703125,258.6600036621094,259.8450012207031
2026-01-27 10:30:00-05:00,259.8599853515625,261.3900146484375,259.760009765625,260.7200012207031
2026-01-27 11:30:00-05:00,260.7200012207031,261.3599853515625,260.4700012207031,261.30999755859375
2026-01-27 12:30:00-05:00,261.30010986328125,261.3500061035156,260.2301025390625,260.2550048828125
2026-01-27 13:30:00-05:00,260.2699890136719,260.3599853515625,259.5199890136719,259.875
2026-01-27 14:30:00-05:00,259.875,260.0400085449219,259.1499938964844,259.3800048828125
2026-01-27 15:30:00-05:00,259.385009765625,259.67498779296875,258.2099914550781,258.2699890136719
2026-01-28 09:30:00-05:00,257.55999755859375,258.8550109863281,255.21499633789062,256.0899963378906
2026-01-28 10:30:00-05:00,256.05999755859375,256.7099914550781,255.25999450683594,255.49000549316406
2026-01-28 11:30:00-05:00,255.47000122070312,255.47999572753906,254.66000366210938,254.82000732421875
2026-01-28 12:30:00-05:00,254.8000030517578,255.38999938964844,254.50999450683594,255.2550048828125
2026-01-28 13:30:00-05:00,255.25999450683594,255.8800048828125,254.77999877929688,255.11000061035156
2026-01-28 14:30:00-05:00,255.0800018310547,256.6400146484375,255.0500030517578,256.4750061035156
2026-01-28 15:30:00-05:00,256.4599914550781,256.8999938964844,255.92999267578125,256.44000244140625
2026-01-29 09:30:00-05:00,258.07000732421875,259.6499938964844,255.49000549316406,256.8999938964844
2026-01-29 10:30:00-05:00,256.8900146484375,257.0400085449219,254.41000366210938,256.1700134277344
2026-01-29 11:30:00-05:00,256.1300048828125,257.4100036621094,255.1199951171875,257.2200012207031
2026-01-29 12:30:00-05:00,257.20001220703125,257.6700134277344,256.54998779296875,257.3800048828125
2026-01-29 13:30:00-05:00,257.364990234375,258.1816101074219,257.1600036621094,258.1449890136719
2026-01-29 14:30:00-05:00,258.1449890136719,258.5683898925781,257.7401123046875,258.2950134277344
2026-01-29 15:30:00-05:00,258.30999755859375,259.3500061035156,257.75,258.17498779296875
2026-01-30 09:30:00-05:00,255.1649932861328,258.70001220703125,252.17999267578125,254.0
2026-01-30 10:30:00-05:00,254.0800018310547,256.9049987792969,253.69500732421875,256.6875
2026-01-30 11:30:00-05:00,256.69000244140625,257.1400146484375,254.2834930419922,255.2100067138672
2026-01-30 12:30:00-05:00,255.16000366210938,256.07000732421875,254.5399932861328,256.05499267578125
2026-01-30 13:30:00-05:00,256.05499267578125,258.0799865722656,255.75,257.5849914550781
2026-01-30 14:30:00-05:00,257.6000061035156,259.9100036621094,257.4100036621094,259.9100036621094
2026-01-30 15:30:00-05:00,259.9200134277344,261.89990234375,258.0,259.4800109863281
2026-02-02 09:30:00-05:00,260.0199890136719,265.25,259.2049865722656,265.0400085449219
2026-02-02 10:30:00-05:00,265.0350036621094,265.3699951171875,262.30999755859375,264.29180908203125
2026-02-02 11:30:00-05:00,264.2950134277344,264.8500061035156,263.80999755859375,264.17999267578125
2026-02-02 12:30:00-05:00,264.19000244140625,265.30999755859375,263.7799987792969,265.1300048828125
2026-02-02 13:30:00-05:00,265.1449890136719,267.3500061035156,265.010009765625,267.17999267578125
2026-02-02 14:30:00-05:00,267.125,269.56988525390625,266.82000732421875,268.9800109863281
2026-02-02 15:30:00-05:00,268.9750061035156,270.489990234375,268.8399963378906,269.9599914550781
2026-02-03 09:30:00-05:00,269.1300048828125,271.5799865722656,267.69000244140625,269.885009765625
2026-02-03 10:30:00-05:00,269.8500061035156,271.2850036621094,267.6099853515625,268.8949890136719
2026-02-03 11:30:00-05:00,268.8999938964844,270.5,268.2900085449219,268.8999938964844
2026-02-03 12:30:00-05:00,268.8900146484375,270.3699951171875,268.7550048828125,269.3399963378906
2026-02-03 13:30:00-05:00,269.3349914550781,271.875,268.8500061035156,271.4800109863281
2026-02-03 14:30:00-05:00,271.4700012207031,271.70001220703125,268.6700134277344,269.2099914550781
2026-02-03 15:30:00-05:00,269.2149963378906,270.04998779296875,268.8399963378906,269.4599914550781
2026-02-04 09:30:00-05:00,272.30999755859375,278.80999755859375,272.2850036621094,276.1000061035156
2026-02-04 10:30:00-05:00,276.125,277.3900146484375,275.29998779296875,277.21380615234375
2026-02-04 11:30:00-05:00,277.1935119628906,277.260009765625,273.8999938964844,275.25
2026-02-04 12:30:00-05:00,275.2699890136719,276.114990234375,273.1400146484375,275.6000061035156
2026-02-04 13:30:00-05:00,275.6199951171875,275.760009765625,274.3500061035156,274.9100036621094
2026-02-04 14:30:00-05:00,274.90020751953125,278.0799865722656,274.8299865722656,277.6099853515625
2026-02-04 15:30:00-05:00,277.6099853515625,278.95001220703125,276.3599853515625,276.4599914550781
2026-02-05 09:30:00-05:00,278.0199890136719,279.44000244140625,273.2300109863281,276.7850036621094
2026-02-05 10:30:00-05:00,276.7900085449219,277.3999938964844,273.2900085449219,275.2200012207031
2026-02-05 11:30:00-05:00,275.2900085449219,275.5,273.5249938964844,274.739990234375
2026-02-05 12:30:00-05:00,274.7200012207031,274.9800109863281,273.9100036621094,274.32000732421875
2026-02-05 13:30:00-05:00,274.260009765625,277.57000732421875,274.114990234375,277.0450134277344
2026-02-05 14:30:00-05:00,277.06500244140625,277.7200012207031,276.085693359375,276.6300048828125
2026-02-05 15:30:00-05:00,276.6300048828125,276.9100036621094,275.3500061035156,275.9200134277344
2026-02-06 09:30:00-05:00,277.1600036621094,280.9049987792969,277.0,279.2900085449219
2026-02-06 10:30:00-05:00,279.29998779296875,279.95001220703125,278.3500061035156,279.114990234375
2026-02-06 11:30:00-05:00,279.1000061035156,279.7749938964844,278.239990234375,278.67999267578125
2026-02-06 12:30:00-05:00,278.7099914550781,278.79998779296875,277.4901123046875,277.7749938964844
2026-02-06 13:30:00-05:00,277.79998779296875,277.9599914550781,276.92498779296875,277.1300048828125
2026-02-06 14:30:00-05:00,277.1300048828125,278.75,276.9949951171875,277.6600036621094
2026-02-06 15:30:00-05:00,277.6549987792969,279.010009765625,277.57000732421875,278.0799865722656
2026-02-09 09:30:00-05:00,277.9049987792969,278.0400085449219,273.04998779296875,273.08270263671875
2026-02-09 10:30:00-05:00,273.0899963378906,273.75,272.7699890136719,273.398193359375
2026-02-09 11:30:00-05:00,273.3699951171875,273.79998779296875,271.70001220703125,272.0115051269531
2026-02-09 12:30:00-05:00,272.0400085449219,272.3399963378906,271.7699890136719,271.9800109863281
2026-02-09 13:30:00-05:00,271.9800109863281,273.7099914550781,271.8399963378906,273.6199951171875
2026-02-09 14:30:00-05:00,273.6300048828125,274.25,272.9150085449219,274.0400085449219
2026-02-09 15:30:00-05:00,274.0299987792969,275.1199951171875,273.510009765625,274.5400085449219
2026-02-10 09:30:00-05:00,274.885009765625,275.3599853515625,273.2099914550781,274.4200134277344
2026-02-10 10:30:00-05:00,274.3900146484375,274.9100036621094,273.989990234375,274.05999755859375
2026-02-10 11:30:00-05:00,274.0199890136719,274.0498962402344,272.94000244140625,273.3500061035156
2026-02-10 12:30:00-05:00,273.3500061035156,274.19000244140625,273.1499938964844,274.05499267578125
2026-02-10 13:30:00-05:00,274.05499267578125,274.2699890136719,273.6600036621094,273.9649963378906
2026-02-10 14:30:00-05:00,273.9700012207031,274.29998779296875,273.5199890136719,274.07000732421875
2026-02-10 15:30:00-05:00,274.0799865722656,274.489990234375,273.30999755859375,273.7900085449219
2026-02-11 09:30:00-05:00,274.69500732421875,277.44000244140625,274.45001220703125,277.05010986328125
2026-02-11 10:30:00-05:00,277.1000061035156,279.9800109863281,277.0400085449219,278.19000244140625
2026-02-11 11:30:00-05:00,278.19000244140625,280.17999267578125,278.1600036621094,279.94500732421875
2026-02-11 12:30:00-05:00,279.910400390625,280.1499938964844,278.5,278.9599914550781
2026-02-11 13:30:00-05:00,278.93499755859375,279.6700134277344,278.5,279.5799865722656
2026-02-11 14:30:00-05:00,279.5799865722656,279.5899963378906,274.81060791015625,276.04998779296875
2026-02-11 15:30:00-05:00,276.010009765625,276.54998779296875,275.4599914550781,275.5400085449219
2026-02-12 09:30:00-05:00,275.6000061035156,275.7200012207031,270.05999755859375,271.25
2026-02-12 10:30:00-05:00,271.260009765625,271.75,266.1499938964844,266.1700134277344
2026-02-12 11:30:00-05:00,266.19000244140625,267.0400085449219,264.4200134277344,264.6000061035156
2026-02-12 12:30:00-05:00,264.57000732421875,264.6499938964844,260.17999267578125,262.3299865722656
2026-02-12 13:30:00-05:00,262.30999755859375,262.6700134277344,261.2300109863281,261.7799987792969
2026-02-12 14:30:00-05:00,261.7699890136719,262.489990234375,261.1000061035156,261.489990234375
2026-02-12 15:30:00-05:00,261.4800109863281,262.510009765625,260.2799987792969,261.5899963378906
2026-02-13 09:30:00-05:00,262.010009765625,262.2300109863281,258.79998779296875,260.5950012207031
2026-02-13 10:30:00-05:00,260.5799865722656,261.489990234375,258.3699951171875,259.2875061035156
2026-02-13 11:30:00-05:00,259.2984924316406,260.2099914550781,258.6000061035156,259.5899963378906
2026-02-13 12:30:00-05:00,259.5899963378906,260.2699890136719,258.7699890136719,258.9100036621094
2026-02-13 13:30:00-05:00,258.94000244140625,259.30999755859375,258.2799987792969,258.4599914550781
2026-02-13 14:30:00-05:00,258.4800109863281,258.7300109863281,255.8173065185547,255.91000366210938
2026-02-13 15:30:00-05:00,255.91000366210938,256.6600036621094,255.4499969482422,255.82000732421875
2026-02-17 09:30:00-05:00,258.04998779296875,261.3900146484375,255.55299377441406,259.6400146484375
2026-02-17 10:30:00-05:00,259.6300048828125,260.9800109863281,258.739990234375,260.2650146484375
2026-02-17 11:30:00-05:00,260.2550048828125,262.2300109863281,259.92999267578125,261.84991455078125
2026-02-17 12:30:00-05:00,261.8500061035156,263.67999267578125,260.9100036621094,263.3999938964844
2026-02-17 13:30:00-05:00,263.4599914550781,266.2900085449219,263.32000732421875,265.2850036621094
2026-02-17 14:30:00-05:00,265.260009765625,266.14990234375,264.0201110839844,264.2900085449219
2026-02-17 15:30:00-05:00,264.2950134277344,264.5299987792969,262.5,263.75
2026-02-18 09:30:00-05:00,263.5,265.6499938964844,262.45001220703125,265.398193359375
2026-02-18 10:30:00-05:00,265.3900146484375,266.0899963378906,265.0400085449219,266.0400085449219
2026-02-18 11:30:00-05:00,266.0249938964844,266.82000732421875,265.1700134277344,265.4200134277344
2026-02-18 12:30:00-05:00,265.4100036621094,265.9599914550781,265.0,265.39990234375
2026-02-18 13:30:00-05:00,265.3800048828125,265.5790100097656,264.52301025390625,264.57000732421875
2026-02-18 14:30:00-05:00,264.5950012207031,264.6299133300781,263.2099914550781,263.739990234375
2026-02-18 15:30:00-05:00,263.739990234375,265.5299987792969,263.739990234375,264.32000732421875
2026-02-19 09:30:00-05:00,262.6000061035156,264.3500061035156,262.2900085449219,262.8699951171875
2026-02-19 10:30:00-05:00,262.8800048828125,264.4800109863281,262.7601013183594,263.6199951171875
2026-02-19 11:30:00-05:00,263.6700134277344,264.1400146484375,262.6900939941406,262.94000244140625
2026-02-19 12:30:00-05:00,262.8999938964844,263.05999755859375,261.4200134277344,261.7699890136719
2026-02-19 13:30:00-05:00,261.739990234375,262.368896484375,261.5,261.5400085449219
2026-02-19 14:30:00-05:00,261.510009765625,261.6700134277344,260.2699890136719,260.760009765625
2026-02-19 15:30:00-05:00,260.760009765625,261.29998779296875,260.04998779296875,260.510009765625
2026-02-20 09:30:00-05:00,258.9549865722656,262.3500061035156,258.1600036621094,260.57049560546875
2026-02-20 10:30:00-05:00,260.54998779296875,263.260009765625,260.2773132324219,261.42999267578125
2026-02-20 11:30:00-05:00,261.4200134277344,264.75,261.2300109863281,262.29998779296875
2026-02-20 12:30:00-05:00,262.2695007324219,263.92999267578125,261.6099853515625,263.6099853515625
2026-02-20 13:30:00-05:00,263.57501220703125,264.7300109863281,263.1600036621094,264.42999267578125
2026-02-20 14:30:00-05:00,264.44000244140625,264.7099914550781,263.2850036621094,263.3301086425781
2026-02-20 15:30:00-05:00,263.3450012207031,264.7449951171875,263.0899963378906,264.5899963378906
2026-02-23 09:30:00-05:00,263.489990234375,267.739990234375,263.3810119628906,267.04998779296875
2026-02-23 10:30:00-05:00,267.0899963378906,267.5299072265625,264.75,266.5899963378906
2026-02-23 11:30:00-05:00,266.57000732421875,267.34588623046875,265.8399963378906,267.1297912597656
2026-02-23 12:30:00-05:00,267.10699462890625,269.3699951171875,266.8612060546875,269.3349914550781
2026-02-23 13:30:00-05:00,269.3399963378906,269.42999267578125,267.25,267.29998779296875
2026-02-23 14:30:00-05:00,267.2701110839844,267.3299865722656,266.2799987792969,266.7799987792969
2026-02-23 15:30:00-05:00,266.80999755859375,267.20001220703125,265.989990234375,266.3900146484375
2026-02-24 09:30:00-05:00,268.0,274.8900146484375,267.739990234375,273.6700134277344
2026-02-24 10:30:00-05:00,273.67999267578125,274.82000732421875,272.3599853515625,273.2200012207031
2026-02-24 11:30:00-05:00,273.2250061035156,273.239990234375,271.989990234375,272.510009765625
2026-02-24 12:30:00-05:00,272.489990234375,272.7900085449219,271.5950012207031,271.5950012207031
2026-02-24 13:30:00-05:00,271.6000061035156,272.54998779296875,271.3699951171875,272.2900085449219
2026-02-24 14:30:00-05:00,272.2799987792969,272.7200012207031,271.3800048828125,271.909912109375
2026-02-24 15:30:00-05:00,271.9100036621094,272.4299011230469,271.4800109863281,272.1700134277344
2026-02-25 09:30:00-05:00,271.67999267578125,274.0799865722656,271.04998779296875,273.6300048828125
2026-02-25 10:30:00-05:00,273.6300048828125,274.58990478515625,272.9200134277344,273.9649963378906
2026-02-25 11:30:00-05:00,273.9150085449219,274.06988525390625,272.9599914550781,273.6099853515625
2026-02-25 12:30:00-05:00,273.6099853515625,274.6300048828125,273.4200134277344,274.3500061035156
2026-02-25 13:30:00-05:00,274.3299865722656,274.94000244140625,274.17999267578125,274.4100036621094
2026-02-25 14:30:00-05:00,274.4100036621094,274.5400085449219,273.2099914550781,273.75
2026-02-25 15:30:00-05:00,273.7200012207031,274.7200012207031,273.625,274.17999267578125
2026-02-26 09:30:00-05:00,274.9549865722656,276.1099853515625,270.8399963378906,272.0
2026-02-26 10:30:00-05:00,271.9200134277344,272.78509521484375,270.7950134277344,272.5400085449219
2026-02-26 11:30:00-05:00,272.5299987792969,272.7300109863281,271.5126953125,271.760009765625
2026-02-26 12:30:00-05:00,271.7550048828125,272.0249938964844,270.9100036621094,271.3900146484375
2026-02-26 13:30:00-05:00,271.4100036621094,272.94000244140625,270.8529968261719,272.79998779296875
2026-02-26 14:30:00-05:00,272.80499267578125,273.5,272.5799865722656,272.6300048828125
2026-02-26 15:30:00-05:00,272.6449890136719,273.07000732421875,272.20001220703125,272.989990234375
2026-02-27 09:30:00-05:00,272.80999755859375,272.80999755859375,268.29998779296875,268.5050048828125
2026-02-27 10:30:00-05:00,268.4700927734375,269.6400146484375,268.1919860839844,269.05499267578125
2026-02-27 11:30:00-05:00,269.07000732421875,269.5199890136719,267.2699890136719,267.8841857910156
2026-02-27 12:30:00-05:00,267.8699951171875,268.260009765625,265.8800048828125,265.9508056640625
2026-02-27 13:30:00-05:00,265.95001220703125,266.4800109863281,265.4801025390625,265.7300109863281
2026-02-27 14:30:00-05:00,265.7300109863281,266.8999938964844,265.260009765625,266.6400146484375
2026-02-27 15:30:00-05:00,266.6300048828125,266.6300048828125,262.8900146484375,264.1700134277344
2026-03-02 09:30:00-05:00,262.44000244140625,264.3399963378906,260.20001220703125,263.80999755859375
2026-03-02 10:30:00-05:00,263.82000732421875,265.0299987792969,262.0,264.3599853515625
2026-03-02 11:30:00-05:00,264.3599853515625,266.20001220703125,264.0,266.0
2026-03-02 12:30:00-05:00,265.9949951171875,266.2900085449219,265.25,265.5
2026-03-02 13:30:00-05:00,265.52801513671875,266.1499938964844,264.3599853515625,266.05999755859375
2026-03-02 14:30:00-05:00,266.0450134277344,266.5299987792969,264.1400146484375,264.30999755859375
2026-03-02 15:30:00-05:00,264.31500244140625,265.54998779296875,263.6099853515625,264.6000061035156
2026-03-03 09:30:00-05:00,263.4800109863281,265.55999755859375,261.2200012207031,262.260009765625
2026-03-03 10:30:00-05:00,262.2799987792969,263.94000244140625,261.9100036621094,262.57000732421875
2026-03-03 11:30:00-05:00,262.4800109863281,263.7799987792969,261.5799865722656,261.80999755859375
2026-03-03 12:30:00-05:00,261.79998779296875,261.8699951171875,260.1300048828125,261.4800109863281
2026-03-03 13:30:00-05:00,261.44000244140625,263.9100036621094,261.3699951171875,263.6549987792969
2026-03-03 14:30:00-05:00,263.6700134277344,264.614990234375,262.510009765625,263.2799987792969
2026-03-03 15:30:00-05:00,263.239990234375,263.9599914550781,262.3399963378906,263.7099914550781
2026-03-04 09:30:00-05:00,264.6499938964844,266.1499938964844,261.4200134277344,264.1300048828125
2026-03-04 10:30:00-05:00,264.125,264.7200012207031,262.81500244140625,264.5299987792969
2026-03-04 11:30:00-05:00,264.5199890136719,265.510009765625,264.29998779296875,264.8999938964844
2026-03-04 12:30:00-05:00,264.9100036621094,265.3599853515625,263.3399963378906,263.7799987792969
2026-03-04 13:30:00-05:00,263.79998779296875,264.19500732421875,263.05999755859375,263.3500061035156
2026-03-04 14:30:00-05:00,263.3399963378906,263.67999267578125,262.0599060058594,262.7300109863281
2026-03-04 15:30:00-05:00,262.7099914550781,263.1600036621094,262.16461181640625,262.45001220703125
2026-03-05 09:30:00-05:00,260.7449951171875,261.45001220703125,258.5400085449219,258.8699951171875
2026-03-05 10:30:00-05:00,258.9100036621094,261.2250061035156,258.07501220703125,260.7550048828125
2026-03-05 11:30:00-05:00,260.760009765625,261.55499267578125,258.9700012207031,259.0199890136719
2026-03-05 12:30:00-05:00,259.0400085449219,259.489990234375,258.4949951171875,258.9090881347656
2026-03-05 13:30:00-05:00,258.9200134277344,259.17999267578125,257.760009765625,257.8599853515625
2026-03-05 14:30:00-05:00,257.8450012207031,259.489990234375,257.25,258.69000244140625
2026-03-05 15:30:00-05:00,258.67999267578125,260.55999755859375,258.4100036621094,260.30999755859375
2026-03-06 09:30:00-05:00,258.739990234375,258.760009765625,254.3699951171875,256.70001220703125
2026-03-06 10:30:00-05:00,256.69500732421875,257.95001220703125,256.0799865722656,257.25
2026-03-06 11:30:00-05:00,257.29998779296875,257.489990234375,256.3900146484375,256.7699890136719
2026-03-06 12:30:00-05:00,256.7699890136719,257.5899963378906,256.05999755859375,256.4750061035156
2026-03-06 13:30:00-05:00,256.4750061035156,257.2300109863281,255.91000366210938,257.17999267578125
2026-03-06 14:30:00-05:00,257.1700134277344,257.96990966796875,256.8005065917969,256.9100036621094
2026-03-06 15:30:00-05:00,256.9200134277344,258.010009765625,256.44000244140625,257.5350036621094
2026-03-09 09:30:00-04:00,255.69000244140625,257.0198974609375,253.6804962158203,255.7100067138672
2026-03-09 10:30:00-04:00,255.66000366210938,257.8800048828125,255.6300048828125,257.7300109863281
2026-03-09 11:30:00-04:00,257.7200012207031,258.2699890136719,257.1499938964844,257.57000732421875
2026-03-09 12:30:00-04:00,257.5799865722656,258.0899963378906,256.5400085449219,256.6300048828125
2026-03-09 13:30:00-04:00,256.6499938964844,257.364990234375,255.9499969482422,257.1499938964844
2026-03-09 14:30:00-04:00,257.1317138671875,259.57000732421875,256.5199890136719,259.4800109863281
2026-03-09 15:30:00-04:00,259.4599914550781,261.1499938964844,259.010009765625,259.8900146484375
2026-03-10 09:30:00-04:00,257.69500732421875,260.25,256.95001220703125,259.9700012207031
2026-03-10 10:30:00-04:00,259.9400939941406,261.7799987792969,259.9150085449219,261.30999755859375
2026-03-10 11:30:00-04:00,261.29998779296875,261.9800109863281,261.0,261.8699951171875
2026-03-10 12:30:00-04:00,261.8900146484375,262.4800109863281,260.82000732421875,262.20001220703125
2026-03-10 13:30:00-04:00,262.19000244140625,262.4800109863281,260.4700012207031,261.6700134277344
2026-03-10 14:30:00-04:00,261.70001220703125,261.9700012207031,260.42999267578125,260.5050048828125
2026-03-10 15:30:00-04:00,260.4700012207031,261.20001220703125,260.35009765625,260.7200012207031
2026-03-11 09:30:00-04:00,261.2099914550781,262.1300048828125,259.54998779296875,259.9949951171875
2026-03-11 10:30:00-04:00,260.0,260.9599914550781,259.8599853515625,260.1000061035156
2026-03-11 11:30:00-04:00,260.1199951171875,260.8680114746094,259.8500061035156,260.6449890136719
2026-03-11 12:30:00-04:00,260.6199951171875,261.20001220703125,260.5,261.02508544921875
2026-03-11 13:30:00-04:00,261.0400085449219,261.1300048828125,259.6300048828125,260.1099853515625
2026-03-11 14:30:00-04:00,260.1000061035156,260.3999938964844,259.80999755859375,260.1317138671875
2026-03-11 15:30:00-04:00,260.1400146484375,261.1000061035156,260.0400085449219,260.80999755859375
2026-03-12 09:30:00-04:00,258.6400146484375,258.95001220703125,254.6699981689453,254.6699981689453
2026-03-12 10:30:00-04:00,254.66000366210938,255.7899932861328,254.35000610351562,255.35499572753906
2026-03-12 11:30:00-04:00,255.3300018310547,256.25,254.17999267578125,255.65780639648438
2026-03-12 12:30:00-04:00,255.6300048828125,255.9499969482422,254.77000427246094,255.0500030517578
2026-03-12 13:30:00-04:00,255.04010009765625,255.67999267578125,254.80999755859375,255.39500427246094
2026-03-12 14:30:00-04:00,255.3699951171875,256.25,254.88999938964844,256.0899963378906
2026-03-12 15:30:00-04:00,256.09991455078125,256.2051086425781,254.97000122070312,255.75
2026-03-13 09:30:00-04:00,255.39999389648438,256.3299865722656,254.6407012939453,255.4250030517578
2026-03-13 10:30:00-04:00,255.42999267578125,255.80999755859375,253.27000427246094,253.3007049560547
2026-03-13 11:30:00-04:00,253.3300018310547,253.50999450683594,251.85000610351562,252.65499877929688
2026-03-13 12:30:00-04:00,252.63999938964844,252.97000122070312,250.9600067138672,251.17999267578125
2026-03-13 13:30:00-04:00,251.18499755859375,251.65750122070312,250.779296875,251.26400756835938
2026-03-13 14:30:00-04:00,251.25999450683594,251.84500122070312,250.2100067138672,250.2949981689453
2026-03-13 15:30:00-04:00,250.27999877929688,250.6199951171875,249.52000427246094,250.11500549316406
2026-03-16 09:30:00-04:00,252.10499572753906,253.58999633789062,249.91000366210938,253.2357940673828
2026-03-16 10:30:00-04:00,253.22000122070312,253.88499450683594,252.9199981689453,253.01499938964844
2026-03-16 11:30:00-04:00,253.00999450683594,253.5399932861328,252.20010375976562,252.36500549316406
2026-03-16 12:30:00-04:00,252.35000610351562,253.3300018310547,252.1999969482422,252.92999267578125
2026-03-16 13:30:00-04:00,252.94000244140625,253.05999755859375,252.1300048828125,252.9199981689453
2026-03-16 14:30:00-04:00,252.9219970703125,253.44000244140625,252.27000427246094,252.86199951171875
2026-03-16 15:30:00-04:00,252.83999633789062,253.05999755859375,252.11000061035156,252.77999877929688
2026-03-17 09:30:00-04:00,253.07850646972656,255.0749969482422,252.17999267578125,254.44000244140625
2026-03-17 10:30:00-04:00,254.47999572753906,254.9499969482422,253.80079650878906,254.1699981689453
2026-03-17 11:30:00-04:00,254.14999389648438,255.12989807128906,253.66000366210938,254.86000061035156
2026-03-17 12:30:00-04:00,254.8699951171875,255.02999877929688,253.55999755859375,253.9199981689453
2026-03-17 13:30:00-04:00,253.91000366210938,254.6300048828125,253.88499450683594,254.10000610351562
2026-03-17 14:30:00-04:00,254.09500122070312,254.3300018310547,253.13009643554688,253.77000427246094
2026-03-17 15:30:00-04:00,253.77999877929688,254.5800018310547,253.67999267578125,254.22999572753906
2026-03-18 09:30:00-04:00,252.625,254.94000244140625,251.3800048828125,252.35499572753906
2026-03-18 10:30:00-04:00,252.33999633789062,253.05999755859375,252.0800018310547,252.3199005126953
2026-03-18 11:30:00-04:00,252.30999755859375,252.3300018310547,251.4600067138672,251.57009887695312
2026-03-18 12:30:00-04:00,251.5749969482422,251.58999633789062,250.38999938964844,250.80499267578125
2026-03-18 13:30:00-04:00,250.7899932861328,251.64759826660156,250.5399932861328,250.9600067138672
2026-03-18 14:30:00-04:00,250.94000244140625,250.94500732421875,249.61000061035156,249.67999267578125
2026-03-18 15:30:00-04:00,249.69400024414062,250.35000610351562,249.0,249.91000366210938
2026-03-19 09:30:00-04:00,249.39999389648438,251.8300018310547,247.3000030517578,249.8000030517578
2026-03-19 10:30:00-04:00,249.80099487304688,250.7100067138672,249.14010620117188,249.41000366210938
2026-03-19 11:30:00-04:00,249.41000366210938,249.95260620117188,248.8800048828125,249.25999450683594
2026-03-19 12:30:00-04:00,249.27499389648438,249.4199981689453,247.7100067138672,248.2801055908203
2026-03-19 13:30:00-04:00,248.2949981689453,248.5299072265625,247.6699981689453,248.02200317382812
2026-03-19 14:30:00-04:00,248.00999450683594,249.58999633789062,247.6699981689453,248.47000122070312
2026-03-19 15:30:00-04:00,248.44000244140625,249.3300018310547,248.2899932861328,248.90699768066406
2026-03-20 09:30:00-04:00,248.11000061035156,248.75999450683594,246.61000061035156,247.75999450683594
2026-03-20 10:30:00-04:00,247.80999755859375,248.85000610351562,247.16009521484375,247.98500061035156
2026-03-20 11:30:00-04:00,247.9499969482422,249.05999755859375,247.86000061035156,248.6199951171875
2026-03-20 12:30:00-04:00,248.6300048828125,248.7899932861328,248.0800018310547,248.27000427246094
2026-03-20 13:30:00-04:00,248.2899932861328,248.75990295410156,247.5301055908203,248.0399932861328
2026-03-20 14:30:00-04:00,248.08999633789062,249.1999053955078,247.58999633789062,248.08999633789062
2026-03-20 15:30:00-04:00,248.08999633789062,248.1999969482422,246.0,248.19000244140625
2026-03-23 09:30:00-04:00,253.99000549316406,254.55999755859375,251.02000427246094,252.4398956298828
2026-03-23 10:30:00-04:00,252.4199981689453,252.9199981689453,251.52999877929688,252.57989501953125
2026-03-23 11:30:00-04:00,252.58999633789062,252.90499877929688,250.6750030517578,250.80499267578125
2026-03-23 12:30:00-04:00,250.80999755859375,251.75,250.27999877929688,250.9199981689453
2026-03-23 13:30:00-04:00,250.9550018310547,251.98500061035156,250.89999389648438,251.3300018310547
2026-03-23 14:30:00-04:00,251.3699951171875,252.4149932861328,251.3699951171875,251.76499938964844
2026-03-23 15:30:00-04:00,251.76499938964844,252.52499389648438,250.97000122070312,251.44000244140625
2026-03-24 09:30:00-04:00,250.49000549316406,253.1199951171875,249.5500030517578,252.47000122070312
2026-03-24 10:30:00-04:00,252.44000244140625,254.1699981689453,251.74000549316406,253.98500061035156
2026-03-24 11:30:00-04:00,253.97999572753906,254.8249969482422,253.38490295410156,254.58999633789062
2026-03-24 12:30:00-04:00,254.59689331054688,254.7100067138672,252.76499938964844,253.05999755859375
2026-03-24 13:30:00-04:00,253.0500030517578,253.5399932861328,252.2949981689453,252.57000732421875
2026-03-24 14:30:00-04:00,252.58999633789062,253.1501007080078,252.0800018310547,252.089599609375
2026-03-24 15:30:00-04:00,252.08990478515625,252.1300048828125,251.22000122070312,251.75
2026-03-25 09:30:00-04:00,254.02000427246094,254.97999572753906,251.60000610351562,252.86000061035156
2026-03-25 10:30:00-04:00,252.8699951171875,254.2899932861328,252.60000610351562,254.2449951171875
2026-03-25 11:30:00-04:00,254.24000549316406,254.4600067138672,253.08999633789062,253.9250030517578
2026-03-25 12:30:00-04:00,254.0,254.64999389648438,253.74000549316406,254.14500427246094
2026-03-25 13:30:00-04:00,254.1199951171875,254.50999450683594,253.73500061035156,253.9600067138672
2026-03-25 14:30:00-04:00,253.9499969482422,254.05499267578125,252.25999450683594,252.625
2026-03-25 15:30:00-04:00,252.63499450683594,252.71499633789062,252.00999450683594,252.57000732421875
2026-03-26 09:30:00-04:00,251.9949951171875,256.239990234375,250.77499389648438,255.91000366210938
2026-03-26 10:30:00-04:00,255.89999389648438,257.0,255.50999450683594,255.67999267578125
2026-03-26 11:30:00-04:00,255.69000244140625,256.7699890136719,255.57000732421875,256.1000061035156
2026-03-26 12:30:00-04:00,256.1000061035156,256.4599914550781,254.59010314941406,254.99000549316406
2026-03-26 13:30:00-04:00,254.97999572753906,255.11500549316406,253.38999938964844,253.8249969482422
2026-03-26 14:30:00-04:00,253.85000610351562,254.51499938964844,253.13999938964844,253.6699981689453
2026-03-26 15:30:00-04:00,253.67999267578125,253.72500610351562,252.02000427246094,252.8800048828125
2026-03-27 09:30:00-04:00,253.91000366210938,255.4929962158203,252.7801055908203,254.47999572753906
2026-03-27 10:30:00-04:00,254.4600067138672,254.69000244140625,251.8000030517578,252.6199951171875
2026-03-27 11:30:00-04:00,252.6199951171875,253.24000549316406,251.69000244140625,251.77999877929688
2026-03-27 12:30:00-04:00,251.77499389648438,252.75999450683594,250.3699951171875,250.41000366210938
2026-03-27 13:30:00-04:00,250.41000366210938,250.5800018310547,248.63499450683594,249.38499450683594
2026-03-27 14:30:00-04:00,249.4199981689453,249.52000427246094,248.25,248.40989685058594
2026-03-27 15:30:00-04:00,248.41000366210938,249.3699951171875,248.07000732421875,248.6199951171875
2026-03-30 09:30:00-04:00,249.9949951171875,250.83999633789062,246.97000122070312,247.8300018310547
2026-03-30 10:30:00-04:00,247.82000732421875,248.0,246.0399932861328,246.52999877929688
2026-03-30 11:30:00-04:00,246.52999877929688,247.2100067138672,245.9600067138672,246.02000427246094
2026-03-30 12:30:00-04:00,246.00999450683594,247.44000244140625,245.9600067138672,246.25
2026-03-30 13:30:00-04:00,246.2550048828125,247.32000732421875,245.9949951171875,246.48019409179688
2026-03-30 14:30:00-04:00,246.50999450683594,246.8300018310547,245.8300018310547,245.88999938964844
2026-03-30 15:30:00-04:00,245.88999938964844,247.0399932861328,245.50999450683594,246.5399932861328
2026-03-31 09:30:00-04:00,247.88999938964844,249.27000427246094,247.63999938964844,248.94009399414062
2026-03-31 10:30:00-04:00,248.94009399414062,249.00999450683594,247.1009979248047,248.42999267578125
2026-03-31 11:30:00-04:00,248.4499969482422,250.69000244140625,247.66000366210938,250.33999633789062
2026-03-31 12:30:00-04:00,250.3498992919922,253.92990112304688,250.17999267578125,253.22500610351562
2026-03-31 13:30:00-04:00,253.17999267578125,253.9600067138672,252.39999389648438,253.1300048828125
2026-03-31 14:30:00-04:00,253.1199951171875,254.125,253.02000427246094,253.6699981689453
2026-03-31 15:30:00-04:00,253.6699981689453,255.47999572753906,253.27999877929688,253.7899932861328
2026-04-01 09:30:00-04:00,254.3000030517578,256.17999267578125,253.82000732421875,254.12010192871094
2026-04-01 10:30:00-04:00,254.19000244140625,254.7449951171875,253.3300018310547,254.14999389648438
2026-04-01 11:30:00-04:00,254.14999389648438,254.82000732421875,253.75999450683594,254.4300994873047
2026-04-01 12:30:00-04:00,254.44000244140625,255.39999389648438,254.22000122070312,255.14219665527344
2026-04-01 13:30:00-04:00,255.125,255.27999877929688,254.10000610351562,254.30999755859375
2026-04-01 14:30:00-04:00,254.32000732421875,255.66000366210938,253.97000122070312,255.65499877929688
2026-04-01 15:30:00-04:00,255.63999938964844,256.1300048828125,255.1501007080078,255.69000244140625
2026-04-02 09:30:00-04:00,254.13999938964844,254.75999450683594,250.64999389648438,252.125
2026-04-02 10:30:00-04:00,252.11000061035156,255.72000122070312,251.99000549316406,255.1199951171875
2026-04-02 11:30:00-04:00,255.1649932861328,255.18499755859375,254.0,254.11000061035156
2026-04-02 12:30:00-04:00,254.1300048828125,255.4853057861328,254.07000732421875,255.3350067138672
2026-04-02 13:30:00-04:00,255.3350067138672,255.38999938964844,254.30999755859375,255.14500427246094
2026-04-02 14:30:00-04:00,255.16000366210938,255.6999969482422,254.8000946044922,255.1199951171875
2026-04-02 15:30:00-04:00,255.10000610351562,256.1300048828125,254.8000030517578,255.88999938964844
2026-04-06 09:30:00-04:00,256.9624938964844,262.0199890136719,256.4800109863281,261.760009765625
2026-04-06 10:30:00-04:00,261.760009765625,262.1600036621094,258.9700012207031,259.25
2026-04-06 11:30:00-04:00,259.2301025390625,259.6300048828125,258.7099914550781,259.0400085449219
2026-04-06 12:30:00-04:00,259.0299987792969,259.55999755859375,257.9100036621094,258.7799987792969
2026-04-06 13:30:00-04:00,258.7900085449219,259.3900146484375,257.8500061035156,259.2799987792969
2026-04-06 14:30:00-04:00,259.28009033203125,259.3699035644531,258.0199890136719,258.2499084472656
2026-04-06 15:30:00-04:00,258.2300109863281,259.07501220703125,258.1300048828125,258.8869934082031
2026-04-07 09:30:00-04:00,254.25,254.79989624023438,247.57000732421875,247.6699981689453
2026-04-07 10:30:00-04:00,247.6649932861328,248.19000244140625,245.6999969482422,247.82000732421875
2026-04-07 11:30:00-04:00,247.82000732421875,250.28990173339844,247.39999389648438,250.1699981689453
2026-04-07 12:30:00-04:00,250.1699981689453,253.38999938964844,249.66009521484375,251.5850067138672
2026-04-07 13:30:00-04:00,251.61500549316406,252.7899932861328,251.2899932861328,251.32000732421875
2026-04-07 14:30:00-04:00,251.3300018310547,252.5,250.1199951171875,251.9550018310547
2026-04-07 15:30:00-04:00,251.92100524902344,253.60989379882812,251.44000244140625,253.49000549316406
2026-04-08 09:30:00-04:00,258.510009765625,259.7499084472656,256.5299987792969,258.1300048828125
2026-04-08 10:30:00-04:00,258.1400146484375,259.510009765625,257.510009765625,257.510009765625
2026-04-08 11:30:00-04:00,257.5199890136719,258.3999938964844,257.1099853515625,257.4280090332031
2026-04-08 12:30:00-04:00,257.42498779296875,258.69000244140625,257.42498779296875,257.510009765625
2026-04-08 13:30:00-04:00,257.5,258.1499938964844,256.9100036621094,257.239990234375
2026-04-08 14:30:00-04:00,257.2300109863281,257.8399963378906,257.0899963378906,257.20001220703125
2026-04-08 15:30:00-04:00,257.17999267578125,258.989990234375,257.17999267578125,258.92999267578125
2026-04-09 09:30:00-04:00,259.3699951171875,260.0299987792969,256.07000732421875,257.8399963378906
2026-04-09 10:30:00-04:00,257.80999755859375,258.260009765625,257.35009765625,257.54998779296875
2026-04-09 11:30:00-04:00,257.5150146484375,259.4700012207031,257.47601318359375,259.1199951171875
2026-04-09 12:30:00-04:00,259.1199951171875,260.5299987792969,258.80499267578125,260.05499267578125
2026-04-09 13:30:00-04:00,260.04998779296875,260.45001220703125,259.29998779296875,259.625
2026-04-09 14:30:00-04:00,259.6099853515625,260.3399963378906,259.45001220703125,260.05999755859375
2026-04-09 15:30:00-04:00,260.04998779296875,261.1199951171875,260.0249938964844,260.3900146484375
2026-04-10 09:30:00-04:00,259.95001220703125,261.8500061035156,259.07000732421875,261.56500244140625
2026-04-10 10:30:00-04:00,261.56500244140625,262.19000244140625,261.13970947265625,261.2900085449219
2026-04-10 11:30:00-04:00,261.31988525390625,261.75,260.42999267578125,260.53509521484375
2026-04-10 12:30:00-04:00,260.5450134277344,260.55999755859375,259.20001220703125,259.239990234375
2026-04-10 13:30:00-04:00,259.239990234375,260.1449890136719,259.0231018066406,260.1199951171875
2026-04-10 14:30:00-04:00,260.1099853515625,260.20001220703125,259.3500061035156,259.7200012207031
2026-04-10 15:30:00-04:00,259.7200012207031,260.5350036621094,259.2900085449219,260.3800048828125
2026-04-13 09:30:00-04:00,259.8599853515625,260.17999267578125,256.6600036621094,257.32000732421875
2026-04-13 10:30:00-04:00,257.30999755859375,257.8800048828125,257.1000061035156,257.7099914550781
2026-04-13 11:30:00-04:00,257.7300109863281,257.875,256.7900085449219,257.7799987792969
2026-04-13 12:30:00-04:00,257.79010009765625,258.3399963378906,257.5151062011719,257.864990234375
2026-04-13 13:30:00-04:00,257.8599853515625,258.20001220703125,257.5199890136719,257.8800048828125
2026-04-13 14:30:00-04:00,257.864990234375,258.4800109863281,257.79998779296875,257.8500061035156
2026-04-13 15:30:00-04:00,257.8450012207031,259.5799865722656,257.5899963378906,259.2099914550781
2026-04-14 09:30:00-04:00,259.1000061035156,261.92999267578125,259.0299987792969,259.3399963378906
2026-04-14 10:30:00-04:00,259.3299865722656,259.42999267578125,257.6099853515625,258.0553894042969
2026-04-14 11:30:00-04:00,258.04998779296875,258.3900146484375,257.1900939941406,257.70001220703125
2026-04-14 12:30:00-04:00,257.69000244140625,259.7651062011719,257.6199951171875,258.6600036621094
2026-04-14 13:30:00-04:00,258.6600036621094,258.9700012207031,257.75,258.7799987792969
2026-04-14 14:30:00-04:00,258.7799987792969,258.80999755859375,257.75,258.32501220703125
2026-04-14 15:30:00-04:00,258.32501220703125,258.8599853515625,258.1499938964844,258.8550109863281
2026-04-15 09:30:00-04:00,258.0950012207031,261.0400085449219,257.82000732421875,260.67999267578125
2026-04-15 10:30:00-04:00,260.70001220703125,264.1099853515625,260.4200134277344,263.17999267578125
2026-04-15 11:30:00-04:00,263.18499755859375,265.5,262.9849853515625,264.5790100097656
2026-04-15 12:30:00-04:00,264.57000732421875,265.7900085449219,264.239990234375,264.94500732421875
2026-04-15 13:30:00-04:00,264.9100036621094,265.29998779296875,264.29998779296875,265.17999267578125
2026-04-15 14:30:00-04:00,265.19000244140625,265.864990234375,265.19000244140625,265.3399963378906
2026-04-15 15:30:00-04:00,265.30999755859375,266.55999755859375,265.25,266.3699951171875
2026-04-16 09:30:00-04:00,266.79998779296875,267.1600036621094,261.30999755859375,262.05999755859375
2026-04-16 10:30:00-04:00,262.0899963378906,262.7300109863281,261.2699890136719,262.25
2026-04-16 11:30:00-04:00,262.25,264.3898010253906,262.19000244140625,264.0801086425781
2026-04-16 12:30:00-04:00,264.0899963378906,264.1686096191406,263.0899963378906,263.5199890136719
2026-04-16 13:30:00-04:00,263.5299987792969,264.1700134277344,263.2900085449219,263.5799865722656
2026-04-16 14:30:00-04:00,263.5899963378906,264.54998779296875,263.4800109863281,263.63409423828125
2026-04-16 15:30:00-04:00,263.6300048828125,264.25,263.260009765625,263.3599853515625
2026-04-17 09:30:00-04:00,267.0979919433594,269.7900085449219,266.7200012207031,268.5849914550781
2026-04-17 10:30:00-04:00,268.635009765625,272.1000061035156,268.44000244140625,271.94000244140625
2026-04-17 11:30:00-04:00,271.95001220703125,272.29998779296875,270.7699890136719,271.54998779296875
2026-04-17 12:30:00-04:00,271.55999755859375,271.7398986816406,270.17999267578125,270.5799865722656
2026-04-17 13:30:00-04:00,270.5799865722656,270.7300109863281,269.9200134277344,270.19000244140625
2026-04-17 14:30:00-04:00,270.19000244140625,270.79998779296875,269.5299987792969,269.69500732421875
2026-04-17 15:30:00-04:00,269.7099914550781,270.5299987792969,269.66009521484375,270.18499755859375
2026-04-20 09:30:00-04:00,270.3299865722656,274.2749938964844,270.3299865722656,273.3800048828125
2026-04-20 10:30:00-04:00,273.389892578125,273.8500061035156,271.7200012207031,272.8800048828125
2026-04-20 11:30:00-04:00,272.8299865722656,272.9100036621094,272.0799865722656,272.57000732421875
2026-04-20 12:30:00-04:00,272.5899963378906,273.135009765625,271.8399963378906,272.19000244140625
2026-04-20 13:30:00-04:00,272.1700134277344,273.6400146484375,271.9800109863281,273.45001220703125
2026-04-20 14:30:00-04:00,273.4599914550781,273.4599914550781,272.6700134277344,272.69000244140625
2026-04-20 15:30:00-04:00,272.6499938964844,273.1600036621094,272.2699890136719,272.92999267578125
2026-04-21 09:30:00-04:00,271.44500732421875,272.79998779296875,269.3699951171875,269.5801086425781
2026-04-21 10:30:00-04:00,269.56500244140625,269.8500061035156,267.75,267.92999267578125
2026-04-21 11:30:00-04:00,267.9200134277344,268.0199890136719,265.80999755859375,265.8599853515625
2026-04-21 12:30:00-04:00,265.8599853515625,266.8800048828125,265.3999938964844,266.1600036621094
2026-04-21 13:30:00-04:00,266.17999267578125,267.0,266.05999755859375,266.375
2026-04-21 14:30:00-04:00,266.3800048828125,268.19000244140625,266.3800048828125,267.9599914550781
2026-04-21 15:30:00-04:00,267.9649963378906,267.9700012207031,265.8699951171875,266.2200012207031
2026-04-22 09:30:00-04:00,267.82000732421875,271.94000244140625,266.8699951171875,271.94000244140625
2026-04-22 10:30:00-04:00,271.94000244140625,272.7650146484375,270.9800109863281,272.40008544921875
2026-04-22 11:30:00-04:00,272.3900146484375,273.5050048828125,272.260009765625,272.69000244140625
2026-04-22 12:30:00-04:00,272.7049865722656,273.4200134277344,272.3599853515625,273.2099914550781
2026-04-22 13:30:00-04:00,273.218994140625,273.739990234375,272.6300048828125,272.68499755859375
2026-04-22 14:30:00-04:00,272.7099914550781,272.82000732421875,272.1004943847656,272.7099914550781
2026-04-22 15:30:00-04:00,272.7149963378906,273.260009765625,272.54998779296875,273.19000244140625
2026-04-23 09:30:00-04:00,275.0450134277344,275.7699890136719,273.135498046875,273.9049987792969
2026-04-23 10:30:00-04:00,273.9700012207031,274.3099060058594,273.2699890136719,273.67999267578125
2026-04-23 11:30:00-04:00,273.6300048828125,274.4100036621094,273.0304870605469,273.6000061035156
2026-04-23 12:30:00-04:00,273.614990234375,273.9927062988281,272.090087890625,272.239990234375
2026-04-23 13:30:00-04:00,272.25,273.79998779296875,271.6499938964844,273.6600036621094
2026-04-23 14:30:00-04:00,273.6600036621094,274.5450134277344,273.5299987792969,274.1700134277344
2026-04-23 15:30:00-04:00,274.1499938964844,274.2598876953125,273.05999755859375,273.44000244140625
2026-04-24 09:30:00-04:00,272.760009765625,273.05999755859375,270.1000061035156,272.07000732421875
2026-04-24 10:30:00-04:00,272.1000061035156,272.5899963378906,270.5700988769531,270.67999267578125
2026-04-24 11:30:00-04:00,270.69000244140625,271.67999267578125,269.79998779296875,270.989990234375
2026-04-24 12:30:00-04:00,271.0,271.1520080566406,269.6499938964844,270.06500244140625
2026-04-24 13:30:00-04:00,270.04998779296875,270.29998779296875,269.7200012207031,269.9599914550781
2026-04-24 14:30:00-04:00,269.9700012207031,270.3800048828125,269.8599853515625,270.0899963378906
2026-04-24 15:30:00-04:00,270.0899963378906,271.4800109863281,270.0,271.05999755859375
2026-04-27 09:30:00-04:00,266.0899963378906,268.3599853515625,265.07000732421875,267.3599853515625
2026-04-27 10:30:00-04:00,267.3900146484375,267.79998779296875,266.6199951171875,267.1099853515625
2026-04-27 11:30:00-04:00,267.1400146484375,267.6400146484375,266.260009765625,266.2950134277344
2026-04-27 12:30:00-04:00,266.2900085449219,267.0299987792969,266.2900085449219,266.8399963378906
2026-04-27 13:30:00-04:00,266.8299865722656,267.04998779296875,266.0899963378906,266.34991455078125
2026-04-27 14:30:00-04:00,266.3500061035156,267.2149963378906,266.1300048828125,267.1499938964844
2026-04-27 15:30:00-04:00,267.1600036621094,267.9599914550781,267.04998779296875,267.67999267578125
2026-04-28 09:30:00-04:00,272.3349914550781,273.2200012207031,268.6600036621094,271.2799072265625
2026-04-28 10:30:00-04:00,271.2799987792969,271.8299865722656,270.2900085449219,270.32501220703125
2026-04-28 11:30:00-04:00,270.32501220703125,270.56500244140625,269.331298828125,269.5159912109375
2026-04-28 12:30:00-04:00,269.4949951171875,270.1300048828125,269.440185546875,269.8699951171875
2026-04-28 13:30:00-04:00,269.8699951171875,270.9150085449219,269.7900085449219,270.5
2026-04-28 14:30:00-04:00,270.5,270.6300048828125,269.8900146484375,270.2250061035156
2026-04-28 15:30:00-04:00,270.2300109863281,270.94500732421875,269.9949951171875,270.760009765625
2026-04-29 09:30:00-04:00,267.54998779296875,270.3117980957031,267.0400085449219,269.3999938964844
2026-04-29 10:30:00-04:00,269.4100036621094,269.92999267578125,268.7300109863281,268.8399963378906
2026-04-29 11:30:00-04:00,268.8244934082031,270.1466064453125,268.20001220703125,269.82501220703125
2026-04-29 12:30:00-04:00,269.8299865722656,271.0400085449219,269.75,270.20001220703125
2026-04-29 13:30:00-04:00,270.2099914550781,270.5899963378906,269.6400146484375,269.739990234375
2026-04-29 14:30:00-04:00,269.7349853515625,270.44500732421875,269.3699951171875,270.2799987792969
2026-04-29 15:30:00-04:00,270.2699890136719,270.3599853515625,269.6099853515625,270.19000244140625
2026-04-30 09:30:00-04:00,270.5,272.20001220703125,268.1400146484375,271.91900634765625
2026-04-30 10:30:00-04:00,271.8800048828125,272.2099914550781,270.7300109863281,271.5199890136719
2026-04-30 11:30:00-04:00,271.5249938964844,273.09991455078125,271.17999267578125,273.05999755859375
2026-04-30 12:30:00-04:00,273.0799865722656,273.760009765625,271.67999267578125,272.7850036621094
2026-04-30 13:30:00-04:00,272.80999755859375,274.20001220703125,272.79998779296875,273.6000061035156
2026-04-30 14:30:00-04:00,273.5799865722656,274.489990234375,272.82000732421875,274.489990234375
2026-04-30 15:30:00-04:00,274.4700012207031,275.94000244140625,270.3399963378906,271.3599853515625
2026-05-01 09:30:00-04:00,278.94000244140625,287.2099914550781,278.3699951171875,285.3399963378906
2026-05-01 10:30:00-04:00,285.340087890625,285.6000061035156,281.4599914550781,283.95001220703125
2026-05-01 11:30:00-04:00,283.9549865722656,285.489990234375,283.20001220703125,283.9549865722656
2026-05-01 12:30:00-04:00,283.9549865722656,284.1099853515625,282.3951110839844,282.80999755859375
2026-05-01 13:30:00-04:00,282.80499267578125,282.82000732421875,280.6401062011719,281.2300109863281
2026-05-01 14:30:00-04:00,281.239990234375,281.239990234375,279.739990234375,280.34991455078125
2026-05-01 15:30:00-04:00,280.3399963378906,280.69000244140625,279.6099853515625,280.1499938964844
2026-05-04 09:30:00-04:00,279.6549987792969,280.6300048828125,274.860107421875,276.25360107421875
2026-05-04 10:30:00-04:00,276.2749938964844,278.0,276.07000732421875,276.8349914550781
2026-05-04 11:30:00-04:00,276.8500061035156,277.3699951171875,275.45001220703125,276.0899963378906
2026-05-04 12:30:00-04:00,276.1000061035156,277.3399963378906,275.9800109863281,277.0400085449219
2026-05-04 13:30:00-04:00,277.05999755859375,277.4200134277344,276.6300048828125,276.7699890136719
2026-05-04 14:30:00-04:00,276.7699890136719,277.6700134277344,276.260009765625,277.0784912109375
2026-05-04 15:30:00-04:00,277.0799865722656,277.32000732421875,276.510009765625,276.8399963378906
