date,open,high,low,close
2023-06-06 09:30:00-04:00,126.01000213623047,127.09159851074219,125.36000061035156,127.04499816894531
2023-06-06 10:30:00-04:00,127.04499816894531,127.80999755859375,126.66999816894531,126.9800033569336
2023-06-06 11:30:00-04:00,126.97000122070312,127.87000274658203,126.95259857177734,127.625
2023-06-06 12:30:00-04:00,127.62999725341797,128.27999877929688,127.33000183105469,128.27499389648438
2023-06-06 13:30:00-04:00,128.27000427246094,128.2899932861328,127.36000061035156,127.74500274658203
2023-06-06 14:30:00-04:00,127.73500061035156,128.13999938964844,127.52999877929688,127.66000366210938
2023-06-06 15:30:00-04:00,127.66999816894531,127.66999816894531,127.13999938964844,127.29499816894531
2023-06-07 09:30:00-04:00,126.97000122070312,129.0399932861328,125.62999725341797,125.7249984741211
2023-06-07 10:30:00-04:00,125.72000122070312,126.0,123.7300033569336,124.20999908447266
2023-06-07 11:30:00-04:00,124.22000122070312,124.38999938964844,122.66000366210938,122.68000030517578
2023-06-07 12:30:00-04:00,122.68000030517578,123.32499694824219,122.12999725341797,122.66500091552734
2023-06-07 13:30:00-04:00,122.66999816894531,123.13990020751953,122.27999877929688,122.91999816894531
2023-06-07 14:30:00-04:00,122.91000366210938,122.91999816894531,122.2699966430664,122.55500030517578
2023-06-07 15:30:00-04:00,122.55500030517578,122.80000305175781,122.12000274658203,122.54499816894531
2023-06-08 09:30:00-04:00,122.2249984741211,122.80000305175781,121.23999786376953,122.02989959716797
2023-06-08 10:30:00-04:00,122.02999877929688,123.08499908447266,121.63999938964844,122.86000061035156
2023-06-08 11:30:00-04:00,122.8499984741211,123.2249984741211,122.56999969482422,123.05999755859375
2023-06-08 12:30:00-04:00,123.05999755859375,123.12989807128906,122.19999694824219,122.19999694824219
2023-06-08 13:30:00-04:00,122.19499969482422,122.25,121.79000091552734,122.0199966430664
2023-06-08 14:30:00-04:00,122.0250015258789,122.27999877929688,121.94499969482422,121.94499969482422
2023-06-08 15:30:00-04:00,121.94499969482422,122.30000305175781,121.9000015258789,122.13999938964844
2023-06-09 09:30:00-04:00,122.25,123.75499725341797,121.94999694824219,123.55999755859375
2023-06-09 10:30:00-04:00,123.57009887695312,123.58999633789062,122.61000061035156,122.7249984741211
2023-06-09 11:30:00-04:00,122.72000122070312,123.05000305175781,122.08999633789062,122.2300033569336
2023-06-09 12:30:00-04:00,122.23500061035156,122.81999969482422,121.91000366210938,122.79000091552734
2023-06-09 13:30:00-04:00,122.79000091552734,123.29499816894531,122.73999786376953,122.9000015258789
2023-06-09 14:30:00-04:00,122.8998031616211,122.9800033569336,122.52999877929688,122.69999694824219
2023-06-09 15:30:00-04:00,122.69000244140625,122.80000305175781,122.05999755859375,122.25
2023-06-12 09:30:00-04:00,122.52999877929688,122.76000213623047,121.66000366210938,122.16000366210938
2023-06-12 10:30:00-04:00,122.16000366210938,122.44000244140625,121.98500061035156,122.26000213623047
2023-06-12 11:30:00-04:00,122.26000213623047,122.54000091552734,122.19999694824219,122.48670196533203
2023-06-12 12:30:00-04:00,122.48999786376953,122.70999908447266,122.07720184326172,122.65499877929688
2023-06-12 13:30:00-04:00,122.66000366210938,123.30000305175781,122.5999984741211,123.26699829101562
2023-06-12 14:30:00-04:00,123.26000213623047,124.05000305175781,123.23500061035156,123.55999755859375
2023-06-12 15:30:00-04:00,123.55999755859375,123.76000213623047,123.37999725341797,123.68000030517578
2023-06-13 09:30:00-04:00,124.9800033569336,125.16000366210938,123.5801010131836,123.69999694824219
2023-06-13 10:30:00-04:00,123.69000244140625,124.41999816894531,123.56079864501953,124.37000274658203
2023-06-13 11:30:00-04:00,124.38999938964844,124.44000244140625,123.80870056152344,124.0999984741211
2023-06-13 12:30:00-04:00,124.11000061035156,124.2300033569336,123.80999755859375,123.98989868164062
2023-06-13 13:30:00-04:00,123.99259948730469,124.07499694824219,123.3949966430664,123.47000122070312
2023-06-13 14:30:00-04:00,123.47000122070312,123.67500305175781,123.18000030517578,123.56680297851562
2023-06-13 15:30:00-04:00,123.56500244140625,123.91999816894531,123.51499938964844,123.83000183105469
2023-06-14 09:30:00-04:00,123.0999984741211,123.69000244140625,121.44999694824219,123.63500213623047
2023-06-14 10:30:00-04:00,123.63999938964844,124.05000305175781,123.34500122070312,123.68000030517578
2023-06-14 11:30:00-04:00,123.68000030517578,123.9000015258789,123.2300033569336,123.78500366210938
2023-06-14 12:30:00-04:00,123.77999877929688,123.83999633789062,122.81999969482422,122.92500305175781
2023-06-14 13:30:00-04:00,122.93000030517578,123.0199966430664,121.81999969482422,122.23999786376953
2023-06-14 14:30:00-04:00,122.22250366210938,124.0199966430664,122.12000274658203,123.21499633789062
2023-06-14 15:30:00-04:00,123.22000122070312,123.69999694824219,122.87999725341797,123.69999694824219
2023-06-15 09:30:00-04:00,123.13999938964844,123.97000122070312,122.4000015258789,123.56999969482422
2023-06-15 10:30:00-04:00,123.58999633789062,124.33000183105469,123.2249984741211,124.31999969482422
2023-06-15 11:30:00-04:00,124.31999969482422,124.48999786376953,123.80000305175781,123.96499633789062
2023-06-15 12:30:00-04:00,123.96499633789062,124.0,123.23999786376953,123.77999877929688
2023-06-15 13:30:00-04:00,123.7699966430664,124.5999984741211,123.72000122070312,124.55000305175781
2023-06-15 14:30:00-04:00,124.55999755859375,125.41000366210938,124.54000091552734,125.2300033569336
2023-06-15 15:30:00-04:00,125.2300033569336,125.45999908447266,124.87000274658203,125.11000061035156
2023-06-16 09:30:00-04:00,125.93000030517578,126.10800170898438,123.87999725341797,124.55999755859375
2023-06-16 10:30:00-04:00,124.55000305175781,124.91999816894531,123.91999816894531,124.2750015258789
2023-06-16 11:30:00-04:00,124.27999877929688,124.70999908447266,124.2300033569336,124.69000244140625
2023-06-16 12:30:00-04:00,124.68499755859375,125.11000061035156,124.5,124.52999877929688
2023-06-16 13:30:00-04:00,124.52999877929688,124.69499969482422,124.0999984741211,124.23500061035156
2023-06-16 14:30:00-04:00,124.23500061035156,124.23500061035156,123.80000305175781,123.87000274658203
2023-06-16 15:30:00-04:00,123.87000274658203,124.22000122070312,123.27999877929688,123.55999755859375
2023-06-20 09:30:00-04:00,122.93000030517578,124.56999969482422,122.25,122.31999969482422
2023-06-20 10:30:00-04:00,122.30000305175781,122.94999694824219,122.13999938964844,122.75
2023-06-20 11:30:00-04:00,122.7699966430664,123.29000091552734,122.38999938964844,123.2249984741211
2023-06-20 12:30:00-04:00,123.2218017578125,123.79000091552734,123.13999938964844,123.44999694824219
2023-06-20 13:30:00-04:00,123.45870208740234,123.625,123.0519027709961,123.46499633789062
2023-06-20 14:30:00-04:00,123.47000122070312,123.51000213623047,123.0,123.18000030517578
2023-06-20 15:30:00-04:00,123.19000244140625,123.47000122070312,123.05999755859375,123.0999984741211
2023-06-21 09:30:00-04:00,122.4000015258789,122.66000366210938,121.07959747314453,121.29889678955078
2023-06-21 10:30:00-04:00,121.28500366210938,121.41000366210938,120.0999984741211,120.48999786376953
2023-06-21 11:30:00-04:00,120.48999786376953,121.20999908447266,120.45999908447266,121.04000091552734
2023-06-21 12:30:00-04:00,121.04000091552734,121.24500274658203,120.5250015258789,120.5999984741211
2023-06-21 13:30:00-04:00,120.5999984741211,121.26000213623047,120.47000122070312,121.18499755859375
2023-06-21 14:30:00-04:00,121.19000244140625,121.33399963378906,120.7699966430664,120.7699966430664
2023-06-21 15:30:00-04:00,120.7699966430664,120.81500244140625,120.45999908447266,120.55000305175781
2023-06-22 09:30:00-04:00,120.0,121.2300033569336,118.83000183105469,120.71749877929688
2023-06-22 10:30:00-04:00,120.70999908447266,120.98500061035156,119.93000030517578,120.66500091552734
2023-06-22 11:30:00-04:00,120.66010284423828,121.7750015258789,120.65499877929688,121.42500305175781
2023-06-22 12:30:00-04:00,121.43000030517578,121.70999908447266,121.30999755859375,121.6051025390625
2023-06-22 13:30:00-04:00,121.61000061035156,122.36000061035156,121.48500061035156,122.28500366210938
2023-06-22 14:30:00-04:00,122.29000091552734,122.62999725341797,122.15499877929688,122.44999694824219
2023-06-22 15:30:00-04:00,122.44999694824219,123.23999786376953,122.375,123.16000366210938
2023-06-23 09:30:00-04:00,121.37999725341797,122.42500305175781,121.05999755859375,121.83000183105469
2023-06-23 10:30:00-04:00,121.80999755859375,122.01000213623047,121.37000274658203,121.38999938964844
2023-06-23 11:30:00-04:00,121.3949966430664,122.42500305175781,121.30000305175781,122.4000015258789
2023-06-23 12:30:00-04:00,122.4000015258789,122.78790283203125,122.20500183105469,122.48999786376953
2023-06-23 13:30:00-04:00,122.48999786376953,122.72730255126953,122.41000366210938,122.62000274658203
2023-06-23 14:30:00-04:00,122.62000274658203,122.66000366210938,122.01499938964844,122.48999786376953
2023-06-23 15:30:00-04:00,122.48999786376953,122.69999694824219,121.9000015258789,122.37000274658203
2023-06-26 09:30:00-04:00,120.76000213623047,122.0,120.44730377197266,121.16500091552734
2023-06-26 10:30:00-04:00,121.16000366210938,121.19000244140625,120.04499816894531,120.41999816894531
2023-06-26 11:30:00-04:00,120.41500091552734,120.58039855957031,119.05000305175781,119.05269622802734
2023-06-26 12:30:00-04:00,119.05470275878906,119.1500015258789,118.26499938964844,118.81500244140625
2023-06-26 13:30:00-04:00,118.83000183105469,118.94999694824219,118.36000061035156,118.59020233154297
2023-06-26 14:30:00-04:00,118.58000183105469,119.21499633789062,118.55500030517578,118.875
2023-06-26 15:30:00-04:00,118.875,118.93000030517578,118.30000305175781,118.37000274658203
2023-06-27 09:30:00-04:00,117.08000183105469,117.49500274658203,116.0999984741211,117.22000122070312
2023-06-27 10:30:00-04:00,117.20999908447266,117.93499755859375,116.86000061035156,117.91999816894531
2023-06-27 11:30:00-04:00,117.93000030517578,118.40499877929688,117.7300033569336,118.07499694824219
2023-06-27 12:30:00-04:00,118.07499694824219,118.41999816894531,117.94000244140625,118.02680206298828
2023-06-27 13:30:00-04:00,118.02999877929688,118.8499984741211,117.98999786376953,118.56500244140625
2023-06-27 14:30:00-04:00,118.56999969482422,119.08000183105469,118.53500366210938,118.8949966430664
2023-06-27 15:30:00-04:00,118.89289855957031,118.95989990234375,118.05999755859375,118.33000183105469
2023-06-28 09:30:00-04:00,117.08999633789062,119.16010284423828,116.8499984741211,119.04000091552734
2023-06-28 10:30:00-04:00,119.02999877929688,120.2509994506836,118.92500305175781,119.2699966430664
2023-06-28 11:30:00-04:00,119.27999877929688,120.38999938964844,119.2300033569336,119.83000183105469
2023-06-28 12:30:00-04:00,119.82499694824219,120.0,119.19999694824219,119.70999908447266
2023-06-28 13:30:00-04:00,119.72000122070312,120.0,119.37110137939453,119.94000244140625
2023-06-28 14:30:00-04:00,119.93000030517578,120.16000366210938,119.60009765625,119.9800033569336
2023-06-28 15:30:00-04:00,119.9800033569336,120.23999786376953,119.86000061035156,120.18000030517578
2023-06-29 09:30:00-04:00,119.23999786376953,120.05999755859375,118.41000366210938,118.67500305175781
2023-06-29 10:30:00-04:00,118.68000030517578,119.62999725341797,118.29499816894531,119.58999633789062
2023-06-29 11:30:00-04:00,119.59369659423828,119.62000274658203,119.04000091552734,119.2699966430664
2023-06-29 12:30:00-04:00,119.2699966430664,119.48999786376953,118.9749984741211,119.23999786376953
2023-06-29 13:30:00-04:00,119.23999786376953,119.2699966430664,118.61000061035156,118.79000091552734
2023-06-29 14:30:00-04:00,118.80000305175781,119.11000061035156,118.66010284423828,118.8499984741211
2023-06-29 15:30:00-04:00,118.8499984741211,119.11000061035156,118.61499786376953,119.11000061035156
2023-06-30 09:30:00-04:00,120.16999816894531,121.08000183105469,120.0,120.72139739990234
2023-06-30 10:30:00-04:00,120.72000122070312,120.87000274658203,120.37000274658203,120.39929962158203
2023-06-30 11:30:00-04:00,120.37999725341797,120.5999984741211,120.23999786376953,120.36000061035156
2023-06-30 12:30:00-04:00,120.36000061035156,120.69999694824219,120.33000183105469,120.4800033569336
2023-06-30 13:30:00-04:00,120.4800033569336,120.62999725341797,120.08999633789062,120.44000244140625
2023-06-30 14:30:00-04:00,120.44999694824219,120.45999908447266,119.95500183105469,120.1178970336914
2023-06-30 15:30:00-04:00,120.11000061035156,120.26000213623047,119.69000244140625,119.69999694824219
2023-07-03 09:30:00-04:00,119.23999786376953,120.19000244140625,118.81819915771484,119.29000091552734
2023-07-03 10:30:00-04:00,119.29000091552734,119.58999633789062,118.86000061035156,119.45999908447266
2023-07-03 11:30:00-04:00,119.46499633789062,119.5250015258789,119.25,119.5
2023-07-05 09:30:00-04:00,120.08999633789062,122.61000061035156,119.58000183105469,122.4000015258789
2023-07-05 10:30:00-04:00,122.4000015258789,122.58000183105469,121.68000030517578,121.77999877929688
2023-07-05 11:30:00-04:00,121.7699966430664,122.04000091552734,121.59200286865234,121.91999816894531
2023-07-05 12:30:00-04:00,121.93000030517578,122.27999877929688,121.72000122070312,122.11000061035156
2023-07-05 13:30:00-04:00,122.11910247802734,122.29000091552734,121.55500030517578,121.80500030517578
2023-07-05 14:30:00-04:00,121.80500030517578,122.31999969482422,121.7699966430664,121.98999786376953
2023-07-05 15:30:00-04:00,121.98500061035156,122.125,121.73999786376953,121.76000213623047
2023-07-06 09:30:00-04:00,119.79499816894531,120.08899688720703,118.75,118.93000030517578
2023-07-06 10:30:00-04:00,118.93000030517578,119.12999725341797,118.4000015258789,118.7699966430664
2023-07-06 11:30:00-04:00,118.7699966430664,119.79000091552734,118.76000213623047,119.73999786376953
2023-07-06 12:30:00-04:00,119.75,120.0999984741211,119.7300033569336,119.86000061035156
2023-07-06 13:30:00-04:00,119.87000274658203,120.15499877929688,119.6500015258789,120.0199966430664
2023-07-06 14:30:00-04:00,120.02770233154297,120.30000305175781,119.81999969482422,119.94499969482422
2023-07-06 15:30:00-04:00,119.94999694824219,120.2249984741211,119.7699966430664,120.08999633789062
2023-07-07 09:30:00-04:00,120.0999984741211,120.7300033569336,119.80000305175781,120.05000305175781
2023-07-07 10:30:00-04:00,120.04000091552734,120.33999633789062,119.7300033569336,120.11000061035156
2023-07-07 11:30:00-04:00,120.11000061035156,120.48999786376953,119.96790313720703,120.36000061035156
2023-07-07 12:30:00-04:00,120.36000061035156,120.90609741210938,120.33999633789062,120.86000061035156
2023-07-07 13:30:00-04:00,120.86000061035156,121.05000305175781,120.5,120.57499694824219
2023-07-07 14:30:00-04:00,120.56999969482422,120.5999984741211,120.00499725341797,120.00499725341797
2023-07-07 15:30:00-04:00,120.00499725341797,120.1500015258789,119.4000015258789,119.45999908447266
2023-07-10 09:30:00-04:00,118.30000305175781,118.30500030517578,116.13500213623047,117.69999694824219
2023-07-10 10:30:00-04:00,117.68000030517578,117.87999725341797,116.69000244140625,116.8375015258789
2023-07-10 11:30:00-04:00,116.83999633789062,117.20999908447266,116.14340209960938,116.4000015258789
2023-07-10 12:30:00-04:00,116.41000366210938,116.75,116.30500030517578,116.4749984741211
2023-07-10 13:30:00-04:00,116.48999786376953,116.88999938964844,116.37000274658203,116.78500366210938
2023-07-10 14:30:00-04:00,116.79000091552734,116.83000183105469,116.2699966430664,116.38999938964844
2023-07-10 15:30:00-04:00,116.37999725341797,116.55709838867188,116.2300033569336,116.45999908447266
2023-07-11 09:30:00-04:00,116.29000091552734,117.01000213623047,115.3499984741211,116.72000122070312
2023-07-11 10:30:00-04:00,116.72000122070312,117.33499908447266,116.58000183105469,117.18119812011719
2023-07-11 11:30:00-04:00,117.18000030517578,117.70999908447266,116.93000030517578,117.16999816894531
2023-07-11 12:30:00-04:00,117.16999816894531,117.41999816894531,117.04000091552734,117.12999725341797
2023-07-11 13:30:00-04:00,117.125,117.20999908447266,116.61000061035156,116.7300033569336
2023-07-11 14:30:00-04:00,116.7300033569336,117.02999877929688,116.54000091552734,116.84500122070312
2023-07-11 15:30:00-04:00,116.83999633789062,117.37000274658203,116.69000244140625,117.12999725341797
2023-07-12 09:30:00-04:00,118.80000305175781,120.33000183105469,118.51000213623047,119.91000366210938
2023-07-12 10:30:00-04:00,119.91000366210938,120.0999984741211,119.30000305175781,119.44999694824219
2023-07-12 11:30:00-04:00,119.45999908447266,119.54000091552734,118.41449737548828,118.77999877929688
2023-07-12 12:30:00-04:00,118.7699966430664,119.21739959716797,118.67500305175781,119.06849670410156
2023-07-12 13:30:00-04:00,119.06999969482422,119.38999938964844,119.04000091552734,119.23999786376953
2023-07-12 14:30:00-04:00,119.2300033569336,119.26499938964844,118.67990112304688,118.83000183105469
2023-07-12 15:30:00-04:00,118.82499694824219,119.04499816894531,118.7300033569336,118.97250366210938
2023-07-13 09:30:00-04:00,120.93000030517578,123.38500213623047,120.44999694824219,122.95500183105469
2023-07-13 10:30:00-04:00,122.95210266113281,124.4000015258789,122.73500061035156,124.27999877929688
2023-07-13 11:30:00-04:00,124.27999877929688,124.83000183105469,124.2300033569336,124.29930114746094
2023-07-13 12:30:00-04:00,124.29000091552734,124.58000183105469,124.02999877929688,124.18000030517578
2023-07-13 13:30:00-04:00,124.18000030517578,124.44499969482422,124.00499725341797,124.43000030517578
2023-07-13 14:30:00-04:00,124.43000030517578,124.56500244140625,124.18000030517578,124.20500183105469
2023-07-13 15:30:00-04:00,124.19999694824219,124.65499877929688,124.14009857177734,124.5199966430664
2023-07-14 09:30:00-04:00,124.80000305175781,126.7750015258789,123.48999786376953,126.16999816894531
2023-07-14 10:30:00-04:00,126.17500305175781,126.2699966430664,124.66999816894531,125.61499786376953
2023-07-14 11:30:00-04:00,125.62000274658203,125.71829986572266,124.8499984741211,124.92720031738281
2023-07-14 12:30:00-04:00,124.92500305175781,125.20999908447266,124.83999633789062,125.12999725341797
2023-07-14 13:30:00-04:00,125.12660217285156,125.30000305175781,124.94999694824219,124.9749984741211
2023-07-14 14:30:00-04:00,124.9800033569336,125.47000122070312,124.86499786376953,125.31999969482422
2023-07-14 15:30:00-04:00,125.31999969482422,125.48999786376953,125.06999969482422,125.47000122070312
2023-07-17 09:30:00-04:00,125.94000244140625,127.09989929199219,124.86360168457031,125.41500091552734
2023-07-17 10:30:00-04:00,125.41999816894531,125.63999938964844,124.88999938964844,125.01000213623047
2023-07-17 11:30:00-04:00,125.01000213623047,125.0999984741211,124.19499969482422,124.32499694824219
2023-07-17 12:30:00-04:00,124.32499694824219,124.77999877929688,124.20999908447266,124.66000366210938
2023-07-17 13:30:00-04:00,124.66999816894531,125.17990112304688,124.58999633789062,125.11000061035156
2023-07-17 14:30:00-04:00,125.12000274658203,125.16000366210938,124.42500305175781,124.80259704589844
2023-07-17 15:30:00-04:00,124.80999755859375,124.87000274658203,124.5199966430664,124.6500015258789
2023-07-18 09:30:00-04:00,124.5999984741211,124.68000030517578,122.98500061035156,123.19049835205078
2023-07-18 10:30:00-04:00,123.19000244140625,123.6500015258789,123.08000183105469,123.29000091552734
2023-07-18 11:30:00-04:00,123.29000091552734,123.63999938964844,122.95999908447266,123.27999877929688
2023-07-18 12:30:00-04:00,123.27999877929688,123.56500244140625,123.02999877929688,123.5
2023-07-18 13:30:00-04:00,123.5,124.41100311279297,123.47000122070312,124.30999755859375
2023-07-18 14:30:00-04:00,124.32949829101562,124.36000061035156,123.83000183105469,123.87999725341797
2023-07-18 15:30:00-04:00,123.875,124.08999633789062,123.66000366210938,123.7699966430664
2023-07-19 09:30:00-04:00,124.5999984741211,125.18000030517578,123.80999755859375,123.83999633789062
2023-07-19 10:30:00-04:00,123.83999633789062,124.26000213623047,123.4813003540039,123.84500122070312
2023-07-19 11:30:00-04:00,123.8499984741211,123.98999786376953,122.16999816894531,122.80999755859375
2023-07-19 12:30:00-04:00,122.80000305175781,122.88500213623047,121.9800033569336,121.9800033569336
2023-07-19 13:30:00-04:00,121.9800033569336,122.52999877929688,121.86000061035156,122.1500015258789
2023-07-19 14:30:00-04:00,122.1500015258789,122.84149932861328,122.1500015258789,122.57499694824219
2023-07-19 15:30:00-04:00,122.56999969482422,122.61000061035156,121.80000305175781,122.01000213623047
2023-07-20 09:30:00-04:00,121.41999816894531,124.08999633789062,121.37000274658203,121.69999694824219
2023-07-20 10:30:00-04:00,121.70999908447266,121.79000091552734,120.57499694824219,120.7699966430664
2023-07-20 11:30:00-04:00,120.76000213623047,120.95999908447266,120.44999694824219,120.45999908447266
2023-07-20 12:30:00-04:00,120.45999908447266,120.47000122070312,119.76499938964844,120.05999755859375
2023-07-20 13:30:00-04:00,120.05500030517578,120.16500091552734,119.08999633789062,119.08999633789062
2023-07-20 14:30:00-04:00,119.08999633789062,119.16000366210938,118.22000122070312,118.37000274658203
2023-07-20 15:30:00-04:00,118.36000061035156,119.36000061035156,118.36000061035156,119.18000030517578
2023-07-21 09:30:00-04:00,120.20570373535156,120.98999786376953,118.7300033569336,118.74500274658203
2023-07-21 10:30:00-04:00,118.73999786376953,120.5,118.7300033569336,120.41000366210938
2023-07-21 11:30:00-04:00,120.41000366210938,120.68000030517578,119.33000183105469,119.33999633789062
2023-07-21 12:30:00-04:00,119.33999633789062,120.09500122070312,119.25,120.02999877929688
2023-07-21 13:30:00-04:00,120.0199966430664,120.16000366210938,119.48999786376953,119.86499786376953
2023-07-21 14:30:00-04:00,119.86000061035156,120.16000366210938,119.13999938964844,119.55999755859375
2023-07-21 15:30:00-04:00,119.55999755859375,120.16000366210938,119.26000213623047,119.98500061035156
2023-07-24 09:30:00-04:00,121.66000366210938,123.0,120.9800033569336,122.54000091552734
2023-07-24 10:30:00-04:00,122.55000305175781,122.6500015258789,121.80419921875,121.81999969482422
2023-07-24 11:30:00-04:00,121.80000305175781,122.02999877929688,121.5199966430664,121.81999969482422
2023-07-24 12:30:00-04:00,121.81999969482422,121.97010040283203,121.41000366210938,121.50499725341797
2023-07-24 13:30:00-04:00,121.51000213623047,121.9000015258789,121.4000015258789,121.63330078125
2023-07-24 14:30:00-04:00,121.63999938964844,121.63999938964844,121.16000366210938,121.17500305175781
2023-07-24 15:30:00-04:00,121.17500305175781,121.58999633789062,121.16000366210938,121.55000305175781
2023-07-25 09:30:00-04:00,121.36000061035156,122.47000122070312,121.18000030517578,121.3499984741211
2023-07-25 10:30:00-04:00,121.37000274658203,121.68000030517578,121.0199966430664,121.26000213623047
2023-07-25 11:30:00-04:00,121.25250244140625,121.80000305175781,121.13999938964844,121.5072021484375
2023-07-25 12:30:00-04:00,121.50499725341797,123.1449966430664,121.36000061035156,122.92500305175781
2023-07-25 13:30:00-04:00,122.91999816894531,123.0,122.5999984741211,122.75
2023-07-25 14:30:00-04:00,122.75,123.05000305175781,122.54499816894531,122.94000244140625
2023-07-25 15:30:00-04:00,122.94000244140625,122.94499969482422,122.19000244140625,122.22000122070312
2023-07-26 09:30:00-04:00,130.07000732421875,130.97999572753906,128.32000732421875,129.89999389648438
2023-07-26 10:30:00-04:00,129.92999267578125,130.0800018310547,129.02999877929688,129.3300018310547
2023-07-26 11:30:00-04:00,129.3300018310547,130.11000061035156,129.24000549316406,129.47000122070312
2023-07-26 12:30:00-04:00,129.47999572753906,129.6699981689453,129.0399932861328,129.40879821777344
2023-07-26 13:30:00-04:00,129.40989685058594,129.83999633789062,129.02000427246094,129.22500610351562
2023-07-26 14:30:00-04:00,129.22000122070312,130.2899932861328,128.80999755859375,129.09500122070312
2023-07-26 15:30:00-04:00,129.0800018310547,129.6699981689453,128.77000427246094,129.3300018310547
2023-07-27 09:30:00-04:00,131.6699981689453,133.24000549316406,130.74000549316406,131.60000610351562
2023-07-27 10:30:00-04:00,131.60000610351562,132.625,131.4709930419922,132.04139709472656
2023-07-27 11:30:00-04:00,132.0500030517578,132.6300048828125,131.63999938964844,132.47999572753906
2023-07-27 12:30:00-04:00,132.47999572753906,133.02000427246094,131.47000122070312,131.47999572753906
2023-07-27 13:30:00-04:00,131.47000122070312,131.50999450683594,129.89999389648438,129.9199981689453
2023-07-27 14:30:00-04:00,129.91000366210938,130.16000366210938,129.27999877929688,129.5
2023-07-27 15:30:00-04:00,129.5050048828125,129.64999389648438,128.7899932861328,129.39999389648438
2023-07-28 09:30:00-04:00,130.77999877929688,132.97500610351562,130.57000732421875,132.54379272460938
2023-07-28 10:30:00-04:00,132.5500030517578,133.6699981689453,132.30499267578125,133.25
2023-07-28 11:30:00-04:00,133.25,133.74000549316406,133.10499572753906,133.6199951171875
2023-07-28 12:30:00-04:00,133.6199951171875,133.6199951171875,132.3350067138672,132.35000610351562
2023-07-28 13:30:00-04:00,132.35499572753906,133.0,131.88999938964844,132.74000549316406
2023-07-28 14:30:00-04:00,132.74000549316406,133.08999633789062,132.2899932861328,132.59500122070312
2023-07-28 15:30:00-04:00,132.58999633789062,132.85830688476562,132.4600067138672,132.61000061035156
2023-07-31 09:30:00-04:00,132.72999572753906,133.52499389648438,131.77499389648438,132.3800048828125
2023-07-31 10:30:00-04:00,132.38999938964844,133.14999389648438,132.17999267578125,133.02499389648438
2023-07-31 11:30:00-04:00,133.02000427246094,133.02499389648438,132.4499969482422,132.58999633789062
2023-07-31 12:30:00-04:00,132.5800018310547,132.625,132.05999755859375,132.14500427246094
2023-07-31 13:30:00-04:00,132.14999389648438,132.5399932861328,132.1300048828125,132.22999572753906
2023-07-31 14:30:00-04:00,132.22500610351562,132.6199951171875,132.1199951171875,132.27499389648438
2023-07-31 15:30:00-04:00,132.27000427246094,132.7899932861328,132.16000366210938,132.74000549316406
2023-08-01 09:30:00-04:00,130.77499389648438,132.35000610351562,130.67999267578125,131.99000549316406
2023-08-01 10:30:00-04:00,131.97999572753906,132.6300048828125,131.92999267578125,132.16000366210938
2023-08-01 11:30:00-04:00,132.14999389648438,132.1999969482422,131.69000244140625,131.71499633789062
2023-08-01 12:30:00-04:00,131.7100067138672,132.1699981689453,131.58999633789062,131.8249969482422
2023-08-01 13:30:00-04:00,131.82000732421875,131.8800048828125,131.50999450683594,131.7050018310547
2023-08-01 14:30:00-04:00,131.7100067138672,131.80499267578125,131.5800018310547,131.72000122070312
2023-08-01 15:30:00-04:00,131.72000122070312,131.94000244140625,131.4499969482422,131.5500030517578
2023-08-02 09:30:00-04:00,129.4499969482422,130.08999633789062,128.9499969482422,129.36669921875
2023-08-02 10:30:00-04:00,129.35760498046875,129.39999389648438,128.42999267578125,128.7050018310547
2023-08-02 11:30:00-04:00,128.7050018310547,128.99000549316406,127.55999755859375,127.9021987915039
2023-08-02 12:30:00-04:00,127.88999938964844,128.47120666503906,127.77999877929688,128.4499969482422
2023-08-02 13:30:00-04:00,128.4499969482422,128.64500427246094,128.13999938964844,128.5500030517578
2023-08-02 14:30:00-04:00,128.55499267578125,128.77499389648438,128.13999938964844,128.13999938964844
2023-08-02 15:30:00-04:00,128.14999389648438,128.5399932861328,128.07000732421875,128.3800048828125
2023-08-03 09:30:00-04:00,128.08999633789062,128.67669677734375,127.41999816894531,127.66999816894531
2023-08-03 10:30:00-04:00,127.68000030517578,129.16000366210938,127.66999816894531,128.75999450683594
2023-08-03 11:30:00-04:00,128.7899932861328,129.1300048828125,128.6699981689453,128.92999267578125
2023-08-03 12:30:00-04:00,128.94000244140625,129.38499450683594,128.8699951171875,129.11090087890625
2023-08-03 13:30:00-04:00,129.11000061035156,129.1649932861328,128.51499938964844,128.66000366210938
2023-08-03 14:30:00-04:00,128.66000366210938,128.8800048828125,128.17999267578125,128.47999572753906
2023-08-03 15:30:00-04:00,128.47999572753906,128.64999389648438,128.3350067138672,128.41000366210938
2023-08-04 09:30:00-04:00,129.75,131.50999450683594,128.99000549316406,129.3350067138672
2023-08-04 10:30:00-04:00,129.3300018310547,130.27000427246094,129.30499267578125,130.13999938964844
2023-08-04 11:30:00-04:00,130.13999938964844,130.5500030517578,129.9199981689453,130.47999572753906
2023-08-04 12:30:00-04:00,130.47500610351562,130.7100067138672,129.58999633789062,129.69500732421875
2023-08-04 13:30:00-04:00,129.6999969482422,129.9600067138672,128.52000427246094,128.60000610351562
2023-08-04 14:30:00-04:00,128.60000610351562,128.75,127.91000366210938,128.16000366210938
2023-08-04 15:30:00-04:00,128.15499877929688,128.38999938964844,127.94999694824219,128.1300048828125
2023-08-07 09:30:00-04:00,129.16000366210938,130.3000030517578,129.02000427246094,129.75
2023-08-07 10:30:00-04:00,129.72999572753906,130.53939819335938,129.6300048828125,130.2100067138672
2023-08-07 11:30:00-04:00,130.1999969482422,131.24000549316406,129.8699951171875,131.24000549316406
2023-08-07 12:30:00-04:00,131.22999572753906,131.5800018310547,131.0500030517578,131.25
2023-08-07 13:30:00-04:00,131.25,131.5399932861328,130.7100067138672,130.77999877929688
2023-08-07 14:30:00-04:00,130.77499389648438,131.50999450683594,130.77499389648438,131.4199981689453
2023-08-07 15:30:00-04:00,131.4250030517578,131.61000061035156,131.16000366210938,131.52999877929688
2023-08-08 09:30:00-04:00,130.75,131.13900756835938,129.94000244140625,130.49000549316406
2023-08-08 10:30:00-04:00,130.49000549316406,130.5800018310547,129.5449981689453,130.4600067138672
2023-08-08 11:30:00-04:00,130.4499969482422,131.33999633789062,130.30099487304688,131.0500030517578
2023-08-08 12:30:00-04:00,131.0500030517578,131.32989501953125,130.72000122070312,131.0500030517578
2023-08-08 13:30:00-04:00,131.0500030517578,131.4499969482422,130.77999877929688,131.18499755859375
2023-08-08 14:30:00-04:00,131.1999969482422,131.5,130.91000366210938,131.1909942626953
2023-08-08 15:30:00-04:00,131.1999969482422,131.50999450683594,131.02000427246094,131.41000366210938
2023-08-09 09:30:00-04:00,131.77000427246094,132.0399932861328,130.77000427246094,131.2449951171875
2023-08-09 10:30:00-04:00,131.24000549316406,131.4149932861328,129.19000244140625,129.25999450683594
2023-08-09 11:30:00-04:00,129.25,130.0,129.0,129.88999938964844
2023-08-09 12:30:00-04:00,129.8800048828125,130.4600067138672,129.77000427246094,130.3699951171875
2023-08-09 13:30:00-04:00,130.3699951171875,131.11000061035156,130.3699951171875,130.99000549316406
2023-08-09 14:30:00-04:00,130.99000549316406,131.11000061035156,129.99000549316406,130.38499450683594
2023-08-09 15:30:00-04:00,130.38999938964844,130.41380310058594,129.50999450683594,129.66000366210938
2023-08-10 09:30:00-04:00,131.32000732421875,132.0500030517578,130.55999755859375,131.24830627441406
2023-08-10 10:30:00-04:00,131.22999572753906,131.41000366210938,130.222900390625,130.5399932861328
2023-08-10 11:30:00-04:00,130.55999755859375,131.0500030517578,129.94000244140625,130.3699951171875
2023-08-10 12:30:00-04:00,130.36000061035156,130.89500427246094,129.82000732421875,129.97000122070312
2023-08-10 13:30:00-04:00,129.9600067138672,130.3800048828125,129.4499969482422,130.0500030517578
2023-08-10 14:30:00-04:00,130.05499267578125,130.42999267578125,129.73500061035156,129.88999938964844
2023-08-10 15:30:00-04:00,129.91000366210938,129.94000244140625,129.55999755859375,129.72999572753906
2023-08-11 09:30:00-04:00,128.66000366210938,129.57000732421875,128.1699981689453,129.27000427246094
2023-08-11 10:30:00-04:00,129.27999877929688,129.72999572753906,128.47000122070312,128.71499633789062
2023-08-11 11:30:00-04:00,128.7100067138672,129.5399932861328,128.50999450683594,129.2100067138672
2023-08-11 12:30:00-04:00,129.1999969482422,129.32000732421875,128.75999450683594,129.2949981689453
2023-08-11 13:30:00-04:00,129.2899932861328,129.5800018310547,128.75999450683594,129.52000427246094
2023-08-11 14:30:00-04:00,129.50999450683594,129.8300018310547,129.27000427246094,129.7449951171875
2023-08-11 15:30:00-04:00,129.74000549316406,129.92999267578125,129.31500244140625,129.58999633789062
2023-08-14 09:30:00-04:00,129.38999938964844,130.67999267578125,128.9600067138672,130.33009338378906
2023-08-14 10:30:00-04:00,130.35000610351562,131.1699981689453,130.32000732421875,131.11500549316406
2023-08-14 11:30:00-04:00,131.1199951171875,131.34500122070312,130.57000732421875,130.71499633789062
2023-08-14 12:30:00-04:00,130.7100067138672,131.08999633789062,130.58999633789062,130.85000610351562
2023-08-14 13:30:00-04:00,130.85000610351562,130.94000244140625,130.25999450683594,130.5449981689453
2023-08-14 14:30:00-04:00,130.5500030517578,130.85499572753906,130.33999633789062,130.7449951171875
2023-08-14 15:30:00-04:00,130.74000549316406,131.3699951171875,130.6699981689453,131.3300018310547
2023-08-15 09:30:00-04:00,131.10000610351562,131.4199981689453,129.9199981689453,130.11000061035156
2023-08-15 10:30:00-04:00,130.0850067138672,130.35000610351562,129.63999938964844,130.2899932861328
2023-08-15 11:30:00-04:00,130.2949981689453,130.9199981689453,130.0800018310547,130.52000427246094
2023-08-15 12:30:00-04:00,130.52000427246094,130.77999877929688,130.32000732421875,130.6699981689453
2023-08-15 13:30:00-04:00,130.66000366210938,130.6699981689453,130.07000732421875,130.1199951171875
2023-08-15 14:30:00-04:00,130.1300048828125,130.35000610351562,129.36000061035156,129.3699951171875
2023-08-15 15:30:00-04:00,129.36000061035156,130.02000427246094,129.27999877929688,129.77999877929688
2023-08-16 09:30:00-04:00,128.6999969482422,129.99000549316406,128.55999755859375,129.72000122070312
2023-08-16 10:30:00-04:00,129.7100067138672,130.28089904785156,129.21499633789062,129.3000030517578
2023-08-16 11:30:00-04:00,129.3000030517578,129.3000030517578,127.91500091552734,127.95999908447266
2023-08-16 12:30:00-04:00,127.95500183105469,128.43499755859375,127.86499786376953,128.2050018310547
2023-08-16 13:30:00-04:00,128.1999969482422,129.1300048828125,127.97000122070312,129.05999755859375
2023-08-16 14:30:00-04:00,129.07000732421875,129.1999969482422,128.2899932861328,128.69000244140625
2023-08-16 15:30:00-04:00,128.6999969482422,128.9600067138672,128.38999938964844,128.7100067138672
2023-08-17 09:30:00-04:00,129.8000030517578,130.65499877929688,129.3800048828125,129.41659545898438
2023-08-17 10:30:00-04:00,129.41000366210938,131.22999572753906,129.2899932861328,130.74000549316406
2023-08-17 11:30:00-04:00,130.72000122070312,131.77499389648438,130.4499969482422,131.76499938964844
2023-08-17 12:30:00-04:00,131.77999877929688,131.99000549316406,131.25999450683594,131.27999877929688
2023-08-17 13:30:00-04:00,131.27000427246094,131.27999877929688,130.0,130.3278045654297
2023-08-17 14:30:00-04:00,130.33999633789062,130.343994140625,129.32200622558594,130.02000427246094
2023-08-17 15:30:00-04:00,130.00999450683594,130.42999267578125,129.60009765625,129.88999938964844
2023-08-18 09:30:00-04:00,128.50999450683594,129.25,126.38240051269531,126.69000244140625
2023-08-18 10:30:00-04:00,126.69000244140625,127.62000274658203,126.5999984741211,127.02999877929688
2023-08-18 11:30:00-04:00,127.0250015258789,127.94819641113281,126.79000091552734,127.58999633789062
2023-08-18 12:30:00-04:00,127.6050033569336,127.9000015258789,126.55999755859375,126.84529876708984
2023-08-18 13:30:00-04:00,126.84500122070312,127.62000274658203,126.63500213623047,127.30500030517578
2023-08-18 14:30:00-04:00,127.30000305175781,127.68000030517578,126.88999938964844,127.13999938964844
2023-08-18 15:30:00-04:00,127.13999938964844,127.91000366210938,127.04000091552734,127.47000122070312
2023-08-21 09:30:00-04:00,127.17500305175781,128.55999755859375,127.05999755859375,127.41999816894531
2023-08-21 10:30:00-04:00,127.43000030517578,127.7699966430664,126.76000213623047,126.83000183105469
2023-08-21 11:30:00-04:00,126.83000183105469,127.56999969482422,126.55999755859375,127.49500274658203
2023-08-21 12:30:00-04:00,127.48999786376953,128.13499450683594,127.27999877929688,127.9800033569336
2023-08-21 13:30:00-04:00,127.97000122070312,128.5399932861328,127.95999908447266,128.27000427246094
2023-08-21 14:30:00-04:00,128.27999877929688,128.72500610351562,128.2100067138672,128.39999389648438
2023-08-21 15:30:00-04:00,128.40499877929688,128.66000366210938,128.25999450683594,128.32000732421875
2023-08-22 09:30:00-04:00,128.50999450683594,129.7899932861328,128.32000732421875,129.49000549316406
2023-08-22 10:30:00-04:00,129.5,130.2779998779297,129.17999267578125,130.10000610351562
2023-08-22 11:30:00-04:00,130.08999633789062,130.27000427246094,129.2700958251953,129.52000427246094
2023-08-22 12:30:00-04:00,129.50999450683594,129.86839294433594,128.8699951171875,129.07000732421875
2023-08-22 13:30:00-04:00,129.06500244140625,129.2100067138672,128.8000030517578,129.17999267578125
2023-08-22 14:30:00-04:00,129.19000244140625,129.47999572753906,128.83999633789062,128.9550018310547
2023-08-22 15:30:00-04:00,128.9499969482422,129.14999389648438,128.65499877929688,129.0800018310547
2023-08-23 09:30:00-04:00,130.17999267578125,132.50999450683594,129.8699951171875,132.4499969482422
2023-08-23 10:30:00-04:00,132.4499969482422,133.41000366210938,132.36419677734375,132.60000610351562
2023-08-23 11:30:00-04:00,132.60000610351562,132.7899932861328,132.1999969482422,132.22000122070312
2023-08-23 12:30:00-04:00,132.2100067138672,132.8800048828125,132.13999938964844,132.85499572753906
2023-08-23 13:30:00-04:00,132.86000061035156,133.24000549316406,132.67999267578125,133.0449981689453
2023-08-23 14:30:00-04:00,133.0500030517578,133.08999633789062,132.79119873046875,133.03500366210938
2023-08-23 15:30:00-04:00,133.02999877929688,133.07000732421875,132.1649932861328,132.3800048828125
2023-08-24 09:30:00-04:00,133.9499969482422,134.25,131.9199981689453,131.9550018310547
2023-08-24 10:30:00-04:00,131.9550018310547,132.00999450683594,131.1699981689453,131.3350067138672
2023-08-24 11:30:00-04:00,131.3300018310547,131.3300018310547,130.15499877929688,131.1699981689453
2023-08-24 12:30:00-04:00,131.1699981689453,131.55999755859375,130.85000610351562,130.97000122070312
2023-08-24 13:30:00-04:00,130.97500610351562,131.1999969482422,130.7899932861328,130.86000061035156
2023-08-24 14:30:00-04:00,130.86500549316406,131.0,130.4550018310547,130.52859497070312
2023-08-24 15:30:00-04:00,130.52000427246094,130.6199951171875,129.57000732421875,129.75999450683594
2023-08-25 09:30:00-04:00,129.5399932861328,130.75999450683594,128.72000122070312,129.11000061035156
2023-08-25 10:30:00-04:00,129.10000610351562,129.3000030517578,127.25,128.36000061035156
2023-08-25 11:30:00-04:00,128.35000610351562,128.7449951171875,127.9800033569336,128.7100067138672
2023-08-25 12:30:00-04:00,128.66000366210938,128.9600067138672,128.375,128.60009765625
2023-08-25 13:30:00-04:00,128.61500549316406,129.66000366210938,128.27999877929688,129.6199951171875
2023-08-25 14:30:00-04:00,129.6199951171875,130.17999267578125,129.42999267578125,130.1300048828125
2023-08-25 15:30:00-04:00,130.125,130.1699981689453,129.5399932861328,129.86000061035156
2023-08-28 09:30:00-04:00,131.30999755859375,132.5399932861328,130.7899932861328,131.7050018310547
2023-08-28 10:30:00-04:00,131.72000122070312,131.8292999267578,130.25999450683594,130.35000610351562
2023-08-28 11:30:00-04:00,130.35000610351562,130.75999450683594,130.19400024414062,130.52499389648438
2023-08-28 12:30:00-04:00,130.52000427246094,131.38999938964844,130.4499969482422,130.86500549316406
2023-08-28 13:30:00-04:00,130.8699951171875,130.9499969482422,130.13999938964844,130.58999633789062
2023-08-28 14:30:00-04:00,130.58999633789062,131.16000366210938,130.4499969482422,130.8000030517578
2023-08-28 15:30:00-04:00,130.7899932861328,131.27999877929688,130.74000549316406,131.07000732421875
2023-08-29 09:30:00-04:00,132.64999389648438,134.13999938964844,132.4199981689453,133.94000244140625
2023-08-29 10:30:00-04:00,133.94000244140625,135.83929443359375,133.92999267578125,135.66000366210938
2023-08-29 11:30:00-04:00,135.64999389648438,136.57000732421875,134.7899932861328,135.3699951171875
2023-08-29 12:30:00-04:00,135.3699951171875,135.5,134.10000610351562,134.36000061035156
2023-08-29 13:30:00-04:00,134.35000610351562,134.61000061035156,133.77999877929688,134.44000244140625
2023-08-29 14:30:00-04:00,134.4499969482422,134.99000549316406,134.27000427246094,134.989501953125
2023-08-29 15:30:00-04:00,134.97999572753906,134.97999572753906,134.49000549316406,134.52999877929688
2023-08-30 09:30:00-04:00,134.77999877929688,135.94000244140625,134.07000732421875,134.9499969482422
2023-08-30 10:30:00-04:00,134.9499969482422,135.72999572753906,134.8000030517578,135.125
2023-08-30 11:30:00-04:00,135.11000061035156,135.61000061035156,134.97000122070312,135.2449951171875
2023-08-30 12:30:00-04:00,135.25,135.4199981689453,134.75,135.2949981689453
2023-08-30 13:30:00-04:00,135.2949981689453,135.6999969482422,135.17999267578125,135.60000610351562
2023-08-30 14:30:00-04:00,135.58999633789062,136.27499389648438,135.55999755859375,135.80499267578125
2023-08-30 15:30:00-04:00,135.80999755859375,135.97999572753906,135.61000061035156,135.8800048828125
2023-08-31 09:30:00-04:00,136.00999450683594,138.0,135.7899932861328,137.08999633789062
2023-08-31 10:30:00-04:00,137.10000610351562,137.25,136.50999450683594,136.61900329589844
2023-08-31 11:30:00-04:00,136.61500549316406,136.8699951171875,136.33999633789062,136.61000061035156
2023-08-31 12:30:00-04:00,136.61000061035156,136.86000061035156,135.9199981689453,136.76499938964844
2023-08-31 13:30:00-04:00,136.77000427246094,137.14999389648438,136.55999755859375,137.13119506835938
2023-08-31 14:30:00-04:00,137.13499450683594,137.13999938964844,136.6699981689453,136.89999389648438
2023-08-31 15:30:00-04:00,136.89999389648438,137.14999389648438,136.11000061035156,136.16000366210938
2023-09-01 09:30:00-04:00,137.4550018310547,137.4550018310547,134.85000610351562,136.02999877929688
2023-09-01 10:30:00-04:00,136.02000427246094,136.02999877929688,135.02999877929688,135.8000030517578
2023-09-01 11:30:00-04:00,135.82000732421875,135.9250030517578,135.27000427246094,135.8000030517578
2023-09-01 12:30:00-04:00,135.7949981689453,135.83999633789062,135.30999755859375,135.41000366210938
2023-09-01 13:30:00-04:00,135.39999389648438,135.5399932861328,135.1197967529297,135.1197967529297
2023-09-01 14:30:00-04:00,135.10499572753906,135.52999877929688,134.9499969482422,135.50999450683594
2023-09-01 15:30:00-04:00,135.52000427246094,135.75,135.33999633789062,135.66000366210938
2023-09-05 09:30:00-04:00,135.44000244140625,135.97000122070312,134.58009338378906,134.99099731445312
2023-09-05 10:30:00-04:00,134.99000549316406,135.8000030517578,134.72999572753906,135.52000427246094
2023-09-05 11:30:00-04:00,135.52000427246094,135.72999572753906,135.27000427246094,135.3350067138672
2023-09-05 12:30:00-04:00,135.33999633789062,135.6699981689453,135.30999755859375,135.5399932861328
2023-09-05 13:30:00-04:00,135.5399932861328,136.38999938964844,135.4499969482422,136.31939697265625
2023-09-05 14:30:00-04:00,136.31900024414062,136.4199981689453,135.85000610351562,135.93600463867188
2023-09-05 15:30:00-04:00,135.92999267578125,136.10000610351562,135.66000366210938,135.77000427246094
2023-09-06 09:30:00-04:00,136.02000427246094,136.5299072265625,134.65499877929688,134.67999267578125
2023-09-06 10:30:00-04:00,134.6699981689453,135.1699981689453,134.5,134.94000244140625
2023-09-06 11:30:00-04:00,134.9250030517578,135.0399932861328,134.00999450683594,134.06500244140625
2023-09-06 12:30:00-04:00,134.05999755859375,134.22999572753906,133.6649932861328,134.0399932861328
2023-09-06 13:30:00-04:00,134.0449981689453,134.27000427246094,133.93499755859375,134.05999755859375
2023-09-06 14:30:00-04:00,134.05059814453125,134.4499969482422,134.05059814453125,134.3498992919922
2023-09-06 15:30:00-04:00,134.35000610351562,134.57000732421875,134.1999969482422,134.4600067138672
2023-09-07 09:30:00-04:00,133.58999633789062,134.5399932861328,132.9499969482422,134.13099670410156
2023-09-07 10:30:00-04:00,134.19000244140625,135.0500030517578,133.9600067138672,134.57000732421875
2023-09-07 11:30:00-04:00,134.55499267578125,134.99000549316406,133.6199951171875,134.7550048828125
2023-09-07 12:30:00-04:00,134.75799560546875,135.25999450683594,134.58999633789062,135.11500549316406
2023-09-07 13:30:00-04:00,135.1199951171875,135.50999450683594,134.9199981689453,135.1999969482422
2023-09-07 14:30:00-04:00,135.19000244140625,135.55499267578125,135.08999633789062,135.52000427246094
2023-09-07 15:30:00-04:00,135.52000427246094,135.5800018310547,135.0800018310547,135.26499938964844
2023-09-08 09:30:00-04:00,134.91000366210938,136.1699981689453,134.85000610351562,135.9499969482422
2023-09-08 10:30:00-04:00,135.97000122070312,136.18499755859375,135.42999267578125,136.0399932861328
2023-09-08 11:30:00-04:00,136.0500030517578,136.43809509277344,135.9600067138672,136.22999572753906
2023-09-08 12:30:00-04:00,136.22999572753906,136.33999633789062,135.9199981689453,136.23719787597656
2023-09-08 13:30:00-04:00,136.24000549316406,136.66000366210938,136.02000427246094,136.4199981689453
2023-09-08 14:30:00-04:00,136.41299438476562,136.52049255371094,135.72999572753906,135.79150390625
2023-09-08 15:30:00-04:00,135.7899932861328,136.53990173339844,135.72000122070312,136.41000366210938
2023-09-11 09:30:00-04:00,136.5399932861328,137.47999572753906,136.33050537109375,136.44000244140625
2023-09-11 10:30:00-04:00,136.4499969482422,136.4600067138672,135.78500366210938,136.38999938964844
2023-09-11 11:30:00-04:00,136.39500427246094,136.55999755859375,135.9199981689453,136.52999877929688
2023-09-11 12:30:00-04:00,136.52999877929688,136.89999389648438,136.25999450683594,136.81500244140625
2023-09-11 13:30:00-04:00,136.82000732421875,137.16000366210938,136.77000427246094,137.10000610351562
2023-09-11 14:30:00-04:00,137.10000610351562,137.11000061035156,136.7126007080078,137.06500244140625
2023-09-11 15:30:00-04:00,137.07000732421875,137.2100067138672,136.72999572753906,136.92999267578125
2023-09-12 09:30:00-04:00,136.25999450683594,136.87010192871094,135.86000061035156,136.0
2023-09-12 10:30:00-04:00,136.0,136.30499267578125,135.4600067138672,135.92999267578125
2023-09-12 11:30:00-04:00,135.9250030517578,136.22500610351562,135.7100067138672,136.08999633789062
2023-09-12 12:30:00-04:00,136.0850067138672,136.19000244140625,135.7519989013672,136.08999633789062
2023-09-12 13:30:00-04:00,136.10000610351562,136.1968994140625,135.63499450683594,135.81500244140625
2023-09-12 14:30:00-04:00,135.81500244140625,135.9499969482422,135.19000244140625,135.3000030517578
2023-09-12 15:30:00-04:00,135.3000030517578,135.47000122070312,135.22999572753906,135.35000610351562
2023-09-13 09:30:00-04:00,135.08999633789062,135.4149932861328,134.14999389648438,135.35000610351562
2023-09-13 10:30:00-04:00,135.3699951171875,135.72000122070312,135.22000122070312,135.63999938964844
2023-09-13 11:30:00-04:00,135.63999938964844,136.16000366210938,135.0500030517578,136.1199951171875
2023-09-13 12:30:00-04:00,136.1300048828125,136.55999755859375,135.80999755859375,136.12820434570312
2023-09-13 13:30:00-04:00,136.1300048828125,136.7187957763672,136.07009887695312,136.44000244140625
2023-09-13 14:30:00-04:00,136.44140625,136.5,135.9499969482422,136.46499633789062
2023-09-13 15:30:00-04:00,136.47999572753906,136.89999389648438,136.38999938964844,136.69000244140625
2023-09-14 09:30:00-04:00,137.60000610351562,138.0,136.24000549316406,136.9499969482422
2023-09-14 10:30:00-04:00,136.9499969482422,138.28500366210938,136.92999267578125,137.8249969482422
2023-09-14 11:30:00-04:00,137.82000732421875,138.4149932861328,137.5800018310547,138.00999450683594
2023-09-14 12:30:00-04:00,138.0050048828125,138.69500732421875,137.83999633789062,138.32000732421875
2023-09-14 13:30:00-04:00,138.3300018310547,138.6072998046875,138.1300048828125,138.1300048828125
2023-09-14 14:30:00-04:00,138.1199951171875,138.5800018310547,138.0500030517578,138.1199951171875
2023-09-14 15:30:00-04:00,138.1199951171875,138.5,137.97000122070312,138.10000610351562
2023-09-15 09:30:00-04:00,138.25999450683594,138.52000427246094,136.8800048828125,137.63999938964844
2023-09-15 10:30:00-04:00,137.6300048828125,137.7949981689453,136.47999572753906,137.22000122070312
2023-09-15 11:30:00-04:00,137.2100067138672,137.50999450683594,136.97000122070312,137.38499450683594
2023-09-15 12:30:00-04:00,137.38999938964844,137.8000030517578,136.90150451660156,136.9550018310547
2023-09-15 13:30:00-04:00,136.9499969482422,137.32000732421875,136.66000366210938,136.9199981689453
2023-09-15 14:30:00-04:00,136.9199981689453,137.3800048828125,136.80999755859375,137.25999450683594
2023-09-15 15:30:00-04:00,137.27000427246094,137.5500030517578,136.86000061035156,137.38999938964844
2023-09-18 09:30:00-04:00,136.61000061035156,139.16000366210938,136.61000061035156,138.9499969482422
2023-09-18 10:30:00-04:00,138.96499633789062,138.97999572753906,138.1300048828125,138.3000030517578
2023-09-18 11:30:00-04:00,138.30479431152344,138.77999877929688,138.17999267578125,138.3800048828125
2023-09-18 12:30:00-04:00,138.38999938964844,138.50999450683594,137.88999938964844,138.1300048828125
2023-09-18 13:30:00-04:00,138.13999938964844,138.51499938964844,138.00999450683594,138.4600067138672
2023-09-18 14:30:00-04:00,138.4600067138672,138.67999267578125,138.11000061035156,138.4759979248047
2023-09-18 15:30:00-04:00,138.47999572753906,138.48500061035156,138.05999755859375,138.1999969482422
2023-09-19 09:30:00-04:00,137.4199981689453,138.41000366210938,137.17999267578125,137.69000244140625
2023-09-19 10:30:00-04:00,137.69500732421875,137.69500732421875,137.11000061035156,137.23890686035156
2023-09-19 11:30:00-04:00,137.22000122070312,137.3350067138672,136.6199951171875,136.9600067138672
2023-09-19 12:30:00-04:00,136.9600067138672,137.49000549316406,136.66000366210938,137.27000427246094
2023-09-19 13:30:00-04:00,137.27999877929688,138.0399932861328,137.27499389648438,137.75999450683594
2023-09-19 14:30:00-04:00,137.75999450683594,138.13999938964844,137.5399932861328,137.92999267578125
2023-09-19 15:30:00-04:00,137.94000244140625,138.2050018310547,137.86500549316406,138.0500030517578
2023-09-20 09:30:00-04:00,138.0800018310547,138.0800018310547,136.02999877929688,136.47999572753906
2023-09-20 10:30:00-04:00,136.48269653320312,136.67999267578125,135.25,135.3000030517578
2023-09-20 11:30:00-04:00,135.2899932861328,135.98500061035156,135.22999572753906,135.75999450683594
2023-09-20 12:30:00-04:00,135.75999450683594,136.10000610351562,135.65499877929688,135.82200622558594
2023-09-20 13:30:00-04:00,135.8249969482422,135.9875946044922,134.8800048828125,135.3699951171875
2023-09-20 14:30:00-04:00,135.36000061035156,135.97000122070312,134.30999755859375,134.61000061035156
2023-09-20 15:30:00-04:00,134.6199951171875,134.64999389648438,133.6199951171875,133.72999572753906
2023-09-21 09:30:00-04:00,130.9499969482422,132.15499877929688,130.07000732421875,130.3784942626953
2023-09-21 10:30:00-04:00,130.3699951171875,131.0,130.17999267578125,130.7550048828125
2023-09-21 11:30:00-04:00,130.75999450683594,131.21719360351562,130.60000610351562,130.71499633789062
2023-09-21 12:30:00-04:00,130.72000122070312,132.22999572753906,130.67999267578125,131.69000244140625
2023-09-21 13:30:00-04:00,131.67999267578125,131.99000549316406,131.17999267578125,131.22000122070312
2023-09-21 14:30:00-04:00,131.22000122070312,131.34500122070312,130.62010192871094,130.7147979736328
2023-09-21 15:30:00-04:00,130.72000122070312,130.88999938964844,130.3699951171875,130.42999267578125
2023-09-22 09:30:00-04:00,130.75999450683594,131.5399932861328,129.60000610351562,131.41000366210938
2023-09-22 10:30:00-04:00,131.4199981689453,132.02499389648438,131.35000610351562,131.72999572753906
2023-09-22 11:30:00-04:00,131.74000549316406,131.90499877929688,131.35499572753906,131.6699981689453
2023-09-22 12:30:00-04:00,131.69000244140625,131.8800048828125,131.0449981689453,131.07919311523438
2023-09-22 13:30:00-04:00,131.0800018310547,131.19000244140625,130.1300048828125,130.33999633789062
2023-09-22 14:30:00-04:00,130.33999633789062,131.4600067138672,130.2100067138672,131.1300048828125
2023-09-22 15:30:00-04:00,131.13999938964844,131.22720336914062,130.0500030517578,130.22999572753906
2023-09-25 09:30:00-04:00,129.8300018310547,130.43499755859375,128.9600067138672,129.875
2023-09-25 10:30:00-04:00,129.86000061035156,130.77000427246094,129.72000122070312,130.5399932861328
2023-09-25 11:30:00-04:00,130.5449981689453,130.85000610351562,130.3800048828125,130.7200927734375
2023-09-25 12:30:00-04:00,130.72999572753906,130.85000610351562,130.14999389648438,130.5399932861328
2023-09-25 13:30:00-04:00,130.5399932861328,130.89999389648438,130.3300018310547,130.72500610351562
2023-09-25 14:30:00-04:00,130.71499633789062,131.02000427246094,130.27000427246094,130.7165985107422
2023-09-25 15:30:00-04:00,130.7100067138672,131.1699981689453,130.61419677734375,131.13999938964844
2023-09-26 09:30:00-04:00,129.77000427246094,130.364501953125,127.52999877929688,127.96499633789062
2023-09-26 10:30:00-04:00,127.94999694824219,128.3800048828125,127.2300033569336,127.2499008178711
2023-09-26 11:30:00-04:00,127.23999786376953,128.1750030517578,127.22000122070312,128.14999389648438
2023-09-26 12:30:00-04:00,128.14999389648438,128.57000732421875,128.0500030517578,128.2100067138672
2023-09-26 13:30:00-04:00,128.2050018310547,128.47500610351562,127.9800033569336,128.2091064453125
2023-09-26 14:30:00-04:00,128.2001953125,128.4199981689453,128.0050048828125,128.27000427246094
2023-09-26 15:30:00-04:00,128.27999877929688,128.67999267578125,128.13999938964844,128.55999755859375
2023-09-27 09:30:00-04:00,128.57000732421875,130.02000427246094,128.57000732421875,129.4600067138672
2023-09-27 10:30:00-04:00,129.4600067138672,129.5865936279297,128.93499755859375,129.47999572753906
2023-09-27 11:30:00-04:00,129.49000549316406,129.61500549316406,129.05999755859375,129.5399932861328
2023-09-27 12:30:00-04:00,129.5449981689453,129.91000366210938,129.27999877929688,129.3000030517578
2023-09-27 13:30:00-04:00,129.27000427246094,129.5500030517578,128.74000549316406,129.5113067626953
2023-09-27 14:30:00-04:00,129.5200958251953,130.89500427246094,129.5200958251953,130.55999755859375
2023-09-27 15:30:00-04:00,130.5679931640625,130.85000610351562,129.92999267578125,130.58999633789062
2023-09-28 09:30:00-04:00,129.83999633789062,131.14999389648438,129.7899932861328,130.80999755859375
2023-09-28 10:30:00-04:00,130.80999755859375,131.77000427246094,130.38999938964844,131.76559448242188
2023-09-28 11:30:00-04:00,131.77000427246094,133.3000030517578,131.7449951171875,133.1999969482422
2023-09-28 12:30:00-04:00,133.2050018310547,133.27999877929688,132.4499969482422,132.64999389648438
2023-09-28 13:30:00-04:00,132.66000366210938,132.7949981689453,132.0800018310547,132.74000549316406
2023-09-28 14:30:00-04:00,132.74000549316406,132.75999450683594,131.86000061035156,132.72000122070312
2023-09-28 15:30:00-04:00,132.72500610351562,132.77999877929688,132.02000427246094,132.3000030517578
2023-09-29 09:30:00-04:00,133.27999877929688,134.0500030517578,132.3300018310547,133.4199981689453
2023-09-29 10:30:00-04:00,133.4199981689453,133.7449951171875,132.052001953125,132.07000732421875
2023-09-29 11:30:00-04:00,132.0749969482422,132.33999633789062,131.69000244140625,131.97000122070312
2023-09-29 12:30:00-04:00,131.97000122070312,132.0500030517578,130.9499969482422,131.14500427246094
2023-09-29 13:30:00-04:00,131.14999389648438,131.22000122070312,130.5,130.55999755859375
2023-09-29 14:30:00-04:00,130.55999755859375,131.24000549316406,130.36000061035156,130.9199981689453
2023-09-29 15:30:00-04:00,130.91000366210938,131.4600067138672,130.42999267578125,130.80999755859375
2023-10-02 09:30:00-04:00,131.2100067138672,133.55999755859375,131.1699981689453,132.99000549316406
2023-10-02 10:30:00-04:00,132.99000549316406,134.4199981689453,132.77000427246094,134.25999450683594
2023-10-02 11:30:00-04:00,134.27999877929688,134.32000732421875,132.8800048828125,133.2100067138672
2023-10-02 12:30:00-04:00,133.2100067138672,133.38499450683594,132.5050048828125,133.07000732421875
2023-10-02 13:30:00-04:00,133.0800018310547,133.67999267578125,132.89990234375,132.94000244140625
2023-10-02 14:30:00-04:00,132.9499969482422,133.4600067138672,132.8928985595703,133.3300018310547
2023-10-02 15:30:00-04:00,133.3300018310547,134.27999877929688,133.3000030517578,134.1750030517578
2023-10-03 09:30:00-04:00,133.94000244140625,134.25999450683594,132.41000366210938,132.65499877929688
2023-10-03 10:30:00-04:00,132.65499877929688,133.1999969482422,132.0399932861328,132.22000122070312
2023-10-03 11:30:00-04:00,132.1999969482422,132.9600067138672,132.05999755859375,132.89999389648438
2023-10-03 12:30:00-04:00,132.91000366210938,133.44000244140625,132.6199951171875,132.9250030517578
2023-10-03 13:30:00-04:00,132.92999267578125,132.94000244140625,132.2100067138672,132.36000061035156
2023-10-03 14:30:00-04:00,132.35000610351562,132.62440490722656,132.01190185546875,132.0800018310547
2023-10-03 15:30:00-04:00,132.07000732421875,132.5059051513672,131.83999633789062,132.44000244140625
2023-10-04 09:30:00-04:00,132.7899932861328,134.3699951171875,132.52999877929688,133.24000549316406
2023-10-04 10:30:00-04:00,133.25999450683594,134.75999450683594,133.25999450683594,134.58999633789062
2023-10-04 11:30:00-04:00,134.5800018310547,135.4080047607422,134.47999572753906,135.1300048828125
2023-10-04 12:30:00-04:00,135.1300048828125,135.17999267578125,134.5800018310547,134.6300048828125
2023-10-04 13:30:00-04:00,134.63999938964844,134.83999633789062,134.1999969482422,134.5399932861328
2023-10-04 14:30:00-04:00,134.55999755859375,135.32000732421875,134.19000244140625,135.2100067138672
2023-10-04 15:30:00-04:00,135.2100067138672,135.57000732421875,135.11000061035156,135.2100067138672
2023-10-05 09:30:00-04:00,135.07000732421875,135.49000549316406,133.77999877929688,134.19000244140625
2023-10-05 10:30:00-04:00,134.17999267578125,134.32000732421875,133.4499969482422,134.27999877929688
2023-10-05 11:30:00-04:00,134.27000427246094,135.3000030517578,134.10000610351562,134.98300170898438
2023-10-05 12:30:00-04:00,134.97999572753906,135.19000244140625,134.5800018310547,135.16000366210938
2023-10-05 13:30:00-04:00,135.1699981689453,135.3498992919922,134.95010375976562,135.05999755859375
2023-10-05 14:30:00-04:00,135.07000732421875,135.38499450683594,134.94439697265625,135.2100067138672
2023-10-05 15:30:00-04:00,135.2100067138672,135.24000549316406,134.92999267578125,135.0800018310547
2023-10-06 09:30:00-04:00,134.00999450683594,136.44000244140625,134.00999450683594,136.3000030517578
2023-10-06 10:30:00-04:00,136.3000030517578,136.63999938964844,135.77000427246094,136.2301025390625
2023-10-06 11:30:00-04:00,136.24000549316406,137.52000427246094,136.17999267578125,137.3300018310547
2023-10-06 12:30:00-04:00,137.35000610351562,137.69000244140625,137.02999877929688,137.60000610351562
2023-10-06 13:30:00-04:00,137.60000610351562,138.02999877929688,137.44000244140625,137.99000549316406
2023-10-06 14:30:00-04:00,137.99249267578125,138.07000732421875,137.72000122070312,138.0500030517578
2023-10-06 15:30:00-04:00,138.05499267578125,138.15499877929688,137.52000427246094,137.60000610351562
2023-10-09 09:30:00-04:00,136.94000244140625,138.0800018310547,135.61000061035156,137.68499755859375
2023-10-09 10:30:00-04:00,137.70899963378906,137.92999267578125,136.8000030517578,137.7449951171875
2023-10-09 11:30:00-04:00,137.7449951171875,138.0189971923828,137.61000061035156,137.7299041748047
2023-10-09 12:30:00-04:00,137.72999572753906,137.91000366210938,137.43499755859375,137.8300018310547
2023-10-09 13:30:00-04:00,137.85000610351562,138.82000732421875,137.83999633789062,138.75
2023-10-09 14:30:00-04:00,138.75999450683594,138.94000244140625,138.4199981689453,138.55999755859375
2023-10-09 15:30:00-04:00,138.55999755859375,138.60000610351562,138.0399932861328,138.4499969482422
2023-10-10 09:30:00-04:00,138.5,139.05999755859375,137.3300018310547,138.1699981689453
2023-10-10 10:30:00-04:00,138.17999267578125,139.19000244140625,138.10000610351562,139.0500030517578
2023-10-10 11:30:00-04:00,139.0449981689453,139.72000122070312,138.97000122070312,139.5800018310547
2023-10-10 12:30:00-04:00,139.57000732421875,139.5850067138672,138.4499969482422,138.90499877929688
2023-10-10 13:30:00-04:00,138.91000366210938,139.41000366210938,138.39999389648438,138.5500030517578
2023-10-10 14:30:00-04:00,138.5500030517578,138.8300018310547,138.47000122070312,138.52000427246094
2023-10-10 15:30:00-04:00,138.52000427246094,138.61500549316406,137.94000244140625,138.07000732421875
2023-10-11 09:30:00-04:00,138.5800018310547,140.83999633789062,138.5800018310547,140.2239990234375
2023-10-11 10:30:00-04:00,140.22000122070312,141.11000061035156,140.11000061035156,140.31500244140625
2023-10-11 11:30:00-04:00,140.3300018310547,140.5,139.59500122070312,140.02999877929688
2023-10-11 12:30:00-04:00,140.0399932861328,140.22000122070312,139.6699981689453,139.7949981689453
2023-10-11 13:30:00-04:00,139.7949981689453,140.61000061035156,139.44000244140625,140.3000030517578
2023-10-11 14:30:00-04:00,140.3000030517578,140.7100067138672,140.02000427246094,140.44000244140625
2023-10-11 15:30:00-04:00,140.43629455566406,140.66000366210938,140.32000732421875,140.56500244140625
2023-10-12 09:30:00-04:00,141.0500030517578,141.22000122070312,139.97999572753906,140.6699981689453
2023-10-12 10:30:00-04:00,140.67999267578125,140.8699951171875,140.33999633789062,140.38999938964844
2023-10-12 11:30:00-04:00,140.3800048828125,140.7100067138672,140.05999755859375,140.61000061035156
2023-10-12 12:30:00-04:00,140.60000610351562,140.61500549316406,138.85000610351562,139.08999633789062
2023-10-12 13:30:00-04:00,139.07000732421875,139.25999450683594,138.25999450683594,138.9600067138672
2023-10-12 14:30:00-04:00,138.9600067138672,139.52000427246094,138.82000732421875,139.27000427246094
2023-10-12 15:30:00-04:00,139.25999450683594,139.47999572753906,138.85499572753906,138.97999572753906
2023-10-13 09:30:00-04:00,139.3800048828125,140.0,138.52999877929688,138.72000122070312
2023-10-13 10:30:00-04:00,138.7100067138672,138.9499969482422,137.0800018310547,137.3800048828125
2023-10-13 11:30:00-04:00,137.3800048828125,137.6750030517578,136.7100067138672,137.57000732421875
2023-10-13 12:30:00-04:00,137.57000732421875,137.9600067138672,136.6999969482422,136.7550048828125
2023-10-13 13:30:00-04:00,136.75999450683594,137.44000244140625,136.61500549316406,137.1699981689453
2023-10-13 14:30:00-04:00,137.1699981689453,137.92999267578125,137.1300048828125,137.30999755859375
2023-10-13 15:30:00-04:00,137.32000732421875,137.5,137.11000061035156,137.33999633789062
2023-10-16 09:30:00-04:00,138.1699981689453,139.48500061035156,137.99000549316406,139.3719940185547
2023-10-16 10:30:00-04:00,139.3800048828125,139.6300048828125,138.531005859375,138.88499450683594
2023-10-16 11:30:00-04:00,138.88499450683594,139.02999877929688,138.306396484375,138.73500061035156
2023-10-16 12:30:00-04:00,138.74000549316406,139.13499450683594,138.16000366210938,138.67999267578125
2023-10-16 13:30:00-04:00,138.69000244140625,139.5,138.61000061035156,139.33999633789062
2023-10-16 14:30:00-04:00,139.35000610351562,139.4550018310547,139.11000061035156,139.32879638671875
2023-10-16 15:30:00-04:00,139.3300018310547,139.42999267578125,139.02000427246094,139.10000610351562
2023-10-17 09:30:00-04:00,138.6300048828125,138.80999755859375,137.17999267578125,138.64999389648438
2023-10-17 10:30:00-04:00,138.66000366210938,139.3800048828125,138.60000610351562,138.6591033935547
2023-10-17 11:30:00-04:00,138.66000366210938,139.75999450683594,138.65499877929688,139.65499877929688
2023-10-17 12:30:00-04:00,139.66000366210938,139.89999389648438,139.47999572753906,139.5399932861328
2023-10-17 13:30:00-04:00,139.52000427246094,139.52999877929688,138.8000946044922,139.2100067138672
2023-10-17 14:30:00-04:00,139.19500732421875,139.52000427246094,138.88009643554688,139.36990356445312
2023-10-17 15:30:00-04:00,139.3699951171875,139.77000427246094,139.10000610351562,139.7100067138672
2023-10-18 09:30:00-04:00,139.44500732421875,140.72000122070312,139.27000427246094,140.05499267578125
2023-10-18 10:30:00-04:00,140.0449981689453,140.19000244140625,139.2335968017578,139.875
2023-10-18 11:30:00-04:00,139.8699951171875,140.46499633789062,139.6300048828125,139.66000366210938
2023-10-18 12:30:00-04:00,139.6649932861328,139.94000244140625,139.25999450683594,139.77999877929688
2023-10-18 13:30:00-04:00,139.77999877929688,139.77999877929688,138.2449951171875,138.5500946044922
2023-10-18 14:30:00-04:00,138.552001953125,138.72500610351562,137.82000732421875,138.0
2023-10-18 15:30:00-04:00,138.0,138.11000061035156,137.3800048828125,137.9499969482422
2023-10-19 09:30:00-04:00,138.5,139.66000366210938,138.1999969482422,138.47000122070312
2023-10-19 10:30:00-04:00,138.4600067138672,139.05999755859375,138.0,138.50999450683594
2023-10-19 11:30:00-04:00,138.52000427246094,139.49000549316406,138.4250030517578,138.81500244140625
2023-10-19 12:30:00-04:00,138.8300018310547,139.5399932861328,137.52000427246094,139.3699951171875
2023-10-19 13:30:00-04:00,139.2550048828125,139.32000732421875,138.10000610351562,138.56280517578125
2023-10-19 14:30:00-04:00,138.55999755859375,138.55999755859375,137.47000122070312,137.7899932861328
2023-10-19 15:30:00-04:00,137.7949981689453,138.0,137.3800048828125,137.7449951171875
2023-10-20 09:30:00-04:00,137.3300018310547,137.8699951171875,136.1300048828125,136.30999755859375
2023-10-20 10:30:00-04:00,136.3000030517578,136.3300018310547,135.0800018310547,135.3300018310547
2023-10-20 11:30:00-04:00,135.3314971923828,135.89999389648438,135.10499572753906,135.72000122070312
2023-10-20 12:30:00-04:00,135.72999572753906,137.10000610351562,135.72000122070312,136.625
2023-10-20 13:30:00-04:00,136.63999938964844,136.97999572753906,135.99000549316406,136.04989624023438
2023-10-20 14:30:00-04:00,136.02000427246094,136.38999938964844,135.860107421875,136.02999877929688
2023-10-20 15:30:00-04:00,136.02000427246094,136.1300048828125,135.39999389648438,135.58999633789062
2023-10-23 09:30:00-04:00,135.5,136.11000061035156,133.9499969482422,135.86000061035156
2023-10-23 10:30:00-04:00,135.85000610351562,136.60499572753906,135.6999969482422,136.5800018310547
2023-10-23 11:30:00-04:00,136.58999633789062,137.0850067138672,136.4600067138672,136.90499877929688
2023-10-23 12:30:00-04:00,136.91000366210938,137.41000366210938,136.62159729003906,137.0800018310547
2023-10-23 13:30:00-04:00,137.0850067138672,137.65989685058594,136.92999267578125,137.22129821777344
2023-10-23 14:30:00-04:00,137.22999572753906,137.5399932861328,136.98049926757812,137.13499450683594
2023-10-23 15:30:00-04:00,137.13999938964844,137.13999938964844,136.49000549316406,136.50999450683594
2023-10-24 09:30:00-04:00,137.8300018310547,139.0800018310547,137.4199981689453,138.94000244140625
2023-10-24 10:30:00-04:00,138.94000244140625,139.35989379882812,138.7113037109375,139.0800018310547
2023-10-24 11:30:00-04:00,139.0800018310547,139.14669799804688,137.89999389648438,137.9499969482422
2023-10-24 12:30:00-04:00,137.97000122070312,138.13999938964844,137.52999877929688,138.11000061035156
2023-10-24 13:30:00-04:00,138.11000061035156,138.8800048828125,138.06500244140625,138.8699951171875
2023-10-24 14:30:00-04:00,138.875,139.1300048828125,138.43280029296875,139.05990600585938
2023-10-24 15:30:00-04:00,139.05999755859375,139.22999572753906,138.64999389648438,138.92999267578125
2023-10-25 09:30:00-04:00,128.16000366210938,128.30999755859375,125.3499984741211,126.20999908447266
2023-10-25 10:30:00-04:00,126.22000122070312,127.4000015258789,126.09310150146484,126.62010192871094
2023-10-25 11:30:00-04:00,126.62000274658203,126.9800033569336,125.66500091552734,126.76000213623047
2023-10-25 12:30:00-04:00,126.76000213623047,126.98500061035156,126.15499877929688,126.37999725341797
2023-10-25 13:30:00-04:00,126.38999938964844,126.38999938964844,125.12000274658203,125.12000274658203
2023-10-25 14:30:00-04:00,125.125,125.94999694824219,125.06999969482422,125.90499877929688
2023-10-25 15:30:00-04:00,125.90499877929688,126.26499938964844,125.4000015258789,125.62000274658203
2023-10-26 09:30:00-04:00,123.2699966430664,124.32969665527344,121.2699966430664,122.5
2023-10-26 10:30:00-04:00,122.51000213623047,123.9000015258789,121.94000244140625,123.16000366210938
2023-10-26 11:30:00-04:00,123.16000366210938,123.36000061035156,122.04000091552734,122.2750015258789
2023-10-26 12:30:00-04:00,122.2699966430664,122.3499984741211,121.5999984741211,121.69999694824219
2023-10-26 13:30:00-04:00,121.69000244140625,123.08000183105469,121.51000213623047,123.06999969482422
2023-10-26 14:30:00-04:00,123.07499694824219,123.34200286865234,122.58999633789062,122.79000091552734
2023-10-26 15:30:00-04:00,122.79000091552734,122.8499984741211,122.0250015258789,122.26000213623047
2023-10-27 09:30:00-04:00,122.87999725341797,123.30999755859375,120.20570373535156,121.12000274658203
2023-10-27 10:30:00-04:00,121.12999725341797,122.18000030517578,120.63999938964844,121.95999908447266
2023-10-27 11:30:00-04:00,121.95500183105469,122.80500030517578,121.63999938964844,122.32499694824219
2023-10-27 12:30:00-04:00,122.33000183105469,122.57830047607422,121.25,121.45500183105469
2023-10-27 13:30:00-04:00,121.45999908447266,121.80000305175781,121.06999969482422,121.47000122070312
2023-10-27 14:30:00-04:00,121.4800033569336,122.20999908447266,121.39399719238281,122.16999816894531
2023-10-27 15:30:00-04:00,122.16999816894531,122.30000305175781,121.48999786376953,122.16999816894531
2023-10-30 09:30:00-04:00,123.20999908447266,127.01000213623047,122.75,123.72000122070312
2023-10-30 10:30:00-04:00,123.72000122070312,127.77999877929688,120.52999877929688,124.23500061035156
2023-10-30 11:30:00-04:00,124.23999786376953,124.77999877929688,124.19999694824219,124.27149963378906
2023-10-30 12:30:00-04:00,124.26000213623047,125.04000091552734,123.98999786376953,125.0199966430664
2023-10-30 13:30:00-04:00,125.02899932861328,125.22200012207031,124.70010375976562,124.76000213623047
2023-10-30 14:30:00-04:00,124.77130126953125,125.19999694824219,124.68000030517578,124.9749984741211
2023-10-30 15:30:00-04:00,124.9800033569336,125.04949951171875,124.33499908447266,124.44000244140625
2023-10-31 09:30:00-04:00,125.05999755859375,125.37000274658203,123.5999984741211,124.06999969482422
2023-10-31 10:30:00-04:00,124.08000183105469,124.12000274658203,123.11000061035156,123.13999938964844
2023-10-31 11:30:00-04:00,123.13420104980469,123.47000122070312,122.68499755859375,123.0199966430664
2023-10-31 12:30:00-04:00,123.01000213623047,123.33000183105469,122.8499984741211,123.2300033569336
2023-10-31 13:30:00-04:00,123.2300033569336,123.80500030517578,123.15499877929688,123.37999725341797
2023-10-31 14:30:00-04:00,123.37999725341797,124.00499725341797,123.30999755859375,123.93000030517578
2023-10-31 15:30:00-04:00,123.93000030517578,124.22000122070312,123.83000183105469,124.02999877929688
2023-11-01 09:30:00-04:00,124.06999969482422,125.66000366210938,123.71499633789062,125.2300033569336
2023-11-01 10:30:00-04:00,125.23989868164062,125.69000244140625,124.91000366210938,125.05999755859375
2023-11-01 11:30:00-04:00,125.06500244140625,125.30999755859375,124.78500366210938,124.94499969482422
2023-11-01 12:30:00-04:00,124.94999694824219,125.05000305175781,124.66000366210938,124.875
2023-11-01 13:30:00-04:00,124.87000274658203,125.62999725341797,124.72000122070312,125.56009674072266
2023-11-01 14:30:00-04:00,125.56999969482422,126.44000244140625,125.04000091552734,126.2300033569336
2023-11-01 15:30:00-04:00,126.22000122070312,126.48999786376953,126.11000061035156,126.44000244140625
2023-11-02 09:30:00-04:00,128.4199981689453,128.97999572753906,127.16000366210938,127.47000122070312
2023-11-02 10:30:00-04:00,127.48999786376953,127.94999694824219,127.19000244140625,127.43900299072266
2023-11-02 11:30:00-04:00,127.44999694824219,127.80000305175781,127.12000274658203,127.34619903564453
2023-11-02 12:30:00-04:00,127.33999633789062,127.5199966430664,126.93000030517578,127.4000015258789
2023-11-02 13:30:00-04:00,127.4000015258789,127.87000274658203,127.4000015258789,127.83000183105469
2023-11-02 14:30:00-04:00,127.83499908447266,127.94000244140625,127.41999816894531,127.43000030517578
2023-11-02 15:30:00-04:00,127.43099975585938,127.68499755859375,127.33000183105469,127.48999786376953
2023-11-03 09:30:00-04:00,128.02000427246094,128.99000549316406,127.86000061035156,128.35000610351562
2023-11-03 10:30:00-04:00,128.35000610351562,129.22500610351562,128.3350067138672,129.19500732421875
2023-11-03 11:30:00-04:00,129.1999969482422,129.52499389648438,129.14999389648438,129.1999969482422
2023-11-03 12:30:00-04:00,129.210205078125,129.3300018310547,128.47000122070312,128.63009643554688
2023-11-03 13:30:00-04:00,128.63499450683594,129.14500427246094,128.6199951171875,129.1199951171875
2023-11-03 14:30:00-04:00,129.1199951171875,129.17709350585938,128.94000244140625,129.0800018310547
2023-11-03 15:30:00-04:00,129.07000732421875,129.24000549316406,128.94000244140625,129.08999633789062
2023-11-06 09:30:00-05:00,129.0500030517578,130.0399932861328,128.6699981689453,129.6199951171875
2023-11-06 10:30:00-05:00,129.6300048828125,129.8699951171875,129.47000122070312,129.5800018310547
2023-11-06 11:30:00-05:00,129.58999633789062,129.80499267578125,129.4199981689453,129.6300048828125
2023-11-06 12:30:00-05:00,129.62049865722656,129.75,129.24000549316406,129.38999938964844
2023-11-06 13:30:00-05:00,129.3800048828125,129.75,129.36000061035156,129.60000610351562
2023-11-06 14:30:00-05:00,129.59609985351562,130.13999938964844,129.5500030517578,130.07000732421875
2023-11-06 15:30:00-05:00,130.07000732421875,130.33999633789062,129.91000366210938,130.3000030517578
2023-11-07 09:30:00-05:00,130.7100067138672,130.97059631347656,129.8800048828125,130.8699951171875
2023-11-07 10:30:00-05:00,130.8699951171875,131.6300048828125,130.8000030517578,131.3000030517578
2023-11-07 11:30:00-05:00,131.3000030517578,131.38999938964844,130.8699951171875,130.98500061035156
2023-11-07 12:30:00-05:00,131.0,131.6199951171875,130.9149932861328,131.5850067138672
2023-11-07 13:30:00-05:00,131.58999633789062,131.85000610351562,131.5050048828125,131.58999633789062
2023-11-07 14:30:00-05:00,131.60000610351562,131.91000366210938,131.30999755859375,131.30999755859375
2023-11-07 15:30:00-05:00,131.30999755859375,131.58999633789062,130.7100067138672,131.0
2023-11-08 09:30:00-05:00,130.97000122070312,131.75999450683594,130.77999877929688,131.05999755859375
2023-11-08 10:30:00-05:00,131.05859375,131.74000549316406,130.9499969482422,131.47999572753906
2023-11-08 11:30:00-05:00,131.47999572753906,131.6999969482422,131.08999633789062,131.2949981689453
2023-11-08 12:30:00-05:00,131.3000030517578,131.7100067138672,131.05999755859375,131.47500610351562
2023-11-08 13:30:00-05:00,131.47999572753906,132.1649932861328,131.27999877929688,132.15499877929688
2023-11-08 14:30:00-05:00,132.16000366210938,132.2100067138672,131.3350067138672,131.50990295410156
2023-11-08 15:30:00-05:00,131.51499938964844,132.00999450683594,131.43499755859375,131.8300018310547
2023-11-09 09:30:00-05:00,131.9600067138672,132.3000030517578,131.19500732421875,131.5800018310547
2023-11-09 10:30:00-05:00,131.60000610351562,132.3300018310547,131.42999267578125,132.02000427246094
2023-11-09 11:30:00-05:00,132.02000427246094,132.5500030517578,131.6699981689453,131.75999450683594
2023-11-09 12:30:00-05:00,131.75999450683594,131.86000061035156,130.91000366210938,131.27999877929688
2023-11-09 13:30:00-05:00,131.2899932861328,131.33999633789062,130.4499969482422,130.84500122070312
2023-11-09 14:30:00-05:00,130.8300018310547,130.9499969482422,130.1699981689453,130.3699951171875
2023-11-09 15:30:00-05:00,130.37789916992188,130.4499969482422,130.06500244140625,130.25
2023-11-10 09:30:00-05:00,129.42999267578125,130.88499450683594,129.42999267578125,130.13999938964844
2023-11-10 10:30:00-05:00,130.13999938964844,131.17999267578125,129.7100067138672,131.1300048828125
2023-11-10 11:30:00-05:00,131.13380432128906,131.88999938964844,130.94000244140625,131.72999572753906
2023-11-10 12:30:00-05:00,131.73680114746094,132.2978057861328,131.7100067138672,132.27000427246094
2023-11-10 13:30:00-05:00,132.3000030517578,132.58810424804688,132.28500366210938,132.47000122070312
2023-11-10 14:30:00-05:00,132.47999572753906,132.6699981689453,132.2949981689453,132.64999389648438
2023-11-10 15:30:00-05:00,132.63999938964844,132.8000030517578,132.42999267578125,132.60000610351562
2023-11-13 09:30:00-05:00,131.77999877929688,132.24000549316406,131.25,131.9550018310547
2023-11-13 10:30:00-05:00,131.9499969482422,132.41000366210938,131.86000061035156,132.3800048828125
2023-11-13 11:30:00-05:00,132.3699951171875,132.49000549316406,132.02999877929688,132.19000244140625
2023-11-13 12:30:00-05:00,132.22000122070312,132.32989501953125,131.97999572753906,132.13499450683594
2023-11-13 13:30:00-05:00,132.13999938964844,132.5800018310547,132.05999755859375,132.5500030517578
2023-11-13 14:30:00-05:00,132.5500030517578,132.58999633789062,132.3000030517578,132.36000061035156
2023-11-13 15:30:00-05:00,132.35499572753906,132.35499572753906,132.02999877929688,132.08999633789062
2023-11-14 09:30:00-05:00,134.2899932861328,135.6999969482422,134.13499450683594,135.05999755859375
2023-11-14 10:30:00-05:00,135.07000732421875,135.19740295410156,133.97999572753906,134.0399932861328
2023-11-14 11:30:00-05:00,134.0449981689453,134.4499969482422,133.9600067138672,134.0449981689453
2023-11-14 12:30:00-05:00,134.0500030517578,134.9199981689453,134.02499389648438,134.8800048828125
2023-11-14 13:30:00-05:00,134.8800048828125,135.02999877929688,134.28500366210938,134.5749969482422
2023-11-14 14:30:00-05:00,134.5709991455078,134.88499450683594,134.3699951171875,134.60499572753906
2023-11-14 15:30:00-05:00,134.61000061035156,134.66000366210938,133.32000732421875,133.6300048828125
2023-11-15 09:30:00-05:00,134.8699951171875,135.02999877929688,133.68499755859375,134.07000732421875
2023-11-15 10:30:00-05:00,134.07000732421875,134.52999877929688,133.69000244140625,134.42999267578125
2023-11-15 11:30:00-05:00,134.4250030517578,134.55999755859375,133.93499755859375,134.21499633789062
2023-11-15 12:30:00-05:00,134.22000122070312,134.27000427246094,133.57000732421875,134.15499877929688
2023-11-15 13:30:00-05:00,134.15499877929688,134.6300048828125,134.0850067138672,134.6300048828125
2023-11-15 14:30:00-05:00,134.6300048828125,134.64999389648438,134.2949981689453,134.5449981689453
2023-11-15 15:30:00-05:00,134.5449981689453,134.80999755859375,134.44000244140625,134.69000244140625
2023-11-16 09:30:00-05:00,135.17999267578125,137.01499938964844,134.32000732421875,136.97000122070312
2023-11-16 10:30:00-05:00,137.0,137.2198944091797,135.77000427246094,136.02499389648438
2023-11-16 11:30:00-05:00,136.02999877929688,136.72000122070312,135.94000244140625,136.7017059326172
2023-11-16 12:30:00-05:00,136.7050018310547,136.90499877929688,136.2949981689453,136.6199951171875
2023-11-16 13:30:00-05:00,136.625,137.0449981689453,136.38999938964844,136.773193359375
2023-11-16 14:30:00-05:00,136.77000427246094,137.02999877929688,136.61500549316406,136.73500061035156
2023-11-16 15:30:00-05:00,136.73500061035156,136.99000549316406,136.6199951171875,136.9600067138672
2023-11-17 09:30:00-05:00,136.0,136.05999755859375,134.79490661621094,135.11000061035156
2023-11-17 10:30:00-05:00,135.10000610351562,135.13999938964844,133.64999389648438,134.3000030517578
2023-11-17 11:30:00-05:00,134.30499267578125,134.39999389648438,133.9199981689453,133.97999572753906
2023-11-17 12:30:00-05:00,133.97999572753906,134.48500061035156,133.92999267578125,134.3300018310547
2023-11-17 13:30:00-05:00,134.35000610351562,134.83999633789062,134.25250244140625,134.72000122070312
2023-11-17 14:30:00-05:00,134.72900390625,134.92999267578125,134.39999389648438,134.8000030517578
2023-11-17 15:30:00-05:00,134.7899932861328,135.55999755859375,134.61000061035156,135.3000030517578
2023-11-20 09:30:00-05:00,133.69000244140625,135.7449951171875,133.6199951171875,135.05999755859375
2023-11-20 10:30:00-05:00,135.0684051513672,136.0,135.00999450683594,135.92999267578125
2023-11-20 11:30:00-05:00,135.94000244140625,136.24000549316406,135.7100067138672,136.1649932861328
2023-11-20 12:30:00-05:00,136.1699981689453,136.66000366210938,135.9600067138672,136.52999877929688
2023-11-20 13:30:00-05:00,136.53829956054688,136.66000366210938,136.0,136.10000610351562
2023-11-20 14:30:00-05:00,136.09500122070312,136.4149932861328,136.00999450683594,136.2008056640625
2023-11-20 15:30:00-05:00,136.1999969482422,136.3000030517578,136.02000427246094,136.24000549316406
2023-11-21 09:30:00-05:00,136.2899932861328,137.17999267578125,135.9600067138672,136.375
2023-11-21 10:30:00-05:00,136.38299560546875,136.67999267578125,135.97999572753906,136.19850158691406
2023-11-21 11:30:00-05:00,136.19500732421875,136.7760009765625,135.96009826660156,136.74830627441406
2023-11-21 12:30:00-05:00,136.74940490722656,136.8699951171875,136.50999450683594,136.6199951171875
2023-11-21 13:30:00-05:00,136.6199951171875,137.1199951171875,136.55999755859375,136.89500427246094
2023-11-21 14:30:00-05:00,136.9149932861328,137.13999938964844,136.77999877929688,136.97999572753906
2023-11-21 15:30:00-05:00,136.98289489746094,137.07000732421875,136.77999877929688,136.99000549316406
2023-11-22 09:30:00-05:00,137.47000122070312,139.4199981689453,137.47000122070312,138.39999389648438
2023-11-22 10:30:00-05:00,138.41000366210938,139.0,138.27000427246094,138.72500610351562
2023-11-22 11:30:00-05:00,138.74000549316406,138.82000732421875,138.46499633789062,138.5500030517578
2023-11-22 12:30:00-05:00,138.55999755859375,138.59970092773438,138.21499633789062,138.58999633789062
2023-11-22 13:30:00-05:00,138.60000610351562,138.76499938964844,138.4600067138672,138.6300048828125
2023-11-22 14:30:00-05:00,138.6300048828125,138.6300048828125,138.11000061035156,138.39500427246094
2023-11-22 15:30:00-05:00,138.39500427246094,138.60000610351562,138.2899932861328,138.5
2023-11-24 09:30:00-05:00,137.5800018310547,138.1300048828125,136.4499969482422,136.52000427246094
2023-11-24 10:30:00-05:00,136.52000427246094,136.6699981689453,135.99000549316406,136.3300018310547
2023-11-24 11:30:00-05:00,136.36000061035156,136.69000244140625,136.22999572753906,136.5850067138672
2023-11-27 09:30:00-05:00,137.67999267578125,138.4199981689453,136.35000610351562,136.5399932861328
2023-11-27 10:30:00-05:00,136.5500030517578,136.97999572753906,136.11500549316406,136.4199981689453
2023-11-27 11:30:00-05:00,136.4199981689453,136.80499267578125,136.375,136.6750030517578
2023-11-27 12:30:00-05:00,136.6750030517578,137.16000366210938,136.60000610351562,136.72999572753906
2023-11-27 13:30:00-05:00,136.72000122070312,136.79690551757812,136.5399932861328,136.64999389648438
2023-11-27 14:30:00-05:00,136.64999389648438,136.75,136.27000427246094,136.7449951171875
2023-11-27 15:30:00-05:00,136.75999450683594,136.8300018310547,136.30999755859375,136.41000366210938
2023-11-28 09:30:00-05:00,136.0800018310547,136.4600067138672,135.4221954345703,136.0
2023-11-28 10:30:00-05:00,136.0050048828125,136.55499267578125,135.7899932861328,136.4600067138672
2023-11-28 11:30:00-05:00,136.47000122070312,136.86500549316406,136.4600067138672,136.7626953125
2023-11-28 12:30:00-05:00,136.75999450683594,136.77000427246094,136.17999267578125,136.52000427246094
2023-11-28 13:30:00-05:00,136.51499938964844,136.71499633789062,136.44500732421875,136.49000549316406
2023-11-28 14:30:00-05:00,136.5,136.82000732421875,136.38999938964844,136.6875
2023-11-28 15:30:00-05:00,136.68499755859375,137.25,136.6649932861328,137.1804962158203
2023-11-29 09:30:00-05:00,137.57000732421875,138.28799438476562,136.23500061035156,136.25
2023-11-29 10:30:00-05:00,136.25999450683594,136.4550018310547,135.22000122070312,135.52999877929688
2023-11-29 11:30:00-05:00,135.52999877929688,135.91000366210938,135.47500610351562,135.65220642089844
2023-11-29 12:30:00-05:00,135.66000366210938,135.77999877929688,135.33999633789062,135.39450073242188
2023-11-29 13:30:00-05:00,135.39500427246094,135.5,135.13999938964844,135.3699951171875
2023-11-29 14:30:00-05:00,135.3699951171875,135.3699951171875,134.83999633789062,134.97999572753906
2023-11-29 15:30:00-05:00,134.99000549316406,135.1300048828125,134.85000610351562,134.97999572753906
2023-11-30 09:30:00-05:00,135.0500030517578,135.5500030517578,132.86000061035156,132.8800048828125
2023-11-30 10:30:00-05:00,132.8800048828125,133.10000610351562,132.02999877929688,132.0699005126953
2023-11-30 11:30:00-05:00,132.05999755859375,132.2899932861328,131.7899932861328,131.8242950439453
2023-11-30 12:30:00-05:00,131.82009887695312,132.02999877929688,131.4550018310547,131.4600067138672
2023-11-30 13:30:00-05:00,131.46499633789062,131.75999450683594,131.27999877929688,131.5399932861328
2023-11-30 14:30:00-05:00,131.5449981689453,132.00999450683594,131.35499572753906,131.52999877929688
2023-11-30 15:30:00-05:00,131.52999877929688,132.57000732421875,131.47500610351562,132.49000549316406
2023-12-01 09:30:00-05:00,131.86000061035156,132.11000061035156,130.7550048828125,130.76499938964844
2023-12-01 10:30:00-05:00,130.76499938964844,131.44000244140625,130.6649932861328,131.0399932861328
2023-12-01 11:30:00-05:00,131.0500030517578,131.97500610351562,130.7899932861328,131.9499969482422
2023-12-01 12:30:00-05:00,131.94500732421875,132.00999450683594,131.47479248046875,131.66000366210938
2023-12-01 13:30:00-05:00,131.6699981689453,131.73500061035156,131.2949981689453,131.6300048828125
2023-12-01 14:30:00-05:00,131.6300048828125,131.8800048828125,131.47000122070312,131.86000061035156
2023-12-01 15:30:00-05:00,131.85499572753906,131.97000122070312,131.6199951171875,131.85000610351562
2023-12-04 09:30:00-05:00,129.46499633789062,129.60000610351562,127.9000015258789,128.0500030517578
2023-12-04 10:30:00-05:00,128.03500366210938,128.44000244140625,127.94999694824219,128.43499755859375
2023-12-04 11:30:00-05:00,128.44000244140625,129.0,128.20399475097656,128.81100463867188
2023-12-04 12:30:00-05:00,128.81500244140625,129.17999267578125,128.57000732421875,128.5800018310547
2023-12-04 13:30:00-05:00,128.5749969482422,128.83999633789062,128.11300659179688,128.4550018310547
2023-12-04 14:30:00-05:00,128.4600067138672,129.1300048828125,128.2550048828125,129.00100708007812
2023-12-04 15:30:00-05:00,129.0,129.38999938964844,128.97999572753906,129.25
2023-12-05 09:30:00-05:00,128.9499969482422,130.9550018310547,128.25,130.30999755859375
2023-12-05 10:30:00-05:00,130.32000732421875,132.13999938964844,130.25,130.67999267578125
2023-12-05 11:30:00-05:00,130.67999267578125,131.34500122070312,130.53500366210938,130.85000610351562
2023-12-05 12:30:00-05:00,130.85499572753906,130.98500061035156,130.35000610351562,130.47500610351562
2023-12-05 13:30:00-05:00,130.48500061035156,130.6699981689453,130.375,130.591796875
2023-12-05 14:30:00-05:00,130.58999633789062,131.08999633789062,130.3350067138672,130.9600067138672
2023-12-05 15:30:00-05:00,130.96499633789062,131.02999877929688,130.72000122070312,130.99000549316406
2023-12-06 09:30:00-05:00,131.44000244140625,131.83999633789062,130.52000427246094,130.63999938964844
2023-12-06 10:30:00-05:00,130.66000366210938,131.52999877929688,130.49000549316406,130.74000549316406
2023-12-06 11:30:00-05:00,130.75,131.00799560546875,130.38999938964844,130.55999755859375
2023-12-06 12:30:00-05:00,130.55999755859375,130.91990661621094,130.25,130.4499969482422
2023-12-06 13:30:00-05:00,130.4550018310547,130.60000610351562,130.18499755859375,130.47129821777344
2023-12-06 14:30:00-05:00,130.47500610351562,130.68499755859375,129.9600067138672,130.08999633789062
2023-12-06 15:30:00-05:00,130.09500122070312,130.30999755859375,129.875,130.02000427246094
2023-12-07 09:30:00-05:00,135.0399932861328,137.92999267578125,134.6999969482422,137.03500366210938
2023-12-07 10:30:00-05:00,137.0399932861328,137.3249969482422,135.8300018310547,136.28500366210938
2023-12-07 11:30:00-05:00,136.27000427246094,138.50999450683594,136.25999450683594,138.4199981689453
2023-12-07 12:30:00-05:00,138.4199981689453,138.55999755859375,137.125,137.18499755859375
2023-12-07 13:30:00-05:00,137.19000244140625,137.42999267578125,136.75999450683594,137.2949981689453
2023-12-07 14:30:00-05:00,137.3000030517578,137.39999389648438,136.82000732421875,137.15499877929688
2023-12-07 15:30:00-05:00,137.16000366210938,137.2050018310547,136.64999389648438,136.92999267578125
2023-12-08 09:30:00-05:00,134.1999969482422,136.39999389648438,134.02499389648438,135.9199981689453
2023-12-08 10:30:00-05:00,135.9250030517578,135.95790100097656,134.7899932861328,135.05999755859375
2023-12-08 11:30:00-05:00,135.07000732421875,135.19569396972656,134.24000549316406,134.92030334472656
2023-12-08 12:30:00-05:00,134.92999267578125,135.05999755859375,134.72000122070312,134.97999572753906
2023-12-08 13:30:00-05:00,134.97500610351562,135.0449981689453,134.64999389648438,134.93499755859375
2023-12-08 14:30:00-05:00,134.94000244140625,135.24000549316406,134.9250030517578,135.10220336914062
2023-12-08 15:30:00-05:00,135.10000610351562,135.14999389648438,134.8800048828125,134.9709930419922
2023-12-11 09:30:00-05:00,131.5937957763672,133.1199951171875,131.36000061035156,132.5850067138672
2023-12-11 10:30:00-05:00,132.58999633789062,132.72999572753906,131.8800048828125,132.3300018310547
2023-12-11 11:30:00-05:00,132.34019470214844,132.61000061035156,132.00999450683594,132.59739685058594
2023-12-11 12:30:00-05:00,132.5998992919922,132.81500244140625,132.22999572753906,132.61500549316406
2023-12-11 13:30:00-05:00,132.6179962158203,132.8300018310547,132.41000366210938,132.63999938964844
2023-12-11 14:30:00-05:00,132.63499450683594,132.9499969482422,132.5800018310547,132.91000366210938
2023-12-11 15:30:00-05:00,132.90499877929688,133.3350067138672,132.8000030517578,133.25999450683594
2023-12-12 09:30:00-05:00,131.80999755859375,133.0,131.25999450683594,132.1699981689453
2023-12-12 10:30:00-05:00,132.17999267578125,132.6179962158203,132.02999877929688,132.35499572753906
2023-12-12 11:30:00-05:00,132.35499572753906,132.4199981689453,131.97000122070312,132.14999389648438
2023-12-12 12:30:00-05:00,132.14999389648438,132.65499877929688,132.1300048828125,132.52000427246094
2023-12-12 13:30:00-05:00,132.52000427246094,132.72999572753906,132.30580139160156,132.32000732421875
2023-12-12 14:30:00-05:00,132.32000732421875,132.3300018310547,132.0399932861328,132.1699981689453
2023-12-12 15:30:00-05:00,132.1699981689453,132.57000732421875,132.09500122070312,132.50999450683594
2023-12-13 09:30:00-05:00,133.3800048828125,133.5,132.3072967529297,132.72999572753906
2023-12-13 10:30:00-05:00,132.72999572753906,132.8000030517578,132.1999969482422,132.3800048828125
2023-12-13 11:30:00-05:00,132.38999938964844,132.43739318847656,131.88999938964844,131.97000122070312
2023-12-13 12:30:00-05:00,131.96499633789062,132.0500030517578,131.63999938964844,131.72999572753906
2023-12-13 13:30:00-05:00,131.72500610351562,132.72999572753906,131.57000732421875,132.27499389648438
2023-12-13 14:30:00-05:00,132.25999450683594,133.31500244140625,132.1199951171875,132.57000732421875
2023-12-13 15:30:00-05:00,132.5749969482422,132.58999633789062,131.97000122070312,132.55999755859375
2023-12-14 09:30:00-05:00,132.83999633789062,133.72000122070312,131.13499450683594,131.1750030517578
2023-12-14 10:30:00-05:00,131.17999267578125,131.41000366210938,130.1999969482422,130.76499938964844
2023-12-14 11:30:00-05:00,130.77000427246094,131.46499633789062,130.70010375976562,131.44000244140625
2023-12-14 12:30:00-05:00,131.43499755859375,131.49000549316406,129.97999572753906,130.360107421875
2023-12-14 13:30:00-05:00,130.3699951171875,131.27999877929688,129.68499755859375,131.23500061035156
2023-12-14 14:30:00-05:00,131.25,131.80999755859375,131.13999938964844,131.40499877929688
2023-12-14 15:30:00-05:00,131.41000366210938,132.0,131.24000549316406,131.97999572753906
2023-12-15 09:30:00-05:00,131.9499969482422,133.50999450683594,131.42999267578125,132.08999633789062
2023-12-15 10:30:00-05:00,132.08999633789062,132.4499969482422,131.72000122070312,132.02999877929688
2023-12-15 11:30:00-05:00,132.0399932861328,132.1300048828125,131.51499938964844,131.94000244140625
2023-12-15 12:30:00-05:00,131.9499969482422,131.97999572753906,131.30999755859375,131.7799072265625
2023-12-15 13:30:00-05:00,131.77999877929688,132.1750030517578,131.38999938964844,131.9199981689453
2023-12-15 14:30:00-05:00,131.92999267578125,132.60000610351562,131.92999267578125,132.56500244140625
2023-12-15 15:30:00-05:00,132.55999755859375,132.63999938964844,132.22000122070312,132.50999450683594
2023-12-18 09:30:00-05:00,132.6300048828125,136.09500122070312,132.42999267578125,135.6699981689453
2023-12-18 10:30:00-05:00,135.6750030517578,135.8000030517578,135.08999633789062,135.30499267578125
2023-12-18 11:30:00-05:00,135.2949981689453,137.14779663085938,135.2949981689453,136.29010009765625
2023-12-18 12:30:00-05:00,136.29310607910156,136.5500030517578,135.85499572753906,136.42999267578125
2023-12-18 13:30:00-05:00,136.42999267578125,136.52000427246094,136.0500030517578,136.09500122070312
2023-12-18 14:30:00-05:00,136.10000610351562,136.4490966796875,135.94000244140625,136.39999389648438
2023-12-18 15:30:00-05:00,136.41000366210938,136.4600067138672,135.69000244140625,135.80999755859375
2023-12-19 09:30:00-05:00,136.83999633789062,137.47000122070312,136.3000030517578,136.74000549316406
2023-12-19 10:30:00-05:00,136.75,136.92999267578125,136.1300048828125,136.4499969482422
2023-12-19 11:30:00-05:00,136.4600067138672,136.78880310058594,136.0800018310547,136.30999755859375
2023-12-19 12:30:00-05:00,136.3000030517578,136.71499633789062,136.25,136.7050018310547
2023-12-19 13:30:00-05:00,136.7050018310547,137.18780517578125,136.66000366210938,137.15499877929688
2023-12-19 14:30:00-05:00,137.16000366210938,137.24000549316406,136.51499938964844,136.6199951171875
2023-12-19 15:30:00-05:00,136.61000061035156,136.99000549316406,136.32000732421875,136.66000366210938
2023-12-20 09:30:00-05:00,138.92599487304688,141.6300048828125,138.85000610351562,141.52499389648438
2023-12-20 10:30:00-05:00,141.52999877929688,141.69500732421875,140.67999267578125,140.8751983642578
2023-12-20 11:30:00-05:00,140.89999389648438,140.89999389648438,140.36000061035156,140.72999572753906
2023-12-20 12:30:00-05:00,140.72999572753906,140.89999389648438,140.49000549316406,140.7899932861328
2023-12-20 13:30:00-05:00,140.7899932861328,140.99000549316406,140.33999633789062,140.36709594726562
2023-12-20 14:30:00-05:00,140.36000061035156,140.38499450683594,138.19000244140625,138.22000122070312
2023-12-20 15:30:00-05:00,138.22000122070312,138.9199981689453,138.06500244140625,138.33999633789062
2023-12-21 09:30:00-05:00,140.11000061035156,140.3300018310547,139.17999267578125,140.02000427246094
2023-12-21 10:30:00-05:00,140.02999877929688,140.60000610351562,139.8800048828125,140.27499389648438
2023-12-21 11:30:00-05:00,140.27499389648438,140.5,139.57000732421875,139.68499755859375
2023-12-21 12:30:00-05:00,139.69000244140625,140.2050018310547,139.6300048828125,140.06500244140625
2023-12-21 13:30:00-05:00,140.0800018310547,140.19000244140625,139.7550048828125,139.8000030517578
2023-12-21 14:30:00-05:00,139.7949981689453,140.17999267578125,139.72000122070312,140.16000366210938
2023-12-21 15:30:00-05:00,140.16000366210938,140.68499755859375,140.0850067138672,140.4199981689453
2023-12-22 09:30:00-05:00,140.77000427246094,141.99000549316406,140.7100067138672,141.39999389648438
2023-12-22 10:30:00-05:00,141.38999938964844,141.64500427246094,140.8800048828125,141.10000610351562
2023-12-22 11:30:00-05:00,141.11000061035156,141.2100067138672,140.72000122070312,141.16000366210938
2023-12-22 12:30:00-05:00,141.1750030517578,141.5841064453125,141.14999389648438,141.49000549316406
2023-12-22 13:30:00-05:00,141.49000549316406,141.58999633789062,140.74000549316406,140.9499969482422
2023-12-22 14:30:00-05:00,140.9600067138672,141.57000732421875,140.8699951171875,141.47999572753906
2023-12-22 15:30:00-05:00,141.47000122070312,141.63999938964844,141.2100067138672,141.49000549316406
2023-12-26 09:30:00-05:00,141.58999633789062,142.67999267578125,141.58999633789062,141.97579956054688
2023-12-26 10:30:00-05:00,141.99000549316406,142.13499450683594,141.19000244140625,141.43499755859375
2023-12-26 11:30:00-05:00,141.44000244140625,141.6699981689453,141.36000061035156,141.4149932861328
2023-12-26 12:30:00-05:00,141.4199981689453,141.52999877929688,141.21099853515625,141.375
2023-12-26 13:30:00-05:00,141.3800048828125,141.4521942138672,141.25,141.3260040283203
2023-12-26 14:30:00-05:00,141.3300018310547,141.6999969482422,141.25999450683594,141.52999877929688
2023-12-26 15:30:00-05:00,141.52999877929688,141.66000366210938,141.38999938964844,141.5500030517578
2023-12-27 09:30:00-05:00,141.58999633789062,142.0800018310547,140.13999938964844,140.33999633789062
2023-12-27 10:30:00-05:00,140.3350067138672,140.49000549316406,139.97000122070312,140.25999450683594
2023-12-27 11:30:00-05:00,140.2550048828125,140.48500061035156,140.2050018310547,140.38070678710938
2023-12-27 12:30:00-05:00,140.38499450683594,140.5749969482422,140.03500366210938,140.50999450683594
2023-12-27 13:30:00-05:00,140.52000427246094,140.55999755859375,140.00999450683594,140.2449951171875
2023-12-27 14:30:00-05:00,140.25,140.32000732421875,139.88600158691406,140.1750030517578
2023-12-27 15:30:00-05:00,140.1750030517578,140.41000366210938,140.0399932861328,140.41000366210938
2023-12-28 09:30:00-05:00,140.77999877929688,141.13999938964844,139.75,140.3280029296875
2023-12-28 10:30:00-05:00,140.3300018310547,140.7100067138672,140.1699981689453,140.43499755859375
2023-12-28 11:30:00-05:00,140.44000244140625,140.64500427246094,140.27000427246094,140.30870056152344
2023-12-28 12:30:00-05:00,140.3000030517578,140.5500030517578,140.24000549316406,140.49310302734375
2023-12-28 13:30:00-05:00,140.5,140.63499450683594,140.30999755859375,140.55999755859375
2023-12-28 14:30:00-05:00,140.55999755859375,140.5749969482422,140.08999633789062,140.2050018310547
2023-12-28 15:30:00-05:00,140.2050018310547,140.33999633789062,140.02000427246094,140.24000549316406
2023-12-29 09:30:00-05:00,139.6300048828125,140.36000061035156,139.6199951171875,140.0655975341797
2023-12-29 10:30:00-05:00,140.07000732421875,140.09500122070312,138.7899932861328,138.92999267578125
2023-12-29 11:30:00-05:00,138.9250030517578,139.3699951171875,138.77999877929688,138.98500061035156
2023-12-29 12:30:00-05:00,138.98500061035156,139.6199951171875,138.9600067138672,139.38999938964844
2023-12-29 13:30:00-05:00,139.38999938964844,139.6300048828125,139.36929321289062,139.42999267578125
2023-12-29 14:30:00-05:00,139.4250030517578,139.9600067138672,139.4250030517578,139.89500427246094
2023-12-29 15:30:00-05:00,139.89999389648438,139.90499877929688,139.38999938964844,139.7100067138672
2024-01-02 09:30:00-05:00,138.5500030517578,139.4499969482422,136.5800018310547,137.125
2024-01-02 10:30:00-05:00,137.1199951171875,137.52499389648438,136.47999572753906,137.49009704589844
2024-01-02 11:30:00-05:00,137.50999450683594,138.1999969482422,137.30999755859375,137.84500122070312
2024-01-02 12:30:00-05:00,137.84500122070312,138.14999389648438,137.38499450683594,137.94500732421875
2024-01-02 13:30:00-05:00,137.9499969482422,138.07000732421875,137.41000366210938,137.7050018310547
2024-01-02 14:30:00-05:00,137.6999969482422,137.77520751953125,137.0800018310547,137.58999633789062
2024-01-02 15:30:00-05:00,137.59500122070312,138.27999877929688,137.57000732421875,138.19000244140625
2024-01-03 09:30:00-05:00,137.25,138.5500030517578,137.14999389648438,138.1199951171875
2024-01-03 10:30:00-05:00,138.1199951171875,138.8699951171875,137.90499877929688,138.66000366210938
2024-01-03 11:30:00-05:00,138.64999389648438,138.9499969482422,138.5500946044922,138.85000610351562
2024-01-03 12:30:00-05:00,138.85000610351562,139.34800720214844,138.7100067138672,139.1300048828125
2024-01-03 13:30:00-05:00,139.13499450683594,139.51759338378906,138.69000244140625,139.5
2024-01-03 14:30:00-05:00,139.5,139.6300048828125,139.24000549316406,139.33999633789062
2024-01-03 15:30:00-05:00,139.35000610351562,139.38999938964844,138.61000061035156,138.9199981689453
2024-01-04 09:30:00-05:00,138.4199981689453,138.84500122070312,138.01010131835938,138.38499450683594
2024-01-04 10:30:00-05:00,138.38999938964844,139.16000366210938,138.1300048828125,138.69000244140625
2024-01-04 11:30:00-05:00,138.67999267578125,138.86000061035156,137.8800048828125,138.0850067138672
2024-01-04 12:30:00-05:00,138.08999633789062,138.08999633789062,137.22500610351562,137.6300048828125
2024-01-04 13:30:00-05:00,137.63999938964844,137.72999572753906,136.83999633789062,136.8800048828125
2024-01-04 14:30:00-05:00,136.8800048828125,137.2100067138672,136.72000122070312,136.99000549316406
2024-01-04 15:30:00-05:00,136.9949951171875,137.2100067138672,136.35000610351562,136.38999938964844
2024-01-05 09:30:00-05:00,136.7449951171875,137.1558074951172,136.26499938964844,136.5399932861328
2024-01-05 10:30:00-05:00,136.5500030517578,137.05999755859375,135.80999755859375,135.9149932861328
2024-01-05 11:30:00-05:00,135.9149932861328,136.11000061035156,135.52999877929688,135.58999633789062
2024-01-05 12:30:00-05:00,135.57000732421875,136.0,135.49000549316406,135.8800048828125
2024-01-05 13:30:00-05:00,135.8800048828125,136.08999633789062,135.72999572753906,135.74000549316406
2024-01-05 14:30:00-05:00,135.74000549316406,135.80999755859375,135.14999389648438,135.30999755859375
2024-01-05 15:30:00-05:00,135.3000030517578,135.80999755859375,135.14999389648438,135.72999572753906
2024-01-08 09:30:00-05:00,136.2899932861328,137.1999969482422,136.25999450683594,136.8800048828125
2024-01-08 10:30:00-05:00,136.8800048828125,137.5800018310547,136.8800048828125,137.38999938964844
2024-01-08 11:30:00-05:00,137.38999938964844,138.0500030517578,137.37249755859375,137.87339782714844
2024-01-08 12:30:00-05:00,137.875,138.22999572753906,137.7050018310547,138.10000610351562
2024-01-08 13:30:00-05:00,138.11000061035156,138.5399932861328,138.0800018310547,138.50999450683594
2024-01-08 14:30:00-05:00,138.52999877929688,138.94679260253906,138.50999450683594,138.68760681152344
2024-01-08 15:30:00-05:00,138.67999267578125,139.00999450683594,138.52999877929688,138.83999633789062
2024-01-09 09:30:00-05:00,138.5,140.039794921875,138.14999389648438,139.7113037109375
2024-01-09 10:30:00-05:00,139.72000122070312,140.625,139.3300018310547,140.41000366210938
2024-01-09 11:30:00-05:00,140.40499877929688,141.36000061035156,140.30999755859375,141.2899932861328
2024-01-09 12:30:00-05:00,141.27999877929688,141.48500061035156,140.97999572753906,141.15499877929688
2024-01-09 13:30:00-05:00,141.14999389648438,141.19500732421875,140.6999969482422,140.82000732421875
2024-01-09 14:30:00-05:00,140.8249969482422,140.97999572753906,140.39999389648438,140.77499389648438
2024-01-09 15:30:00-05:00,140.77000427246094,141.02999877929688,140.41000366210938,140.92999267578125
2024-01-10 09:30:00-05:00,141.0,142.47999572753906,140.91000366210938,141.47999572753906
2024-01-10 10:30:00-05:00,141.49000549316406,142.03500366210938,141.4199981689453,141.6750030517578
2024-01-10 11:30:00-05:00,141.68499755859375,142.0050048828125,141.39999389648438,141.9949951171875
2024-01-10 12:30:00-05:00,141.9949951171875,142.52000427246094,141.98500061035156,142.3800048828125
2024-01-10 13:30:00-05:00,142.38999938964844,143.0,142.22500610351562,142.65499877929688
2024-01-10 14:30:00-05:00,142.64999389648438,142.8350067138672,142.10000610351562,142.18499755859375
2024-01-10 15:30:00-05:00,142.18499755859375,142.3699951171875,141.80239868164062,142.25999450683594
2024-01-11 09:30:00-05:00,143.49000549316406,145.22000122070312,142.39999389648438,143.1199951171875
2024-01-11 10:30:00-05:00,143.11000061035156,143.35000610351562,141.37100219726562,141.4949951171875
2024-01-11 11:30:00-05:00,141.4949951171875,141.52000427246094,140.65499877929688,140.68499755859375
2024-01-11 12:30:00-05:00,140.69000244140625,141.50999450683594,140.63499450683594,141.39669799804688
2024-01-11 13:30:00-05:00,141.41000366210938,141.92999267578125,141.3699951171875,141.88999938964844
2024-01-11 14:30:00-05:00,141.8986053466797,142.32899475097656,141.64999389648438,141.89500427246094
2024-01-11 15:30:00-05:00,141.92999267578125,142.16000366210938,141.64999389648438,142.0800018310547
2024-01-12 09:30:00-05:00,142.6699981689453,142.91000366210938,141.82000732421875,142.50999450683594
2024-01-12 10:30:00-05:00,142.52499389648438,143.1782989501953,142.16000366210938,142.9300994873047
2024-01-12 11:30:00-05:00,142.94940185546875,143.02999877929688,142.49000549316406,142.8000030517578
2024-01-12 12:30:00-05:00,142.8000030517578,143.17999267578125,142.61000061035156,143.0
2024-01-12 13:30:00-05:00,143.0,143.1300048828125,142.8350067138672,142.93499755859375
2024-01-12 14:30:00-05:00,142.94000244140625,142.9949951171875,142.61000061035156,142.76010131835938
2024-01-12 15:30:00-05:00,142.77000427246094,142.83999633789062,142.5399932861328,142.6300048828125
2024-01-16 09:30:00-05:00,142.0,144.35000610351562,141.8000030517578,143.31500244140625
2024-01-16 10:30:00-05:00,143.30999755859375,143.61000061035156,142.3300018310547,142.75
2024-01-16 11:30:00-05:00,142.74249267578125,142.94000244140625,141.94000244140625,142.00999450683594
2024-01-16 12:30:00-05:00,142.0,142.23500061035156,141.6699981689453,142.02499389648438
2024-01-16 13:30:00-05:00,142.02999877929688,142.10499572753906,141.4499969482422,141.67999267578125
2024-01-16 14:30:00-05:00,141.7100067138672,142.19000244140625,141.63999938964844,141.99000549316406
2024-01-16 15:30:00-05:00,142.0,142.5,141.96400451660156,142.47000122070312
2024-01-17 09:30:00-05:00,141.34500122070312,141.83999633789062,138.89999389648438,140.22999572753906
2024-01-17 10:30:00-05:00,140.22000122070312,141.02000427246094,140.13999938964844,140.91000366210938
2024-01-17 11:30:00-05:00,140.91000366210938,141.11000061035156,140.52000427246094,140.6300048828125
2024-01-17 12:30:00-05:00,140.63999938964844,141.1699981689453,140.32000732421875,140.41000366210938
2024-01-17 13:30:00-05:00,140.4199981689453,140.93040466308594,140.1501007080078,140.88999938964844
2024-01-17 14:30:00-05:00,140.90499877929688,141.0500030517578,140.72999572753906,141.03500366210938
2024-01-17 15:30:00-05:00,141.03500366210938,141.6199951171875,141.01499938964844,141.47000122070312
2024-01-18 09:30:00-05:00,142.0500030517578,143.3699951171875,141.99000549316406,142.47000122070312
2024-01-18 10:30:00-05:00,142.47999572753906,143.9600067138672,142.32000732421875,143.94500732421875
2024-01-18 11:30:00-05:00,143.9550018310547,144.2100067138672,143.1300048828125,143.21499633789062
2024-01-18 12:30:00-05:00,143.2100067138672,143.21499633789062,142.59500122070312,142.6999969482422
2024-01-18 13:30:00-05:00,142.7100067138672,143.7550048828125,142.69000244140625,143.7467041015625
2024-01-18 14:30:00-05:00,143.75,144.0,143.5449981689453,143.6699981689453
2024-01-18 15:30:00-05:00,143.6699981689453,143.73989868164062,143.3350067138672,143.47000122070312
2024-01-19 09:30:00-05:00,144.74000549316406,145.7100067138672,144.3800048828125,145.1199951171875
2024-01-19 10:30:00-05:00,145.11000061035156,146.37640380859375,144.97999572753906,146.0749969482422
2024-01-19 11:30:00-05:00,146.0749969482422,146.1197052001953,145.3000030517578,145.6699981689453
2024-01-19 12:30:00-05:00,145.67999267578125,146.00999450683594,145.14999389648438,145.75
2024-01-19 13:30:00-05:00,145.75,146.25,145.69000244140625,145.81399536132812
2024-01-19 14:30:00-05:00,145.80999755859375,146.2949981689453,145.5749969482422,146.10000610351562
2024-01-19 15:30:00-05:00,146.10000610351562,146.4499969482422,146.01499938964844,146.38999938964844
2024-01-22 09:30:00-05:00,148.0,148.38999938964844,147.11000061035156,147.1649932861328
2024-01-22 10:30:00-05:00,147.1699981689453,147.4600067138672,146.81500244140625,147.2100067138672
2024-01-22 11:30:00-05:00,147.22000122070312,147.30999755859375,146.5800018310547,146.7100067138672
2024-01-22 12:30:00-05:00,146.72999572753906,147.22000122070312,146.58999633789062,146.60000610351562
2024-01-22 13:30:00-05:00,146.60000610351562,147.02000427246094,146.5800018310547,146.875
2024-01-22 14:30:00-05:00,146.88499450683594,146.96499633789062,146.5800018310547,146.7100067138672
2024-01-22 15:30:00-05:00,146.7100067138672,146.8000030517578,145.83999633789062,145.9600067138672
2024-01-23 09:30:00-05:00,145.88999938964844,146.9499969482422,145.5,146.94000244140625
2024-01-23 10:30:00-05:00,146.92999267578125,147.14500427246094,146.09500122070312,146.1999969482422
2024-01-23 11:30:00-05:00,146.19000244140625,146.50999450683594,146.05999755859375,146.3350067138672
2024-01-23 12:30:00-05:00,146.3300018310547,146.78500366210938,146.14999389648438,146.5919952392578
2024-01-23 13:30:00-05:00,146.60000610351562,146.69000244140625,146.3699951171875,146.51150512695312
2024-01-23 14:30:00-05:00,146.47500610351562,146.86000061035156,146.38999938964844,146.72000122070312
2024-01-23 15:30:00-05:00,146.71499633789062,147.1820068359375,146.6999969482422,147.0500030517578
2024-01-24 09:30:00-05:00,148.5399932861328,149.66209411621094,148.10000610351562,149.64999389648438
2024-01-24 10:30:00-05:00,149.66000366210938,149.85499572753906,148.94290161132812,148.99000549316406
2024-01-24 11:30:00-05:00,149.0,149.41000366210938,148.77999877929688,149.32000732421875
2024-01-24 12:30:00-05:00,149.3300018310547,149.5399932861328,149.0500030517578,149.44500732421875
2024-01-24 13:30:00-05:00,149.4499969482422,149.47000122070312,148.83999633789062,148.97999572753906
2024-01-24 14:30:00-05:00,148.97000122070312,149.22999572753906,148.55999755859375,148.72999572753906
2024-01-24 15:30:00-05:00,148.73500061035156,148.94000244140625,148.50999450683594,148.6999969482422
2024-01-25 09:30:00-05:00,149.75,152.14999389648438,149.61000061035156,151.8249969482422
2024-01-25 10:30:00-05:00,151.8300018310547,152.99000549316406,151.61000061035156,152.75999450683594
2024-01-25 11:30:00-05:00,152.77000427246094,153.0500030517578,152.13999938964844,152.16000366210938
2024-01-25 12:30:00-05:00,152.1649932861328,152.24000549316406,151.30999755859375,151.3800048828125
2024-01-25 13:30:00-05:00,151.375,151.7449951171875,151.02000427246094,151.39500427246094
2024-01-25 14:30:00-05:00,151.39999389648438,151.77999877929688,151.1649932861328,151.3300018310547
2024-01-25 15:30:00-05:00,151.33999633789062,151.94000244140625,151.25999450683594,151.91000366210938
2024-01-26 09:30:00-05:00,151.10000610351562,152.27999877929688,151.00999450683594,152.0
2024-01-26 10:30:00-05:00,152.0,152.4250030517578,151.8800048828125,152.0
2024-01-26 11:30:00-05:00,151.99000549316406,152.53500366210938,151.72999572753906,152.19000244140625
2024-01-26 12:30:00-05:00,152.18499755859375,152.19000244140625,151.5,151.83999633789062
2024-01-26 13:30:00-05:00,151.83999633789062,152.03500366210938,151.63999938964844,151.72999572753906
2024-01-26 14:30:00-05:00,151.72000122070312,152.0,151.5850067138672,151.83999633789062
2024-01-26 15:30:00-05:00,151.8300018310547,152.41990661621094,151.74000549316406,152.1699981689453
2024-01-29 09:30:00-05:00,152.05999755859375,152.83999633789062,151.42999267578125,151.89999389648438
2024-01-29 10:30:00-05:00,151.90499877929688,152.22000122070312,151.49000549316406,152.11500549316406
2024-01-29 11:30:00-05:00,152.1199951171875,152.3699951171875,151.86500549316406,152.22999572753906
2024-01-29 12:30:00-05:00,152.24000549316406,152.65989685058594,152.22999572753906,152.61000061035156
2024-01-29 13:30:00-05:00,152.61500549316406,152.8300018310547,152.4499969482422,152.73500061035156
2024-01-29 14:30:00-05:00,152.74000549316406,153.77999877929688,152.66709899902344,153.52450561523438
2024-01-29 15:30:00-05:00,153.52999877929688,153.722900390625,153.32000732421875,153.56500244140625
2024-01-30 09:30:00-05:00,152.8000030517578,153.6199951171875,152.38999938964844,153.0399932861328
2024-01-30 10:30:00-05:00,153.02999877929688,153.19500732421875,152.35499572753906,152.51829528808594
2024-01-30 11:30:00-05:00,152.52000427246094,152.625,151.58999633789062,151.625
2024-01-30 12:30:00-05:00,151.6199951171875,152.45289611816406,151.60499572753906,152.20010375976562
2024-01-30 13:30:00-05:00,152.2050018310547,152.2949981689453,151.77999877929688,152.15499877929688
2024-01-30 14:30:00-05:00,152.15499877929688,152.2050018310547,151.76499938964844,152.02259826660156
2024-01-30 15:30:00-05:00,152.01499938964844,152.02999877929688,151.18499755859375,151.27000427246094
2024-01-31 09:30:00-05:00,143.6199951171875,144.0,141.02000427246094,142.0316925048828
2024-01-31 10:30:00-05:00,142.03419494628906,142.19000244140625,141.25,142.02499389648438
2024-01-31 11:30:00-05:00,142.03500366210938,142.39999389648438,141.0800018310547,141.14810180664062
2024-01-31 12:30:00-05:00,141.14500427246094,141.5500030517578,140.7100067138672,141.38999938964844
2024-01-31 13:30:00-05:00,141.38999938964844,142.17010498046875,141.19000244140625,141.4375
2024-01-31 14:30:00-05:00,141.44000244140625,142.3699951171875,140.74000549316406,140.75
2024-01-31 15:30:00-05:00,140.74220275878906,140.77000427246094,139.8699951171875,140.02999877929688
2024-02-01 09:30:00-05:00,143.0,143.00999450683594,141.39999389648438,141.83999633789062
2024-02-01 10:30:00-05:00,141.84500122070312,142.5800018310547,141.47999572753906,141.5800018310547
2024-02-01 11:30:00-05:00,141.58799743652344,141.8350067138672,141.13999938964844,141.14999389648438
2024-02-01 12:30:00-05:00,141.13999938964844,141.88999938964844,140.83999633789062,141.2100067138672
2024-02-01 13:30:00-05:00,141.2050018310547,141.4199981689453,140.7899932861328,141.27499389648438
2024-02-01 14:30:00-05:00,141.27999877929688,141.86000061035156,141.17999267578125,141.61599731445312
2024-02-01 15:30:00-05:00,141.6199951171875,141.69500732421875,140.83999633789062,141.1699981689453
2024-02-02 09:30:00-05:00,139.25999450683594,139.72479248046875,136.5,138.39500427246094
2024-02-02 10:30:00-05:00,138.39500427246094,140.25999450683594,137.9949951171875,139.60000610351562
2024-02-02 11:30:00-05:00,139.60000610351562,140.92999267578125,139.58999633789062,140.85000610351562
2024-02-02 12:30:00-05:00,140.86000061035156,141.39999389648438,140.25,140.38999938964844
2024-02-02 13:30:00-05:00,140.39999389648438,141.55999755859375,140.3249969482422,141.375
2024-02-02 14:30:00-05:00,141.38999938964844,142.14999389648438,141.34500122070312,142.05999755859375
2024-02-02 15:30:00-05:00,142.06199645996094,142.6199951171875,141.92999267578125,142.3699951171875
2024-02-05 09:30:00-05:00,143.5,145.47000122070312,143.47000122070312,144.42999267578125
2024-02-05 10:30:00-05:00,144.42999267578125,144.42999267578125,143.25,143.30999755859375
2024-02-05 11:30:00-05:00,143.30999755859375,143.8300018310547,143.22999572753906,143.41000366210938
2024-02-05 12:30:00-05:00,143.4149932861328,144.4199981689453,143.3199005126953,143.8249969482422
2024-02-05 13:30:00-05:00,143.8300018310547,143.88499450683594,143.22500610351562,143.69000244140625
2024-02-05 14:30:00-05:00,143.6999969482422,144.16000366210938,143.38999938964844,143.6999969482422
2024-02-05 15:30:00-05:00,143.69500732421875,143.89999389648438,143.50999450683594,143.6300048828125
2024-02-06 09:30:00-05:00,144.64999389648438,145.36000061035156,143.72000122070312,143.95350646972656
2024-02-06 10:30:00-05:00,143.9499969482422,144.7100067138672,143.83999633789062,144.53500366210938
2024-02-06 11:30:00-05:00,144.5399932861328,144.75,143.84500122070312,143.99000549316406
2024-02-06 12:30:00-05:00,144.0,144.02000427246094,143.36000061035156,143.8300018310547
2024-02-06 13:30:00-05:00,143.8249969482422,143.9600067138672,143.19000244140625,143.42999267578125
2024-02-06 14:30:00-05:00,143.42999267578125,143.88999938964844,143.30389404296875,143.76499938964844
2024-02-06 15:30:00-05:00,143.77000427246094,144.17999267578125,143.38999938964844,144.14999389648438
2024-02-07 09:30:00-05:00,144.75999450683594,145.3000030517578,143.9250030517578,145.25999450683594
2024-02-07 10:30:00-05:00,145.2550048828125,145.30999755859375,144.4600067138672,144.63499450683594
2024-02-07 11:30:00-05:00,144.63499450683594,145.36000061035156,144.48500061035156,145.08999633789062
2024-02-07 12:30:00-05:00,145.08999633789062,145.1667938232422,144.5850067138672,145.13499450683594
2024-02-07 13:30:00-05:00,145.13999938964844,145.39500427246094,144.9600067138672,145.28500366210938
2024-02-07 14:30:00-05:00,145.27999877929688,145.55999755859375,145.14500427246094,145.4600067138672
2024-02-07 15:30:00-05:00,145.4600067138672,145.61500549316406,145.26499938964844,145.5500030517578
2024-02-08 09:30:00-05:00,145.8300018310547,146.3300018310547,145.10499572753906,145.86000061035156
2024-02-08 10:30:00-05:00,145.86500549316406,146.19500732421875,145.6199951171875,145.83999633789062
2024-02-08 11:30:00-05:00,145.84500122070312,146.0500030517578,145.6300048828125,146.0399932861328
2024-02-08 12:30:00-05:00,146.0449981689453,146.1699981689453,145.69000244140625,145.80999755859375
2024-02-08 13:30:00-05:00,145.8032989501953,145.86000061035156,145.2050018310547,145.38499450683594
2024-02-08 14:30:00-05:00,145.38499450683594,145.9499969482422,145.35000610351562,145.93499755859375
2024-02-08 15:30:00-05:00,145.92999267578125,146.08999633789062,145.78500366210938,145.92999267578125
2024-02-09 09:30:00-05:00,146.25,147.69000244140625,146.1999969482422,147.69000244140625
2024-02-09 10:30:00-05:00,147.69000244140625,148.85989379882812,147.55999755859375,148.52000427246094
2024-02-09 11:30:00-05:00,148.50999450683594,149.0,148.360107421875,148.98500061035156
2024-02-09 12:30:00-05:00,148.97999572753906,149.44000244140625,148.92999267578125,149.16000366210938
2024-02-09 13:30:00-05:00,149.1649932861328,149.27999877929688,148.74380493164062,148.7899932861328
2024-02-09 14:30:00-05:00,148.7899932861328,149.3300018310547,148.76499938964844,149.00999450683594
2024-02-09 15:30:00-05:00,149.0,149.0749969482422,148.8000030517578,149.02999877929688
2024-02-12 09:30:00-05:00,148.4199981689453,148.80999755859375,147.80999755859375,148.0800018310547
2024-02-12 10:30:00-05:00,148.0800018310547,148.69500732421875,147.86500549316406,148.69500732421875
2024-02-12 11:30:00-05:00,148.69009399414062,149.3350067138672,148.64999389648438,148.6649932861328
2024-02-12 12:30:00-05:00,148.6699981689453,148.94000244140625,148.58999633789062,148.60000610351562
2024-02-12 13:30:00-05:00,148.58999633789062,148.61000061035156,148.00669860839844,148.25
2024-02-12 14:30:00-05:00,148.2449951171875,148.2449951171875,147.50999450683594,147.8699951171875
2024-02-12 15:30:00-05:00,147.88999938964844,148.0,147.3699951171875,147.57000732421875
2024-02-13 09:30:00-05:00,145.0,146.24859619140625,144.19000244140625,146.24000549316406
2024-02-13 10:30:00-05:00,146.25,146.6699981689453,145.77999877929688,145.8800048828125
2024-02-13 11:30:00-05:00,145.8800048828125,145.9375,145.05999755859375,145.10000610351562
2024-02-13 12:30:00-05:00,145.10499572753906,145.54600524902344,144.75,144.84500122070312
2024-02-13 13:30:00-05:00,144.83999633789062,144.9499053955078,144.11500549316406,144.56500244140625
2024-02-13 14:30:00-05:00,144.55999755859375,144.80499267578125,143.69000244140625,144.10000610351562
2024-02-13 15:30:00-05:00,144.10499572753906,145.2100067138672,143.97500610351562,145.1300048828125
2024-02-14 09:30:00-05:00,146.0800018310547,146.52000427246094,144.8800048828125,145.2899932861328
2024-02-14 10:30:00-05:00,145.3000030517578,145.5399932861328,144.5500030517578,145.0399932861328
2024-02-14 11:30:00-05:00,145.02999877929688,145.06500244140625,144.093994140625,144.7899932861328
2024-02-14 12:30:00-05:00,144.8000030517578,145.10000610351562,144.61000061035156,144.83999633789062
2024-02-14 13:30:00-05:00,144.85000610351562,145.3000030517578,144.7050018310547,144.99000549316406
2024-02-14 14:30:00-05:00,144.99000549316406,145.66000366210938,144.94000244140625,145.5989990234375
2024-02-14 15:30:00-05:00,145.59500122070312,146.02000427246094,145.39999389648438,145.86000061035156
2024-02-15 09:30:00-05:00,143.13999938964844,143.52000427246094,140.4600067138672,141.6999969482422
2024-02-15 10:30:00-05:00,141.6999969482422,142.2449951171875,141.24000549316406,141.5850067138672
2024-02-15 11:30:00-05:00,141.5850067138672,142.31500244140625,141.1300048828125,142.2967987060547
2024-02-15 12:30:00-05:00,142.30999755859375,142.64999389648438,142.08999633789062,142.5198974609375
2024-02-15 13:30:00-05:00,142.52000427246094,142.63999938964844,141.77499389648438,141.99000549316406
2024-02-15 14:30:00-05:00,141.9949951171875,142.4199981689453,141.9949951171875,142.3300018310547
2024-02-15 15:30:00-05:00,142.33999633789062,142.89999389648438,142.30999755859375,142.8000030517578
2024-02-16 09:30:00-05:00,142.77000427246094,143.19000244140625,140.64999389648438,140.8249969482422
2024-02-16 10:30:00-05:00,140.82000732421875,141.568603515625,140.65499877929688,141.47500610351562
2024-02-16 11:30:00-05:00,141.48500061035156,141.6649932861328,141.13999938964844,141.27499389648438
2024-02-16 12:30:00-05:00,141.27499389648438,141.27999877929688,140.2449951171875,140.47500610351562
2024-02-16 13:30:00-05:00,140.47000122070312,141.30999755859375,140.41000366210938,141.13999938964844
2024-02-16 14:30:00-05:00,141.13999938964844,141.1999969482422,140.13999938964844,140.80380249023438
2024-02-16 15:30:00-05:00,140.80999755859375,140.8800048828125,140.32000732421875,140.50999450683594
2024-02-20 09:30:00-05:00,140.0,141.16000366210938,139.9949951171875,140.6199951171875
2024-02-20 10:30:00-05:00,140.6199951171875,142.0800018310547,140.4199981689453,141.71209716796875
2024-02-20 11:30:00-05:00,141.72869873046875,141.75999450683594,140.50999450683594,140.74000549316406
2024-02-20 12:30:00-05:00,140.74000549316406,141.25,140.63999938964844,140.8737030029297
2024-02-20 13:30:00-05:00,140.87989807128906,141.24000549316406,140.7899932861328,141.0449981689453
2024-02-20 14:30:00-05:00,141.0399932861328,141.27999877929688,140.89500427246094,141.13999938964844
2024-02-20 15:30:00-05:00,141.14999389648438,141.17999267578125,140.5399932861328,141.10000610351562
2024-02-21 09:30:00-05:00,141.4499969482422,141.55999755859375,140.6750030517578,141.22000122070312
2024-02-21 10:30:00-05:00,141.2100067138672,142.34500122070312,141.0800018310547,142.22000122070312
2024-02-21 11:30:00-05:00,142.2299041748047,142.60000610351562,141.8000030517578,142.0399932861328
2024-02-21 12:30:00-05:00,142.02999877929688,142.63999938964844,141.8699951171875,142.38999938964844
2024-02-21 13:30:00-05:00,142.39999389648438,142.60000610351562,141.8000030517578,142.00999450683594
2024-02-21 14:30:00-05:00,142.00999450683594,142.05999755859375,141.5500030517578,141.94000244140625
2024-02-21 15:30:00-05:00,141.94000244140625,142.69000244140625,141.94000244140625,142.5500030517578
2024-02-22 09:30:00-05:00,144.25,144.63999938964844,142.8000030517578,144.36000061035156
2024-02-22 10:30:00-05:00,144.3699951171875,144.44000244140625,143.1300048828125,143.51499938964844
2024-02-22 11:30:00-05:00,143.52000427246094,143.82000732421875,143.00999450683594,143.8000030517578
2024-02-22 12:30:00-05:00,143.8000030517578,143.92999267578125,143.44070434570312,143.61000061035156
2024-02-22 13:30:00-05:00,143.63499450683594,143.89999389648438,143.5800018310547,143.81500244140625
2024-02-22 14:30:00-05:00,143.82000732421875,144.00999450683594,143.40499877929688,143.8800048828125
2024-02-22 15:30:00-05:00,143.875,144.3699951171875,143.77999877929688,144.0800018310547
2024-02-23 09:30:00-05:00,143.6699981689453,144.67999267578125,143.61000061035156,144.052001953125
2024-02-23 10:30:00-05:00,144.052001953125,144.3000030517578,143.42999267578125,143.51499938964844
2024-02-23 11:30:00-05:00,143.51499938964844,144.2100067138672,143.47000122070312,144.02000427246094
2024-02-23 12:30:00-05:00,144.00999450683594,144.0850067138672,143.75,143.99000549316406
2024-02-23 13:30:00-05:00,143.99000549316406,144.13999938964844,143.50999450683594,143.5399932861328
2024-02-23 14:30:00-05:00,143.55499267578125,143.89999389648438,143.52000427246094,143.75
2024-02-23 15:30:00-05:00,143.74000549316406,144.1300048828125,143.63499450683594,143.97000122070312
2024-02-26 09:30:00-05:00,142.0449981689453,142.2899932861328,139.77999877929688,140.02499389648438
2024-02-26 10:30:00-05:00,140.02000427246094,140.14999389648438,138.57000732421875,138.7449951171875
2024-02-26 11:30:00-05:00,138.74169921875,139.1999969482422,138.25,138.30499267578125
2024-02-26 12:30:00-05:00,138.30999755859375,138.47000122070312,137.6300048828125,137.9550018310547
2024-02-26 13:30:00-05:00,137.96499633789062,138.7100067138672,137.7949981689453,138.69000244140625
2024-02-26 14:30:00-05:00,138.69000244140625,138.75,137.91000366210938,138.1999969482422
2024-02-26 15:30:00-05:00,138.20700073242188,138.33999633789062,137.38999938964844,137.52000427246094
2024-02-27 09:30:00-05:00,138.0,138.6199951171875,137.5500030517578,138.12010192871094
2024-02-27 10:30:00-05:00,138.125,138.49000549316406,137.91000366210938,138.02999877929688
2024-02-27 11:30:00-05:00,138.02999877929688,138.16000366210938,137.44000244140625,137.63999938964844
2024-02-27 12:30:00-05:00,137.63999938964844,138.10000610351562,137.08999633789062,137.84219360351562
2024-02-27 13:30:00-05:00,137.84500122070312,138.75,137.80999755859375,138.6569061279297
2024-02-27 14:30:00-05:00,138.6575927734375,139.10000610351562,138.6300048828125,138.8260040283203
2024-02-27 15:30:00-05:00,138.8249969482422,139.25,138.67999267578125,138.88999938964844
2024-02-28 09:30:00-05:00,137.89999389648438,138.00999450683594,135.9199981689453,136.22500610351562
2024-02-28 10:30:00-05:00,136.22000122070312,136.4550018310547,135.61000061035156,136.03500366210938
2024-02-28 11:30:00-05:00,136.0399932861328,136.38999938964844,135.83999633789062,135.93600463867188
2024-02-28 12:30:00-05:00,135.94000244140625,136.10000610351562,135.6649932861328,136.00999450683594
2024-02-28 13:30:00-05:00,136.02000427246094,136.31829833984375,135.52000427246094,135.60000610351562
2024-02-28 14:30:00-05:00,135.60000610351562,136.27000427246094,135.41000366210938,136.2104949951172
2024-02-28 15:30:00-05:00,136.22000122070312,136.3800048828125,136.02000427246094,136.3800048828125
2024-02-29 09:30:00-05:00,137.33999633789062,138.86000061035156,137.2100067138672,137.55999755859375
2024-02-29 10:30:00-05:00,137.55999755859375,137.60000610351562,136.72999572753906,136.9149932861328
2024-02-29 11:30:00-05:00,136.92999267578125,137.0,136.39999389648438,136.7949981689453
2024-02-29 12:30:00-05:00,136.8000030517578,137.36000061035156,136.8000030517578,137.3260040283203
2024-02-29 13:30:00-05:00,137.3300018310547,137.44000244140625,136.92999267578125,137.30999755859375
2024-02-29 14:30:00-05:00,137.32000732421875,137.64999389648438,136.99000549316406,137.64500427246094
2024-02-29 15:30:00-05:00,137.64999389648438,138.5500030517578,137.38999938964844,138.3000030517578
2024-03-01 09:30:00-05:00,138.09500122070312,138.7100067138672,137.52000427246094,137.7209930419922
2024-03-01 10:30:00-05:00,137.72000122070312,137.85000610351562,137.24000549316406,137.77499389648438
2024-03-01 11:30:00-05:00,137.77999877929688,138.0050048828125,137.625,137.7899932861328
2024-03-01 12:30:00-05:00,137.7899932861328,138.25,137.78500366210938,138.14999389648438
2024-03-01 13:30:00-05:00,138.16000366210938,138.4250030517578,138.10000610351562,138.29989624023438
2024-03-01 14:30:00-05:00,138.3000030517578,138.30999755859375,137.64999389648438,137.656005859375
2024-03-01 15:30:00-05:00,137.65499877929688,137.6699981689453,136.9199981689453,137.1300048828125
2024-03-04 09:30:00-05:00,135.24000549316406,135.5500030517578,132.7899932861328,133.0843963623047
2024-03-04 10:30:00-05:00,133.08999633789062,133.5,131.91000366210938,132.46499633789062
2024-03-04 11:30:00-05:00,132.4600067138672,132.80999755859375,132.17999267578125,132.80320739746094
2024-03-04 12:30:00-05:00,132.80999755859375,133.02000427246094,132.52099609375,132.56500244140625
2024-03-04 13:30:00-05:00,132.56500244140625,133.0050048828125,132.4199981689453,132.9499969482422
2024-03-04 14:30:00-05:00,132.9499969482422,133.85499572753906,132.8699951171875,133.64999389648438
2024-03-04 15:30:00-05:00,133.6457061767578,133.75,133.2100067138672,133.3000030517578
2024-03-05 09:30:00-05:00,132.25,133.24000549316406,130.82000732421875,130.9250030517578
2024-03-05 10:30:00-05:00,130.9199981689453,131.60499572753906,130.6649932861328,131.5050048828125
2024-03-05 11:30:00-05:00,131.43499755859375,133.10499572753906,131.27000427246094,133.0850067138672
2024-03-05 12:30:00-05:00,133.0850067138672,133.13499450683594,132.5500030517578,132.7449951171875
2024-03-05 13:30:00-05:00,132.7449951171875,132.7949981689453,132.25999450683594,132.32000732421875
2024-03-05 14:30:00-05:00,132.3249969482422,132.3596954345703,131.94500732421875,132.04010009765625
2024-03-05 15:30:00-05:00,132.0449981689453,132.7100067138672,132.0050048828125,132.6999969482422
2024-03-06 09:30:00-05:00,133.4149932861328,133.44000244140625,131.11000061035156,131.2384033203125
2024-03-06 10:30:00-05:00,131.24000549316406,131.61000061035156,130.85000610351562,131.5
2024-03-06 11:30:00-05:00,131.50999450683594,131.99000549316406,131.25999450683594,131.84010314941406
2024-03-06 12:30:00-05:00,131.85000610351562,132.08999633789062,131.341796875,131.82249450683594
2024-03-06 13:30:00-05:00,131.8300018310547,131.8800048828125,131.02000427246094,131.63999938964844
2024-03-06 14:30:00-05:00,131.64999389648438,131.74000549316406,131.05999755859375,131.35000610351562
2024-03-06 15:30:00-05:00,131.36000061035156,131.54150390625,131.2100067138672,131.38999938964844
2024-03-07 09:30:00-05:00,132.7949981689453,133.61000061035156,131.61000061035156,133.51739501953125
2024-03-07 10:30:00-05:00,133.52000427246094,133.8699951171875,132.9801025390625,133.8300018310547
2024-03-07 11:30:00-05:00,133.8282928466797,134.66000366210938,133.6300048828125,134.30499267578125
2024-03-07 12:30:00-05:00,134.30499267578125,134.88999938964844,134.27000427246094,134.44149780273438
2024-03-07 13:30:00-05:00,134.4600067138672,134.93499755859375,134.36000061035156,134.7550048828125
2024-03-07 14:30:00-05:00,134.75729370117188,134.88999938964844,134.27999877929688,134.5
2024-03-07 15:30:00-05:00,134.5050048828125,134.94000244140625,134.2899932861328,134.35000610351562
2024-03-08 09:30:00-05:00,134.2100067138672,137.63999938964844,134.0,137.4499969482422
2024-03-08 10:30:00-05:00,137.4600067138672,138.0850067138672,137.05499267578125,137.07000732421875
2024-03-08 11:30:00-05:00,137.06500244140625,137.65499877929688,136.61000061035156,136.97999572753906
2024-03-08 12:30:00-05:00,136.97999572753906,137.0050048828125,135.24000549316406,135.27000427246094
2024-03-08 13:30:00-05:00,135.25999450683594,135.875,134.97000122070312,135.77499389648438
2024-03-08 14:30:00-05:00,135.77000427246094,136.23500061035156,135.13999938964844,135.19500732421875
2024-03-08 15:30:00-05:00,135.19000244140625,135.6699981689453,135.14999389648438,135.39999389648438
2024-03-11 09:30:00-04:00,136.625,138.3300018310547,136.5800018310547,137.97999572753906
2024-03-11 10:30:00-04:00,137.97000122070312,138.4499969482422,137.72000122070312,138.2899932861328
2024-03-11 11:30:00-04:00,138.2949981689453,139.09500122070312,138.1999969482422,138.56500244140625
2024-03-11 12:30:00-04:00,138.56500244140625,138.7949981689453,138.30999755859375,138.69009399414062
2024-03-11 13:30:00-04:00,138.6999969482422,138.8000030517578,138.30999755859375,138.4868927001953
2024-03-11 14:30:00-04:00,138.49000549316406,138.66529846191406,138.00999450683594,138.02000427246094
2024-03-11 15:30:00-04:00,138.02000427246094,138.1999969482422,137.5500030517578,137.7100067138672
2024-03-12 09:30:00-04:00,137.02999877929688,139.05999755859375,137.02999877929688,138.65499877929688
2024-03-12 10:30:00-04:00,138.65980529785156,138.97999572753906,138.0399932861328,138.42889404296875
2024-03-12 11:30:00-04:00,138.42950439453125,138.82000732421875,138.07000732421875,138.64500427246094
2024-03-12 12:30:00-04:00,138.64999389648438,139.375,138.33999633789062,139.06500244140625
2024-03-12 13:30:00-04:00,139.06500244140625,139.19000244140625,138.44000244140625,139.1699981689453
2024-03-12 14:30:00-04:00,139.1699981689453,139.24000549316406,138.72500610351562,138.9149932861328
2024-03-12 15:30:00-04:00,138.9149932861328,139.0449981689453,138.4600067138672,138.49000549316406
2024-03-13 09:30:00-04:00,139.0,140.52999877929688,138.99000549316406,140.0500030517578
2024-03-13 10:30:00-04:00,140.0399932861328,140.72999572753906,139.6999969482422,140.0500030517578
2024-03-13 11:30:00-04:00,140.0500030517578,140.80499267578125,139.9600067138672,140.6300048828125
2024-03-13 12:30:00-04:00,140.63999938964844,141.0800018310547,140.52999877929688,140.75999450683594
2024-03-13 13:30:00-04:00,140.77000427246094,140.8300018310547,140.28599548339844,140.30999755859375
2024-03-13 14:30:00-04:00,140.30999755859375,140.39500427246094,139.52000427246094,139.68209838867188
2024-03-13 15:30:00-04:00,139.69000244140625,139.9199981689453,139.5850067138672,139.83999633789062
2024-03-14 09:30:00-04:00,141.19000244140625,142.88999938964844,140.4550018310547,142.4949951171875
2024-03-14 10:30:00-04:00,142.5,142.86000061035156,141.91000366210938,142.5601043701172
2024-03-14 11:30:00-04:00,142.55999755859375,142.8800048828125,141.72000122070312,142.05999755859375
2024-03-14 12:30:00-04:00,142.0500030517578,142.72000122070312,141.86000061035156,142.5200958251953
2024-03-14 13:30:00-04:00,142.52999877929688,143.33999633789062,142.125,143.1699981689453
2024-03-14 14:30:00-04:00,143.1699981689453,143.5850067138672,142.75999450683594,142.9199981689453
2024-03-14 15:30:00-04:00,142.9199981689453,143.22000122070312,142.5800018310547,143.17999267578125
2024-03-15 09:30:00-04:00,142.60000610351562,143.17999267578125,141.35000610351562,141.58999633789062
2024-03-15 10:30:00-04:00,141.59300231933594,141.6199951171875,140.9600067138672,141.24000549316406
2024-03-15 11:30:00-04:00,141.2010040283203,141.25999450683594,140.09500122070312,140.27499389648438
2024-03-15 12:30:00-04:00,140.27000427246094,140.5500030517578,140.02999877929688,140.4949951171875
2024-03-15 13:30:00-04:00,140.5,141.02000427246094,140.4499969482422,140.99000549316406
2024-03-15 14:30:00-04:00,140.99000549316406,141.69500732421875,140.97999572753906,141.33999633789062
2024-03-15 15:30:00-04:00,141.33999633789062,141.41000366210938,140.85000610351562,141.24000549316406
2024-03-18 09:30:00-04:00,148.66000366210938,152.14999389648438,148.63999938964844,150.9949951171875
2024-03-18 10:30:00-04:00,151.00140380859375,151.33999633789062,150.44000244140625,150.9600067138672
2024-03-18 11:30:00-04:00,150.9600067138672,150.9759979248047,148.75,148.91000366210938
2024-03-18 12:30:00-04:00,148.9199981689453,149.0500030517578,148.02000427246094,148.49000549316406
2024-03-18 13:30:00-04:00,148.49000549316406,148.5449981689453,147.77000427246094,148.11000061035156
2024-03-18 14:30:00-04:00,148.11500549316406,148.11500549316406,147.1699981689453,147.48699951171875
2024-03-18 15:30:00-04:00,147.48500061035156,147.99000549316406,147.3000946044922,147.67999267578125
2024-03-19 09:30:00-04:00,148.22000122070312,148.7913055419922,146.1699981689453,146.72000122070312
2024-03-19 10:30:00-04:00,146.72000122070312,146.94749450683594,146.11000061035156,146.36000061035156
2024-03-19 11:30:00-04:00,146.38999938964844,146.66000366210938,146.08990478515625,146.1999969482422
2024-03-19 12:30:00-04:00,146.2050018310547,147.0050048828125,146.16000366210938,146.80999755859375
2024-03-19 13:30:00-04:00,146.8000030517578,147.13999938964844,146.77499389648438,146.92999267578125
2024-03-19 14:30:00-04:00,146.92999267578125,147.0399932861328,146.64999389648438,146.80999755859375
2024-03-19 15:30:00-04:00,146.80499267578125,147.36000061035156,146.75999450683594,147.00999450683594
2024-03-20 09:30:00-04:00,148.0,148.81900024414062,147.10000610351562,147.64999389648438
2024-03-20 10:30:00-04:00,147.66000366210938,147.7899932861328,147.19000244140625,147.69500732421875
2024-03-20 11:30:00-04:00,147.69000244140625,147.89500427246094,147.52999877929688,147.5399932861328
2024-03-20 12:30:00-04:00,147.52499389648438,147.61500549316406,146.97999572753906,147.00010681152344
2024-03-20 13:30:00-04:00,147.0,148.31500244140625,146.73500061035156,148.07000732421875
2024-03-20 14:30:00-04:00,148.07000732421875,148.85000610351562,147.6999969482422,148.73500061035156
2024-03-20 15:30:00-04:00,148.74000549316406,148.77000427246094,148.35000610351562,148.7100067138672
2024-03-21 09:30:00-04:00,149.47000122070312,150.3699951171875,148.89999389648438,148.9149932861328
2024-03-21 10:30:00-04:00,148.9149932861328,148.94000244140625,147.02000427246094,147.56500244140625
2024-03-21 11:30:00-04:00,147.5850067138672,147.91000366210938,147.125,147.8249969482422
2024-03-21 12:30:00-04:00,147.83999633789062,147.9149932861328,147.19500732421875,147.22500610351562
2024-03-21 13:30:00-04:00,147.22500610351562,147.61500549316406,147.13999938964844,147.3800048828125
2024-03-21 14:30:00-04:00,147.3699951171875,147.6699981689453,146.9001007080078,147.6199951171875
2024-03-21 15:30:00-04:00,147.6300048828125,147.8300018310547,147.42999267578125,147.60000610351562
2024-03-22 09:30:00-04:00,149.14999389648438,151.5050048828125,148.98800659179688,150.9600067138672
2024-03-22 10:30:00-04:00,150.96499633789062,151.5800018310547,150.58999633789062,151.33999633789062
2024-03-22 11:30:00-04:00,151.35000610351562,151.39999389648438,150.19000244140625,150.47000122070312
2024-03-22 12:30:00-04:00,150.47000122070312,150.97000122070312,150.21400451660156,150.6649932861328
2024-03-22 13:30:00-04:00,150.66000366210938,151.02999877929688,150.4600067138672,150.97000122070312
2024-03-22 14:30:00-04:00,150.96499633789062,151.10000610351562,150.41000366210938,151.10000610351562
2024-03-22 15:30:00-04:00,151.08999633789062,151.2899932861328,150.76499938964844,150.77000427246094
2024-03-25 09:30:00-04:00,149.9499969482422,150.16000366210938,147.8209991455078,148.71499633789062
2024-03-25 10:30:00-04:00,148.72000122070312,149.39999389648438,148.71499633789062,149.1083984375
2024-03-25 11:30:00-04:00,149.10000610351562,149.875,149.0050048828125,149.5399932861328
2024-03-25 12:30:00-04:00,149.5500030517578,149.63999938964844,149.252197265625,149.37559509277344
2024-03-25 13:30:00-04:00,149.3699951171875,149.6199951171875,149.2949981689453,149.49000549316406
2024-03-25 14:30:00-04:00,149.4949951171875,150.25999450683594,149.42999267578125,150.0084991455078
2024-03-25 15:30:00-04:00,150.0050048828125,150.375,149.81500244140625,150.07000732421875
2024-03-26 09:30:00-04:00,150.25,151.19000244140625,149.97999572753906,150.85000610351562
2024-03-26 10:30:00-04:00,150.85000610351562,151.5749969482422,150.6300048828125,151.47970581054688
2024-03-26 11:30:00-04:00,151.47999572753906,152.25599670410156,151.3800048828125,151.52999877929688
2024-03-26 12:30:00-04:00,151.51499938964844,151.8249969482422,151.33999633789062,151.69500732421875
2024-03-26 13:30:00-04:00,151.7050018310547,151.7899932861328,151.27499389648438,151.55999755859375
2024-03-26 14:30:00-04:00,151.56500244140625,151.77000427246094,151.42999267578125,151.5050048828125
2024-03-26 15:30:00-04:00,151.50999450683594,151.50999450683594,150.58999633789062,150.77999877929688
2024-03-27 09:30:00-04:00,151.07000732421875,151.63499450683594,149.69500732421875,149.7541046142578
2024-03-27 10:30:00-04:00,149.75,150.1199951171875,148.9149932861328,148.97000122070312
2024-03-27 11:30:00-04:00,148.97259521484375,149.7100067138672,148.91000366210938,149.6461944580078
2024-03-27 12:30:00-04:00,149.64500427246094,150.60000610351562,149.22999572753906,149.4949951171875
2024-03-27 13:30:00-04:00,149.5,149.84500122070312,149.4149932861328,149.76499938964844
2024-03-27 14:30:00-04:00,149.77000427246094,149.97500610351562,149.47000122070312,149.92999267578125
2024-03-27 15:30:00-04:00,149.93499755859375,150.9199981689453,149.86000061035156,150.89999389648438
2024-03-28 09:30:00-04:00,150.83999633789062,151.42999267578125,150.1699981689453,150.60850524902344
2024-03-28 10:30:00-04:00,150.61000061035156,150.88999938964844,150.27999877929688,150.8000030517578
2024-03-28 11:30:00-04:00,150.80999755859375,150.875,150.3249969482422,150.63999938964844
2024-03-28 12:30:00-04:00,150.63999938964844,150.81500244140625,150.5500030517578,150.7100067138672
2024-03-28 13:30:00-04:00,150.7100067138672,151.0399932861328,150.5399932861328,150.96839904785156
2024-03-28 14:30:00-04:00,150.97500610351562,151.38999938964844,150.88499450683594,151.125
2024-03-28 15:30:00-04:00,151.13499450683594,151.25999450683594,150.75,150.8000030517578
2024-04-01 09:30:00-04:00,150.625,155.67999267578125,150.625,155.3061981201172
2024-04-01 10:30:00-04:00,155.3000030517578,155.47999572753906,154.47999572753906,154.98599243164062
2024-04-01 11:30:00-04:00,154.98500061035156,155.53500366210938,154.67999267578125,154.91830444335938
2024-04-01 12:30:00-04:00,154.92999267578125,155.24000549316406,154.8426055908203,155.08999633789062
2024-04-01 13:30:00-04:00,155.08999633789062,155.1699981689453,154.72999572753906,155.0749969482422
2024-04-01 14:30:00-04:00,155.08999633789062,155.2725067138672,154.89999389648438,154.98500061035156
2024-04-01 15:30:00-04:00,154.99000549316406,155.61000061035156,154.8699951171875,155.4499969482422
2024-04-02 09:30:00-04:00,153.49000549316406,154.0500030517578,152.14999389648438,153.38999938964844
2024-04-02 10:30:00-04:00,153.3800048828125,153.5800018310547,152.73500061035156,153.11000061035156
2024-04-02 11:30:00-04:00,153.1300048828125,153.8699951171875,153.09500122070312,153.8699951171875
2024-04-02 12:30:00-04:00,153.86500549316406,154.0,153.58999633789062,153.72500610351562
2024-04-02 13:30:00-04:00,153.72500610351562,154.1750030517578,153.5749969482422,153.9008026123047
2024-04-02 14:30:00-04:00,153.90499877929688,154.43499755859375,153.72500610351562,154.27499389648438
2024-04-02 15:30:00-04:00,154.28500366210938,154.6999969482422,154.22999572753906,154.6199951171875
2024-04-03 09:30:00-04:00,153.5800018310547,154.77999877929688,152.72999572753906,154.05999755859375
2024-04-03 10:30:00-04:00,154.05999755859375,154.3477020263672,153.80999755859375,153.9759979248047
2024-04-03 11:30:00-04:00,153.97500610351562,154.76010131835938,153.9700927734375,154.46499633789062
2024-04-03 12:30:00-04:00,154.4600067138672,154.83999633789062,154.00999450683594,154.5850067138672
2024-04-03 13:30:00-04:00,154.5800018310547,154.8000030517578,154.33009338378906,154.7346954345703
2024-04-03 14:30:00-04:00,154.73500061035156,154.8800048828125,154.06939697265625,154.27000427246094
2024-04-03 15:30:00-04:00,154.27000427246094,155.0800018310547,154.13999938964844,154.92999267578125
2024-04-04 09:30:00-04:00,153.5399932861328,153.9777069091797,152.17999267578125,153.05499267578125
2024-04-04 10:30:00-04:00,153.07000732421875,153.94000244140625,153.02999877929688,153.72000122070312
2024-04-04 11:30:00-04:00,153.7050018310547,154.77000427246094,153.7050018310547,154.52699279785156
2024-04-04 12:30:00-04:00,154.52499389648438,154.5399932861328,154.12879943847656,154.45880126953125
2024-04-04 13:30:00-04:00,154.4499969482422,154.5800018310547,152.75999450683594,152.80999755859375
2024-04-04 14:30:00-04:00,152.80999755859375,152.92999267578125,151.14999389648438,151.18499755859375
2024-04-04 15:30:00-04:00,151.17999267578125,151.27999877929688,150.4499969482422,150.5399932861328
2024-04-05 09:30:00-04:00,149.92999267578125,152.8800048828125,149.60000610351562,152.02999877929688
2024-04-05 10:30:00-04:00,152.03500366210938,153.0,151.97000122070312,152.63999938964844
2024-04-05 11:30:00-04:00,152.64999389648438,153.4199981689453,152.5800018310547,153.08999633789062
2024-04-05 12:30:00-04:00,153.10000610351562,153.3000030517578,152.88999938964844,153.19000244140625
2024-04-05 13:30:00-04:00,153.2100067138672,153.3249969482422,152.39500427246094,152.47000122070312
2024-04-05 14:30:00-04:00,152.5,152.72999572753906,152.1300048828125,152.27999877929688
2024-04-05 15:30:00-04:00,152.25999450683594,152.7899932861328,152.23500061035156,152.4600067138672
2024-04-08 09:30:00-04:00,152.85000610351562,155.06700134277344,152.61000061035156,154.82000732421875
2024-04-08 10:30:00-04:00,154.80999755859375,155.27000427246094,154.7050018310547,154.88999938964844
2024-04-08 11:30:00-04:00,154.8699951171875,154.9149932861328,153.96730041503906,154.27000427246094
2024-04-08 12:30:00-04:00,154.27000427246094,154.86000061035156,154.22500610351562,154.74000549316406
2024-04-08 13:30:00-04:00,154.73500061035156,154.74000549316406,154.22000122070312,154.60000610351562
2024-04-08 14:30:00-04:00,154.61000061035156,154.78500366210938,154.3350067138672,154.78500366210938
2024-04-08 15:30:00-04:00,154.77999877929688,155.02499389648438,154.66000366210938,154.86000061035156
2024-04-09 09:30:00-04:00,156.0,158.55999755859375,155.97999572753906,156.71499633789062
2024-04-09 10:30:00-04:00,156.72999572753906,157.01019287109375,155.3699951171875,155.40499877929688
2024-04-09 11:30:00-04:00,155.41000366210938,156.88999938964844,155.2949981689453,156.77000427246094
2024-04-09 12:30:00-04:00,156.77999877929688,157.1699981689453,156.47000122070312,156.56500244140625
2024-04-09 13:30:00-04:00,156.55999755859375,156.72500610351562,155.85000610351562,155.91000366210938
2024-04-09 14:30:00-04:00,155.91839599609375,156.27000427246094,155.1999969482422,156.25
2024-04-09 15:30:00-04:00,156.25,156.63999938964844,156.13999938964844,156.6300048828125
2024-04-10 09:30:00-04:00,156.2100067138672,156.61000061035156,154.72999572753906,155.40499877929688
2024-04-10 10:30:00-04:00,155.39999389648438,155.83999633789062,154.67999267578125,155.16000366210938
2024-04-10 11:30:00-04:00,155.16000366210938,155.625,154.8300018310547,155.51400756835938
2024-04-10 12:30:00-04:00,155.5399932861328,156.3300018310547,154.9499969482422,155.94000244140625
2024-04-10 13:30:00-04:00,155.9199981689453,156.4600067138672,155.39999389648438,155.97000122070312
2024-04-10 14:30:00-04:00,155.99000549316406,156.60000610351562,155.6999969482422,156.14999389648438
2024-04-10 15:30:00-04:00,156.14999389648438,156.49000549316406,155.77999877929688,156.1199951171875
2024-04-11 09:30:00-04:00,156.91000366210938,157.88999938964844,156.4600067138672,156.58999633789062
2024-04-11 10:30:00-04:00,156.58999633789062,157.6699981689453,156.5749969482422,157.54010009765625
2024-04-11 11:30:00-04:00,157.5449981689453,158.3800048828125,157.41940307617188,158.05599975585938
2024-04-11 12:30:00-04:00,158.07000732421875,158.85000610351562,157.74000549316406,158.62989807128906
2024-04-11 13:30:00-04:00,158.6300048828125,159.39999389648438,158.61000061035156,159.2449951171875
2024-04-11 14:30:00-04:00,159.25,159.5500030517578,159.01499938964844,159.22500610351562
2024-04-11 15:30:00-04:00,159.22999572753906,159.61000061035156,159.14999389648438,159.3800048828125
2024-04-12 09:30:00-04:00,157.9499969482422,160.22250366210938,157.9499969482422,158.98500061035156
2024-04-12 10:30:00-04:00,158.99000549316406,158.99000549316406,157.4499969482422,158.4199981689453
2024-04-12 11:30:00-04:00,158.4199981689453,158.81399536132812,158.0601043701172,158.14999389648438
2024-04-12 12:30:00-04:00,158.15499877929688,158.3350067138672,157.16000366210938,157.25
2024-04-12 13:30:00-04:00,157.2324981689453,157.82989501953125,157.13999938964844,157.57000732421875
2024-04-12 14:30:00-04:00,157.58999633789062,157.7169952392578,157.19500732421875,157.32009887695312
2024-04-12 15:30:00-04:00,157.32000732421875,157.80999755859375,157.19000244140625,157.75999450683594
2024-04-15 09:30:00-04:00,158.3699951171875,159.24000549316406,157.5399932861328,158.44000244140625
2024-04-15 10:30:00-04:00,158.42320251464844,158.80999755859375,157.97000122070312,158.5800018310547
2024-04-15 11:30:00-04:00,158.57000732421875,158.72999572753906,157.81500244140625,157.8699951171875
2024-04-15 12:30:00-04:00,157.8699951171875,158.16090393066406,156.25,156.25999450683594
2024-04-15 13:30:00-04:00,156.25999450683594,156.2899932861328,154.92999267578125,155.27000427246094
2024-04-15 14:30:00-04:00,155.25999450683594,155.77999877929688,154.58999633789062,154.8300018310547
2024-04-15 15:30:00-04:00,154.8000030517578,155.14500427246094,154.7449951171875,154.83999633789062
2024-04-16 09:30:00-04:00,154.1300048828125,155.1300048828125,153.67999267578125,153.86000061035156
2024-04-16 10:30:00-04:00,153.83999633789062,154.6999969482422,153.42999267578125,154.32000732421875
2024-04-16 11:30:00-04:00,154.3300018310547,155.1649932861328,154.25,154.77999877929688
2024-04-16 12:30:00-04:00,154.80999755859375,154.99000549316406,154.40499877929688,154.6699981689453
2024-04-16 13:30:00-04:00,154.6999969482422,155.64999389648438,154.00999450683594,154.60000610351562
2024-04-16 14:30:00-04:00,154.57000732421875,155.5543975830078,154.57000732421875,155.24000549316406
2024-04-16 15:30:00-04:00,155.2550048828125,155.2550048828125,154.3300018310547,154.3699951171875
2024-04-17 09:30:00-04:00,155.6199951171875,157.0800018310547,155.22999572753906,156.33999633789062
2024-04-17 10:30:00-04:00,156.32249450683594,156.69419860839844,155.78500366210938,155.7899932861328
2024-04-17 11:30:00-04:00,155.80999755859375,155.9199981689453,154.8300018310547,155.10000610351562
2024-04-17 12:30:00-04:00,155.0749969482422,155.58999633789062,154.5800018310547,155.58999633789062
2024-04-17 13:30:00-04:00,155.64259338378906,156.10000610351562,155.50999450683594,155.8300018310547
2024-04-17 14:30:00-04:00,155.83999633789062,156.62989807128906,155.39999389648438,155.52999877929688
2024-04-17 15:30:00-04:00,155.52000427246094,155.88999938964844,155.0800018310547,155.4600067138672
2024-04-18 09:30:00-04:00,155.27999877929688,156.08999633789062,154.6199951171875,155.88999938964844
2024-04-18 10:30:00-04:00,155.8699951171875,156.42999267578125,155.74000549316406,156.19500732421875
2024-04-18 11:30:00-04:00,156.1999969482422,156.32000732421875,155.80999755859375,156.18499755859375
2024-04-18 12:30:00-04:00,156.19000244140625,156.94000244140625,155.8300018310547,156.49000549316406
2024-04-18 13:30:00-04:00,156.5,156.82000732421875,156.22000122070312,156.3000030517578
2024-04-18 14:30:00-04:00,156.3000030517578,156.64999389648438,155.89999389648438,156.47000122070312
2024-04-18 15:30:00-04:00,156.4600067138672,156.69500732421875,155.89999389648438,156.02000427246094
2024-04-19 09:30:00-04:00,156.14999389648438,156.36000061035156,153.9600067138672,154.4199981689453
2024-04-19 10:30:00-04:00,154.3699951171875,155.33999633789062,154.31500244140625,154.43499755859375
2024-04-19 11:30:00-04:00,154.42999267578125,154.83999633789062,152.6699981689453,152.7100067138672
2024-04-19 12:30:00-04:00,152.72000122070312,154.1699981689453,152.3000030517578,153.82000732421875
2024-04-19 13:30:00-04:00,153.81500244140625,154.82000732421875,153.6999969482422,153.8000030517578
2024-04-19 14:30:00-04:00,153.75,154.10000610351562,153.22999572753906,153.85000610351562
2024-04-19 15:30:00-04:00,153.84820556640625,154.35499572753906,153.08999633789062,154.0800018310547
2024-04-22 09:30:00-04:00,154.11000061035156,156.47000122070312,154.11000061035156,155.0399932861328
2024-04-22 10:30:00-04:00,155.05999755859375,155.17999267578125,154.05999755859375,154.6999969482422
2024-04-22 11:30:00-04:00,154.6999969482422,156.4199981689453,154.66000366210938,156.22999572753906
2024-04-22 12:30:00-04:00,156.22999572753906,156.88999938964844,155.97999572753906,156.88999938964844
2024-04-22 13:30:00-04:00,156.89500427246094,157.6300048828125,156.80999755859375,157.46519470214844
2024-04-22 14:30:00-04:00,157.47000122070312,157.63999938964844,156.8300018310547,157.1300048828125
2024-04-22 15:30:00-04:00,157.11000061035156,157.13999938964844,156.02999877929688,156.32000732421875
2024-04-23 09:30:00-04:00,157.0500030517578,158.2899932861328,156.27999877929688,157.86000061035156
2024-04-23 10:30:00-04:00,157.8699951171875,158.52000427246094,157.82000732421875,158.3300018310547
2024-04-23 11:30:00-04:00,158.3300018310547,158.8000030517578,158.17999267578125,158.69000244140625
2024-04-23 12:30:00-04:00,158.69500732421875,158.97000122070312,158.41000366210938,158.7899932861328
2024-04-23 13:30:00-04:00,158.77999877929688,158.7899932861328,158.27999877929688,158.30499267578125
2024-04-23 14:30:00-04:00,158.30999755859375,158.42999267578125,157.97000122070312,158.2050018310547
2024-04-23 15:30:00-04:00,158.1999969482422,158.34500122070312,157.92999267578125,158.25999450683594
2024-04-24 09:30:00-04:00,157.4199981689453,159.0,157.17999267578125,158.19000244140625
2024-04-24 10:30:00-04:00,158.1999969482422,158.36000061035156,157.61000061035156,157.9600067138672
2024-04-24 11:30:00-04:00,157.9600067138672,158.13999938964844,157.4199981689453,157.6699981689453
2024-04-24 12:30:00-04:00,157.6699981689453,158.16000366210938,157.47999572753906,158.14999389648438
2024-04-24 13:30:00-04:00,158.16000366210938,158.99000549316406,158.16000366210938,158.61000061035156
2024-04-24 14:30:00-04:00,158.6199951171875,159.2100067138672,158.22999572753906,159.0800018310547
2024-04-24 15:30:00-04:00,159.05999755859375,159.56500244140625,159.0500030517578,159.14999389648438
2024-04-25 09:30:00-04:00,151.3300018310547,154.57000732421875,150.8699951171875,154.52000427246094
2024-04-25 10:30:00-04:00,154.51499938964844,155.5749969482422,153.9174041748047,155.55999755859375
2024-04-25 11:30:00-04:00,155.55999755859375,156.39999389648438,155.30499267578125,156.06500244140625
2024-04-25 12:30:00-04:00,156.0749969482422,156.22000122070312,155.02499389648438,155.5399932861328
2024-04-25 13:30:00-04:00,155.55999755859375,156.49000549316406,155.39999389648438,155.69000244140625
2024-04-25 14:30:00-04:00,155.6699981689453,156.14999389648438,155.52000427246094,156.14999389648438
2024-04-25 15:30:00-04:00,156.14999389648438,156.22500610351562,155.6300048828125,156.02000427246094
2024-04-26 09:30:00-04:00,174.3699951171875,174.7100067138672,170.14999389648438,170.28500366210938
2024-04-26 10:30:00-04:00,170.2801971435547,172.25999450683594,169.64999389648438,171.6300048828125
2024-04-26 11:30:00-04:00,171.6300048828125,172.64999389648438,171.36000061035156,172.1898956298828
2024-04-26 12:30:00-04:00,172.1916961669922,172.53799438476562,171.6649932861328,172.125
2024-04-26 13:30:00-04:00,172.14500427246094,172.5,170.5800018310547,170.64999389648438
2024-04-26 14:30:00-04:00,170.66000366210938,172.1699981689453,170.62600708007812,171.97500610351562
2024-04-26 15:30:00-04:00,171.97000122070312,172.25,171.72999572753906,171.9199981689453
2024-04-29 09:30:00-04:00,169.05799865722656,169.5449981689453,167.0749969482422,168.1300048828125
2024-04-29 10:30:00-04:00,168.11000061035156,168.89999389648438,166.99000549316406,167.30690002441406
2024-04-29 11:30:00-04:00,167.30999755859375,167.5850067138672,166.66000366210938,167.0800018310547
2024-04-29 12:30:00-04:00,167.0800018310547,167.18600463867188,166.39999389648438,166.91639709472656
2024-04-29 13:30:00-04:00,166.91000366210938,167.2899932861328,166.4700927734375,166.47999572753906
2024-04-29 14:30:00-04:00,166.48699951171875,166.5399932861328,165.2100067138672,165.8699951171875
2024-04-29 15:30:00-04:00,165.8699951171875,166.39999389648438,165.63999938964844,166.14999389648438
2024-04-30 09:30:00-04:00,165.61199951171875,168.10000610351562,165.61199951171875,166.38499450683594
2024-04-30 10:30:00-04:00,166.3800048828125,166.6199951171875,165.27999877929688,165.4499969482422
2024-04-30 11:30:00-04:00,165.4550018310547,165.7100067138672,164.86000061035156,165.1743927001953
2024-04-30 12:30:00-04:00,165.17999267578125,165.17999267578125,163.8699951171875,164.2899932861328
2024-04-30 13:30:00-04:00,164.29660034179688,164.55340576171875,163.93499755859375,164.0959930419922
2024-04-30 14:30:00-04:00,164.1300048828125,164.3800048828125,163.52000427246094,164.22000122070312
2024-04-30 15:30:00-04:00,164.22000122070312,164.30740356445312,162.60000610351562,162.72999572753906
2024-05-01 09:30:00-04:00,164.3699951171875,165.61000061035156,163.08999633789062,165.47000122070312
2024-05-01 10:30:00-04:00,165.4949951171875,165.7100067138672,164.88999938964844,165.63999938964844
2024-05-01 11:30:00-04:00,165.6300048828125,165.88999938964844,165.2899932861328,165.67999267578125
2024-05-01 12:30:00-04:00,165.67999267578125,165.67999267578125,164.0229949951172,164.25
2024-05-01 13:30:00-04:00,164.2550048828125,165.66000366210938,164.0460968017578,165.33999633789062
2024-05-01 14:30:00-04:00,165.32000732421875,167.1199951171875,164.41000366210938,166.6199951171875
2024-05-01 15:30:00-04:00,166.6300048828125,166.63299560546875,163.74000549316406,163.75999450683594
2024-05-02 09:30:00-04:00,164.72999572753906,165.83819580078125,163.8979949951172,165.50149536132812
2024-05-02 10:30:00-04:00,165.55499267578125,165.99000549316406,164.50999450683594,164.66000366210938
2024-05-02 11:30:00-04:00,164.66290283203125,165.33999633789062,164.47999572753906,165.2899932861328
2024-05-02 12:30:00-04:00,165.3000030517578,165.5500030517578,164.67999267578125,165.5
2024-05-02 13:30:00-04:00,165.52000427246094,166.24000549316406,165.2364044189453,166.19500732421875
2024-05-02 14:30:00-04:00,166.2100067138672,166.5850067138672,166.0749969482422,166.25
2024-05-02 15:30:00-04:00,166.25999450683594,166.72000122070312,165.6439971923828,166.69000244140625
2024-05-03 09:30:00-04:00,167.55999755859375,167.9600067138672,163.0500030517578,163.91990661621094
2024-05-03 10:30:00-04:00,163.9199981689453,165.72999572753906,163.69000244140625,165.27999877929688
2024-05-03 11:30:00-04:00,165.3000030517578,165.77999877929688,164.9499969482422,165.5800018310547
2024-05-03 12:30:00-04:00,165.5800018310547,166.39810180664062,165.55999755859375,166.31500244140625
2024-05-03 13:30:00-04:00,166.3300018310547,166.60000610351562,166.02000427246094,166.49000549316406
2024-05-03 14:30:00-04:00,166.47500610351562,167.17999267578125,166.47500610351562,166.8249969482422
2024-05-03 15:30:00-04:00,166.82000732421875,167.47000122070312,166.6699981689453,167.23500061035156
2024-05-06 09:30:00-04:00,167.4499969482422,168.1300048828125,166.02999877929688,166.6300048828125
2024-05-06 10:30:00-04:00,166.39999389648438,167.24000549316406,166.33999633789062,166.89999389648438
2024-05-06 11:30:00-04:00,166.91250610351562,167.2899932861328,166.19329833984375,166.75
2024-05-06 12:30:00-04:00,166.7899932861328,167.37030029296875,166.69000244140625,167.08999633789062
2024-05-06 13:30:00-04:00,167.0800018310547,167.49000549316406,166.7899932861328,167.39999389648438
2024-05-06 14:30:00-04:00,167.39999389648438,167.5458984375,166.9199981689453,166.9969940185547
2024-05-06 15:30:00-04:00,167.0,168.13999938964844,166.8101043701172,168.11000061035156
2024-05-07 09:30:00-04:00,168.5,171.0740966796875,168.38999938964844,170.0500030517578
2024-05-07 10:30:00-04:00,170.02999877929688,171.0399932861328,169.75999450683594,170.67999267578125
2024-05-07 11:30:00-04:00,170.6862030029297,171.42999267578125,170.52999877929688,171.4149932861328
2024-05-07 12:30:00-04:00,171.4199981689453,171.75999450683594,171.02000427246094,171.19000244140625
2024-05-07 13:30:00-04:00,171.19500732421875,171.33999633789062,170.58399963378906,170.68899536132812
2024-05-07 14:30:00-04:00,170.69000244140625,170.93150329589844,170.4600067138672,170.6750030517578
2024-05-07 15:30:00-04:00,170.6649932861328,171.4149932861328,170.42999267578125,171.3000030517578
2024-05-08 09:30:00-04:00,168.82000732421875,170.14999389648438,168.73500061035156,170.00999450683594
2024-05-08 10:30:00-04:00,169.98500061035156,170.1300048828125,169.6199951171875,170.00799560546875
2024-05-08 11:30:00-04:00,170.00999450683594,170.0800018310547,169.4199981689453,169.88999938964844
2024-05-08 12:30:00-04:00,169.89500427246094,169.92990112304688,169.2100067138672,169.3249969482422
2024-05-08 13:30:00-04:00,169.3000946044922,169.90499877929688,169.27999877929688,169.6300048828125
2024-05-08 14:30:00-04:00,169.6300048828125,169.86000061035156,169.5449981689453,169.66000366210938
2024-05-08 15:30:00-04:00,169.66000366210938,169.80780029296875,169.27000427246094,169.35000610351562
2024-05-09 09:30:00-04:00,169.55999755859375,170.69000244140625,168.17999267578125,168.42999267578125
2024-05-09 10:30:00-04:00,168.4398956298828,169.2572021484375,168.27769470214844,169.25
2024-05-09 11:30:00-04:00,169.25999450683594,169.38499450683594,168.875,169.16000366210938
2024-05-09 12:30:00-04:00,169.15170288085938,169.41000366210938,169.01060485839844,169.2899932861328
2024-05-09 13:30:00-04:00,169.2899932861328,169.3249969482422,168.91000366210938,169.14500427246094
2024-05-09 14:30:00-04:00,169.1300048828125,169.61990356445312,169.08970642089844,169.44500732421875
2024-05-09 15:30:00-04:00,169.44500732421875,170.0,169.38999938964844,169.9600067138672
2024-05-10 09:30:00-04:00,167.91000366210938,168.69000244140625,167.15499877929688,168.08999633789062
2024-05-10 10:30:00-04:00,168.10000610351562,168.35000610351562,167.5399932861328,168.1999969482422
2024-05-10 11:30:00-04:00,168.22000122070312,168.22450256347656,167.36000061035156,167.83999633789062
2024-05-10 12:30:00-04:00,167.83999633789062,167.8800048828125,166.92999267578125,166.99000549316406
2024-05-10 13:30:00-04:00,167.0,169.85000610351562,166.19000244140625,168.52000427246094
2024-05-10 14:30:00-04:00,168.5399932861328,168.97000122070312,168.2050018310547,168.86000061035156
2024-05-10 15:30:00-04:00,168.8699951171875,168.88999938964844,168.3800048828125,168.6199951171875
2024-05-13 09:30:00-04:00,164.16000366210938,166.0,164.0,165.00709533691406
2024-05-13 10:30:00-04:00,165.0,166.17999267578125,164.6999969482422,166.0399932861328
2024-05-13 11:30:00-04:00,166.02000427246094,166.39999389648438,165.82000732421875,166.10499572753906
2024-05-13 12:30:00-04:00,166.11000061035156,168.75,166.05999755859375,168.5800018310547
2024-05-13 13:30:00-04:00,168.58999633789062,168.66000366210938,167.42999267578125,167.8748016357422
2024-05-13 14:30:00-04:00,167.8699951171875,168.38499450683594,167.6999969482422,168.27999877929688
2024-05-13 15:30:00-04:00,168.27999877929688,169.27000427246094,168.19000244140625,169.17999267578125
2024-05-14 09:30:00-04:00,169.91000366210938,170.52000427246094,168.8000030517578,169.86500549316406
2024-05-14 10:30:00-04:00,169.8699951171875,170.1699981689453,169.33999633789062,169.75
2024-05-14 11:30:00-04:00,169.74000549316406,169.74000549316406,169.02999877929688,169.14999389648438
2024-05-14 12:30:00-04:00,169.1699981689453,170.80999755859375,169.05999755859375,170.6199951171875
2024-05-14 13:30:00-04:00,170.6199951171875,171.25,169.95010375976562,170.4698944091797
2024-05-14 14:30:00-04:00,170.46800231933594,171.11500549316406,170.36000061035156,170.92999267578125
2024-05-14 15:30:00-04:00,170.91000366210938,170.97000122070312,170.0399932861328,170.27999877929688
2024-05-15 09:30:00-04:00,170.7899932861328,172.5500030517578,170.61000061035156,171.6199951171875
2024-05-15 10:30:00-04:00,171.6199951171875,171.92999267578125,171.21229553222656,171.3000030517578
2024-05-15 11:30:00-04:00,171.32009887695312,171.5,170.83999633789062,171.07000732421875
2024-05-15 12:30:00-04:00,171.08970642089844,171.55999755859375,170.50999450683594,171.52999877929688
2024-05-15 13:30:00-04:00,171.52999877929688,172.25999450683594,171.3699951171875,172.19000244140625
2024-05-15 14:30:00-04:00,172.17999267578125,172.46499633789062,172.02000427246094,172.34559631347656
2024-05-15 15:30:00-04:00,172.33999633789062,172.64999389648438,172.13999938964844,172.58999633789062
2024-05-16 09:30:00-04:00,173.3000030517578,174.36000061035156,172.69000244140625,174.28990173339844
2024-05-16 10:30:00-04:00,174.3000030517578,175.05999755859375,174.2899932861328,174.8800048828125
2024-05-16 11:30:00-04:00,174.8800048828125,175.11500549316406,173.86000061035156,174.02499389648438
2024-05-16 12:30:00-04:00,174.02999877929688,174.3000030517578,173.60000610351562,173.6999969482422
2024-05-16 13:30:00-04:00,173.72000122070312,174.6300048828125,173.7104949951172,174.57000732421875
2024-05-16 14:30:00-04:00,174.5800018310547,174.80499267578125,174.13999938964844,174.22000122070312
2024-05-16 15:30:00-04:00,174.2100067138672,174.5800018310547,173.81500244140625,174.1699981689453
2024-05-17 09:30:00-04:00,174.3800048828125,175.8000030517578,173.69000244140625,175.73789978027344
2024-05-17 10:30:00-04:00,175.74600219726562,176.16000366210938,175.41160583496094,175.74000549316406
2024-05-17 11:30:00-04:00,175.74000549316406,175.92999267578125,175.3300018310547,175.71499633789062
2024-05-17 12:30:00-04:00,175.71499633789062,176.19000244140625,175.6300048828125,176.0
2024-05-17 13:30:00-04:00,176.0050048828125,176.1199951171875,175.13999938964844,175.44000244140625
2024-05-17 14:30:00-04:00,175.44000244140625,176.14999389648438,175.44000244140625,176.0800018310547
2024-05-17 15:30:00-04:00,176.08999633789062,176.26499938964844,175.9600067138672,176.1300048828125
2024-05-20 09:30:00-04:00,176.19200134277344,178.77000427246094,176.0800018310547,178.3000030517578
2024-05-20 10:30:00-04:00,178.2967987060547,178.2967987060547,176.9600067138672,176.97999572753906
2024-05-20 11:30:00-04:00,177.0,177.27999877929688,176.58999633789062,176.67799377441406
2024-05-20 12:30:00-04:00,176.6750030517578,177.0500030517578,176.47000122070312,176.62330627441406
2024-05-20 13:30:00-04:00,176.63999938964844,176.99989318847656,176.40499877929688,176.9949951171875
2024-05-20 14:30:00-04:00,176.9949951171875,177.3800048828125,176.8300018310547,177.1999969482422
2024-05-20 15:30:00-04:00,177.22000122070312,177.44500732421875,176.6300048828125,176.9199981689453
2024-05-21 09:30:00-04:00,176.89999389648438,177.75,175.80999755859375,177.55999755859375
2024-05-21 10:30:00-04:00,177.5500030517578,177.889892578125,177.3300018310547,177.61000061035156
2024-05-21 11:30:00-04:00,177.61000061035156,177.75,176.94000244140625,176.99000549316406
2024-05-21 12:30:00-04:00,176.99000549316406,177.13999938964844,176.74000549316406,177.13499450683594
2024-05-21 13:30:00-04:00,177.14999389648438,177.59500122070312,177.0,177.5800018310547
2024-05-21 14:30:00-04:00,177.57000732421875,177.77499389648438,177.3800048828125,177.75
2024-05-21 15:30:00-04:00,177.74000549316406,178.14999389648438,177.5850067138672,177.8800048828125
2024-05-22 09:30:00-04:00,176.6439971923828,177.14999389648438,175.55999755859375,175.9499969482422
2024-05-22 10:30:00-04:00,175.94500732421875,176.05999755859375,175.3350067138672,175.96200561523438
2024-05-22 11:30:00-04:00,175.97000122070312,176.07000732421875,175.50999450683594,175.5196990966797
2024-05-22 12:30:00-04:00,175.50999450683594,175.97760009765625,175.2100067138672,175.875
2024-05-22 13:30:00-04:00,175.8699951171875,176.0,175.2100067138672,175.66000366210938
2024-05-22 14:30:00-04:00,175.6300048828125,176.02499389648438,175.52000427246094,176.0050048828125
2024-05-22 15:30:00-04:00,176.0050048828125,176.3800048828125,175.91000366210938,176.3800048828125
2024-05-23 09:30:00-04:00,177.07000732421875,178.25,175.8000030517578,176.0050048828125
2024-05-23 10:30:00-04:00,176.02000427246094,176.07000732421875,175.2899932861328,175.8939971923828
2024-05-23 11:30:00-04:00,175.89999389648438,176.38999938964844,175.8800048828125,175.94869995117188
2024-05-23 12:30:00-04:00,175.9499969482422,175.95880126953125,174.7100067138672,174.8699951171875
2024-05-23 13:30:00-04:00,174.8699951171875,174.89999389648438,173.55999755859375,173.97439575195312
2024-05-23 14:30:00-04:00,173.94000244140625,174.0,172.9499969482422,173.1999969482422
2024-05-23 15:30:00-04:00,173.1999969482422,173.77999877929688,173.125,173.57000732421875
2024-05-24 09:30:00-04:00,175.10000610351562,175.6699981689453,173.64999389648438,174.77999877929688
2024-05-24 10:30:00-04:00,174.7899932861328,175.75979614257812,174.64999389648438,175.375
2024-05-24 11:30:00-04:00,175.39500427246094,175.47999572753906,174.9600067138672,175.3699951171875
2024-05-24 12:30:00-04:00,175.38999938964844,175.5050048828125,175.02999877929688,175.35499572753906
2024-05-24 13:30:00-04:00,175.3699951171875,175.77000427246094,175.25,175.4199981689453
2024-05-24 14:30:00-04:00,175.42999267578125,175.42999267578125,174.7899932861328,174.94000244140625
2024-05-24 15:30:00-04:00,174.92999267578125,175.25999450683594,174.8300018310547,174.97000122070312
2024-05-28 09:30:00-04:00,174.5,177.27000427246094,174.3800048828125,175.86849975585938
2024-05-28 10:30:00-04:00,175.860107421875,176.4499969482422,175.74000549316406,176.2100067138672
2024-05-28 11:30:00-04:00,176.1999969482422,176.75999450683594,176.19290161132812,176.4499969482422
2024-05-28 12:30:00-04:00,176.44000244140625,176.67799377441406,175.86000061035156,175.97000122070312
2024-05-28 13:30:00-04:00,175.97500610351562,176.2899932861328,175.74000549316406,175.78500366210938
2024-05-28 14:30:00-04:00,175.78500366210938,176.10000610351562,175.3800048828125,175.76499938964844
2024-05-28 15:30:00-04:00,175.77000427246094,176.44000244140625,175.75999450683594,176.44000244140625
2024-05-29 09:30:00-04:00,175.4300994873047,176.72000122070312,174.72000122070312,176.35499572753906
2024-05-29 10:30:00-04:00,176.35499572753906,176.56500244140625,176.00999450683594,176.33990478515625
2024-05-29 11:30:00-04:00,176.32009887695312,176.5,175.8699951171875,176.4250030517578
2024-05-29 12:30:00-04:00,176.4250030517578,176.83599853515625,176.34500122070312,176.66000366210938
2024-05-29 13:30:00-04:00,176.66000366210938,176.69000244140625,176.33999633789062,176.40499877929688
2024-05-29 14:30:00-04:00,176.39999389648438,176.44000244140625,175.83999633789062,176.3101043701172
2024-05-29 15:30:00-04:00,176.30999755859375,176.5500030517578,175.65499877929688,175.91000366210938
2024-05-30 09:30:00-04:00,175.1999969482422,175.22000122070312,172.72999572753906,173.1750030517578
2024-05-30 10:30:00-04:00,173.1699981689453,173.39999389648438,172.6750030517578,172.92120361328125
2024-05-30 11:30:00-04:00,172.91000366210938,173.1999969482422,172.6999969482422,172.77000427246094
2024-05-30 12:30:00-04:00,172.75999450683594,173.36000061035156,172.6199951171875,173.2498016357422
2024-05-30 13:30:00-04:00,173.25,173.39999389648438,172.7050018310547,172.7299041748047
2024-05-30 14:30:00-04:00,172.72999572753906,172.9149932861328,171.97000122070312,172.19500732421875
2024-05-30 15:30:00-04:00,172.1999969482422,172.55999755859375,171.7899932861328,172.11000061035156
2024-05-31 09:30:00-04:00,171.86000061035156,173.05999755859375,170.8699951171875,170.97999572753906
2024-05-31 10:30:00-04:00,170.9600067138672,170.9600067138672,169.78500366210938,170.22000122070312
2024-05-31 11:30:00-04:00,170.2100067138672,170.22000122070312,169.44000244140625,169.58999633789062
2024-05-31 12:30:00-04:00,169.58810424804688,170.5800018310547,169.57000732421875,170.27999877929688
2024-05-31 13:30:00-04:00,170.3000030517578,170.49000549316406,170.10000610351562,170.12100219726562
2024-05-31 14:30:00-04:00,170.125,171.9499969482422,170.06500244140625,171.58999633789062
2024-05-31 15:30:00-04:00,171.55999755859375,172.9949951171875,171.4499969482422,172.50999450683594
2024-06-03 09:30:00-04:00,172.5500030517578,174.52000427246094,172.02999877929688,172.5
2024-06-03 10:30:00-04:00,172.5,172.91990661621094,171.72000122070312,172.4600067138672
2024-06-03 11:30:00-04:00,172.4199981689453,172.75999450683594,171.2100067138672,171.52999877929688
2024-06-03 12:30:00-04:00,171.50999450683594,172.2899932861328,171.16000366210938,172.22000122070312
2024-06-03 13:30:00-04:00,172.2100067138672,172.66000366210938,172.02000427246094,172.0399932861328
2024-06-03 14:30:00-04:00,172.0399932861328,172.72999572753906,172.0399932861328,172.17999267578125
2024-06-03 15:30:00-04:00,172.17999267578125,173.22999572753906,171.97000122070312,173.22000122070312
2024-06-04 09:30:00-04:00,173.27000427246094,173.67999267578125,171.91200256347656,172.5399932861328
2024-06-04 10:30:00-04:00,172.5500030517578,173.27999877929688,172.5,172.85000610351562
2024-06-04 11:30:00-04:00,172.83999633789062,173.1699981689453,172.1999969482422,172.55999755859375
2024-06-04 12:30:00-04:00,172.5500030517578,172.75999450683594,172.0500030517578,172.5
2024-06-04 13:30:00-04:00,172.52999877929688,173.3000030517578,171.88999938964844,173.20530700683594
2024-06-04 14:30:00-04:00,173.2050018310547,173.30029296875,172.4199981689453,172.9199981689453
2024-06-04 15:30:00-04:00,172.93099975585938,173.84500122070312,172.7449951171875,173.7899932861328
2024-06-05 09:30:00-04:00,175.2209930419922,176.64500427246094,174.77000427246094,176.11000061035156
2024-06-05 10:30:00-04:00,176.1300048828125,176.16000366210938,174.92999267578125,175.35000610351562
2024-06-05 11:30:00-04:00,175.375,175.3800048828125,173.93389892578125,174.36000061035156
2024-06-05 12:30:00-04:00,174.36000061035156,174.9600067138672,174.22000122070312,174.9600067138672
2024-06-05 13:30:00-04:00,174.9499969482422,175.1699981689453,174.47999572753906,174.51780700683594
2024-06-05 14:30:00-04:00,174.50999450683594,175.02999877929688,174.50999450683594,174.8350067138672
2024-06-05 15:30:00-04:00,174.8300018310547,175.4499969482422,174.7209930419922,175.44000244140625
2024-06-06 09:30:00-04:00,175.90499877929688,177.14999389648438,175.75,176.10000610351562
2024-06-06 10:30:00-04:00,176.11000061035156,176.63499450683594,175.85009765625,175.89010620117188
2024-06-06 11:30:00-04:00,175.88999938964844,176.69500732421875,175.81500244140625,176.52999877929688
2024-06-06 12:30:00-04:00,176.5399932861328,176.89500427246094,176.1999969482422,176.88499450683594
2024-06-06 13:30:00-04:00,176.88999938964844,177.09500122070312,176.4600067138672,176.6999969482422
2024-06-06 14:30:00-04:00,176.7050018310547,177.07000732421875,176.4499969482422,177.0124969482422
2024-06-06 15:30:00-04:00,177.01499938964844,177.14999389648438,176.4499969482422,176.7899932861328
2024-06-07 09:30:00-04:00,177.0500030517578,177.8699951171875,176.27999877929688,176.5800018310547
2024-06-07 10:30:00-04:00,176.5800018310547,177.3300018310547,176.35000610351562,176.82000732421875
2024-06-07 11:30:00-04:00,176.85440063476562,177.19000244140625,176.67999267578125,176.85000610351562
2024-06-07 12:30:00-04:00,176.86000061035156,177.14990234375,176.4199981689453,176.50979614257812
2024-06-07 13:30:00-04:00,176.5050048828125,176.68499755859375,175.02000427246094,175.35000610351562
2024-06-07 14:30:00-04:00,175.35000610351562,176.30999755859375,175.34249877929688,175.82000732421875
2024-06-07 15:30:00-04:00,175.80999755859375,175.88999938964844,174.3000030517578,174.44000244140625
2024-06-10 09:30:00-04:00,174.89999389648438,175.1699981689453,172.75999450683594,173.41000366210938
2024-06-10 10:30:00-04:00,173.4149932861328,173.72000122070312,173.05999755859375,173.32000732421875
2024-06-10 11:30:00-04:00,173.33999633789062,173.9199981689453,173.10499572753906,173.74000549316406
2024-06-10 12:30:00-04:00,173.74000549316406,174.00999450683594,173.42999267578125,173.49000549316406
2024-06-10 13:30:00-04:00,173.47999572753906,174.4600067138672,173.35000610351562,174.36000061035156
2024-06-10 14:30:00-04:00,174.3300018310547,177.05999755859375,173.89999389648438,174.94000244140625
2024-06-10 15:30:00-04:00,174.94500732421875,175.27999877929688,174.6199951171875,175.08999633789062
2024-06-11 09:30:00-04:00,176.21499633789062,176.83999633789062,174.27000427246094,174.6999969482422
2024-06-11 10:30:00-04:00,174.66859436035156,174.9600067138672,174.02000427246094,174.4600067138672
2024-06-11 11:30:00-04:00,174.4499969482422,174.5800018310547,173.7700958251953,174.08999633789062
2024-06-11 12:30:00-04:00,174.08999633789062,175.06500244140625,174.01499938964844,174.8448944091797
2024-06-11 13:30:00-04:00,174.8300018310547,175.7758026123047,174.82470703125,175.75999450683594
2024-06-11 14:30:00-04:00,175.76010131835938,176.43499755859375,175.73049926757812,176.14320373535156
2024-06-11 15:30:00-04:00,176.13999938964844,176.72000122070312,175.86000061035156,176.6300048828125
2024-06-12 09:30:00-04:00,178.197998046875,180.41000366210938,177.57000732421875,178.3000030517578
2024-06-12 10:30:00-04:00,178.3000030517578,178.47000122070312,176.74000549316406,177.39999389648438
2024-06-12 11:30:00-04:00,177.38999938964844,177.6300048828125,176.11000061035156,176.19000244140625
2024-06-12 12:30:00-04:00,176.19500732421875,176.97000122070312,176.17999267578125,176.83999633789062
2024-06-12 13:30:00-04:00,176.83999633789062,177.1999969482422,176.3699951171875,176.99000549316406
2024-06-12 14:30:00-04:00,176.97999572753906,177.77999877929688,176.5500030517578,176.89999389648438
2024-06-12 15:30:00-04:00,176.8699951171875,178.22500610351562,176.5399932861328,177.7899932861328
2024-06-13 09:30:00-04:00,176.02999877929688,176.74000549316406,174.88009643554688,176.33999633789062
2024-06-13 10:30:00-04:00,176.33999633789062,176.6699981689453,175.8424072265625,176.0
2024-06-13 11:30:00-04:00,175.97999572753906,176.1699981689453,175.22000122070312,175.2899932861328
2024-06-13 12:30:00-04:00,175.28500366210938,176.1999969482422,175.19000244140625,176.02999877929688
2024-06-13 13:30:00-04:00,176.0500030517578,176.41990661621094,175.9600067138672,176.3249969482422
2024-06-13 14:30:00-04:00,176.33999633789062,176.4739990234375,175.86000061035156,176.0200958251953
2024-06-13 15:30:00-04:00,176.00950622558594,176.00950622558594,175.00999450683594,175.05999755859375
2024-06-14 09:30:00-04:00,174.2100067138672,176.4600067138672,174.14999389648438,176.18499755859375
2024-06-14 10:30:00-04:00,176.17999267578125,176.8699951171875,175.8000030517578,176.80450439453125
2024-06-14 11:30:00-04:00,176.82000732421875,177.0623016357422,176.30999755859375,176.3300018310547
2024-06-14 12:30:00-04:00,176.343505859375,176.4600067138672,176.0500030517578,176.22000122070312
2024-06-14 13:30:00-04:00,176.2100067138672,176.5800018310547,175.9600067138672,176.3300018310547
2024-06-14 14:30:00-04:00,176.30999755859375,176.55499267578125,176.07000732421875,176.44500732421875
2024-06-14 15:30:00-04:00,176.43499755859375,176.85000610351562,176.25,176.8000030517578
2024-06-17 09:30:00-04:00,175.32000732421875,175.82000732421875,174.80999755859375,175.30999755859375
2024-06-17 10:30:00-04:00,175.2949981689453,176.0399932861328,175.22999572753906,175.49000549316406
2024-06-17 11:30:00-04:00,175.4799041748047,176.2050018310547,175.38999938964844,176.1999969482422
2024-06-17 12:30:00-04:00,176.1999969482422,177.52000427246094,176.1300048828125,177.38499450683594
2024-06-17 13:30:00-04:00,177.3979949951172,178.36000061035156,177.3699951171875,177.82000732421875
2024-06-17 14:30:00-04:00,177.83999633789062,177.94500732421875,177.2100067138672,177.7050018310547
2024-06-17 15:30:00-04:00,177.6999969482422,177.77499389648438,177.1905059814453,177.32000732421875
2024-06-18 09:30:00-04:00,177.24000549316406,177.38499450683594,175.5749969482422,176.2899932861328
2024-06-18 10:30:00-04:00,176.2949981689453,176.72000122070312,175.5,175.83999633789062
2024-06-18 11:30:00-04:00,175.83999633789062,175.99000549316406,174.75999450683594,174.8699951171875
2024-06-18 12:30:00-04:00,174.8699951171875,175.14999389648438,174.49000549316406,174.91000366210938
2024-06-18 13:30:00-04:00,174.89999389648438,174.9600067138672,174.1042022705078,174.2928924560547
2024-06-18 14:30:00-04:00,174.2899932861328,174.7550048828125,174.17999267578125,174.5399932861328
2024-06-18 15:30:00-04:00,174.52999877929688,175.25,174.36000061035156,175.10000610351562
2024-06-20 09:30:00-04:00,175.39999389648438,177.2899932861328,174.99000549316406,175.86000061035156
2024-06-20 10:30:00-04:00,175.8699951171875,176.4044952392578,175.67999267578125,175.8350067138672
2024-06-20 11:30:00-04:00,175.83999633789062,176.27000427246094,175.67999267578125,175.8300018310547
2024-06-20 12:30:00-04:00,175.8000030517578,176.1300048828125,175.4199981689453,175.5800018310547
2024-06-20 13:30:00-04:00,175.60000610351562,176.1199951171875,175.60000610351562,175.88999938964844
2024-06-20 14:30:00-04:00,175.88499450683594,176.0500030517578,175.47999572753906,176.0299072265625
2024-06-20 15:30:00-04:00,176.02000427246094,176.4199981689453,175.86500549316406,176.3000030517578
2024-06-21 09:30:00-04:00,177.0,179.77000427246094,176.61000061035156,179.10000610351562
2024-06-21 10:30:00-04:00,179.10000610351562,179.77999877929688,178.68499755859375,179.2653045654297
2024-06-21 11:30:00-04:00,179.26499938964844,180.5800018310547,179.0399932861328,180.5800018310547
2024-06-21 12:30:00-04:00,180.5850067138672,180.85000610351562,179.50990295410156,179.67999267578125
2024-06-21 13:30:00-04:00,179.6699981689453,180.22999572753906,179.27000427246094,180.07000732421875
2024-06-21 14:30:00-04:00,180.07000732421875,180.22000122070312,179.5850067138672,179.95989990234375
2024-06-21 15:30:00-04:00,179.9600067138672,180.0399932861328,179.0,179.50999450683594
2024-06-24 09:30:00-04:00,180.14999389648438,180.8800048828125,178.91000366210938,179.22999572753906
2024-06-24 10:30:00-04:00,179.22999572753906,179.69000244140625,178.82000732421875,179.47999572753906
2024-06-24 11:30:00-04:00,179.50999450683594,179.97799682617188,179.22030639648438,179.95989990234375
2024-06-24 12:30:00-04:00,179.9499969482422,180.25999450683594,179.11000061035156,179.16000366210938
2024-06-24 13:30:00-04:00,179.14500427246094,179.5800018310547,178.7899932861328,178.8491973876953
2024-06-24 14:30:00-04:00,178.84500122070312,179.47000122070312,178.6699981689453,179.22999572753906
2024-06-24 15:30:00-04:00,179.22000122070312,179.52999877929688,179.07000732421875,179.22000122070312
2024-06-25 09:30:00-04:00,179.42999267578125,181.91000366210938,179.4199981689453,181.83949279785156
2024-06-25 10:30:00-04:00,181.83999633789062,182.5500030517578,181.5301055908203,182.20680236816406
2024-06-25 11:30:00-04:00,182.2100067138672,182.82000732421875,182.10000610351562,182.72999572753906
2024-06-25 12:30:00-04:00,182.66000366210938,182.7899932861328,181.86669921875,182.07839965820312
2024-06-25 13:30:00-04:00,182.05999755859375,183.27000427246094,181.97000122070312,183.2449951171875
2024-06-25 14:30:00-04:00,183.24000549316406,183.4600067138672,182.7899932861328,183.4600067138672
2024-06-25 15:30:00-04:00,183.46499633789062,184.2899932861328,183.33999633789062,184.02999877929688
2024-06-26 09:30:00-04:00,182.5,184.50999450683594,182.47999572753906,183.80999755859375
2024-06-26 10:30:00-04:00,183.85000610351562,184.28500366210938,183.4199981689453,183.75999450683594
2024-06-26 11:30:00-04:00,183.75,184.22999572753906,183.44000244140625,184.05999755859375
2024-06-26 12:30:00-04:00,184.05999755859375,184.1699981689453,183.47999572753906,183.55499267578125
2024-06-26 13:30:00-04:00,183.5449981689453,184.27000427246094,183.3300018310547,184.1699981689453
2024-06-26 14:30:00-04:00,184.16000366210938,184.27499389648438,183.5850067138672,183.7050018310547
2024-06-26 15:30:00-04:00,183.69500732421875,184.1699981689453,183.69000244140625,183.8800048828125
2024-06-27 09:30:00-04:00,184.13250732421875,186.0500030517578,184.10000610351562,185.8000030517578
2024-06-27 10:30:00-04:00,185.77999877929688,185.86500549316406,185.1300048828125,185.2899932861328
2024-06-27 11:30:00-04:00,185.2899932861328,185.2899932861328,184.36000061035156,184.60499572753906
2024-06-27 12:30:00-04:00,184.61500549316406,185.24000549316406,184.61000061035156,185.22000122070312
2024-06-27 13:30:00-04:00,185.22000122070312,185.22000122070312,184.5,184.80999755859375
2024-06-27 14:30:00-04:00,184.80999755859375,185.30999755859375,184.5800018310547,185.26809692382812
2024-06-27 15:30:00-04:00,185.26499938964844,185.53500366210938,184.97000122070312,185.42999267578125
2024-06-28 09:30:00-04:00,184.3000030517578,185.1300048828125,182.82000732421875,184.7050018310547
2024-06-28 10:30:00-04:00,184.68499755859375,184.72999572753906,183.5399932861328,183.94500732421875
2024-06-28 11:30:00-04:00,183.9499969482422,184.30999755859375,183.61000061035156,183.8800048828125
2024-06-28 12:30:00-04:00,183.8800048828125,184.13999938964844,183.3000030517578,183.72000122070312
2024-06-28 13:30:00-04:00,183.7550048828125,184.27999877929688,183.625,183.7100067138672
2024-06-28 14:30:00-04:00,183.72000122070312,184.27000427246094,183.69000244140625,183.89999389648438
2024-06-28 15:30:00-04:00,183.91000366210938,183.9199981689453,181.9600067138672,182.0800018310547
2024-07-01 09:30:00-04:00,183.06500244140625,183.8800048828125,181.30999755859375,182.6750030517578
2024-07-01 10:30:00-04:00,182.6699981689453,182.6699981689453,181.8800048828125,182.1999969482422
2024-07-01 11:30:00-04:00,182.18499755859375,183.0,181.92999267578125,182.83810424804688
2024-07-01 12:30:00-04:00,182.83999633789062,183.29299926757812,182.19000244140625,182.27000427246094
2024-07-01 13:30:00-04:00,182.27000427246094,182.9499969482422,182.17999267578125,182.625
2024-07-01 14:30:00-04:00,182.6199951171875,182.77000427246094,182.22999572753906,182.4199981689453
2024-07-01 15:30:00-04:00,182.4199981689453,183.2281951904297,182.39999389648438,182.97000122070312
2024-07-02 09:30:00-04:00,182.00999450683594,182.8249969482422,181.56500244140625,182.7949981689453
2024-07-02 10:30:00-04:00,182.78500366210938,183.82000732421875,182.78500366210938,183.52499389648438
2024-07-02 11:30:00-04:00,183.52499389648438,184.0,183.16000366210938,183.7949981689453
2024-07-02 12:30:00-04:00,183.7899932861328,184.85000610351562,183.6929931640625,184.7550048828125
2024-07-02 13:30:00-04:00,184.75,185.1750030517578,184.57000732421875,185.125
2024-07-02 14:30:00-04:00,185.125,185.36000061035156,184.8000030517578,185.3300018310547
2024-07-02 15:30:00-04:00,185.30999755859375,185.55999755859375,184.9499969482422,185.27000427246094
2024-07-03 09:30:00-04:00,184.15310668945312,185.77000427246094,184.0,184.27999877929688
2024-07-03 10:30:00-04:00,184.3000030517578,185.69000244140625,184.24000549316406,185.6125030517578
2024-07-03 11:30:00-04:00,185.58999633789062,186.02000427246094,185.4499969482422,185.97999572753906
2024-07-05 09:30:00-04:00,185.85499572753906,189.89999389648438,185.8000030517578,189.8300018310547
2024-07-05 10:30:00-04:00,189.84249877929688,190.13999938964844,189.22000122070312,190.02499389648438
2024-07-05 11:30:00-04:00,190.02999877929688,190.44000244140625,189.88999938964844,190.3800048828125
2024-07-05 12:30:00-04:00,190.38999938964844,190.57000732421875,190.0,190.47999572753906
2024-07-05 13:30:00-04:00,190.47500610351562,190.75,190.0449981689453,190.6649932861328
2024-07-05 14:30:00-04:00,190.6649932861328,190.75,190.3800048828125,190.6300048828125
2024-07-05 15:30:00-04:00,190.6199951171875,190.85000610351562,190.4499969482422,190.58999633789062
2024-07-08 09:30:00-04:00,189.9199981689453,190.00999450683594,187.78500366210938,188.8800048828125
2024-07-08 10:30:00-04:00,188.8699951171875,189.72000122070312,188.2899932861328,189.55999755859375
2024-07-08 11:30:00-04:00,189.57000732421875,190.1699981689453,188.99000549316406,189.22999572753906
2024-07-08 12:30:00-04:00,189.24000549316406,189.63999938964844,189.08999633789062,189.59500122070312
2024-07-08 13:30:00-04:00,189.60000610351562,189.64999389648438,189.0850067138672,189.38499450683594
2024-07-08 14:30:00-04:00,189.38499450683594,189.41250610351562,188.99000549316406,189.03500366210938
2024-07-08 15:30:00-04:00,189.02999877929688,189.22999572753906,188.58999633789062,189.02000427246094
2024-07-09 09:30:00-04:00,190.22999572753906,191.36000061035156,189.8699951171875,190.38999938964844
2024-07-09 10:30:00-04:00,190.39999389648438,190.61000061035156,189.59500122070312,189.88999938964844
2024-07-09 11:30:00-04:00,189.889892578125,190.07000732421875,189.25999450683594,189.26499938964844
2024-07-09 12:30:00-04:00,189.25999450683594,189.38999938964844,188.8000030517578,188.91610717773438
2024-07-09 13:30:00-04:00,188.91000366210938,189.77499389648438,188.88999938964844,189.44500732421875
2024-07-09 14:30:00-04:00,189.4600067138672,189.6999969482422,188.83999633789062,188.9499969482422
2024-07-09 15:30:00-04:00,188.94000244140625,189.0800018310547,188.72000122070312,189.00999450683594
2024-07-10 09:30:00-04:00,189.1699981689453,190.8800048828125,189.02999877929688,190.0399932861328
2024-07-10 10:30:00-04:00,190.07000732421875,190.16000366210938,189.35000610351562,190.02999877929688
2024-07-10 11:30:00-04:00,190.02999877929688,190.42999267578125,189.82000732421875,190.22999572753906
2024-07-10 12:30:00-04:00,190.24000549316406,191.39999389648438,190.19000244140625,191.0399932861328
2024-07-10 13:30:00-04:00,191.05999755859375,191.4290008544922,191.03500366210938,191.1300048828125
2024-07-10 14:30:00-04:00,191.13999938964844,191.75,190.6999969482422,190.7899932861328
2024-07-10 15:30:00-04:00,190.8000030517578,191.39999389648438,190.53500366210938,191.17999267578125
2024-07-11 09:30:00-04:00,189.84500122070312,190.86000061035156,187.61000061035156,188.1199951171875
2024-07-11 10:30:00-04:00,188.1199951171875,188.3800048828125,186.13999938964844,186.21499633789062
2024-07-11 11:30:00-04:00,186.2100067138672,186.3300018310547,185.0800018310547,186.05999755859375
2024-07-11 12:30:00-04:00,186.07000732421875,186.41900634765625,185.47999572753906,185.88999938964844
2024-07-11 13:30:00-04:00,185.88499450683594,185.89990234375,185.19500732421875,185.66000366210938
2024-07-11 14:30:00-04:00,185.64999389648438,186.74000549316406,185.6199951171875,186.19000244140625
2024-07-11 15:30:00-04:00,186.19500732421875,186.24000549316406,185.27000427246094,185.5500030517578
2024-07-12 09:30:00-04:00,185.0800018310547,186.57000732421875,184.85000610351562,185.10000610351562
2024-07-12 10:30:00-04:00,185.09970092773438,186.5,185.02499389648438,185.69000244140625
2024-07-12 11:30:00-04:00,185.69000244140625,185.7100067138672,185.02499389648438,185.38999938964844
2024-07-12 12:30:00-04:00,185.41000366210938,186.0800018310547,185.27000427246094,186.03500366210938
2024-07-12 13:30:00-04:00,186.02999877929688,187.11000061035156,185.92999267578125,186.08999633789062
2024-07-12 14:30:00-04:00,186.0850067138672,186.42999267578125,185.8800048828125,186.0399932861328
2024-07-12 15:30:00-04:00,186.0399932861328,186.08999633789062,184.49000549316406,185.0500030517578
2024-07-15 09:30:00-04:00,185.4949951171875,187.5800018310547,185.24000549316406,187.49000549316406
2024-07-15 10:30:00-04:00,187.5,188.24000549316406,187.3300018310547,187.3699951171875
2024-07-15 11:30:00-04:00,187.3800048828125,187.69000244140625,186.46200561523438,186.69000244140625
2024-07-15 12:30:00-04:00,186.6699981689453,187.07000732421875,186.24000549316406,186.64999389648438
2024-07-15 13:30:00-04:00,186.63999938964844,186.6999969482422,185.9600067138672,186.48500061035156
2024-07-15 14:30:00-04:00,186.47999572753906,186.92999267578125,186.25,186.57000732421875
2024-07-15 15:30:00-04:00,186.58999633789062,186.89500427246094,186.0413055419922,186.61000061035156
2024-07-16 09:30:00-04:00,187.39500427246094,188.67999267578125,185.4199981689453,186.44000244140625
2024-07-16 10:30:00-04:00,186.44000244140625,186.99000549316406,185.91000366210938,186.4600067138672
2024-07-16 11:30:00-04:00,186.47000122070312,186.52999877929688,184.3300018310547,184.49000549316406
2024-07-16 12:30:00-04:00,184.47659301757812,184.5500030517578,183.82000732421875,184.07000732421875
2024-07-16 13:30:00-04:00,184.08999633789062,184.1699981689453,183.37359619140625,183.9199981689453
2024-07-16 14:30:00-04:00,183.91000366210938,184.3892059326172,183.6999969482422,183.94000244140625
2024-07-16 15:30:00-04:00,183.9199981689453,184.19000244140625,183.7100067138672,183.91000366210938
2024-07-17 09:30:00-04:00,182.8699951171875,183.5500030517578,180.4199981689453,180.9499969482422
2024-07-17 10:30:00-04:00,180.9550018310547,181.2100067138672,179.89999389648438,180.5749969482422
2024-07-17 11:30:00-04:00,180.58999633789062,180.9199981689453,180.2899932861328,180.77999877929688
2024-07-17 12:30:00-04:00,180.77000427246094,181.3699951171875,180.51499938964844,180.86000061035156
2024-07-17 13:30:00-04:00,180.83999633789062,181.77999877929688,180.75999450683594,181.74000549316406
2024-07-17 14:30:00-04:00,181.74989318847656,181.82000732421875,181.00999450683594,181.1300048828125
2024-07-17 15:30:00-04:00,181.1199951171875,181.24000549316406,180.57000732421875,181.0
2024-07-18 09:30:00-04:00,181.92999267578125,182.49000549316406,179.1699981689453,179.8000030517578
2024-07-18 10:30:00-04:00,179.77999877929688,179.80499267578125,177.57000732421875,177.57000732421875
2024-07-18 11:30:00-04:00,177.57000732421875,177.75750732421875,176.47500610351562,176.96499633789062
2024-07-18 12:30:00-04:00,176.92999267578125,177.84500122070312,176.6999969482422,177.38999938964844
2024-07-18 13:30:00-04:00,177.39999389648438,178.32000732421875,177.24000549316406,177.30499267578125
2024-07-18 14:30:00-04:00,177.2899932861328,177.52000427246094,176.58999633789062,176.86000061035156
2024-07-18 15:30:00-04:00,176.82000732421875,178.1199951171875,176.47000122070312,177.67999267578125
2024-07-19 09:30:00-04:00,178.78799438476562,180.2899932861328,178.47000122070312,178.65499877929688
2024-07-19 10:30:00-04:00,178.64999389648438,179.5850067138672,178.3300018310547,178.52999877929688
2024-07-19 11:30:00-04:00,178.5399932861328,179.0850067138672,177.8000030517578,178.49630737304688
2024-07-19 12:30:00-04:00,178.49000549316406,178.5500030517578,177.5,177.9199981689453
2024-07-19 13:30:00-04:00,177.89999389648438,178.44000244140625,177.5,177.9499969482422
2024-07-19 14:30:00-04:00,177.9600067138672,178.25999450683594,177.57000732421875,177.88999938964844
2024-07-19 15:30:00-04:00,177.88999938964844,177.88999938964844,177.14999389648438,177.6999969482422
2024-07-22 09:30:00-04:00,180.6300048828125,182.2949981689453,180.22999572753906,181.42999267578125
2024-07-22 10:30:00-04:00,181.4499969482422,182.0800018310547,180.3800048828125,180.72500610351562
2024-07-22 11:30:00-04:00,180.75,181.8000030517578,180.39999389648438,181.41000366210938
2024-07-22 12:30:00-04:00,181.41000366210938,182.61000061035156,181.41000366210938,182.35000610351562
2024-07-22 13:30:00-04:00,182.36000061035156,182.6199951171875,181.96499633789062,182.39999389648438
2024-07-22 14:30:00-04:00,182.39999389648438,182.4499969482422,181.96499633789062,182.27499389648438
2024-07-22 15:30:00-04:00,182.27999877929688,182.6999969482422,181.60000610351562,181.63999938964844
2024-07-23 09:30:00-04:00,182.0500030517578,183.33999633789062,181.89999389648438,182.97000122070312
2024-07-23 10:30:00-04:00,182.97999572753906,183.05999755859375,181.88999938964844,183.0050048828125
2024-07-23 11:30:00-04:00,183.0,183.0500030517578,182.08999633789062,182.5399932861328
2024-07-23 12:30:00-04:00,182.5399932861328,182.9600067138672,182.2803955078125,182.77999877929688
2024-07-23 13:30:00-04:00,182.77999877929688,183.61000061035156,182.5399932861328,182.91000366210938
2024-07-23 14:30:00-04:00,182.94000244140625,183.17999267578125,182.61000061035156,182.9499969482422
2024-07-23 15:30:00-04:00,182.94000244140625,183.27999877929688,181.5399932861328,181.80999755859375
2024-07-24 09:30:00-04:00,173.36500549316406,176.19000244140625,171.82000732421875,175.05999755859375
2024-07-24 10:30:00-04:00,175.02000427246094,175.5,173.3699951171875,173.85000610351562
2024-07-24 11:30:00-04:00,173.85800170898438,174.27999877929688,172.22999572753906,172.44000244140625
2024-07-24 12:30:00-04:00,172.4499969482422,173.74000549316406,172.41000366210938,173.20989990234375
2024-07-24 13:30:00-04:00,173.19000244140625,173.83999633789062,172.3000030517578,172.6479949951172
2024-07-24 14:30:00-04:00,172.63999938964844,172.8800048828125,172.02999877929688,172.47999572753906
2024-07-24 15:30:00-04:00,172.49000549316406,173.3000030517578,172.22999572753906,172.55999755859375
2024-07-25 09:30:00-04:00,172.5,173.4199981689453,167.6699981689453,169.75
2024-07-25 10:30:00-04:00,169.72999572753906,172.66000366210938,169.6699981689453,172.0
2024-07-25 11:30:00-04:00,172.00999450683594,173.1199951171875,171.16000366210938,172.8300018310547
2024-07-25 12:30:00-04:00,172.81500244140625,173.35800170898438,172.16000366210938,172.27000427246094
2024-07-25 13:30:00-04:00,172.25999450683594,172.74000549316406,168.13499450683594,168.6199951171875
2024-07-25 14:30:00-04:00,168.65499877929688,170.2050018310547,168.6199951171875,170.04010009765625
2024-07-25 15:30:00-04:00,170.07000732421875,170.0800018310547,167.19000244140625,167.22000122070312
2024-07-26 09:30:00-04:00,167.04200744628906,167.07000732421875,164.05999755859375,165.89999389648438
2024-07-26 10:30:00-04:00,165.89999389648438,167.02000427246094,165.47059631347656,166.1649932861328
2024-07-26 11:30:00-04:00,166.1699981689453,167.08999633789062,165.8300018310547,166.80499267578125
2024-07-26 12:30:00-04:00,166.82000732421875,168.08999633789062,166.82000732421875,167.6649932861328
2024-07-26 13:30:00-04:00,167.64999389648438,167.7100067138672,166.39999389648438,166.77000427246094
2024-07-26 14:30:00-04:00,166.77999877929688,167.125,166.36000061035156,166.8699951171875
2024-07-26 15:30:00-04:00,166.875,167.32000732421875,166.0,166.99000549316406
2024-07-29 09:30:00-04:00,168.7449951171875,170.14990234375,168.24000549316406,169.08770751953125
2024-07-29 10:30:00-04:00,169.0800018310547,169.42999267578125,168.16380310058594,168.58999633789062
2024-07-29 11:30:00-04:00,168.60499572753906,170.05999755859375,167.99000549316406,169.72000122070312
2024-07-29 12:30:00-04:00,169.72000122070312,170.42999267578125,169.60000610351562,169.6199951171875
2024-07-29 13:30:00-04:00,169.63999938964844,170.25999450683594,169.3699951171875,169.41000366210938
2024-07-29 14:30:00-04:00,169.3699951171875,169.77999877929688,168.89500427246094,169.64999389648438
2024-07-29 15:30:00-04:00,169.66000366210938,170.0749969482422,169.2899932861328,169.50999450683594
2024-07-30 09:30:00-04:00,170.24000549316406,171.2299041748047,169.38999938964844,170.17999267578125
2024-07-30 10:30:00-04:00,170.19000244140625,170.3300018310547,169.0800018310547,169.55050659179688
2024-07-30 11:30:00-04:00,169.5500030517578,169.77000427246094,169.02999877929688,169.3000030517578
2024-07-30 12:30:00-04:00,169.2899932861328,169.5,168.44000244140625,169.5
2024-07-30 13:30:00-04:00,169.5,170.32000732421875,169.27000427246094,170.0850067138672
2024-07-30 14:30:00-04:00,170.08619689941406,170.42999267578125,169.7801055908203,170.28480529785156
2024-07-30 15:30:00-04:00,170.27000427246094,170.74000549316406,169.8000030517578,170.25999450683594
2024-07-31 09:30:00-04:00,173.24000549316406,174.2449951171875,171.25999450683594,171.9949951171875
2024-07-31 10:30:00-04:00,172.02999877929688,172.5540008544922,171.32009887695312,171.5850067138672
2024-07-31 11:30:00-04:00,171.58999633789062,171.86000061035156,170.3300018310547,170.5290069580078
2024-07-31 12:30:00-04:00,170.52999877929688,171.00999450683594,170.30999755859375,170.49000549316406
2024-07-31 13:30:00-04:00,170.49000549316406,171.24000549316406,170.00999450683594,171.13999938964844
2024-07-31 14:30:00-04:00,171.16000366210938,171.80999755859375,170.50999450683594,170.66000366210938
2024-07-31 15:30:00-04:00,170.69500732421875,171.90499877929688,170.50900268554688,171.52000427246094
2024-08-01 09:30:00-04:00,170.33900451660156,174.0500030517578,170.2899932861328,172.89999389648438
2024-08-01 10:30:00-04:00,172.89999389648438,173.17999267578125,171.11500549316406,171.2100067138672
2024-08-01 11:30:00-04:00,171.2100067138672,171.36000061035156,170.16990661621094,170.46499633789062
2024-08-01 12:30:00-04:00,170.46499633789062,170.5800018310547,169.63819885253906,169.88999938964844
2024-08-01 13:30:00-04:00,169.91000366210938,170.14999389648438,168.9600067138672,169.08999633789062
2024-08-01 14:30:00-04:00,169.08590698242188,169.8300018310547,168.8800048828125,169.7050018310547
2024-08-01 15:30:00-04:00,169.6999969482422,170.7899932861328,169.5,170.77000427246094
2024-08-02 09:30:00-04:00,166.55999755859375,168.50999450683594,164.6699981689453,165.11500549316406
2024-08-02 10:30:00-04:00,165.09500122070312,166.58999633789062,164.81959533691406,166.3249969482422
2024-08-02 11:30:00-04:00,166.30999755859375,167.07000732421875,165.5449981689453,165.5449981689453
2024-08-02 12:30:00-04:00,165.5399932861328,165.86000061035156,164.97000122070312,165.375
2024-08-02 13:30:00-04:00,165.36000061035156,165.57000732421875,164.86000061035156,165.44500732421875
2024-08-02 14:30:00-04:00,165.4499969482422,166.4600067138672,165.2899932861328,166.38999938964844
2024-08-02 15:30:00-04:00,166.3800048828125,166.77000427246094,165.5,166.67999267578125
2024-08-05 09:30:00-04:00,155.5,162.38999938964844,154.92999267578125,160.91000366210938
2024-08-05 10:30:00-04:00,160.9199981689453,164.42999267578125,160.6999969482422,163.25
2024-08-05 11:30:00-04:00,163.25,163.77999877929688,162.21499633789062,163.6199951171875
2024-08-05 12:30:00-04:00,163.5800018310547,163.6300048828125,162.2368927001953,162.97000122070312
2024-08-05 13:30:00-04:00,162.9600067138672,163.35000610351562,161.8000030517578,162.3800048828125
2024-08-05 14:30:00-04:00,162.36000061035156,162.6199951171875,157.50999450683594,159.60000610351562
2024-08-05 15:30:00-04:00,159.60000610351562,159.80999755859375,158.52000427246094,159.1999969482422
2024-08-06 09:30:00-04:00,159.2209930419922,159.39999389648438,156.41000366210938,157.66000366210938
2024-08-06 10:30:00-04:00,157.6699981689453,159.5749969482422,157.0,158.61000061035156
2024-08-06 11:30:00-04:00,158.6300048828125,159.75,158.52000427246094,159.17999267578125
2024-08-06 12:30:00-04:00,159.19000244140625,160.11000061035156,158.99000549316406,159.4600067138672
2024-08-06 13:30:00-04:00,159.4600067138672,159.94000244140625,158.83999633789062,159.86000061035156
2024-08-06 14:30:00-04:00,159.8699951171875,160.57000732421875,158.6699981689453,158.7899932861328
2024-08-06 15:30:00-04:00,158.7899932861328,159.22000122070312,158.09500122070312,158.32000732421875
2024-08-07 09:30:00-04:00,161.33099365234375,162.42999267578125,160.4600067138672,162.06500244140625
2024-08-07 10:30:00-04:00,162.08999633789062,162.97999572753906,161.0,161.19000244140625
2024-08-07 11:30:00-04:00,161.18499755859375,161.25999450683594,160.0800018310547,160.97500610351562
2024-08-07 12:30:00-04:00,160.9499969482422,161.19000244140625,158.83999633789062,159.29469299316406
2024-08-07 13:30:00-04:00,159.2899932861328,159.97500610351562,158.47999572753906,159.0399932861328
2024-08-07 14:30:00-04:00,159.02000427246094,160.07960510253906,158.57000732421875,159.60000610351562
2024-08-07 15:30:00-04:00,159.57000732421875,160.0500030517578,158.55999755859375,158.92999267578125
2024-08-08 09:30:00-04:00,160.50999450683594,162.86000061035156,160.2100067138672,162.82000732421875
2024-08-08 10:30:00-04:00,162.81500244140625,163.0695037841797,162.11000061035156,162.7100067138672
2024-08-08 11:30:00-04:00,162.7100067138672,163.69000244140625,162.39999389648438,163.32000732421875
2024-08-08 12:30:00-04:00,163.32009887695312,163.4499969482422,162.75999450683594,163.41000366210938
2024-08-08 13:30:00-04:00,163.44000244140625,163.52999877929688,162.9499969482422,163.00999450683594
2024-08-08 14:30:00-04:00,163.0198974609375,163.51499938964844,162.27999877929688,162.35000610351562
2024-08-08 15:30:00-04:00,162.33999633789062,162.81930541992188,161.6699981689453,162.0500030517578
2024-08-09 09:30:00-04:00,160.00999450683594,161.0500030517578,159.05999755859375,160.26300048828125
2024-08-09 10:30:00-04:00,160.2899932861328,160.52999877929688,159.0800018310547,159.80999755859375
2024-08-09 11:30:00-04:00,159.81500244140625,160.2899932861328,159.3300018310547,159.625
2024-08-09 12:30:00-04:00,159.61000061035156,161.25,159.4199981689453,161.25
2024-08-09 13:30:00-04:00,161.25999450683594,161.72999572753906,161.00999450683594,161.61000061035156
2024-08-09 14:30:00-04:00,161.58999633789062,162.5399932861328,161.35000610351562,162.47999572753906
2024-08-09 15:30:00-04:00,162.49000549316406,163.7899932861328,162.47999572753906,163.63999938964844
2024-08-12 09:30:00-04:00,164.57000732421875,164.89999389648438,163.10000610351562,163.57000732421875
2024-08-12 10:30:00-04:00,163.60000610351562,163.9600067138672,162.11000061035156,162.36000061035156
2024-08-12 11:30:00-04:00,162.36000061035156,163.60000610351562,162.1699981689453,163.30999755859375
2024-08-12 12:30:00-04:00,163.3000030517578,163.60000610351562,162.4250030517578,162.85000610351562
2024-08-12 13:30:00-04:00,162.8800048828125,162.99000549316406,162.3300018310547,162.639892578125
2024-08-12 14:30:00-04:00,162.625,162.86500549316406,162.3800048828125,162.39999389648438
2024-08-12 15:30:00-04:00,162.40899658203125,162.4897003173828,161.83999633789062,162.2899932861328
2024-08-13 09:30:00-04:00,163.50999450683594,164.72999572753906,162.97000122070312,163.5749969482422
2024-08-13 10:30:00-04:00,163.5749969482422,163.92999267578125,163.08999633789062,163.91000366210938
2024-08-13 11:30:00-04:00,163.88999938964844,164.0500030517578,163.47000122070312,163.67999267578125
2024-08-13 12:30:00-04:00,163.69000244140625,164.60000610351562,163.60499572753906,164.1851043701172
2024-08-13 13:30:00-04:00,164.17999267578125,164.30999755859375,163.55999755859375,163.75999450683594
2024-08-13 14:30:00-04:00,163.75999450683594,164.35000610351562,163.7449951171875,163.97500610351562
2024-08-13 15:30:00-04:00,163.97000122070312,164.36000061035156,163.86000061035156,164.16000366210938
2024-08-14 09:30:00-04:00,162.39999389648438,163.21499633789062,157.7100067138672,158.8300018310547
2024-08-14 10:30:00-04:00,158.8300018310547,158.9600067138672,158.0,158.4600067138672
2024-08-14 11:30:00-04:00,158.45970153808594,160.1300048828125,158.45799255371094,159.4499969482422
2024-08-14 12:30:00-04:00,159.4600067138672,159.5,158.99000549316406,159.2899932861328
2024-08-14 13:30:00-04:00,159.27000427246094,159.38999938964844,158.72000122070312,159.09500122070312
2024-08-14 14:30:00-04:00,159.0800018310547,159.10499572753906,158.47999572753906,158.8249969482422
2024-08-14 15:30:00-04:00,158.8300018310547,160.60000610351562,158.67999267578125,160.32000732421875
2024-08-15 09:30:00-04:00,160.73500061035156,161.32000732421875,159.6199951171875,160.2449951171875
2024-08-15 10:30:00-04:00,160.25,160.33999633789062,159.67999267578125,160.17999267578125
2024-08-15 11:30:00-04:00,160.18499755859375,161.5998992919922,160.18499755859375,161.2899932861328
2024-08-15 12:30:00-04:00,161.27999877929688,161.32000732421875,160.8300018310547,161.19000244140625
2024-08-15 13:30:00-04:00,161.19000244140625,161.63499450683594,161.18499755859375,161.52000427246094
2024-08-15 14:30:00-04:00,161.52000427246094,161.5850067138672,160.92999267578125,161.37429809570312
2024-08-15 15:30:00-04:00,161.375,161.42999267578125,160.80999755859375,161.2899932861328
2024-08-16 09:30:00-04:00,161.4199981689453,164.67999267578125,161.1300048828125,164.64999389648438
2024-08-16 10:30:00-04:00,164.64500427246094,165.05999755859375,163.4199981689453,163.5
2024-08-16 11:30:00-04:00,163.48500061035156,164.22000122070312,163.3300018310547,163.9550018310547
2024-08-16 12:30:00-04:00,163.9600067138672,164.0,163.44000244140625,163.6999969482422
2024-08-16 13:30:00-04:00,163.6999969482422,163.82000732421875,163.27999877929688,163.4600067138672
2024-08-16 14:30:00-04:00,163.47000122070312,163.77000427246094,163.29200744628906,163.32989501953125
2024-08-16 15:30:00-04:00,163.32000732421875,163.41000366210938,162.7899932861328,162.97500610351562
2024-08-19 09:30:00-04:00,165.2100067138672,165.86000061035156,164.42999267578125,164.7100067138672
2024-08-19 10:30:00-04:00,164.6999969482422,165.55999755859375,164.25999450683594,165.36990356445312
2024-08-19 11:30:00-04:00,165.36000061035156,165.56500244140625,164.7899932861328,165.55499267578125
2024-08-19 12:30:00-04:00,165.55499267578125,165.86000061035156,165.36000061035156,165.6300048828125
2024-08-19 13:30:00-04:00,165.63999938964844,165.8000030517578,165.47000122070312,165.66000366210938
2024-08-19 14:30:00-04:00,165.64999389648438,165.99000549316406,165.57000732421875,165.80569458007812
2024-08-19 15:30:00-04:00,165.80160522460938,166.69000244140625,165.67999267578125,166.66000366210938
2024-08-20 09:30:00-04:00,166.89999389648438,168.63999938964844,166.82000732421875,167.69000244140625
2024-08-20 10:30:00-04:00,167.68600463867188,167.6999053955078,167.02000427246094,167.0500030517578
2024-08-20 11:30:00-04:00,167.0500030517578,167.97999572753906,167.02000427246094,167.91000366210938
2024-08-20 12:30:00-04:00,167.90499877929688,168.00999450683594,167.4199981689453,167.86000061035156
2024-08-20 13:30:00-04:00,167.8300018310547,168.42999267578125,167.60000610351562,168.1999969482422
2024-08-20 14:30:00-04:00,168.1999969482422,168.2550048828125,167.63499450683594,167.64500427246094
2024-08-20 15:30:00-04:00,167.64500427246094,167.77000427246094,167.0749969482422,167.1999969482422
2024-08-21 09:30:00-04:00,165.1999969482422,166.72500610351562,164.6699981689453,166.43499755859375
2024-08-21 10:30:00-04:00,166.42999267578125,166.85000610351562,165.35499572753906,165.83999633789062
2024-08-21 11:30:00-04:00,165.84500122070312,165.86000061035156,165.05999755859375,165.5800018310547
2024-08-21 12:30:00-04:00,165.5800018310547,165.82000732421875,165.3300018310547,165.35000610351562
2024-08-21 13:30:00-04:00,165.33999633789062,166.36000061035156,165.30999755859375,166.13999938964844
2024-08-21 14:30:00-04:00,166.14999389648438,166.24000549316406,165.3300018310547,165.4788055419922
2024-08-21 15:30:00-04:00,165.47000122070312,165.89999389648438,165.3800048828125,165.85000610351562
2024-08-22 09:30:00-04:00,167.25999450683594,167.58999633789062,166.0,166.29690551757812
2024-08-22 10:30:00-04:00,166.29989624023438,166.29989624023438,165.57000732421875,165.64309692382812
2024-08-22 11:30:00-04:00,165.6300048828125,165.94000244140625,164.72000122070312,165.9199981689453
2024-08-22 12:30:00-04:00,165.91000366210938,166.00999450683594,164.73500061035156,164.81149291992188
2024-08-22 13:30:00-04:00,164.80999755859375,164.88999938964844,163.98500061035156,164.6699981689453
2024-08-22 14:30:00-04:00,164.64999389648438,164.83999633789062,163.9604034423828,164.25
2024-08-22 15:30:00-04:00,164.25999450683594,164.60000610351562,163.32000732421875,163.77999877929688
2024-08-23 09:30:00-04:00,164.5,166.17999267578125,164.2899932861328,165.89999389648438
2024-08-23 10:30:00-04:00,165.9199981689453,166.0500030517578,164.14999389648438,165.0850067138672
2024-08-23 11:30:00-04:00,165.13999938964844,165.60000610351562,164.14999389648438,164.47000122070312
2024-08-23 12:30:00-04:00,164.4600067138672,165.05999755859375,163.8300018310547,164.98500061035156
2024-08-23 13:30:00-04:00,164.99000549316406,165.2799072265625,164.69000244140625,164.88999938964844
2024-08-23 14:30:00-04:00,164.88999938964844,165.85000610351562,164.82000732421875,165.80999755859375
2024-08-23 15:30:00-04:00,165.80999755859375,165.83999633789062,165.1999969482422,165.6300048828125
2024-08-26 09:30:00-04:00,166.72999572753906,167.5500030517578,165.18499755859375,165.2100067138672
2024-08-26 10:30:00-04:00,165.22500610351562,165.75,164.4550018310547,165.5500030517578
2024-08-26 11:30:00-04:00,165.5399932861328,165.97999572753906,165.36000061035156,165.8699951171875
2024-08-26 12:30:00-04:00,165.86880493164062,166.3000030517578,165.86880493164062,166.07000732421875
2024-08-26 13:30:00-04:00,166.05999755859375,166.25999450683594,165.63999938964844,166.13949584960938
2024-08-26 14:30:00-04:00,166.1199951171875,166.4700927734375,166.0500030517578,166.1699981689453
2024-08-26 15:30:00-04:00,166.16000366210938,166.24000549316406,165.82000732421875,166.2100067138672
2024-08-27 09:30:00-04:00,165.75999450683594,166.32000732421875,164.86000061035156,166.22000122070312
2024-08-27 10:30:00-04:00,166.2100067138672,166.44259643554688,165.77999877929688,166.02000427246094
2024-08-27 11:30:00-04:00,166.00999450683594,166.35499572753906,165.6199951171875,166.17999267578125
2024-08-27 12:30:00-04:00,166.22999572753906,166.3000030517578,165.86000061035156,166.05149841308594
2024-08-27 13:30:00-04:00,166.0800018310547,166.13999938964844,165.58999633789062,165.71499633789062
2024-08-27 14:30:00-04:00,165.7100067138672,165.75,165.16000366210938,165.24000549316406
2024-08-27 15:30:00-04:00,165.24159240722656,165.2449951171875,164.4600067138672,164.66000366210938
2024-08-28 09:30:00-04:00,165.0,165.59500122070312,162.5800018310547,162.9250030517578
2024-08-28 10:30:00-04:00,162.92999267578125,163.22500610351562,161.5283966064453,161.97000122070312
2024-08-28 11:30:00-04:00,161.96499633789062,162.7469024658203,161.88999938964844,162.38999938964844
2024-08-28 12:30:00-04:00,162.38999938964844,162.90499877929688,162.27999877929688,162.67999267578125
2024-08-28 13:30:00-04:00,162.6649932861328,162.84010314941406,161.80999755859375,162.19000244140625
2024-08-28 14:30:00-04:00,162.19500732421875,163.13999938964844,162.16000366210938,162.97000122070312
2024-08-28 15:30:00-04:00,162.9550018310547,163.36000061035156,162.80999755859375,162.8300018310547
2024-08-29 09:30:00-04:00,164.3300018310547,165.9600067138672,163.9470977783203,164.8896026611328
2024-08-29 10:30:00-04:00,164.92840576171875,165.58999633789062,164.9199981689453,165.08999633789062
2024-08-29 11:30:00-04:00,165.10000610351562,165.33999633789062,164.39999389648438,164.9499969482422
2024-08-29 12:30:00-04:00,164.9499969482422,165.02000427246094,164.22999572753906,164.27999877929688
2024-08-29 13:30:00-04:00,164.27000427246094,164.3000030517578,161.906005859375,161.9600067138672
2024-08-29 14:30:00-04:00,161.9499969482422,161.9600067138672,160.25,161.27999877929688
2024-08-29 15:30:00-04:00,161.2899932861328,161.99000549316406,161.11000061035156,161.80999755859375
2024-08-30 09:30:00-04:00,163.0,163.2100067138672,162.16000366210938,162.61500549316406
2024-08-30 10:30:00-04:00,162.60000610351562,162.9600067138672,161.75999450683594,162.14500427246094
2024-08-30 11:30:00-04:00,162.1300048828125,162.50999450683594,161.6925048828125,162.10000610351562
2024-08-30 12:30:00-04:00,162.11000061035156,162.6334991455078,161.77999877929688,162.47999572753906
2024-08-30 13:30:00-04:00,162.4949951171875,162.60000610351562,162.19020080566406,162.42999267578125
2024-08-30 14:30:00-04:00,162.42999267578125,162.8699951171875,162.30999755859375,162.84500122070312
2024-08-30 15:30:00-04:00,162.84500122070312,163.61000061035156,162.38999938964844,163.30999755859375
2024-09-03 09:30:00-04:00,161.72000122070312,161.85000610351562,159.77999877929688,160.27169799804688
2024-09-03 10:30:00-04:00,160.24000549316406,160.2449951171875,158.75999450683594,159.11000061035156
2024-09-03 11:30:00-04:00,159.1300048828125,159.39999389648438,158.7263946533203,158.79010009765625
2024-09-03 12:30:00-04:00,158.7949981689453,159.2100067138672,158.67999267578125,159.05999755859375
2024-09-03 13:30:00-04:00,159.0500030517578,159.13499450683594,157.5050048828125,157.5050048828125
2024-09-03 14:30:00-04:00,157.5050048828125,157.8699951171875,157.1699981689453,157.17999267578125
2024-09-03 15:30:00-04:00,157.19000244140625,157.38999938964844,156.47999572753906,157.3800048828125
2024-09-04 09:30:00-04:00,156.6300048828125,159.0,156.4499969482422,157.85499572753906
2024-09-04 10:30:00-04:00,157.8800048828125,158.39999389648438,157.0850067138672,157.1199951171875
2024-09-04 11:30:00-04:00,157.1199951171875,157.30870056152344,156.7899932861328,157.13999938964844
2024-09-04 12:30:00-04:00,157.14999389648438,157.56500244140625,156.74159240722656,156.77999877929688
2024-09-04 13:30:00-04:00,156.78500366210938,156.9499969482422,155.9615936279297,156.5399932861328
2024-09-04 14:30:00-04:00,156.5399932861328,156.8000030517578,156.17999267578125,156.77499389648438
2024-09-04 15:30:00-04:00,156.77000427246094,156.9499969482422,156.3000030517578,156.41000366210938
2024-09-05 09:30:00-04:00,156.4499969482422,159.4499969482422,156.25999450683594,158.67999267578125
2024-09-05 10:30:00-04:00,158.67999267578125,159.27000427246094,157.0749969482422,157.16299438476562
2024-09-05 11:30:00-04:00,157.14999389648438,157.6199951171875,156.5500030517578,156.8249969482422
2024-09-05 12:30:00-04:00,156.8300018310547,157.07000732421875,156.50999450683594,156.54010009765625
2024-09-05 13:30:00-04:00,156.52999877929688,157.75999450683594,156.52000427246094,157.19000244140625
2024-09-05 14:30:00-04:00,157.17999267578125,157.72000122070312,156.69000244140625,157.0
2024-09-05 15:30:00-04:00,156.9949951171875,157.3000030517578,156.55999755859375,157.27999877929688
2024-09-06 09:30:00-04:00,157.25,157.8300018310547,153.77999877929688,153.77999877929688
2024-09-06 10:30:00-04:00,153.77000427246094,154.0,152.39500427246094,152.44970703125
2024-09-06 11:30:00-04:00,152.47000122070312,152.77999877929688,151.3300018310547,151.42999267578125
2024-09-06 12:30:00-04:00,151.44000244140625,152.00999450683594,151.33999633789062,151.74000549316406
2024-09-06 13:30:00-04:00,151.72999572753906,151.80999755859375,151.27020263671875,151.63999938964844
2024-09-06 14:30:00-04:00,151.63999938964844,152.02879333496094,151.44000244140625,151.67999267578125
2024-09-06 15:30:00-04:00,151.68499755859375,151.68499755859375,150.57000732421875,150.86000061035156
2024-09-09 09:30:00-04:00,152.47999572753906,153.39999389648438,150.3800048828125,150.4600067138672
2024-09-09 10:30:00-04:00,150.14500427246094,150.22999572753906,148.00999450683594,148.3000030517578
2024-09-09 11:30:00-04:00,148.30999755859375,149.42999267578125,148.1199951171875,149.31900024414062
2024-09-09 12:30:00-04:00,149.32000732421875,149.91000366210938,149.3000030517578,149.51809692382812
2024-09-09 13:30:00-04:00,149.51499938964844,149.57000732421875,148.47500610351562,148.6300048828125
2024-09-09 14:30:00-04:00,148.64999389648438,148.83999633789062,147.60000610351562,147.6699981689453
2024-09-09 15:30:00-04:00,147.67999267578125,148.8000030517578,147.21499633789062,148.72999572753906
2024-09-10 09:30:00-04:00,151.02000427246094,151.14999389648438,149.22999572753906,149.99000549316406
2024-09-10 10:30:00-04:00,150.00999450683594,150.00999450683594,148.82000732421875,149.6999969482422
2024-09-10 11:30:00-04:00,149.7100067138672,149.83999633789062,148.34500122070312,148.84500122070312
2024-09-10 12:30:00-04:00,148.83999633789062,149.6999969482422,148.7899932861328,149.34249877929688
2024-09-10 13:30:00-04:00,149.35000610351562,150.1999969482422,149.25,150.1649932861328
2024-09-10 14:30:00-04:00,150.16000366210938,150.4250030517578,149.6999969482422,149.86219787597656
2024-09-10 15:30:00-04:00,149.85659790039062,150.02000427246094,148.61000061035156,148.64999389648438
2024-09-11 09:30:00-04:00,150.0,150.57000732421875,148.07000732421875,148.22000122070312
2024-09-11 10:30:00-04:00,148.2050018310547,148.69000244140625,147.52999877929688,148.3300018310547
2024-09-11 11:30:00-04:00,148.30999755859375,149.55499267578125,148.24000549316406,149.44500732421875
2024-09-11 12:30:00-04:00,149.4499969482422,149.99000549316406,149.2100067138672,149.9199981689453
2024-09-11 13:30:00-04:00,149.92999267578125,150.75,149.77999877929688,150.31500244140625
2024-09-11 14:30:00-04:00,150.31500244140625,150.90499877929688,149.8800048828125,150.67010498046875
2024-09-11 15:30:00-04:00,150.6750030517578,151.5,150.47500610351562,151.1699981689453
2024-09-12 09:30:00-04:00,154.0,154.4199981689453,152.8249969482422,153.4149932861328
2024-09-12 10:30:00-04:00,153.42999267578125,154.125,152.66000366210938,153.64500427246094
2024-09-12 11:30:00-04:00,153.6468048095703,153.75,152.89999389648438,153.49000549316406
2024-09-12 12:30:00-04:00,153.4949951171875,154.40499877929688,153.3350067138672,154.07000732421875
2024-09-12 13:30:00-04:00,154.0800018310547,154.55999755859375,153.89999389648438,154.2657012939453
2024-09-12 14:30:00-04:00,154.26499938964844,154.3800048828125,153.5,154.125
2024-09-12 15:30:00-04:00,154.11000061035156,154.82000732421875,153.9600067138672,154.69500732421875
2024-09-13 09:30:00-04:00,155.5,157.80499267578125,155.2100067138672,157.52000427246094
2024-09-13 10:30:00-04:00,157.52000427246094,158.3800048828125,156.9633026123047,157.0800018310547
2024-09-13 11:30:00-04:00,157.0800018310547,157.3000030517578,156.6199951171875,156.9199981689453
2024-09-13 12:30:00-04:00,156.9199981689453,157.31500244140625,156.63999938964844,157.0449981689453
2024-09-13 13:30:00-04:00,157.0500030517578,157.52999877929688,156.9499969482422,157.32000732421875
2024-09-13 14:30:00-04:00,157.30999755859375,157.93499755859375,157.20989990234375,157.67999267578125
2024-09-13 15:30:00-04:00,157.69000244140625,157.83999633789062,157.27499389648438,157.47000122070312
2024-09-16 09:30:00-04:00,157.30999755859375,158.25,156.60000610351562,157.74000549316406
2024-09-16 10:30:00-04:00,157.75,158.23500061035156,157.08999633789062,158.0998992919922
2024-09-16 11:30:00-04:00,158.11000061035156,158.17999267578125,157.40499877929688,157.87969970703125
2024-09-16 12:30:00-04:00,157.875,157.92999267578125,157.47999572753906,157.68499755859375
2024-09-16 13:30:00-04:00,157.7100067138672,158.08399963378906,157.65499877929688,157.9600067138672
2024-09-16 14:30:00-04:00,157.92999267578125,157.9799041748047,157.52999877929688,157.75999450683594
2024-09-16 15:30:00-04:00,157.75999450683594,158.1649932861328,157.66000366210938,158.07000732421875
2024-09-17 09:30:00-04:00,159.0,159.9239959716797,158.5,159.5500030517578
2024-09-17 10:30:00-04:00,159.5500030517578,160.5500030517578,159.25999450683594,159.25999450683594
2024-09-17 11:30:00-04:00,159.25999450683594,159.77999877929688,158.6199951171875,159.02000427246094
2024-09-17 12:30:00-04:00,159.02000427246094,159.22999572753906,158.3800048828125,158.92999267578125
2024-09-17 13:30:00-04:00,158.9250030517578,159.36000061035156,158.375,159.14999389648438
2024-09-17 14:30:00-04:00,159.14500427246094,159.14500427246094,158.47000122070312,158.81500244140625
2024-09-17 15:30:00-04:00,158.82000732421875,159.36000061035156,158.81500244140625,159.32000732421875
2024-09-18 09:30:00-04:00,159.25,160.21519470214844,159.10000610351562,159.48500061035156
2024-09-18 10:30:00-04:00,159.5,159.72500610351562,158.99000549316406,159.22999572753906
2024-09-18 11:30:00-04:00,159.22999572753906,159.5399932861328,158.59500122070312,159.36000061035156
2024-09-18 12:30:00-04:00,159.3699951171875,159.47999572753906,159.07000732421875,159.42999267578125
2024-09-18 13:30:00-04:00,159.42999267578125,160.49000549316406,158.88999938964844,159.5500030517578
2024-09-18 14:30:00-04:00,159.55250549316406,160.5,159.07000732421875,160.22999572753906
2024-09-18 15:30:00-04:00,160.23500061035156,160.42999267578125,159.4499969482422,159.7899932861328
2024-09-19 09:30:00-04:00,162.75,163.2899932861328,161.33999633789062,163.00999450683594
2024-09-19 10:30:00-04:00,163.02000427246094,163.34500122070312,162.1699981689453,163.0449981689453
2024-09-19 11:30:00-04:00,163.0500030517578,163.23500061035156,162.7100067138672,162.9698944091797
2024-09-19 12:30:00-04:00,162.96499633789062,163.00999450683594,162.6199951171875,162.9149932861328
2024-09-19 13:30:00-04:00,162.9149932861328,163.36000061035156,162.63499450683594,162.71009826660156
2024-09-19 14:30:00-04:00,162.74000549316406,162.99000549316406,162.5749969482422,162.74000549316406
2024-09-19 15:30:00-04:00,162.72999572753906,162.9250030517578,162.0749969482422,162.1300048828125
2024-09-20 09:30:00-04:00,163.3249969482422,163.65989685058594,162.33999633789062,162.61500549316406
2024-09-20 10:30:00-04:00,162.6300048828125,162.92999267578125,162.05999755859375,162.2899932861328
2024-09-20 11:30:00-04:00,162.27999877929688,163.0198974609375,162.25999450683594,163.0
2024-09-20 12:30:00-04:00,162.9949951171875,163.22999572753906,162.50059509277344,162.99000549316406
2024-09-20 13:30:00-04:00,163.0,163.1649932861328,162.40499877929688,162.5699005126953
2024-09-20 14:30:00-04:00,162.56500244140625,162.99000549316406,162.47999572753906,162.8249969482422
2024-09-20 15:30:00-04:00,162.8300018310547,163.72999572753906,162.64999389648438,163.5399932861328
2024-09-23 09:30:00-04:00,164.33999633789062,165.47999572753906,163.6699981689453,163.7899932861328
2024-09-23 10:30:00-04:00,163.8000030517578,164.19000244140625,163.39500427246094,164.1300048828125
2024-09-23 11:30:00-04:00,164.125,164.22000122070312,162.6999969482422,162.8800048828125
2024-09-23 12:30:00-04:00,162.8874969482422,163.0,162.19000244140625,162.3000030517578
2024-09-23 13:30:00-04:00,162.3000030517578,162.9600067138672,162.2899932861328,162.5850067138672
2024-09-23 14:30:00-04:00,162.5850067138672,162.8300018310547,162.47999572753906,162.51499938964844
2024-09-23 15:30:00-04:00,162.52000427246094,162.52000427246094,161.6699981689453,161.8300018310547
2024-09-24 09:30:00-04:00,162.97000122070312,163.0570068359375,160.69000244140625,161.44000244140625
2024-09-24 10:30:00-04:00,161.47500610351562,162.82000732421875,161.27999877929688,162.44000244140625
2024-09-24 11:30:00-04:00,162.44000244140625,163.21580505371094,162.3300018310547,163.0010986328125
2024-09-24 12:30:00-04:00,162.99000549316406,163.07000732421875,162.26499938964844,162.3000030517578
2024-09-24 13:30:00-04:00,162.27999877929688,162.4199981689453,161.9499969482422,162.13999938964844
2024-09-24 14:30:00-04:00,162.13499450683594,162.7949981689453,161.9199981689453,162.59739685058594
2024-09-24 15:30:00-04:00,162.58999633789062,162.7050018310547,162.05499267578125,162.32000732421875
2024-09-25 09:30:00-04:00,162.0,162.80999755859375,161.66000366210938,162.4149932861328
2024-09-25 10:30:00-04:00,162.39999389648438,162.72999572753906,162.29200744628906,162.45379638671875
2024-09-25 11:30:00-04:00,162.5,162.5500030517578,161.52499389648438,161.7449951171875
2024-09-25 12:30:00-04:00,161.74000549316406,162.05499267578125,161.33999633789062,161.98500061035156
2024-09-25 13:30:00-04:00,161.97000122070312,162.2100067138672,161.72000122070312,161.7899932861328
2024-09-25 14:30:00-04:00,161.7899932861328,161.92999267578125,161.5200958251953,161.5749969482422
2024-09-25 15:30:00-04:00,161.57000732421875,161.7100067138672,161.3000030517578,161.5
2024-09-26 09:30:00-04:00,164.0,164.0399932861328,163.0399932861328,163.23500061035156
2024-09-26 10:30:00-04:00,163.25,163.36000061035156,162.33999633789062,162.77000427246094
2024-09-26 11:30:00-04:00,162.75,163.25999450683594,162.65499877929688,162.91490173339844
2024-09-26 12:30:00-04:00,162.89999389648438,163.05999755859375,162.27999877929688,162.3800048828125
2024-09-26 13:30:00-04:00,162.3800048828125,162.97500610351562,162.3350067138672,162.80999755859375
2024-09-26 14:30:00-04:00,162.8000030517578,162.92999267578125,162.3800048828125,162.7899932861328
2024-09-26 15:30:00-04:00,162.7899932861328,163.00999450683594,162.55999755859375,162.72999572753906
2024-09-27 09:30:00-04:00,163.0,165.26499938964844,162.6260986328125,165.25999450683594
2024-09-27 10:30:00-04:00,165.27000427246094,165.6999969482422,164.42999267578125,164.64999389648438
2024-09-27 11:30:00-04:00,164.66000366210938,164.66000366210938,163.8699951171875,164.35000610351562
2024-09-27 12:30:00-04:00,164.35000610351562,164.622802734375,164.17999267578125,164.3800048828125
2024-09-27 13:30:00-04:00,164.38499450683594,164.73500061035156,164.01010131835938,164.02999877929688
2024-09-27 14:30:00-04:00,164.0399932861328,164.47999572753906,163.72999572753906,164.2100067138672
2024-09-27 15:30:00-04:00,164.2100067138672,164.25779724121094,163.72500610351562,163.9199981689453
2024-09-30 09:30:00-04:00,163.75,165.18710327148438,163.75,164.36000061035156
2024-09-30 10:30:00-04:00,164.3699951171875,164.44500732421875,163.58999633789062,164.24459838867188
2024-09-30 11:30:00-04:00,164.3350067138672,164.95599365234375,164.02000427246094,164.77999877929688
2024-09-30 12:30:00-04:00,164.7899932861328,164.97999572753906,164.35000610351562,164.39999389648438
2024-09-30 13:30:00-04:00,164.4199981689453,164.8300018310547,163.8300018310547,164.0800018310547
2024-09-30 14:30:00-04:00,164.0800018310547,164.85989379882812,164.02000427246094,164.85000610351562
2024-09-30 15:30:00-04:00,164.84500122070312,166.07000732421875,164.8300018310547,165.9199981689453
2024-10-01 09:30:00-04:00,167.74000549316406,169.0500030517578,164.6999969482422,164.9149932861328
2024-10-01 10:30:00-04:00,164.6699981689453,165.8000030517578,164.60000610351562,165.10499572753906
2024-10-01 11:30:00-04:00,165.08999633789062,166.4600067138672,165.02999877929688,166.39999389648438
2024-10-01 12:30:00-04:00,166.39500427246094,166.55499267578125,165.50999450683594,165.8300018310547
2024-10-01 13:30:00-04:00,165.8300018310547,167.74000549316406,165.7200927734375,167.7198944091797
2024-10-01 14:30:00-04:00,167.7100067138672,167.90350341796875,167.32009887695312,167.53500366210938
2024-10-01 15:30:00-04:00,167.53500366210938,167.6999053955078,166.8000030517578,167.0399932861328
2024-10-02 09:30:00-04:00,166.5,167.52000427246094,164.8800048828125,165.5050048828125
2024-10-02 10:30:00-04:00,165.49000549316406,165.85499572753906,165.06500244140625,165.4199981689453
2024-10-02 11:30:00-04:00,165.4199981689453,165.5251007080078,164.72999572753906,165.3699951171875
2024-10-02 12:30:00-04:00,165.375,165.65989685058594,165.30999755859375,165.61000061035156
2024-10-02 13:30:00-04:00,165.60000610351562,165.91000366210938,165.20050048828125,165.5500030517578
2024-10-02 14:30:00-04:00,165.5500030517578,166.0,165.4499969482422,166.0
2024-10-02 15:30:00-04:00,166.0,166.58999633789062,165.8000030517578,165.85000610351562
2024-10-03 09:30:00-04:00,164.36000061035156,165.70010375976562,163.92300415039062,164.63999938964844
2024-10-03 10:30:00-04:00,164.61000061035156,165.5872039794922,164.39500427246094,165.5
2024-10-03 11:30:00-04:00,165.47999572753906,166.5,165.47000122070312,166.1927947998047
2024-10-03 12:30:00-04:00,166.1999969482422,166.63999938964844,165.75,166.17999267578125
2024-10-03 13:30:00-04:00,166.1593017578125,166.2550048828125,165.7899932861328,166.0800018310547
2024-10-03 14:30:00-04:00,166.08999633789062,166.16000366210938,165.7899932861328,165.86500549316406
2024-10-03 15:30:00-04:00,165.8699951171875,166.07000732421875,165.57000732421875,165.8699951171875
2024-10-04 09:30:00-04:00,168.05999755859375,168.22000122070312,165.8699951171875,165.8699951171875
2024-10-04 10:30:00-04:00,165.8699951171875,166.74000549316406,165.6300048828125,165.72000122070312
2024-10-04 11:30:00-04:00,165.72000122070312,166.4199981689453,165.47999572753906,166.06849670410156
2024-10-04 12:30:00-04:00,166.05999755859375,166.5,166.0050048828125,166.16000366210938
2024-10-04 13:30:00-04:00,166.16000366210938,166.3350067138672,165.6999969482422,166.07000732421875
2024-10-04 14:30:00-04:00,166.05999755859375,166.50999450683594,165.9176025390625,166.42999267578125
2024-10-04 15:30:00-04:00,166.4250030517578,167.1699981689453,166.35000610351562,167.05999755859375
2024-10-07 09:30:00-04:00,167.6699981689453,168.47999572753906,165.89999389648438,166.82000732421875
2024-10-07 10:30:00-04:00,166.8300018310547,167.02000427246094,165.8800048828125,165.94140625
2024-10-07 11:30:00-04:00,165.94009399414062,166.05999755859375,165.27999877929688,165.27999877929688
2024-10-07 12:30:00-04:00,165.28500366210938,165.36940002441406,164.8614044189453,164.88999938964844
2024-10-07 13:30:00-04:00,164.88999938964844,164.97000122070312,163.86000061035156,163.8800048828125
2024-10-07 14:30:00-04:00,163.8800048828125,163.99139404296875,162.9600067138672,163.44000244140625
2024-10-07 15:30:00-04:00,163.4499969482422,163.50999450683594,162.75,163.00999450683594
2024-10-08 09:30:00-04:00,163.86000061035156,164.2899932861328,163.16000366210938,163.9149932861328
2024-10-08 10:30:00-04:00,163.9199981689453,164.72500610351562,163.789306640625,164.19000244140625
2024-10-08 11:30:00-04:00,164.18499755859375,164.2987060546875,163.3699951171875,163.47000122070312
2024-10-08 12:30:00-04:00,163.47000122070312,163.83999633789062,163.11500549316406,163.27999877929688
2024-10-08 13:30:00-04:00,163.27999877929688,163.3699951171875,162.88999938964844,162.94039916992188
2024-10-08 14:30:00-04:00,162.94000244140625,163.3800048828125,162.8699951171875,163.19200134277344
2024-10-08 15:30:00-04:00,163.19000244140625,164.49000549316406,163.1750030517578,164.36000061035156
2024-10-09 09:30:00-04:00,163.4499969482422,164.83999633789062,159.74000549316406,161.72999572753906
2024-10-09 10:30:00-04:00,161.6999969482422,162.23280334472656,161.02999877929688,161.19000244140625
2024-10-09 11:30:00-04:00,161.19000244140625,162.10989379882812,161.1699981689453,161.36000061035156
2024-10-09 12:30:00-04:00,161.3800048828125,161.39999389648438,160.3300018310547,160.6649932861328
2024-10-09 13:30:00-04:00,160.6510009765625,161.0449981689453,160.22500610351562,160.94000244140625
2024-10-09 14:30:00-04:00,160.94000244140625,161.28500366210938,160.5399932861328,161.1750030517578
2024-10-09 15:30:00-04:00,161.1750030517578,161.97000122070312,161.12249755859375,161.85000610351562
2024-10-10 09:30:00-04:00,160.8699951171875,162.60000610351562,160.39500427246094,161.8350067138672
2024-10-10 10:30:00-04:00,161.8300018310547,162.47000122070312,161.60000610351562,162.38999938964844
2024-10-10 11:30:00-04:00,162.4199981689453,163.07000732421875,162.27000427246094,162.75990295410156
2024-10-10 12:30:00-04:00,162.7899932861328,162.7949981689453,162.14999389648438,162.3300018310547
2024-10-10 13:30:00-04:00,162.32000732421875,162.4499969482422,161.86500549316406,162.27000427246094
2024-10-10 14:30:00-04:00,162.27000427246094,162.35000610351562,161.92999267578125,162.16000366210938
2024-10-10 15:30:00-04:00,162.1699981689453,162.25999450683594,161.9199981689453,162.07000732421875
2024-10-11 09:30:00-04:00,162.1300048828125,163.5399932861328,161.23500061035156,163.3000030517578
2024-10-11 10:30:00-04:00,163.2899932861328,163.83999633789062,162.8699951171875,163.11000061035156
2024-10-11 11:30:00-04:00,163.10000610351562,163.61000061035156,162.97000122070312,163.4001007080078
2024-10-11 12:30:00-04:00,163.39500427246094,163.47999572753906,162.9499969482422,163.38499450683594
2024-10-11 13:30:00-04:00,163.39500427246094,163.5500030517578,163.16929626464844,163.32000732421875
2024-10-11 14:30:00-04:00,163.35499572753906,163.8000030517578,163.14500427246094,163.7899932861328
2024-10-11 15:30:00-04:00,163.77999877929688,163.89999389648438,163.02000427246094,163.23500061035156
2024-10-14 09:30:00-04:00,163.63999938964844,166.2259979248047,163.39999389648438,165.47000122070312
2024-10-14 10:30:00-04:00,165.46499633789062,165.49000549316406,164.25,164.39999389648438
2024-10-14 11:30:00-04:00,164.36500549316406,164.89999389648438,164.00999450683594,164.7449951171875
2024-10-14 12:30:00-04:00,164.7550048828125,165.10890197753906,164.7050018310547,164.92999267578125
2024-10-14 13:30:00-04:00,164.9259033203125,165.0500030517578,164.77999877929688,164.9550018310547
2024-10-14 14:30:00-04:00,164.97999572753906,165.1699981689453,164.94000244140625,165.1199951171875
2024-10-14 15:30:00-04:00,165.10000610351562,165.72999572753906,164.83999633789062,164.9499969482422
2024-10-15 09:30:00-04:00,165.86000061035156,167.67999267578125,165.24000549316406,166.6699981689453
2024-10-15 10:30:00-04:00,166.64010620117188,166.6750030517578,164.91000366210938,165.6199951171875
2024-10-15 11:30:00-04:00,165.6199951171875,166.1750030517578,165.42999267578125,165.91510009765625
2024-10-15 12:30:00-04:00,165.9499969482422,166.33999633789062,165.19000244140625,165.3419952392578
2024-10-15 13:30:00-04:00,165.30999755859375,165.83999633789062,165.1699981689453,165.49789428710938
2024-10-15 14:30:00-04:00,165.47999572753906,165.5800018310547,164.6300048828125,165.0399932861328
2024-10-15 15:30:00-04:00,165.0500030517578,165.5399932861328,164.86000061035156,165.50999450683594
2024-10-16 09:30:00-04:00,164.55499267578125,165.63999938964844,163.74000549316406,165.60000610351562
2024-10-16 10:30:00-04:00,165.6199951171875,165.8000030517578,164.92999267578125,165.11500549316406
2024-10-16 11:30:00-04:00,165.11500549316406,165.18499755859375,164.1300048828125,164.4199981689453
2024-10-16 12:30:00-04:00,164.42999267578125,164.76300048828125,164.05499267578125,164.69000244140625
2024-10-16 13:30:00-04:00,164.6999969482422,165.0749969482422,164.56500244140625,164.9779052734375
2024-10-16 14:30:00-04:00,164.97999572753906,165.13999938964844,164.77999877929688,164.97999572753906
2024-10-16 15:30:00-04:00,164.97000122070312,165.30999755859375,164.91000366210938,165.16000366210938
2024-10-17 09:30:00-04:00,165.91000366210938,166.3699951171875,163.32000732421875,164.2187042236328
2024-10-17 10:30:00-04:00,164.22000122070312,164.2899932861328,163.33999633789062,164.1999969482422
2024-10-17 11:30:00-04:00,164.2100067138672,165.05999755859375,164.20599365234375,164.6999969482422
2024-10-17 12:30:00-04:00,164.6999969482422,165.0850067138672,163.52000427246094,163.82899475097656
2024-10-17 13:30:00-04:00,163.8249969482422,163.94000244140625,163.02999877929688,163.12750244140625
2024-10-17 14:30:00-04:00,163.1300048828125,163.63999938964844,162.95010375976562,163.05999755859375
2024-10-17 15:30:00-04:00,163.07000732421875,163.2550048828125,162.76499938964844,162.9199981689453
2024-10-18 09:30:00-04:00,163.1300048828125,164.7100067138672,163.0800018310547,163.8188934326172
2024-10-18 10:30:00-04:00,163.80999755859375,163.97999572753906,163.375,163.60499572753906
2024-10-18 11:30:00-04:00,163.60499572753906,163.7886962890625,163.21499633789062,163.6199951171875
2024-10-18 12:30:00-04:00,163.6199951171875,164.08999633789062,163.41000366210938,163.5
2024-10-18 13:30:00-04:00,163.50999450683594,163.6699981689453,163.35000610351562,163.49000549316406
2024-10-18 14:30:00-04:00,163.47999572753906,163.91000366210938,163.38999938964844,163.83999633789062
2024-10-18 15:30:00-04:00,163.8300018310547,163.97000122070312,163.27000427246094,163.39999389648438
2024-10-21 09:30:00-04:00,163.08999633789062,164.49000549316406,162.94000244140625,164.19000244140625
2024-10-21 10:30:00-04:00,164.19000244140625,164.24000549316406,162.6199951171875,162.75
2024-10-21 11:30:00-04:00,162.74000549316406,163.77000427246094,162.69000244140625,163.5399932861328
2024-10-21 12:30:00-04:00,163.54649353027344,164.02999877929688,163.4199981689453,163.99099731445312
2024-10-21 13:30:00-04:00,163.9949951171875,164.22999572753906,163.8699951171875,163.9149932861328
2024-10-21 14:30:00-04:00,163.9499053955078,164.14999389648438,163.74000549316406,164.14999389648438
2024-10-21 15:30:00-04:00,164.16000366210938,164.18739318847656,163.5800018310547,164.0500030517578
2024-10-22 09:30:00-04:00,163.22999572753906,165.77000427246094,163.22999572753906,165.42999267578125
2024-10-22 10:30:00-04:00,165.47999572753906,165.75999450683594,164.44000244140625,164.57000732421875
2024-10-22 11:30:00-04:00,164.57000732421875,164.7100067138672,164.0,164.10000610351562
2024-10-22 12:30:00-04:00,164.08999633789062,164.66000366210938,164.0,164.54750061035156
2024-10-22 13:30:00-04:00,164.5500030517578,165.19000244140625,164.52999877929688,165.03500366210938
2024-10-22 14:30:00-04:00,165.0399932861328,165.05999755859375,164.5449981689453,164.74000549316406
2024-10-22 15:30:00-04:00,164.74000549316406,165.27000427246094,164.6999969482422,165.16000366210938
2024-10-23 09:30:00-04:00,164.77999877929688,165.80799865722656,163.8000030517578,164.1999969482422
2024-10-23 10:30:00-04:00,164.1999969482422,164.3000030517578,162.61500549316406,162.67999267578125
2024-10-23 11:30:00-04:00,162.69000244140625,162.98989868164062,162.1699981689453,162.86000061035156
2024-10-23 12:30:00-04:00,162.85000610351562,163.0771942138672,162.36000061035156,162.477294921875
2024-10-23 13:30:00-04:00,162.44500732421875,162.6300048828125,161.9250030517578,162.22999572753906
2024-10-23 14:30:00-04:00,162.22000122070312,162.7899932861328,162.19009399414062,162.7091064453125
2024-10-23 15:30:00-04:00,162.7100067138672,163.0,162.38999938964844,162.77000427246094
2024-10-24 09:30:00-04:00,162.97000122070312,163.17999267578125,161.00999450683594,162.0800018310547
2024-10-24 10:30:00-04:00,162.0800018310547,162.77999877929688,162.07000732421875,162.47000122070312
2024-10-24 11:30:00-04:00,162.47999572753906,163.10000610351562,162.0500030517578,163.0211944580078
2024-10-24 12:30:00-04:00,163.02000427246094,163.3300018310547,162.91000366210938,163.0399932861328
2024-10-24 13:30:00-04:00,163.03439331054688,163.18499755859375,162.83999633789062,162.9250030517578
2024-10-24 14:30:00-04:00,162.92999267578125,163.04029846191406,162.47000122070312,162.9949951171875
2024-10-24 15:30:00-04:00,162.9949951171875,163.19000244140625,162.6300048828125,162.7100067138672
2024-10-25 09:30:00-04:00,163.6699981689453,165.58999633789062,163.4199981689453,165.3300018310547
2024-10-25 10:30:00-04:00,165.32000732421875,165.4499969482422,164.69000244140625,165.07000732421875
2024-10-25 11:30:00-04:00,165.05999755859375,165.42019653320312,164.74029541015625,165.39010620117188
2024-10-25 12:30:00-04:00,165.39500427246094,165.5050048828125,164.67999267578125,164.91000366210938
2024-10-25 13:30:00-04:00,164.88999938964844,165.07000732421875,164.20199584960938,165.0
2024-10-25 14:30:00-04:00,164.99000549316406,165.3000030517578,164.8300018310547,164.95799255371094
2024-10-25 15:30:00-04:00,164.9600067138672,165.38999938964844,164.90499877929688,165.27000427246094
2024-10-28 09:30:00-04:00,168.59300231933594,168.68209838867188,166.27000427246094,167.57000732421875
2024-10-28 10:30:00-04:00,167.5850067138672,168.0679931640625,163.9499969482422,166.50999450683594
2024-10-28 11:30:00-04:00,166.50010681152344,166.875,166.0800018310547,166.3300018310547
2024-10-28 12:30:00-04:00,166.36000061035156,166.9499969482422,166.11000061035156,166.5648956298828
2024-10-28 13:30:00-04:00,166.5800018310547,167.16000366210938,166.4949951171875,167.12649536132812
2024-10-28 14:30:00-04:00,167.1199951171875,167.35000610351562,166.72000122070312,166.88999938964844
2024-10-28 15:30:00-04:00,166.88999938964844,167.14999389648438,166.6699981689453,166.75
2024-10-29 09:30:00-04:00,167.72999572753906,168.38999938964844,167.089599609375,167.6300048828125
2024-10-29 10:30:00-04:00,167.64999389648438,169.1300048828125,167.63009643554688,168.85499572753906
2024-10-29 11:30:00-04:00,168.84500122070312,168.94500732421875,168.19000244140625,168.49000549316406
2024-10-29 12:30:00-04:00,168.4949951171875,169.5699005126953,168.49000549316406,169.50999450683594
2024-10-29 13:30:00-04:00,169.51499938964844,169.8300018310547,169.22999572753906,169.8300018310547
2024-10-29 14:30:00-04:00,169.83999633789062,170.25,169.6649932861328,170.10000610351562
2024-10-29 15:30:00-04:00,170.0800018310547,170.3800048828125,169.38999938964844,169.6750030517578
2024-10-30 09:30:00-04:00,180.67999267578125,182.0,177.4001007080078,180.94000244140625
2024-10-30 10:30:00-04:00,180.91000366210938,180.99000549316406,178.1199951171875,179.66990661621094
2024-10-30 11:30:00-04:00,179.66229248046875,179.85000610351562,178.47000122070312,179.13999938964844
2024-10-30 12:30:00-04:00,179.13499450683594,179.4600067138672,176.32000732421875,176.33999633789062
2024-10-30 13:30:00-04:00,176.3365020751953,176.99000549316406,175.89999389648438,176.72000122070312
2024-10-30 14:30:00-04:00,176.6999969482422,177.05999755859375,176.0500030517578,176.21499633789062
2024-10-30 15:30:00-04:00,176.2100067138672,176.3300018310547,174.05990600585938,174.52000427246094
2024-10-31 09:30:00-04:00,173.1300048828125,176.82000732421875,173.0,174.35000610351562
2024-10-31 10:30:00-04:00,174.3350067138672,175.0050048828125,173.44000244140625,174.18589782714844
2024-10-31 11:30:00-04:00,174.1699981689453,174.9600067138672,171.94000244140625,173.1199951171875
2024-10-31 12:30:00-04:00,173.1199951171875,173.33990478515625,171.66000366210938,171.97279357910156
2024-10-31 13:30:00-04:00,171.97000122070312,172.11000061035156,171.14999389648438,171.5399932861328
2024-10-31 14:30:00-04:00,171.55499267578125,172.11500549316406,171.19500732421875,172.08200073242188
2024-10-31 15:30:00-04:00,172.10499572753906,172.42999267578125,171.0,171.0449981689453
2024-11-01 09:30:00-04:00,169.86000061035156,172.3177947998047,168.8800048828125,171.02000427246094
2024-11-01 10:30:00-04:00,171.02499389648438,171.64999389648438,170.32000732421875,171.24000549316406
2024-11-01 11:30:00-04:00,171.25,171.69000244140625,171.0800018310547,171.57000732421875
2024-11-01 12:30:00-04:00,171.57000732421875,172.17250061035156,171.50999450683594,171.8350067138672
2024-11-01 13:30:00-04:00,171.8350067138672,171.8350067138672,170.85000610351562,171.16250610351562
2024-11-01 14:30:00-04:00,171.1649932861328,171.85499572753906,170.8699951171875,171.07000732421875
2024-11-01 15:30:00-04:00,171.05999755859375,172.0399932861328,170.8699951171875,171.27000427246094
2024-11-04 09:30:00-05:00,170.02999877929688,170.72999572753906,168.08859252929688,169.47000122070312
2024-11-04 10:30:00-05:00,169.47999572753906,169.77000427246094,168.91000366210938,168.97999572753906
2024-11-04 11:30:00-05:00,168.97000122070312,169.0800018310547,168.01100158691406,168.77000427246094
2024-11-04 12:30:00-05:00,168.76010131835938,169.7100067138672,168.63999938964844,169.47799682617188
2024-11-04 13:30:00-05:00,169.4499969482422,169.6999969482422,169.3209991455078,169.58999633789062
2024-11-04 14:30:00-05:00,169.57000732421875,169.75999450683594,169.33999633789062,169.41000366210938
2024-11-04 15:30:00-05:00,169.39999389648438,169.4499969482422,168.99000549316406,169.25
2024-11-05 09:30:00-05:00,169.52000427246094,170.11000061035156,168.83999633789062,169.42010498046875
2024-11-05 10:30:00-05:00,169.4499969482422,169.9600067138672,169.10499572753906,169.69000244140625
2024-11-05 11:30:00-05:00,169.69000244140625,170.14500427246094,169.5,169.8699951171875
2024-11-05 12:30:00-05:00,169.8800048828125,170.5279998779297,169.8800048828125,170.1199951171875
2024-11-05 13:30:00-05:00,170.1199951171875,170.27999877929688,169.60000610351562,169.83999633789062
2024-11-05 14:30:00-05:00,169.86000061035156,170.04989624023438,169.6300048828125,169.86000061035156
2024-11-05 15:30:00-05:00,169.85000610351562,170.00999450683594,169.35000610351562,169.75
2024-11-06 09:30:00-05:00,173.80499267578125,176.5800018310547,173.5,176.02999877929688
2024-11-06 10:30:00-05:00,176.0500030517578,176.1699981689453,174.63999938964844,175.35000610351562
2024-11-06 11:30:00-05:00,175.35409545898438,175.8031005859375,175.07000732421875,175.5
2024-11-06 12:30:00-05:00,175.49349975585938,175.55999755859375,175.0,175.47000122070312
2024-11-06 13:30:00-05:00,175.4600067138672,176.22999572753906,175.39999389648438,176.09500122070312
2024-11-06 14:30:00-05:00,176.09500122070312,176.50999450683594,175.9600067138672,176.46499633789062
2024-11-06 15:30:00-05:00,176.47000122070312,176.94000244140625,176.1199951171875,176.5
2024-11-07 09:30:00-05:00,177.39999389648438,179.2899932861328,177.19000244140625,177.67999267578125
2024-11-07 10:30:00-05:00,177.6999969482422,179.5500030517578,177.6300048828125,179.3000030517578
2024-11-07 11:30:00-05:00,179.2899932861328,179.96780395507812,179.1999969482422,179.3300018310547
2024-11-07 12:30:00-05:00,179.30499267578125,179.80999755859375,179.16009521484375,179.6199951171875
2024-11-07 13:30:00-05:00,179.61990356445312,180.11000061035156,179.2550048828125,180.00999450683594
2024-11-07 14:30:00-05:00,180.02000427246094,181.0800018310547,180.0115966796875,180.88999938964844
2024-11-07 15:30:00-05:00,180.8800048828125,180.97000122070312,180.42999267578125,180.82000732421875
2024-11-08 09:30:00-05:00,180.64500427246094,180.89999389648438,178.5399932861328,178.7949981689453
2024-11-08 10:30:00-05:00,178.7899932861328,178.89999389648438,178.0800018310547,178.7344970703125
2024-11-08 11:30:00-05:00,178.7449951171875,179.10000610351562,178.66000366210938,178.8800048828125
2024-11-08 12:30:00-05:00,178.8699951171875,179.00999450683594,178.3000030517578,178.42999267578125
2024-11-08 13:30:00-05:00,178.44000244140625,179.07000732421875,178.44000244140625,179.0399932861328
2024-11-08 14:30:00-05:00,179.0399932861328,179.2899932861328,178.50999450683594,178.5449981689453
2024-11-08 15:30:00-05:00,178.5500030517578,178.72000122070312,178.19500732421875,178.39999389648438
2024-11-11 09:30:00-05:00,178.5800018310547,180.22000122070312,178.47000122070312,179.9499969482422
2024-11-11 10:30:00-05:00,179.9600067138672,180.1649932861328,179.3300018310547,179.3300018310547
2024-11-11 11:30:00-05:00,179.38999938964844,180.17999267578125,179.38999938964844,179.8699951171875
2024-11-11 12:30:00-05:00,179.8699951171875,180.27000427246094,179.38999938964844,179.61000061035156
2024-11-11 13:30:00-05:00,179.59779357910156,180.5449981689453,179.47000122070312,180.49000549316406
2024-11-11 14:30:00-05:00,180.47999572753906,180.53500366210938,179.97999572753906,180.14500427246094
2024-11-11 15:30:00-05:00,180.13999938964844,180.44000244140625,180.0,180.3699951171875
2024-11-12 09:30:00-05:00,179.7100067138672,181.85580444335938,179.38999938964844,179.80999755859375
2024-11-12 10:30:00-05:00,179.82000732421875,180.1300048828125,179.5,179.73500061035156
2024-11-12 11:30:00-05:00,179.7449951171875,180.60000610351562,179.66000366210938,180.59010314941406
2024-11-12 12:30:00-05:00,180.5850067138672,181.24000549316406,180.38999938964844,181.13980102539062
2024-11-12 13:30:00-05:00,181.1300048828125,181.77000427246094,180.94000244140625,181.75030517578125
2024-11-12 14:30:00-05:00,181.7550048828125,182.27000427246094,181.66000366210938,182.125
2024-11-12 15:30:00-05:00,182.11000061035156,182.47999572753906,181.1699981689453,181.61000061035156
2024-11-13 09:30:00-05:00,180.60000610351562,180.9600067138672,178.7805938720703,179.36500549316406
2024-11-13 10:30:00-05:00,179.3699951171875,179.68710327148438,179.08999633789062,179.6649932861328
2024-11-13 11:30:00-05:00,179.74000549316406,180.14999389648438,179.1300048828125,179.84500122070312
2024-11-13 12:30:00-05:00,179.80999755859375,179.89999389648438,179.02999877929688,179.3800048828125
2024-11-13 13:30:00-05:00,179.3699951171875,179.97999572753906,179.23500061035156,179.639892578125
2024-11-13 14:30:00-05:00,179.625,179.6699981689453,178.97000122070312,179.24000549316406
2024-11-13 15:30:00-05:00,179.24000549316406,179.39999389648438,178.55999755859375,178.9499969482422
2024-11-14 09:30:00-05:00,178.24000549316406,178.8000030517578,176.22000122070312,176.47999572753906
2024-11-14 10:30:00-05:00,176.4499969482422,176.66000366210938,174.9499969482422,174.97500610351562
2024-11-14 11:30:00-05:00,174.97999572753906,175.21499633789062,174.32200622558594,174.69760131835938
2024-11-14 12:30:00-05:00,174.69000244140625,175.5,174.38999938964844,175.38999938964844
2024-11-14 13:30:00-05:00,175.39999389648438,175.42999267578125,174.77000427246094,175.30999755859375
2024-11-14 14:30:00-05:00,175.3000030517578,175.99000549316406,175.1199951171875,175.9149932861328
2024-11-14 15:30:00-05:00,175.91000366210938,175.9600067138672,175.2301025390625,175.60000610351562
2024-11-15 09:30:00-05:00,173.88999938964844,174.13999938964844,172.47999572753906,172.77000427246094
2024-11-15 10:30:00-05:00,172.77000427246094,172.82000732421875,171.3350067138672,171.75999450683594
2024-11-15 11:30:00-05:00,171.76499938964844,172.32000732421875,171.6199951171875,172.10240173339844
2024-11-15 12:30:00-05:00,172.07000732421875,172.25999450683594,171.52999877929688,171.84930419921875
2024-11-15 13:30:00-05:00,171.80999755859375,171.97500610351562,171.22000122070312,171.63929748535156
2024-11-15 14:30:00-05:00,171.65499877929688,172.48500061035156,171.6300048828125,172.42999267578125
2024-11-15 15:30:00-05:00,172.4499969482422,172.6999969482422,171.6300048828125,172.5
2024-11-18 09:30:00-05:00,173.4199981689453,173.8800048828125,172.89999389648438,173.38999938964844
2024-11-18 10:30:00-05:00,173.3800048828125,174.59669494628906,173.3800048828125,173.9698944091797
2024-11-18 11:30:00-05:00,173.9600067138672,174.61000061035156,173.92999267578125,174.05999755859375
2024-11-18 12:30:00-05:00,174.0500030517578,174.69000244140625,173.42999267578125,174.55880737304688
2024-11-18 13:30:00-05:00,174.8000030517578,175.35000610351562,174.13999938964844,174.63999938964844
2024-11-18 14:30:00-05:00,174.65499877929688,175.43800354003906,174.50999450683594,175.27999877929688
2024-11-18 15:30:00-05:00,175.27999877929688,175.42999267578125,175.02999877929688,175.32000732421875
2024-11-19 09:30:00-05:00,173.72000122070312,177.10000610351562,173.55999755859375,175.0500030517578
2024-11-19 10:30:00-05:00,175.0500030517578,176.9199981689453,174.8697967529297,176.91000366210938
2024-11-19 11:30:00-05:00,176.92979431152344,177.16000366210938,176.3699951171875,176.99789428710938
2024-11-19 12:30:00-05:00,176.9949951171875,177.6699981689453,176.9199981689453,177.6649932861328
2024-11-19 13:30:00-05:00,177.63999938964844,178.39999389648438,177.63999938964844,177.80999755859375
2024-11-19 14:30:00-05:00,177.80999755859375,178.23500061035156,177.4600067138672,178.14999389648438
2024-11-19 15:30:00-05:00,178.13999938964844,178.86000061035156,178.07000732421875,178.1300048828125
2024-11-20 09:30:00-05:00,177.5,177.6750030517578,173.77999877929688,174.0500030517578
2024-11-20 10:30:00-05:00,174.0500030517578,175.25,173.9499969482422,174.5
2024-11-20 11:30:00-05:00,174.49000549316406,175.6199951171875,174.33709716796875,174.9499969482422
2024-11-20 12:30:00-05:00,174.9499969482422,175.3300018310547,174.66000366210938,175.14500427246094
2024-11-20 13:30:00-05:00,175.13999938964844,175.14999389648438,174.49000549316406,174.72000122070312
2024-11-20 14:30:00-05:00,174.72999572753906,175.1999969482422,174.4499969482422,175.19000244140625
2024-11-20 15:30:00-05:00,175.17999267578125,176.0050048828125,175.17999267578125,175.9199981689453
2024-11-21 09:30:00-05:00,173.99000549316406,174.07000732421875,165.72210693359375,165.74000549316406
2024-11-21 10:30:00-05:00,165.73500061035156,165.98500061035156,163.7050018310547,165.11000061035156
2024-11-21 11:30:00-05:00,165.10899353027344,165.89999389648438,163.9499969482422,165.59500122070312
2024-11-21 12:30:00-05:00,165.60000610351562,166.8000030517578,165.52499389648438,166.5758056640625
2024-11-21 13:30:00-05:00,166.5749969482422,167.0500030517578,165.4250030517578,165.67999267578125
2024-11-21 14:30:00-05:00,165.69000244140625,167.5399932861328,165.49000549316406,167.22999572753906
2024-11-21 15:30:00-05:00,167.22000122070312,168.0800018310547,167.16000366210938,167.63999938964844
2024-11-22 09:30:00-05:00,165.44000244140625,166.4600067138672,163.89999389648438,164.83340454101562
2024-11-22 10:30:00-05:00,164.86000061035156,165.64999389648438,164.42010498046875,164.66000366210938
2024-11-22 11:30:00-05:00,164.6699981689453,165.32420349121094,164.32000732421875,165.1800994873047
2024-11-22 12:30:00-05:00,165.1750030517578,165.5800018310547,164.72999572753906,165.1699981689453
2024-11-22 13:30:00-05:00,165.1699981689453,165.35000610351562,164.7100067138672,165.01499938964844
2024-11-22 14:30:00-05:00,165.01499938964844,165.3800048828125,164.83999633789062,164.9499969482422
2024-11-22 15:30:00-05:00,164.94000244140625,165.14500427246094,164.69000244140625,164.75
2024-11-25 09:30:00-05:00,166.08999633789062,168.62989807128906,165.60719299316406,168.24000549316406
2024-11-25 10:30:00-05:00,168.22999572753906,168.4199981689453,167.36000061035156,167.9250030517578
2024-11-25 11:30:00-05:00,167.92999267578125,168.22999572753906,166.75999450683594,166.88999938964844
2024-11-25 12:30:00-05:00,166.8699951171875,167.2100067138672,166.24000549316406,167.0500030517578
2024-11-25 13:30:00-05:00,167.0500030517578,167.72999572753906,167.02499389648438,167.27000427246094
2024-11-25 14:30:00-05:00,167.27999877929688,167.6699981689453,167.09010314941406,167.6300048828125
2024-11-25 15:30:00-05:00,167.6300048828125,167.99000549316406,167.10000610351562,167.66000366210938
2024-11-26 09:30:00-05:00,167.64999389648438,169.11000061035156,167.64999389648438,167.875
2024-11-26 10:30:00-05:00,167.8800048828125,168.9499969482422,167.8000030517578,168.75
2024-11-26 11:30:00-05:00,168.75,169.2899932861328,168.69000244140625,169.00990295410156
2024-11-26 12:30:00-05:00,169.0,169.74000549316406,168.8800048828125,169.44000244140625
2024-11-26 13:30:00-05:00,169.44000244140625,169.82000732421875,169.1199951171875,169.32000732421875
2024-11-26 14:30:00-05:00,169.28500366210938,169.55999755859375,169.11000061035156,169.4499969482422
2024-11-26 15:30:00-05:00,169.4499969482422,169.60000610351562,169.0399932861328,169.05999755859375
2024-11-27 09:30:00-05:00,169.0,169.4832000732422,168.02000427246094,168.89999389648438
2024-11-27 10:30:00-05:00,168.93499755859375,169.1999969482422,168.5800018310547,168.9499969482422
2024-11-27 11:30:00-05:00,168.94000244140625,169.2899932861328,168.4600067138672,168.8699951171875
2024-11-27 12:30:00-05:00,168.8800048828125,169.4199981689453,168.75999450683594,169.2678985595703
2024-11-27 13:30:00-05:00,169.25999450683594,169.47999572753906,169.10000610351562,169.10499572753906
2024-11-27 14:30:00-05:00,169.10000610351562,169.35000610351562,169.00999450683594,169.2100067138672
2024-11-27 15:30:00-05:00,169.20899963378906,169.42999267578125,169.0500030517578,169.27999877929688
2024-11-29 09:30:00-05:00,168.5500030517578,168.91000366210938,167.16000366210938,167.92750549316406
2024-11-29 10:30:00-05:00,167.9250030517578,169.02000427246094,167.91000366210938,168.89999389648438
2024-11-29 11:30:00-05:00,168.89500427246094,169.16000366210938,168.7949981689453,169.1199951171875
2024-12-02 09:30:00-05:00,168.72500610351562,172.0,168.57000732421875,171.47500610351562
2024-12-02 10:30:00-05:00,171.47999572753906,171.89999389648438,170.6988067626953,170.9199981689453
2024-12-02 11:30:00-05:00,170.91000366210938,171.97000122070312,170.91000366210938,171.56500244140625
2024-12-02 12:30:00-05:00,171.57000732421875,171.82000732421875,171.19009399414062,171.20770263671875
2024-12-02 13:30:00-05:00,171.1999969482422,171.53500366210938,171.02000427246094,171.2100067138672
2024-12-02 14:30:00-05:00,171.1999969482422,171.5500030517578,171.00999450683594,171.34120178222656
2024-12-02 15:30:00-05:00,171.33999633789062,172.0749969482422,171.29010009765625,171.49000549316406
2024-12-03 09:30:00-05:00,171.5968017578125,172.67999267578125,170.99000549316406,171.02999877929688
2024-12-03 10:30:00-05:00,171.02999877929688,172.10000610351562,170.8802947998047,172.0800018310547
2024-12-03 11:30:00-05:00,172.08999633789062,172.17999267578125,171.1999969482422,171.27000427246094
2024-12-03 12:30:00-05:00,171.27000427246094,171.52000427246094,171.05999755859375,171.3184051513672
2024-12-03 13:30:00-05:00,171.3000030517578,171.4199981689453,171.07000732421875,171.33999633789062
2024-12-03 14:30:00-05:00,171.33050537109375,171.4499969482422,170.86000061035156,170.88499450683594
2024-12-03 15:30:00-05:00,170.8800048828125,171.42999267578125,170.85000610351562,171.35000610351562
2024-12-04 09:30:00-05:00,171.39999389648438,173.27999877929688,171.05999755859375,173.1999969482422
2024-12-04 10:30:00-05:00,173.1999969482422,174.1999969482422,173.11000061035156,173.9250030517578
2024-12-04 11:30:00-05:00,173.92469787597656,174.035400390625,172.83999633789062,173.7899932861328
2024-12-04 12:30:00-05:00,173.7899932861328,174.4550018310547,173.34060668945312,174.4550018310547
2024-12-04 13:30:00-05:00,174.4499969482422,174.6199951171875,174.17999267578125,174.4716033935547
2024-12-04 14:30:00-05:00,174.47000122070312,174.875,174.35499572753906,174.8300018310547
2024-12-04 15:30:00-05:00,174.80999755859375,174.91000366210938,174.11000061035156,174.44000244140625
2024-12-05 09:30:00-05:00,175.66000366210938,176.0500030517578,173.90989685058594,174.17999267578125
2024-12-05 10:30:00-05:00,174.17999267578125,174.4149932861328,173.41009521484375,173.72000122070312
2024-12-05 11:30:00-05:00,173.74000549316406,173.86000061035156,173.46839904785156,173.84500122070312
2024-12-05 12:30:00-05:00,173.83999633789062,174.07000732421875,173.17999267578125,173.61000061035156
2024-12-05 13:30:00-05:00,173.61000061035156,173.83999633789062,173.47500610351562,173.48500061035156
2024-12-05 14:30:00-05:00,173.48500061035156,173.6300048828125,172.8800048828125,172.92999267578125
2024-12-05 15:30:00-05:00,172.92999267578125,173.4199981689453,172.3300018310547,172.6999969482422
2024-12-06 09:30:00-05:00,172.07000732421875,174.53990173339844,171.86000061035156,174.24639892578125
2024-12-06 10:30:00-05:00,174.25,174.91000366210938,173.82000732421875,174.7801055908203
2024-12-06 11:30:00-05:00,174.80999755859375,175.0800018310547,174.3000946044922,174.65589904785156
2024-12-06 12:30:00-05:00,174.66000366210938,175.0449981689453,174.4499969482422,174.94000244140625
2024-12-06 13:30:00-05:00,174.94000244140625,174.98500061035156,174.35000610351562,174.36000061035156
2024-12-06 14:30:00-05:00,174.36000061035156,174.77000427246094,174.25320434570312,174.4600067138672
2024-12-06 15:30:00-05:00,174.47000122070312,174.88999938964844,174.30999755859375,174.67999267578125
2024-12-09 09:30:00-05:00,174.02499389648438,175.3350067138672,173.6699981689453,174.4040069580078
2024-12-09 10:30:00-05:00,174.38999938964844,175.9600067138672,173.9600067138672,175.49989318847656
2024-12-09 11:30:00-05:00,175.5,176.22999572753906,175.38499450683594,175.97999572753906
2024-12-09 12:30:00-05:00,175.97000122070312,176.25999450683594,175.6699981689453,175.94500732421875
2024-12-09 13:30:00-05:00,175.94000244140625,176.14999389648438,175.25,175.32000732421875
2024-12-09 14:30:00-05:00,175.32000732421875,175.35989379882812,174.86000061035156,175.3300018310547
2024-12-09 15:30:00-05:00,175.33999633789062,175.5749969482422,175.10000610351562,175.36000061035156
2024-12-10 09:30:00-05:00,182.8350067138672,186.36000061035156,181.56629943847656,184.52000427246094
2024-12-10 10:30:00-05:00,184.52999877929688,184.52999877929688,181.0500030517578,182.1300048828125
2024-12-10 11:30:00-05:00,182.10000610351562,183.91000366210938,181.57000732421875,183.72000122070312
2024-12-10 12:30:00-05:00,183.72000122070312,184.5050048828125,183.3000946044922,184.4499969482422
2024-12-10 13:30:00-05:00,184.47000122070312,185.0050048828125,184.39999389648438,184.80999755859375
2024-12-10 14:30:00-05:00,184.80499267578125,184.81500244140625,183.69200134277344,184.3699951171875
2024-12-10 15:30:00-05:00,184.38999938964844,185.4199981689453,184.30999755859375,185.16000366210938
2024-12-11 09:30:00-05:00,185.35000610351562,193.69500732421875,184.86000061035156,191.86500549316406
2024-12-11 10:30:00-05:00,191.8800048828125,193.14990234375,191.10000610351562,191.63999938964844
2024-12-11 11:30:00-05:00,191.6177978515625,193.94000244140625,191.49229431152344,193.8101043701172
2024-12-11 12:30:00-05:00,193.8350067138672,195.4499969482422,193.27049255371094,194.16000366210938
2024-12-11 13:30:00-05:00,194.15330505371094,194.52999877929688,192.77000427246094,192.97999572753906
2024-12-11 14:30:00-05:00,192.9752960205078,194.61000061035156,192.4199981689453,194.5800018310547
2024-12-11 15:30:00-05:00,194.5800018310547,195.61000061035156,193.91009521484375,195.44000244140625
2024-12-12 09:30:00-05:00,194.9600067138672,195.17999267578125,192.47000122070312,193.99000549316406
2024-12-12 10:30:00-05:00,194.0,194.72999572753906,193.55999755859375,194.11000061035156
2024-12-12 11:30:00-05:00,194.1199951171875,195.09500122070312,194.10000610351562,194.63499450683594
2024-12-12 12:30:00-05:00,194.61000061035156,194.75,194.19000244140625,194.30999755859375
2024-12-12 13:30:00-05:00,194.3249969482422,194.66000366210938,193.22999572753906,193.4600067138672
2024-12-12 14:30:00-05:00,193.4600067138672,193.8000030517578,192.41000366210938,192.4949951171875
2024-12-12 15:30:00-05:00,192.50990295410156,192.8699951171875,191.7100067138672,191.93099975585938
2024-12-13 09:30:00-05:00,191.13600158691406,192.72999572753906,190.88999938964844,191.1699981689453
2024-12-13 10:30:00-05:00,191.2100067138672,191.83999633789062,190.1199951171875,190.91000366210938
2024-12-13 11:30:00-05:00,190.86500549316406,191.73500061035156,190.8603057861328,191.36000061035156
2024-12-13 12:30:00-05:00,191.3699951171875,191.7100067138672,190.8000030517578,191.3000030517578
2024-12-13 13:30:00-05:00,191.2899932861328,191.66000366210938,190.97000122070312,191.5500030517578
2024-12-13 14:30:00-05:00,191.55999755859375,191.6199951171875,190.44590759277344,190.7949981689453
2024-12-13 15:30:00-05:00,190.7899932861328,190.82000732421875,189.63999938964844,189.80999755859375
2024-12-16 09:30:00-05:00,192.88499450683594,196.19000244140625,192.6300048828125,195.10000610351562
2024-12-16 10:30:00-05:00,195.07859802246094,197.94000244140625,195.07000732421875,197.6199951171875
2024-12-16 11:30:00-05:00,197.6199951171875,197.97000122070312,196.47999572753906,197.82000732421875
2024-12-16 12:30:00-05:00,197.78500366210938,199.0,197.6300048828125,198.85000610351562
2024-12-16 13:30:00-05:00,198.85000610351562,198.94000244140625,197.51010131835938,197.58999633789062
2024-12-16 14:30:00-05:00,197.60440063476562,198.3800048828125,197.25999450683594,198.05499267578125
2024-12-16 15:30:00-05:00,198.05499267578125,198.08999633789062,196.11000061035156,196.64999389648438
2024-12-17 09:30:00-05:00,197.02000427246094,201.41900634765625,196.44000244140625,196.77040100097656
2024-12-17 10:30:00-05:00,196.77999877929688,198.22999572753906,195.75999450683594,197.72999572753906
2024-12-17 11:30:00-05:00,197.6999969482422,197.7209014892578,195.94000244140625,196.0800018310547
2024-12-17 12:30:00-05:00,196.0928955078125,197.5,195.9250030517578,197.3800048828125
2024-12-17 13:30:00-05:00,197.3699951171875,197.9949951171875,196.44000244140625,196.6199951171875
2024-12-17 14:30:00-05:00,196.6300048828125,196.75,195.25,195.61000061035156
2024-12-17 15:30:00-05:00,195.61000061035156,195.79010009765625,194.97999572753906,195.41000366210938
2024-12-18 09:30:00-05:00,195.22000122070312,197.0,193.27699279785156,195.83529663085938
2024-12-18 10:30:00-05:00,195.88999938964844,196.15499877929688,194.9499969482422,195.49000549316406
2024-12-18 11:30:00-05:00,195.52999877929688,195.9600067138672,195.3800048828125,195.44000244140625
2024-12-18 12:30:00-05:00,195.44000244140625,195.7899932861328,195.24139404296875,195.42999267578125
2024-12-18 13:30:00-05:00,195.42999267578125,195.65049743652344,193.6699981689453,193.7899932861328
2024-12-18 14:30:00-05:00,193.7899932861328,194.30999755859375,190.38999938964844,190.52000427246094
2024-12-18 15:30:00-05:00,190.50999450683594,190.94000244140625,187.74000549316406,188.2899932861328
2024-12-19 09:30:00-05:00,191.625,193.02999877929688,190.1699981689453,190.4499969482422
2024-12-19 10:30:00-05:00,190.4499969482422,191.52999877929688,189.3300018310547,191.3000030517578
2024-12-19 11:30:00-05:00,191.3000030517578,191.5800018310547,190.1699981689453,190.18499755859375
2024-12-19 12:30:00-05:00,190.17999267578125,190.97999572753906,189.82000732421875,190.4550018310547
2024-12-19 13:30:00-05:00,190.4550018310547,191.00999450683594,190.07000732421875,190.4199981689453
2024-12-19 14:30:00-05:00,190.4250030517578,190.44000244140625,188.94000244140625,189.6699981689453
2024-12-19 15:30:00-05:00,189.6999969482422,189.88999938964844,188.3800048828125,188.47999572753906
2024-12-20 09:30:00-05:00,185.77999877929688,188.77499389648438,185.22000122070312,188.75
2024-12-20 10:30:00-05:00,188.72000122070312,190.80999755859375,188.64500427246094,190.72999572753906
2024-12-20 11:30:00-05:00,190.7100067138672,192.389892578125,190.67999267578125,192.30999755859375
2024-12-20 12:30:00-05:00,192.3000030517578,192.38499450683594,191.10000610351562,191.10000610351562
2024-12-20 13:30:00-05:00,191.10000610351562,192.27999877929688,190.74000549316406,192.27999877929688
2024-12-20 14:30:00-05:00,192.27999877929688,192.88499450683594,192.02000427246094,192.2550048828125
2024-12-20 15:30:00-05:00,192.25999450683594,192.32000732421875,190.77000427246094,191.4199981689453
2024-12-23 09:30:00-05:00,192.6300048828125,194.0,190.14999389648438,191.0
2024-12-23 10:30:00-05:00,191.0699005126953,192.49940490722656,190.99000549316406,192.46499633789062
2024-12-23 11:30:00-05:00,192.47500610351562,194.15989685058594,192.13999938964844,193.4781036376953
2024-12-23 12:30:00-05:00,193.5,194.44000244140625,193.3800048828125,194.08999633789062
2024-12-23 13:30:00-05:00,194.11549377441406,194.5399932861328,193.85000610351562,194.51499938964844
2024-12-23 14:30:00-05:00,194.51840209960938,194.7949981689453,193.72999572753906,194.08999633789062
2024-12-23 15:30:00-05:00,194.11000061035156,195.10000610351562,194.02000427246094,194.58999633789062
2024-12-24 09:30:00-05:00,194.8800048828125,195.61000061035156,193.7899932861328,195.34500122070312
2024-12-24 10:30:00-05:00,195.33999633789062,195.85000610351562,194.6300048828125,195.36000061035156
2024-12-24 11:30:00-05:00,195.35000610351562,195.5749969482422,195.0500030517578,195.25250244140625
2024-12-26 09:30:00-05:00,195.14999389648438,196.27000427246094,194.375,196.26699829101562
2024-12-26 10:30:00-05:00,196.25,196.7480010986328,195.77000427246094,195.9499969482422
2024-12-26 11:30:00-05:00,195.97000122070312,196.24000549316406,195.63999938964844,195.78500366210938
2024-12-26 12:30:00-05:00,195.78500366210938,196.25650024414062,195.36000061035156,196.10000610351562
2024-12-26 13:30:00-05:00,196.08999633789062,196.22500610351562,195.75,195.91000366210938
2024-12-26 14:30:00-05:00,195.91000366210938,196.52000427246094,195.86000061035156,196.32989501953125
2024-12-26 15:30:00-05:00,196.30999755859375,196.38519287109375,195.5,195.58999633789062
2024-12-27 09:30:00-05:00,195.01499938964844,195.2899932861328,190.67999267578125,191.36000061035156
2024-12-27 10:30:00-05:00,191.33999633789062,192.1999969482422,190.86000061035156,192.16600036621094
2024-12-27 11:30:00-05:00,192.14999389648438,192.14999389648438,190.64999389648438,191.01499938964844
2024-12-27 12:30:00-05:00,191.00999450683594,192.0,190.77000427246094,191.9499053955078
2024-12-27 13:30:00-05:00,191.89999389648438,192.8300018310547,191.86000061035156,192.52000427246094
2024-12-27 14:30:00-05:00,192.5500030517578,193.25999450683594,192.2899932861328,192.55479431152344
2024-12-27 15:30:00-05:00,192.52499389648438,193.28469848632812,192.0500030517578,192.75999450683594
2024-12-30 09:30:00-05:00,189.51400756835938,191.1300048828125,189.12759399414062,190.3300018310547
2024-12-30 10:30:00-05:00,190.32000732421875,191.62860107421875,190.1699981689453,190.9499969482422
2024-12-30 11:30:00-05:00,190.9499969482422,192.05999755859375,190.91000366210938,192.00999450683594
2024-12-30 12:30:00-05:00,192.00999450683594,192.52000427246094,191.74000549316406,192.0500030517578
2024-12-30 13:30:00-05:00,192.0,192.5500030517578,191.66000366210938,192.02450561523438
2024-12-30 14:30:00-05:00,192.03500366210938,192.42999267578125,191.8101043701172,191.8101043701172
2024-12-30 15:30:00-05:00,191.8300018310547,192.27000427246094,191.19000244140625,191.1999969482422
2024-12-31 09:30:00-05:00,191.05499267578125,191.9550018310547,190.63999938964844,191.32000732421875
2024-12-31 10:30:00-05:00,191.30499267578125,191.55999755859375,190.5399932861328,190.60000610351562
2024-12-31 11:30:00-05:00,190.60000610351562,191.1300048828125,190.25999450683594,190.33999633789062
2024-12-31 12:30:00-05:00,190.32000732421875,190.5749969482422,189.52999877929688,189.5749969482422
2024-12-31 13:30:00-05:00,189.5800018310547,190.35000610351562,189.4600067138672,189.66000366210938
2024-12-31 14:30:00-05:00,189.67999267578125,190.36000061035156,189.42999267578125,190.35000610351562
2024-12-31 15:30:00-05:00,190.35000610351562,190.47000122070312,188.50999450683594,189.3000030517578
2025-01-02 09:30:00-05:00,190.6300048828125,192.0,188.48599243164062,190.39999389648438
2025-01-02 10:30:00-05:00,190.39999389648438,190.52999877929688,189.4199981689453,190.22500610351562
2025-01-02 11:30:00-05:00,190.2100067138672,190.82000732421875,188.27000427246094,188.36000061035156
2025-01-02 12:30:00-05:00,188.35000610351562,188.8699951171875,187.5,188.7100067138672
2025-01-02 13:30:00-05:00,188.69000244140625,189.2899932861328,187.99229431152344,189.05499267578125
2025-01-02 14:30:00-05:00,189.0050048828125,189.35000610351562,188.47999572753906,189.02999877929688
2025-01-02 15:30:00-05:00,189.0399932861328,189.5500030517578,188.9600067138672,189.38999938964844
2025-01-03 09:30:00-05:00,191.4499969482422,193.2100067138672,189.97500610351562,190.7100067138672
2025-01-03 10:30:00-05:00,190.71499633789062,191.3000030517578,190.3300018310547,191.03500366210938
2025-01-03 11:30:00-05:00,191.02000427246094,192.44000244140625,190.97000122070312,191.89999389648438
2025-01-03 12:30:00-05:00,191.9199981689453,192.33099365234375,191.64999389648438,192.3249969482422
2025-01-03 13:30:00-05:00,192.31570434570312,192.35000610351562,191.8300018310547,192.3300018310547
2025-01-03 14:30:00-05:00,192.3249969482422,192.6977996826172,191.91000366210938,192.0850067138672
2025-01-03 15:30:00-05:00,192.0800018310547,192.0850067138672,191.38499450683594,191.77999877929688
2025-01-06 09:30:00-05:00,193.92999267578125,198.22219848632812,193.92999267578125,197.2100067138672
2025-01-06 10:30:00-05:00,197.2100067138672,198.10000610351562,196.7100067138672,198.00999450683594
2025-01-06 11:30:00-05:00,198.00999450683594,198.02499389648438,197.27000427246094,197.77999877929688
2025-01-06 12:30:00-05:00,197.77000427246094,197.86500549316406,197.20350646972656,197.6999969482422
2025-01-06 13:30:00-05:00,197.69000244140625,197.77999877929688,196.11000061035156,196.33999633789062
2025-01-06 14:30:00-05:00,196.3300018310547,196.42999267578125,195.35000610351562,196.2100067138672
2025-01-06 15:30:00-05:00,196.22000122070312,196.9600067138672,195.8699951171875,196.91000366210938
2025-01-07 09:30:00-05:00,197.11000061035156,201.0,197.0500030517578,198.39999389648438
2025-01-07 10:30:00-05:00,198.3800048828125,198.52000427246094,196.30999755859375,198.25999450683594
2025-01-07 11:30:00-05:00,198.25,198.25,195.72999572753906,196.3350067138672
2025-01-07 12:30:00-05:00,196.36000061035156,196.49000549316406,195.2899932861328,196.35000610351562
2025-01-07 13:30:00-05:00,196.35000610351562,196.5500030517578,195.5500030517578,196.38999938964844
2025-01-07 14:30:00-05:00,196.3699951171875,196.42999267578125,194.6999969482422,194.94000244140625
2025-01-07 15:30:00-05:00,194.9600067138672,195.76980590820312,194.60000610351562,195.47000122070312
2025-01-08 09:30:00-05:00,192.5850067138672,196.2899932861328,192.3800048828125,194.69000244140625
2025-01-08 10:30:00-05:00,194.66000366210938,195.38999938964844,193.64500427246094,194.52999877929688
2025-01-08 11:30:00-05:00,194.52000427246094,195.47000122070312,194.17999267578125,194.25
2025-01-08 12:30:00-05:00,194.3000030517578,195.8699951171875,193.92030334472656,195.6199951171875
2025-01-08 13:30:00-05:00,195.60000610351562,195.67999267578125,194.49839782714844,195.5
2025-01-08 14:30:00-05:00,195.49000549316406,195.49000549316406,193.86500549316406,194.05499267578125
2025-01-08 15:30:00-05:00,194.02999877929688,194.1699981689453,193.43499755859375,193.9499969482422
2025-01-10 09:30:00-05:00,194.14500427246094,196.50999450683594,190.30999755859375,192.5500030517578
2025-01-10 10:30:00-05:00,192.55999755859375,194.4199981689453,192.02999877929688,192.6699981689453
2025-01-10 11:30:00-05:00,192.6699981689453,192.8925018310547,191.5,192.36000061035156
2025-01-10 12:30:00-05:00,192.33999633789062,194.1300048828125,192.25010681152344,193.97999572753906
2025-01-10 13:30:00-05:00,193.9550018310547,194.9499969482422,193.64999389648438,194.01499938964844
2025-01-10 14:30:00-05:00,194.00999450683594,194.00999450683594,192.0800018310547,192.11000061035156
2025-01-10 15:30:00-05:00,192.1300048828125,192.47999572753906,191.6999969482422,192.0399932861328
2025-01-13 09:30:00-05:00,190.19500732421875,190.5800018310547,187.36000061035156,189.4499969482422
2025-01-13 10:30:00-05:00,189.50999450683594,190.2631072998047,188.8300018310547,188.8300018310547
2025-01-13 11:30:00-05:00,188.85000610351562,189.74000549316406,188.81500244140625,189.49000549316406
2025-01-13 12:30:00-05:00,189.4499969482422,190.27000427246094,189.34500122070312,190.13999938964844
2025-01-13 13:30:00-05:00,190.13999938964844,190.87989807128906,190.0,190.85000610351562
2025-01-13 14:30:00-05:00,190.86000061035156,191.02999877929688,190.4499969482422,190.63580322265625
2025-01-13 15:30:00-05:00,190.63999938964844,191.17999267578125,190.5399932861328,191.02000427246094
2025-01-14 09:30:00-05:00,191.22999572753906,191.97999572753906,190.4199981689453,190.8800048828125
2025-01-14 10:30:00-05:00,190.91000366210938,191.22999572753906,190.3300018310547,190.64999389648438
2025-01-14 11:30:00-05:00,190.67999267578125,190.89999389648438,189.08999633789062,189.64959716796875
2025-01-14 12:30:00-05:00,189.64999389648438,190.1699981689453,189.0,190.11000061035156
2025-01-14 13:30:00-05:00,190.10000610351562,190.60000610351562,189.97999572753906,190.3800048828125
2025-01-14 14:30:00-05:00,190.3800048828125,190.5,188.30819702148438,188.8800048828125
2025-01-14 15:30:00-05:00,188.8699951171875,189.67999267578125,188.63999938964844,189.63999938964844
2025-01-15 09:30:00-05:00,192.80999755859375,194.63999938964844,191.86050415039062,194.27000427246094
2025-01-15 10:30:00-05:00,194.27000427246094,194.77000427246094,193.7449951171875,194.19000244140625
2025-01-15 11:30:00-05:00,194.17999267578125,194.17999267578125,193.29949951171875,194.0399932861328
2025-01-15 12:30:00-05:00,194.0500030517578,195.35000610351562,194.02000427246094,195.3000030517578
2025-01-15 13:30:00-05:00,195.3300018310547,196.1999969482422,195.0738983154297,196.125
2025-01-15 14:30:00-05:00,196.13999938964844,196.36000061035156,195.6699981689453,195.6999969482422
2025-01-15 15:30:00-05:00,195.6999969482422,196.03199768066406,195.3699951171875,195.55999755859375
2025-01-16 09:30:00-05:00,194.3800048828125,195.05999755859375,193.4499969482422,194.16000366210938
2025-01-16 10:30:00-05:00,194.1750030517578,195.47999572753906,193.9499969482422,195.25999450683594
2025-01-16 11:30:00-05:00,195.27000427246094,195.4199981689453,194.13009643554688,194.52000427246094
2025-01-16 12:30:00-05:00,194.50999450683594,194.50999450683594,194.02999877929688,194.06500244140625
2025-01-16 13:30:00-05:00,194.06500244140625,194.2010955810547,193.32000732421875,194.0659942626953
2025-01-16 14:30:00-05:00,194.07000732421875,194.28700256347656,193.66000366210938,193.77000427246094
2025-01-16 15:30:00-05:00,193.72999572753906,193.88999938964844,192.80999755859375,192.8800048828125
2025-01-17 09:30:00-05:00,196.52499389648438,196.8300018310547,193.75,194.65499877929688
2025-01-17 10:30:00-05:00,194.63999938964844,196.19000244140625,194.3300018310547,196.14999389648438
2025-01-17 11:30:00-05:00,196.15499877929688,196.1999969482422,195.4600067138672,196.0496063232422
2025-01-17 12:30:00-05:00,196.0449981689453,197.22999572753906,195.8800048828125,196.7100067138672
2025-01-17 13:30:00-05:00,196.69500732421875,196.8300018310547,195.86000061035156,195.96499633789062
2025-01-17 14:30:00-05:00,195.97999572753906,196.05999755859375,195.6199951171875,195.9600067138672
2025-01-17 15:30:00-05:00,195.9499969482422,196.47999572753906,195.82009887695312,195.99000549316406
2025-01-21 09:30:00-05:00,198.98500061035156,202.2899932861328,198.07000732421875,200.1300048828125
2025-01-21 10:30:00-05:00,200.10000610351562,200.22999572753906,198.24029541015625,198.3300018310547
2025-01-21 11:30:00-05:00,198.32000732421875,199.6977996826172,197.8699951171875,199.60000610351562
2025-01-21 12:30:00-05:00,199.60000610351562,200.0,199.44000244140625,199.59500122070312
2025-01-21 13:30:00-05:00,199.58999633789062,199.7899932861328,198.97999572753906,199.01800537109375
2025-01-21 14:30:00-05:00,199.02000427246094,199.27999877929688,198.72999572753906,199.05999755859375
2025-01-21 15:30:00-05:00,199.05999755859375,199.10000610351562,197.9066925048828,198.0500030517578
2025-01-22 09:30:00-05:00,199.0,200.47999572753906,198.8000030517578,199.42999267578125
2025-01-22 10:30:00-05:00,199.41769409179688,199.99000549316406,198.97000122070312,199.8800048828125
2025-01-22 11:30:00-05:00,199.89999389648438,200.3199005126953,199.6699981689453,200.2899932861328
2025-01-22 12:30:00-05:00,200.27000427246094,200.27499389648438,198.41000366210938,198.6479949951172
2025-01-22 13:30:00-05:00,198.66000366210938,199.10000610351562,197.77499389648438,197.84500122070312
2025-01-22 14:30:00-05:00,197.83999633789062,198.13999938964844,197.5301055908203,198.0
2025-01-22 15:30:00-05:00,197.9949951171875,198.58999633789062,197.82000732421875,198.3300018310547
2025-01-23 09:30:00-05:00,198.24000549316406,199.5399932861328,197.27670288085938,198.86000061035156
2025-01-23 10:30:00-05:00,198.86000061035156,200.3000030517578,198.77000427246094,200.27980041503906
2025-01-23 11:30:00-05:00,200.25999450683594,200.25999450683594,199.25,199.33999633789062
2025-01-23 12:30:00-05:00,199.33999633789062,199.61610412597656,199.02999877929688,199.1300048828125
2025-01-23 13:30:00-05:00,199.16000366210938,199.3000030517578,195.1999969482422,196.2550048828125
2025-01-23 14:30:00-05:00,196.27000427246094,197.26499938964844,196.22999572753906,197.11000061035156
2025-01-23 15:30:00-05:00,197.11000061035156,198.0,196.82000732421875,197.9600067138672
2025-01-24 09:30:00-05:00,198.1699981689453,200.25,198.0,198.82009887695312
2025-01-24 10:30:00-05:00,198.8300018310547,199.5,198.30999755859375,199.39999389648438
2025-01-24 11:30:00-05:00,199.4199981689453,199.69000244140625,198.7899932861328,199.2899932861328
2025-01-24 12:30:00-05:00,199.25999450683594,200.11000061035156,199.2100067138672,199.89999389648438
2025-01-24 13:30:00-05:00,199.91000366210938,200.89999389648438,199.72999572753906,200.72109985351562
2025-01-24 14:30:00-05:00,200.69000244140625,200.77999877929688,199.49319458007812,199.89999389648438
2025-01-24 15:30:00-05:00,199.88999938964844,200.2899932861328,199.77000427246094,200.1999969482422
2025-01-27 09:30:00-05:00,192.4499969482422,195.5500030517578,192.35000610351562,195.5
2025-01-27 10:30:00-05:00,195.47000122070312,196.8800048828125,194.4239959716797,194.64999389648438
2025-01-27 11:30:00-05:00,194.63499450683594,194.94000244140625,193.22000122070312,193.75
2025-01-27 12:30:00-05:00,193.74000549316406,194.07000732421875,193.14999389648438,193.3000030517578
2025-01-27 13:30:00-05:00,193.31280517578125,194.0,193.01499938964844,193.8300018310547
2025-01-27 14:30:00-05:00,193.83999633789062,193.85989379882812,191.10000610351562,191.19500732421875
2025-01-27 15:30:00-05:00,191.2100067138672,192.0,190.72999572753906,191.80999755859375
2025-01-28 09:30:00-05:00,192.7449951171875,194.8300018310547,190.67999267578125,194.5500030517578
2025-01-28 10:30:00-05:00,194.5399932861328,195.39999389648438,193.97999572753906,194.58999633789062
2025-01-28 11:30:00-05:00,194.6199951171875,195.3773956298828,194.00999450683594,194.927001953125
2025-01-28 12:30:00-05:00,194.94110107421875,195.10000610351562,194.625,194.8800048828125
2025-01-28 13:30:00-05:00,194.88999938964844,195.24000549316406,194.75,194.84010314941406
2025-01-28 14:30:00-05:00,194.85000610351562,195.47999572753906,194.71400451660156,195.25
2025-01-28 15:30:00-05:00,195.24000549316406,195.47000122070312,194.56500244140625,195.30999755859375
2025-01-29 09:30:00-05:00,195.55499267578125,196.22000122070312,193.42999267578125,194.02999877929688
2025-01-29 10:30:00-05:00,194.02000427246094,195.0,193.9499969482422,194.72999572753906
2025-01-29 11:30:00-05:00,194.76890563964844,195.36000061035156,194.57000732421875,195.1999969482422
2025-01-29 12:30:00-05:00,195.19740295410156,195.19740295410156,194.22999572753906,195.10000610351562
2025-01-29 13:30:00-05:00,195.08999633789062,195.42999267578125,194.52000427246094,195.1999969482422
2025-01-29 14:30:00-05:00,195.17999267578125,196.78500366210938,195.02999877929688,196.4199981689453
2025-01-29 15:30:00-05:00,196.4499969482422,196.57000732421875,194.94500732421875,195.38999938964844
2025-01-30 09:30:00-05:00,198.0,201.39999389648438,197.94000244140625,199.89999389648438
2025-01-30 10:30:00-05:00,199.88999938964844,200.02999877929688,197.6699981689453,199.5500030517578
2025-01-30 11:30:00-05:00,199.52999877929688,200.3000030517578,199.2760009765625,199.36000061035156
2025-01-30 12:30:00-05:00,199.38999938964844,200.0,199.1649932861328,199.78500366210938
2025-01-30 13:30:00-05:00,199.79429626464844,200.64999389648438,199.7415008544922,200.31500244140625
2025-01-30 14:30:00-05:00,200.31500244140625,201.37989807128906,200.02999877929688,201.05999755859375
2025-01-30 15:30:00-05:00,201.06500244140625,201.30499267578125,200.24000549316406,200.8800048828125
2025-01-31 09:30:00-05:00,202.0,205.02000427246094,201.8249969482422,204.24000549316406
2025-01-31 10:30:00-05:00,204.22000122070312,205.1199951171875,204.13999938964844,204.44430541992188
2025-01-31 11:30:00-05:00,204.44000244140625,205.1699981689453,204.27000427246094,204.52999877929688
2025-01-31 12:30:00-05:00,204.5399932861328,205.47999572753906,204.22000122070312,204.88999938964844
2025-01-31 13:30:00-05:00,204.88999938964844,205.47000122070312,204.3350067138672,204.97000122070312
2025-01-31 14:30:00-05:00,204.97000122070312,205.1999969482422,203.35000610351562,203.56500244140625
2025-01-31 15:30:00-05:00,203.57000732421875,204.50999450683594,203.41009521484375,204.00999450683594
2025-02-03 09:30:00-05:00,200.6699981689453,203.02000427246094,200.11000061035156,202.5399932861328
2025-02-03 10:30:00-05:00,202.51499938964844,203.75,201.72000122070312,203.19000244140625
2025-02-03 11:30:00-05:00,203.18499755859375,203.75,202.33999633789062,202.64999389648438
2025-02-03 12:30:00-05:00,202.625,203.10000610351562,202.11500549316406,202.92999267578125
2025-02-03 13:30:00-05:00,202.9600067138672,203.17999267578125,202.52000427246094,202.75
2025-02-03 14:30:00-05:00,202.75,202.80999755859375,202.02999877929688,202.1199951171875
2025-02-03 15:30:00-05:00,202.1199951171875,202.314697265625,200.9199981689453,201.24000549316406
2025-02-04 09:30:00-05:00,203.25999450683594,205.80499267578125,202.82000732421875,205.70989990234375
2025-02-04 10:30:00-05:00,205.6999969482422,206.63499450683594,205.13499450683594,205.72999572753906
2025-02-04 11:30:00-05:00,205.72000122070312,205.77000427246094,204.0500030517578,204.19000244140625
2025-02-04 12:30:00-05:00,204.19000244140625,205.97000122070312,203.89999389648438,205.58009338378906
2025-02-04 13:30:00-05:00,205.58999633789062,205.60000610351562,204.7548065185547,205.31500244140625
2025-02-04 14:30:00-05:00,205.3300018310547,206.22000122070312,204.94000244140625,205.36500549316406
2025-02-04 15:30:00-05:00,205.35000610351562,207.0500030517578,205.2100067138672,206.1300048828125
2025-02-05 09:30:00-05:00,191.21499633789062,192.75,188.02999877929688,188.36500549316406
2025-02-05 10:30:00-05:00,188.35000610351562,189.86000061035156,188.05999755859375,189.67990112304688
2025-02-05 11:30:00-05:00,189.64999389648438,191.61000061035156,189.4499969482422,190.72000122070312
2025-02-05 12:30:00-05:00,190.72000122070312,191.5800018310547,190.30999755859375,190.5500030517578
2025-02-05 13:30:00-05:00,190.55499267578125,191.3699951171875,189.835693359375,189.99000549316406
2025-02-05 14:30:00-05:00,190.00999450683594,190.66900634765625,189.50999450683594,190.40989685058594
2025-02-05 15:30:00-05:00,190.39999389648438,191.5,189.7100067138672,191.33999633789062
2025-02-06 09:30:00-05:00,189.1999969482422,191.4199981689453,188.72000122070312,190.3800048828125
2025-02-06 10:30:00-05:00,190.3699951171875,191.08999633789062,189.9199981689453,190.7100067138672
2025-02-06 11:30:00-05:00,190.75,191.0449981689453,190.39999389648438,190.69000244140625
2025-02-06 12:30:00-05:00,190.69679260253906,191.72999572753906,190.5,191.57000732421875
2025-02-06 13:30:00-05:00,191.58999633789062,192.10000610351562,191.15109252929688,191.32650756835938
2025-02-06 14:30:00-05:00,191.3300018310547,191.33999633789062,190.3699951171875,190.89999389648438
2025-02-06 15:30:00-05:00,190.91000366210938,191.80999755859375,190.82000732421875,191.6300048828125
2025-02-07 09:30:00-05:00,190.9949951171875,191.17999267578125,186.1510009765625,186.39999389648438
2025-02-07 10:30:00-05:00,186.3800048828125,186.8699951171875,185.10000610351562,185.4691925048828
2025-02-07 11:30:00-05:00,185.49000549316406,185.6396942138672,183.24000549316406,183.6300048828125
2025-02-07 12:30:00-05:00,183.6199951171875,186.03500366210938,183.3699951171875,186.01499938964844
2025-02-07 13:30:00-05:00,186.00999450683594,186.34500122070312,185.0,185.47999572753906
2025-02-07 14:30:00-05:00,185.5,185.92999267578125,185.22000122070312,185.24090576171875
2025-02-07 15:30:00-05:00,185.24000549316406,185.5800018310547,185.11700439453125,185.35000610351562
2025-02-10 09:30:00-05:00,187.38999938964844,188.1999969482422,185.86000061035156,187.81500244140625
2025-02-10 10:30:00-05:00,187.8249969482422,188.0800018310547,187.02999877929688,187.22999572753906
2025-02-10 11:30:00-05:00,187.24000549316406,187.4250030517578,186.04420471191406,186.125
2025-02-10 12:30:00-05:00,186.11000061035156,186.80999755859375,186.0500946044922,186.74000549316406
2025-02-10 13:30:00-05:00,186.72999572753906,186.80999755859375,186.4499969482422,186.55999755859375
2025-02-10 14:30:00-05:00,186.5449981689453,186.7100067138672,186.4600067138672,186.539794921875
2025-02-10 15:30:00-05:00,186.52999877929688,186.64999389648438,186.1699981689453,186.3800048828125
2025-02-11 09:30:00-05:00,185.11000061035156,186.94000244140625,184.72000122070312,186.3300018310547
2025-02-11 10:30:00-05:00,186.3300018310547,186.58999633789062,184.47000122070312,184.99000549316406
2025-02-11 11:30:00-05:00,185.0,185.24989318847656,184.27999877929688,184.80999755859375
2025-02-11 12:30:00-05:00,184.84500122070312,184.97999572753906,184.52999877929688,184.5800018310547
2025-02-11 13:30:00-05:00,184.5800018310547,185.14999389648438,184.57000732421875,184.93499755859375
2025-02-11 14:30:00-05:00,184.93499755859375,185.7899932861328,184.63999938964844,185.5050048828125
2025-02-11 15:30:00-05:00,185.5,185.52589416503906,184.8800048828125,185.37010192871094
2025-02-12 09:30:00-05:00,183.25,185.11000061035156,181.8300018310547,183.2884063720703
2025-02-12 10:30:00-05:00,183.30140686035156,183.9322052001953,182.41000366210938,182.59689331054688
2025-02-12 11:30:00-05:00,182.5800018310547,184.05999755859375,182.5,183.9149932861328
2025-02-12 12:30:00-05:00,183.91000366210938,184.5500030517578,183.66000366210938,183.80999755859375
2025-02-12 13:30:00-05:00,183.8300018310547,183.88999938964844,183.0,183.25999450683594
2025-02-12 14:30:00-05:00,183.25999450683594,184.07000732421875,183.25759887695312,183.52000427246094
2025-02-12 15:30:00-05:00,183.50999450683594,183.74000549316406,183.19000244140625,183.57000732421875
2025-02-13 09:30:00-05:00,184.27000427246094,184.5,183.13999938964844,184.19000244140625
2025-02-13 10:30:00-05:00,184.19000244140625,185.0500030517578,184.05999755859375,184.1999969482422
2025-02-13 11:30:00-05:00,184.19000244140625,184.3966064453125,183.5800018310547,183.91000366210938
2025-02-13 12:30:00-05:00,183.9149932861328,184.33999633789062,183.5,183.83999633789062
2025-02-13 13:30:00-05:00,183.84500122070312,184.41000366210938,183.5,184.33189392089844
2025-02-13 14:30:00-05:00,184.35000610351562,185.5124053955078,184.26510620117188,185.4199981689453
2025-02-13 15:30:00-05:00,185.41000366210938,186.27999877929688,185.33990478515625,186.1199951171875
2025-02-14 09:30:00-05:00,185.0500030517578,186.39999389648438,184.4600067138672,184.82000732421875
2025-02-14 10:30:00-05:00,184.80999755859375,185.5500030517578,184.42999267578125,185.33999633789062
2025-02-14 11:30:00-05:00,185.35000610351562,185.4250030517578,184.39999389648438,184.4499969482422
2025-02-14 12:30:00-05:00,184.47000122070312,185.17250061035156,184.32000732421875,184.88999938964844
2025-02-14 13:30:00-05:00,184.8699951171875,185.47999572753906,184.85000610351562,185.26499938964844
2025-02-14 14:30:00-05:00,185.25,185.25,184.86000061035156,185.15499877929688
2025-02-14 15:30:00-05:00,185.16000366210938,185.86000061035156,185.0850067138672,185.1699981689453
2025-02-18 09:30:00-05:00,185.55999755859375,185.9600067138672,183.5500030517578,183.77999877929688
2025-02-18 10:30:00-05:00,183.77000427246094,184.58999633789062,183.75039672851562,184.3000030517578
2025-02-18 11:30:00-05:00,184.2899932861328,184.47000122070312,183.52200317382812,183.53500366210938
2025-02-18 12:30:00-05:00,183.53500366210938,183.91000366210938,183.00999450683594,183.06500244140625
2025-02-18 13:30:00-05:00,183.0800018310547,183.1699981689453,181.74009704589844,182.4949951171875
2025-02-18 14:30:00-05:00,182.49000549316406,183.27679443359375,182.2949981689453,183.00999450683594
2025-02-18 15:30:00-05:00,183.0167999267578,183.88999938964844,182.84500122070312,183.77000427246094
2025-02-19 09:30:00-05:00,184.3350067138672,184.8000030517578,183.60000610351562,184.24000549316406
2025-02-19 10:30:00-05:00,184.1999969482422,185.17999267578125,183.77999877929688,184.5500030517578
2025-02-19 11:30:00-05:00,184.5399932861328,185.02000427246094,184.46009826660156,184.49989318847656
2025-02-19 12:30:00-05:00,184.5,185.02000427246094,184.36000061035156,184.75660705566406
2025-02-19 13:30:00-05:00,184.75999450683594,184.91000366210938,184.41200256347656,184.63999938964844
2025-02-19 14:30:00-05:00,184.63499450683594,184.9055938720703,184.47500610351562,184.63499450683594
2025-02-19 15:30:00-05:00,184.64999389648438,185.4550018310547,184.58999633789062,185.25999450683594
2025-02-20 09:30:00-05:00,184.77999877929688,185.30999755859375,182.72000122070312,183.7899932861328
2025-02-20 10:30:00-05:00,183.7899932861328,184.3000030517578,183.13609313964844,183.9604949951172
2025-02-20 11:30:00-05:00,183.99000549316406,184.0850067138672,183.47000122070312,183.82000732421875
2025-02-20 12:30:00-05:00,183.8300018310547,184.17999267578125,183.72999572753906,184.10499572753906
2025-02-20 13:30:00-05:00,184.10000610351562,184.80499267578125,184.00999450683594,184.49000549316406
2025-02-20 14:30:00-05:00,184.47999572753906,184.63999938964844,184.0500030517578,184.14999389648438
2025-02-20 15:30:00-05:00,184.16000366210938,184.99000549316406,184.10000610351562,184.55999755859375
2025-02-21 09:30:00-05:00,185.17999267578125,185.33999633789062,182.94000244140625,183.0500030517578
2025-02-21 10:30:00-05:00,183.0399932861328,183.25,181.3437042236328,181.47000122070312
2025-02-21 11:30:00-05:00,181.4600067138672,181.47000122070312,180.72000122070312,181.1999969482422
2025-02-21 12:30:00-05:00,181.1999969482422,181.22000122070312,179.82000732421875,180.4499969482422
2025-02-21 13:30:00-05:00,180.47000122070312,180.85789489746094,179.9250030517578,180.0800018310547
2025-02-21 14:30:00-05:00,180.0399932861328,180.33999633789062,179.0800018310547,179.72000122070312
2025-02-21 15:30:00-05:00,179.72999572753906,179.97999572753906,179.0850067138672,179.66000366210938
2025-02-24 09:30:00-05:00,181.8699951171875,183.1199951171875,179.49000549316406,180.36000061035156
2025-02-24 10:30:00-05:00,180.35000610351562,181.15989685058594,179.8800048828125,180.6907958984375
2025-02-24 11:30:00-05:00,180.7100067138672,181.375,180.19000244140625,181.09500122070312
2025-02-24 12:30:00-05:00,181.10000610351562,181.32000732421875,180.57000732421875,181.01499938964844
2025-02-24 13:30:00-05:00,181.02000427246094,181.02349853515625,180.46499633789062,180.74000549316406
2025-02-24 14:30:00-05:00,180.77000427246094,180.89999389648438,180.16000366210938,180.2050018310547
2025-02-24 15:30:00-05:00,180.22000122070312,180.47000122070312,178.88999938964844,179.27999877929688
2025-02-25 09:30:00-05:00,178.02999877929688,178.74000549316406,175.50999450683594,175.6114959716797
2025-02-25 10:30:00-05:00,175.6199951171875,176.33999633789062,174.86000061035156,175.3032989501953
2025-02-25 11:30:00-05:00,175.3249969482422,177.02000427246094,174.6938934326172,176.8249969482422
2025-02-25 12:30:00-05:00,176.82000732421875,177.5399932861328,176.50999450683594,176.5399932861328
2025-02-25 13:30:00-05:00,176.5399932861328,177.5399932861328,176.47279357910156,176.51499938964844
2025-02-25 14:30:00-05:00,176.50999450683594,176.63999938964844,176.0399932861328,176.13999938964844
2025-02-25 15:30:00-05:00,176.14999389648438,176.19000244140625,175.0,175.4600067138672
2025-02-26 09:30:00-05:00,175.07000732421875,176.0800018310547,172.89999389648438,175.1699981689453
2025-02-26 10:30:00-05:00,175.17999267578125,175.85980224609375,175.0500030517578,175.38999938964844
2025-02-26 11:30:00-05:00,175.38999938964844,175.4199981689453,174.05499267578125,174.2949981689453
2025-02-26 12:30:00-05:00,174.30499267578125,174.35000610351562,172.75,172.77000427246094
2025-02-26 13:30:00-05:00,172.75999450683594,173.22999572753906,172.12010192871094,172.25
2025-02-26 14:30:00-05:00,172.24000549316406,172.83999633789062,171.58070373535156,172.7100067138672
2025-02-26 15:30:00-05:00,172.6999969482422,173.0399932861328,172.38999938964844,172.6999969482422
2025-02-27 09:30:00-05:00,173.98500061035156,174.5399932861328,169.03500366210938,170.97560119628906
2025-02-27 10:30:00-05:00,170.96499633789062,171.80999755859375,169.65390014648438,171.0850067138672
2025-02-27 11:30:00-05:00,171.08999633789062,171.42999267578125,170.25,171.2899932861328
2025-02-27 12:30:00-05:00,171.3000030517578,171.60000610351562,170.36000061035156,170.9199981689453
2025-02-27 13:30:00-05:00,170.9499969482422,171.4499969482422,169.91600036621094,170.0500030517578
2025-02-27 14:30:00-05:00,170.0500030517578,170.07000732421875,168.5399932861328,168.58230590820312
2025-02-27 15:30:00-05:00,168.57000732421875,169.14999389648438,167.94000244140625,168.49000549316406
2025-02-28 09:30:00-05:00,168.63499450683594,170.10000610351562,166.77000427246094,169.4600067138672
2025-02-28 10:30:00-05:00,169.4600067138672,169.47500610351562,167.96499633789062,167.99000549316406
2025-02-28 11:30:00-05:00,167.97999572753906,169.1999969482422,167.85000610351562,168.63999938964844
2025-02-28 12:30:00-05:00,168.64999389648438,168.84500122070312,167.19000244140625,168.06500244140625
2025-02-28 13:30:00-05:00,168.0399932861328,168.5,167.14999389648438,167.49000549316406
2025-02-28 14:30:00-05:00,167.5,169.1999969482422,167.3300018310547,169.15499877929688
2025-02-28 15:30:00-05:00,169.1510009765625,170.60000610351562,168.5,170.2899932861328
2025-03-03 09:30:00-05:00,171.93499755859375,173.3699951171875,169.16000366210938,170.75
2025-03-03 10:30:00-05:00,170.72500610351562,171.03500366210938,169.97999572753906,170.25
2025-03-03 11:30:00-05:00,170.27999877929688,170.49000549316406,169.74000549316406,169.92999267578125
2025-03-03 12:30:00-05:00,169.92999267578125,170.02999877929688,168.1999969482422,168.25999450683594
2025-03-03 13:30:00-05:00,168.25,169.22999572753906,167.92999267578125,168.75
2025-03-03 14:30:00-05:00,168.75999450683594,169.25,166.19000244140625,166.3300018310547
2025-03-03 15:30:00-05:00,166.32000732421875,167.0500030517578,165.92999267578125,167.00999450683594
2025-03-04 09:30:00-05:00,166.30999755859375,168.33859252929688,165.8000030517578,166.77000427246094
2025-03-04 10:30:00-05:00,166.77999877929688,168.3699951171875,166.6302947998047,167.5500030517578
2025-03-04 11:30:00-05:00,167.52999877929688,171.3300018310547,167.5,170.93499755859375
2025-03-04 12:30:00-05:00,170.91000366210938,171.86000061035156,170.14999389648438,170.58999633789062
2025-03-04 13:30:00-05:00,170.5399932861328,172.47999572753906,170.35000610351562,172.1699981689453
2025-03-04 14:30:00-05:00,172.1699981689453,173.2946014404297,171.91940307617188,172.89999389648438
2025-03-04 15:30:00-05:00,172.89999389648438,172.9600067138672,169.91000366210938,170.92999267578125
2025-03-05 09:30:00-05:00,170.49000549316406,171.64999389648438,169.1699981689453,170.03500366210938
2025-03-05 10:30:00-05:00,170.05999755859375,170.64999389648438,169.19000244140625,169.9250030517578
2025-03-05 11:30:00-05:00,169.91000366210938,171.0,169.05999755859375,170.91000366210938
2025-03-05 12:30:00-05:00,170.92999267578125,173.0550994873047,170.88999938964844,172.1699981689453
2025-03-05 13:30:00-05:00,172.1300048828125,173.27999877929688,171.75999450683594,172.9199981689453
2025-03-05 14:30:00-05:00,172.91000366210938,173.72000122070312,172.66000366210938,173.50999450683594
2025-03-05 15:30:00-05:00,173.5,173.77999877929688,172.88999938964844,173.02000427246094
2025-03-06 09:30:00-05:00,170.52999877929688,174.61000061035156,170.5,174.49000549316406
2025-03-06 10:30:00-05:00,174.4600067138672,174.80999755859375,173.6199951171875,174.2449951171875
2025-03-06 11:30:00-05:00,174.17999267578125,174.63999938964844,171.5,171.92999267578125
2025-03-06 12:30:00-05:00,171.94000244140625,173.09950256347656,171.67059326171875,172.49000549316406
2025-03-06 13:30:00-05:00,172.5,172.74000549316406,171.5800018310547,171.78500366210938
2025-03-06 14:30:00-05:00,171.77000427246094,172.85000610351562,171.4499969482422,172.3699951171875
2025-03-06 15:30:00-05:00,172.375,172.72000122070312,171.75999450683594,172.3800048828125
2025-03-07 09:30:00-05:00,171.25999450683594,173.6999969482422,171.25999450683594,172.07000732421875
2025-03-07 10:30:00-05:00,172.0500030517578,172.2100067138672,170.64999389648438,171.07000732421875
2025-03-07 11:30:00-05:00,171.0800018310547,171.6999969482422,170.27000427246094,171.6300048828125
2025-03-07 12:30:00-05:00,171.6300048828125,174.0,171.375,173.38999938964844
2025-03-07 13:30:00-05:00,173.4219970703125,174.97000122070312,173.19000244140625,174.72549438476562
2025-03-07 14:30:00-05:00,174.75999450683594,174.92999267578125,173.60000610351562,173.8699951171875
2025-03-07 15:30:00-05:00,173.85000610351562,174.49000549316406,172.74000549316406,173.8300018310547
2025-03-10 09:30:00-04:00,168.25999450683594,168.4600067138672,165.92999267578125,166.3000030517578
2025-03-10 10:30:00-04:00,166.35000610351562,166.40499877929688,163.69000244140625,166.39999389648438
2025-03-10 11:30:00-04:00,166.39500427246094,167.0,165.10000610351562,165.90989685058594
2025-03-10 12:30:00-04:00,165.94000244140625,166.50999450683594,165.17999267578125,165.24000549316406
2025-03-10 13:30:00-04:00,165.24000549316406,165.38999938964844,164.19000244140625,164.52999877929688
2025-03-10 14:30:00-04:00,164.5500030517578,166.17669677734375,163.99000549316406,165.67999267578125
2025-03-10 15:30:00-04:00,165.64999389648438,166.6300048828125,165.27000427246094,165.8800048828125
2025-03-11 09:30:00-04:00,164.91000366210938,166.75,163.82000732421875,163.8800048828125
2025-03-11 10:30:00-04:00,163.88999938964844,165.1199951171875,163.3809051513672,164.5500030517578
2025-03-11 11:30:00-04:00,164.5500030517578,165.4499969482422,163.3300018310547,163.6699981689453
2025-03-11 12:30:00-04:00,163.6699981689453,164.02999877929688,161.66000366210938,161.69000244140625
2025-03-11 13:30:00-04:00,161.65499877929688,164.3699951171875,161.3699951171875,163.89430236816406
2025-03-11 14:30:00-04:00,163.86000061035156,166.36099243164062,163.53199768066406,165.06500244140625
2025-03-11 15:30:00-04:00,165.10000610351562,165.25,163.9600067138672,163.99000549316406
2025-03-12 09:30:00-04:00,166.5800018310547,167.3699951171875,163.5500030517578,165.13999938964844
2025-03-12 10:30:00-04:00,165.1699981689453,165.6699981689453,163.97999572753906,164.7050018310547
2025-03-12 11:30:00-04:00,164.74000549316406,166.1999969482422,164.4199981689453,165.94000244140625
2025-03-12 12:30:00-04:00,165.93499755859375,167.1199951171875,165.31149291992188,167.00999450683594
2025-03-12 13:30:00-04:00,167.0,167.27999877929688,165.6300048828125,167.07000732421875
2025-03-12 14:30:00-04:00,167.08999633789062,167.5749969482422,166.75,167.3800048828125
2025-03-12 15:30:00-04:00,167.3800048828125,167.639892578125,166.59500122070312,167.0800018310547
2025-03-13 09:30:00-04:00,166.0500030517578,166.1300048828125,162.7899932861328,164.19619750976562
2025-03-13 10:30:00-04:00,164.1999969482422,165.00999450683594,163.1699981689453,163.46009826660156
2025-03-13 11:30:00-04:00,163.4600067138672,164.08999633789062,162.9199981689453,163.11500549316406
2025-03-13 12:30:00-04:00,163.1300048828125,163.74000549316406,162.3300018310547,162.72999572753906
2025-03-13 13:30:00-04:00,162.74000549316406,163.6300048828125,162.11000061035156,163.6300048828125
2025-03-13 14:30:00-04:00,163.63999938964844,164.22000122070312,162.50999450683594,162.68499755859375
2025-03-13 15:30:00-04:00,162.69000244140625,162.9149932861328,162.3000030517578,162.75999450683594
2025-03-14 09:30:00-04:00,163.27000427246094,164.3699951171875,162.4499969482422,163.14999389648438
2025-03-14 10:30:00-04:00,163.14999389648438,164.6300048828125,163.02999877929688,164.10000610351562
2025-03-14 11:30:00-04:00,164.1300048828125,165.14999389648438,164.02499389648438,164.5
2025-03-14 12:30:00-04:00,164.5,165.49000549316406,164.41000366210938,164.52999877929688
2025-03-14 13:30:00-04:00,164.5399932861328,164.8699951171875,164.00999450683594,164.710205078125
2025-03-14 14:30:00-04:00,164.7100067138672,165.23500061035156,164.7100067138672,164.78900146484375
2025-03-14 15:30:00-04:00,164.7899932861328,165.94000244140625,164.77999877929688,165.44000244140625
2025-03-17 09:30:00-04:00,165.1999969482422,166.3000030517578,164.5800018310547,164.60000610351562
2025-03-17 10:30:00-04:00,164.58999633789062,165.09500122070312,164.18499755859375,164.22000122070312
2025-03-17 11:30:00-04:00,164.22000122070312,164.72999572753906,163.6699981689453,164.4199981689453
2025-03-17 12:30:00-04:00,164.42999267578125,164.87750244140625,164.22999572753906,164.75
2025-03-17 13:30:00-04:00,164.75999450683594,165.36500549316406,164.69000244140625,165.3249969482422
2025-03-17 14:30:00-04:00,165.3249969482422,165.5399932861328,164.67999267578125,164.99000549316406
2025-03-17 15:30:00-04:00,164.97500610351562,165.36000061035156,163.80999755859375,164.22000122070312
2025-03-18 09:30:00-04:00,163.6750030517578,164.24000549316406,157.00999450683594,157.1300048828125
2025-03-18 10:30:00-04:00,157.1199951171875,158.89999389648438,156.72000122070312,158.65499877929688
2025-03-18 11:30:00-04:00,158.66000366210938,160.46499633789062,158.52999877929688,160.4600067138672
2025-03-18 12:30:00-04:00,160.4149932861328,160.4783935546875,159.0,159.75999450683594
2025-03-18 13:30:00-04:00,159.77000427246094,160.2989959716797,159.6199951171875,160.02000427246094
2025-03-18 14:30:00-04:00,160.02000427246094,160.80999755859375,159.77999877929688,160.47999572753906
2025-03-18 15:30:00-04:00,160.50999450683594,160.8000030517578,159.91099548339844,160.6699981689453
2025-03-19 09:30:00-04:00,161.91000366210938,162.67999267578125,161.07000732421875,161.7899932861328
2025-03-19 10:30:00-04:00,161.8000030517578,162.66000366210938,161.5,162.55999755859375
2025-03-19 11:30:00-04:00,162.55999755859375,163.05999755859375,162.27000427246094,163.00999450683594
2025-03-19 12:30:00-04:00,163.0,163.10000610351562,162.33999633789062,162.5
2025-03-19 13:30:00-04:00,162.50999450683594,163.74940490722656,162.19000244140625,163.48500061035156
2025-03-19 14:30:00-04:00,163.47000122070312,165.8699951171875,163.47000122070312,164.68499755859375
2025-03-19 15:30:00-04:00,164.6699981689453,165.77999877929688,163.7100067138672,163.9600067138672
2025-03-20 09:30:00-04:00,161.67999267578125,164.45970153808594,160.97000122070312,164.35000610351562
2025-03-20 10:30:00-04:00,164.3699951171875,164.8800048828125,163.85000610351562,164.31500244140625
2025-03-20 11:30:00-04:00,164.2041015625,164.2100067138672,162.3800048828125,162.4499969482422
2025-03-20 12:30:00-04:00,162.47000122070312,162.9149932861328,162.1649932861328,162.1649932861328
2025-03-20 13:30:00-04:00,162.1699981689453,162.82000732421875,161.9199981689453,161.9600067138672
2025-03-20 14:30:00-04:00,161.9600067138672,162.72999572753906,161.50999450683594,162.22999572753906
2025-03-20 15:30:00-04:00,162.22999572753906,163.1199951171875,162.22500610351562,162.8000030517578
2025-03-21 09:30:00-04:00,161.2050018310547,162.75999450683594,160.89010620117188,162.6199951171875
2025-03-21 10:30:00-04:00,162.63999938964844,163.41000366210938,162.22000122070312,162.3000030517578
2025-03-21 11:30:00-04:00,162.2899932861328,163.44760131835938,161.72999572753906,163.13999938964844
2025-03-21 12:30:00-04:00,163.13999938964844,163.52499389648438,162.59500122070312,162.75840759277344
2025-03-21 13:30:00-04:00,162.76980590820312,163.3699951171875,162.61000061035156,162.91000366210938
2025-03-21 14:30:00-04:00,162.9250030517578,163.19000244140625,162.58999633789062,163.01499938964844
2025-03-21 15:30:00-04:00,163.00999450683594,164.24000549316406,162.9149932861328,164.02000427246094
2025-03-24 09:30:00-04:00,167.06500244140625,167.85000610351562,165.13999938964844,167.6699981689453
2025-03-24 10:30:00-04:00,167.6699981689453,167.75999450683594,167.1300048828125,167.15919494628906
2025-03-24 11:30:00-04:00,167.1699981689453,167.2406005859375,166.6300048828125,166.86000061035156
2025-03-24 12:30:00-04:00,166.8699951171875,167.2899932861328,166.72999572753906,167.02999877929688
2025-03-24 13:30:00-04:00,167.0200958251953,167.32730102539062,166.7010955810547,167.31649780273438
2025-03-24 14:30:00-04:00,167.30999755859375,167.7899932861328,167.05999755859375,167.72500610351562
2025-03-24 15:30:00-04:00,167.74000549316406,167.92999267578125,167.30499267578125,167.50999450683594
2025-03-25 09:30:00-04:00,168.92999267578125,169.72999572753906,168.31500244140625,169.60049438476562
2025-03-25 10:30:00-04:00,169.60549926757812,170.4600067138672,169.3800048828125,170.125
2025-03-25 11:30:00-04:00,170.14500427246094,170.2100067138672,169.25,169.3300018310547
2025-03-25 12:30:00-04:00,169.32000732421875,170.00999450683594,167.67999267578125,169.47000122070312
2025-03-25 13:30:00-04:00,169.47000122070312,169.9949951171875,169.3300018310547,169.97830200195312
2025-03-25 14:30:00-04:00,169.98500061035156,170.30999755859375,169.61500549316406,170.02000427246094
2025-03-25 15:30:00-04:00,170.00999450683594,170.6300048828125,169.92999267578125,170.55999755859375
2025-03-26 09:30:00-04:00,168.97999572753906,169.61000061035156,167.3699951171875,167.90199279785156
2025-03-26 10:30:00-04:00,167.88999938964844,168.63999938964844,167.69000244140625,168.25999450683594
2025-03-26 11:30:00-04:00,168.26499938964844,168.5749969482422,167.42999267578125,167.6699981689453
2025-03-26 12:30:00-04:00,167.6699981689453,167.7469940185547,166.42559814453125,166.52000427246094
2025-03-26 13:30:00-04:00,166.5050048828125,166.5399932861328,165.86000061035156,166.48500061035156
2025-03-26 14:30:00-04:00,166.47999572753906,166.48500061035156,165.10000610351562,165.13999938964844
2025-03-26 15:30:00-04:00,165.13999938964844,165.66000366210938,164.83999633789062,165.0500030517578
2025-03-27 09:30:00-04:00,164.63999938964844,165.41000366210938,163.61000061035156,164.4499969482422
2025-03-27 10:30:00-04:00,164.4600067138672,164.7100067138672,163.82000732421875,163.85499572753906
2025-03-27 11:30:00-04:00,163.86500549316406,164.19000244140625,163.21499633789062,163.5399932861328
2025-03-27 12:30:00-04:00,163.52000427246094,163.85000610351562,162.88999938964844,162.94000244140625
2025-03-27 13:30:00-04:00,162.91000366210938,163.3000030517578,162.47999572753906,162.60000610351562
2025-03-27 14:30:00-04:00,162.61000061035156,163.1199951171875,162.30999755859375,163.06500244140625
2025-03-27 15:30:00-04:00,163.07000732421875,163.0749969482422,162.0,162.17999267578125
2025-03-28 09:30:00-04:00,160.6199951171875,161.82000732421875,157.77000427246094,157.99000549316406
2025-03-28 10:30:00-04:00,158.0,158.35000610351562,156.06500244140625,156.7100067138672
2025-03-28 11:30:00-04:00,156.6999969482422,156.94000244140625,155.72999572753906,155.80999755859375
2025-03-28 12:30:00-04:00,155.79989624023438,156.04949951171875,154.61000061035156,154.72000122070312
2025-03-28 13:30:00-04:00,154.72500610351562,155.60499572753906,154.4600067138672,155.0500030517578
2025-03-28 14:30:00-04:00,155.0500030517578,155.33999633789062,154.2899932861328,154.4499969482422
2025-03-28 15:30:00-04:00,154.45350646972656,154.61749267578125,153.6300048828125,154.3300018310547
2025-03-31 09:30:00-04:00,153.07000732421875,153.83999633789062,150.66200256347656,151.44000244140625
2025-03-31 10:30:00-04:00,151.4550018310547,152.94000244140625,151.2949981689453,152.6750030517578
2025-03-31 11:30:00-04:00,152.66000366210938,154.27000427246094,152.35000610351562,153.97999572753906
2025-03-31 12:30:00-04:00,153.97000122070312,154.35000610351562,152.9499969482422,153.8300018310547
2025-03-31 13:30:00-04:00,153.8350067138672,154.36500549316406,153.2050018310547,154.36500549316406
2025-03-31 14:30:00-04:00,154.36000061035156,154.72999572753906,153.97999572753906,154.33999633789062
2025-03-31 15:30:00-04:00,154.3350067138672,155.52999877929688,154.22999572753906,154.5399932861328
2025-04-01 09:30:00-04:00,153.6199951171875,156.11000061035156,153.6199951171875,155.8300018310547
2025-04-01 10:30:00-04:00,155.82000732421875,157.66000366210938,155.77499389648438,157.3300018310547
2025-04-01 11:30:00-04:00,157.32000732421875,158.10000610351562,157.17999267578125,157.42999267578125
2025-04-01 12:30:00-04:00,157.42999267578125,157.64500427246094,156.76100158691406,156.91009521484375
2025-04-01 13:30:00-04:00,156.91000366210938,157.24000549316406,155.4499969482422,155.63999938964844
2025-04-01 14:30:00-04:00,155.6300048828125,156.57899475097656,155.60000610351562,156.1999969482422
2025-04-01 15:30:00-04:00,156.1999969482422,157.22500610351562,156.13999938964844,157.0399932861328
2025-04-02 09:30:00-04:00,155.22500610351562,156.9600067138672,154.6999969482422,156.31500244140625
2025-04-02 10:30:00-04:00,156.32000732421875,156.88999938964844,155.97999572753906,156.72000122070312
2025-04-02 11:30:00-04:00,156.7100067138672,157.32000732421875,156.11500549316406,157.11000061035156
2025-04-02 12:30:00-04:00,157.1199951171875,158.4051971435547,156.91000366210938,158.0749969482422
2025-04-02 13:30:00-04:00,158.0749969482422,158.08999633789062,155.97000122070312,155.97000122070312
2025-04-02 14:30:00-04:00,155.9600067138672,156.60000610351562,155.7550048828125,156.56500244140625
2025-04-02 15:30:00-04:00,156.55999755859375,157.25999450683594,156.38999938964844,156.92999267578125
2025-04-03 09:30:00-04:00,150.97000122070312,152.67999267578125,150.67999267578125,151.97999572753906
2025-04-03 10:30:00-04:00,151.97000122070312,152.39999389648438,150.38999938964844,151.9199981689453
2025-04-03 11:30:00-04:00,151.89999389648438,152.58999633789062,151.52000427246094,152.38999938964844
2025-04-03 12:30:00-04:00,152.4149932861328,152.7799072265625,151.5800018310547,151.9499969482422
2025-04-03 13:30:00-04:00,151.94000244140625,152.2899932861328,150.93499755859375,151.19500732421875
2025-04-03 14:30:00-04:00,151.19000244140625,151.80999755859375,150.88999938964844,150.9149932861328
2025-04-03 15:30:00-04:00,150.9199981689453,151.53070068359375,150.58999633789062,150.60499572753906
2025-04-04 09:30:00-04:00,148.1750030517578,151.0500030517578,148.02000427246094,148.6824951171875
2025-04-04 10:30:00-04:00,148.69000244140625,150.27000427246094,146.14999389648438,148.47000122070312
2025-04-04 11:30:00-04:00,148.52000427246094,149.39999389648438,147.66000366210938,147.97999572753906
2025-04-04 12:30:00-04:00,147.97000122070312,148.92999267578125,146.6300048828125,147.74000549316406
2025-04-04 13:30:00-04:00,147.72999572753906,148.97000122070312,147.19000244140625,147.6999969482422
2025-04-04 14:30:00-04:00,147.7100067138672,148.50999450683594,146.57000732421875,148.19000244140625
2025-04-04 15:30:00-04:00,148.14999389648438,149.1999969482422,145.3800048828125,145.52999877929688
2025-04-07 09:30:00-04:00,141.5,152.82000732421875,140.52999877929688,145.25999450683594
2025-04-07 10:30:00-04:00,145.6199951171875,149.0,142.85000610351562,144.0
2025-04-07 11:30:00-04:00,144.00999450683594,146.91000366210938,143.8800048828125,145.69000244140625
2025-04-07 12:30:00-04:00,145.66000366210938,147.75999450683594,144.4149932861328,147.67999267578125
2025-04-07 13:30:00-04:00,147.6699981689453,148.86000061035156,146.60000610351562,147.14999389648438
2025-04-07 14:30:00-04:00,147.19000244140625,148.25999450683594,145.58999633789062,145.69000244140625
2025-04-07 15:30:00-04:00,145.69500732421875,147.42999267578125,145.6750030517578,146.8000030517578
2025-04-08 09:30:00-04:00,151.1750030517578,152.24000549316406,149.67999267578125,151.64999389648438
2025-04-08 10:30:00-04:00,151.63999938964844,152.02999877929688,149.13999938964844,149.7100067138672
2025-04-08 11:30:00-04:00,149.7100067138672,150.4844970703125,148.22259521484375,148.97000122070312
2025-04-08 12:30:00-04:00,148.9550018310547,149.1649932861328,146.4340057373047,146.5449981689453
2025-04-08 13:30:00-04:00,146.52999877929688,148.30999755859375,146.44500732421875,146.63999938964844
2025-04-08 14:30:00-04:00,146.64500427246094,147.97000122070312,143.85000610351562,144.9149932861328
2025-04-08 15:30:00-04:00,144.91000366210938,144.9199981689453,143.03500366210938,144.6999969482422
2025-04-09 09:30:00-04:00,144.4149932861328,146.35000610351562,143.9199981689453,145.44000244140625
2025-04-09 10:30:00-04:00,145.44000244140625,145.85989379882812,143.90499877929688,145.3699951171875
2025-04-09 11:30:00-04:00,145.36500549316406,146.4884033203125,144.22000122070312,146.1885986328125
2025-04-09 12:30:00-04:00,146.19000244140625,155.94000244140625,144.88999938964844,152.63999938964844
2025-04-09 13:30:00-04:00,152.77000427246094,156.65499877929688,152.6699981689453,156.3000030517578
2025-04-09 14:30:00-04:00,156.2899932861328,156.97999572753906,154.12240600585938,156.72999572753906
2025-04-09 15:30:00-04:00,156.72999572753906,159.5500030517578,156.7100067138672,158.6699981689453
2025-04-10 09:30:00-04:00,156.5449981689453,157.72000122070312,154.44000244140625,155.13999938964844
2025-04-10 10:30:00-04:00,155.19000244140625,156.41000366210938,154.49000549316406,154.5749969482422
2025-04-10 11:30:00-04:00,154.57000732421875,154.74000549316406,149.92999267578125,150.55999755859375
2025-04-10 12:30:00-04:00,150.5399932861328,154.58999633789062,150.4600067138672,152.89999389648438
2025-04-10 13:30:00-04:00,152.8699951171875,154.84500122070312,152.38999938964844,154.57000732421875
2025-04-10 14:30:00-04:00,154.60000610351562,154.77999877929688,152.8000030517578,152.82000732421875
2025-04-10 15:30:00-04:00,152.8300018310547,153.75999450683594,151.57000732421875,152.82000732421875
2025-04-11 09:30:00-04:00,152.94000244140625,156.5399932861328,152.88999938964844,154.10000610351562
2025-04-11 10:30:00-04:00,154.05999755859375,156.0800018310547,153.8699951171875,154.9600067138672
2025-04-11 11:30:00-04:00,154.9499969482422,156.5,154.80999755859375,156.09500122070312
2025-04-11 12:30:00-04:00,156.1199951171875,157.52000427246094,155.94000244140625,156.0500030517578
2025-04-11 13:30:00-04:00,156.05999755859375,157.5399932861328,155.60000610351562,156.50999450683594
2025-04-11 14:30:00-04:00,156.52999877929688,157.16000366210938,156.0500030517578,157.0
2025-04-11 15:30:00-04:00,156.9949951171875,157.6300048828125,156.4600067138672,157.0
2025-04-14 09:30:00-04:00,160.03700256347656,161.33999633789062,159.26300048828125,161.1199951171875
2025-04-14 10:30:00-04:00,161.11000061035156,161.72000122070312,159.7899932861328,159.8000030517578
2025-04-14 11:30:00-04:00,159.82000732421875,160.11500549316406,157.84500122070312,158.16000366210938
2025-04-14 12:30:00-04:00,158.14999389648438,159.02459716796875,157.57000732421875,158.5
2025-04-14 13:30:00-04:00,158.47999572753906,159.63999938964844,158.1300048828125,159.52000427246094
2025-04-14 14:30:00-04:00,159.52000427246094,160.38999938964844,159.44000244140625,159.98500061035156
2025-04-14 15:30:00-04:00,159.99000549316406,160.2100067138672,158.77000427246094,159.11000061035156
2025-04-15 09:30:00-04:00,159.125,159.64999389648438,156.82009887695312,157.0850067138672
2025-04-15 10:30:00-04:00,157.08999633789062,157.89999389648438,156.77000427246094,156.7899932861328
2025-04-15 11:30:00-04:00,156.78500366210938,157.2100067138672,156.39999389648438,156.69000244140625
2025-04-15 12:30:00-04:00,156.67999267578125,156.68600463867188,155.25,155.47999572753906
2025-04-15 13:30:00-04:00,155.47000122070312,156.11500549316406,155.2100067138672,155.64999389648438
2025-04-15 14:30:00-04:00,155.63999938964844,156.19500732421875,155.6300048828125,155.84840393066406
2025-04-15 15:30:00-04:00,155.85499572753906,156.5500030517578,155.49000549316406,156.3000030517578
2025-04-16 09:30:00-04:00,153.00999450683594,154.58929443359375,152.6300048828125,154.42999267578125
2025-04-16 10:30:00-04:00,154.39999389648438,155.8800048828125,154.35000610351562,155.52999877929688
2025-04-16 11:30:00-04:00,155.52499389648438,155.52999877929688,154.4600067138672,154.9499969482422
2025-04-16 12:30:00-04:00,154.92999267578125,155.28700256347656,154.63999938964844,154.8699951171875
2025-04-16 13:30:00-04:00,154.8699951171875,154.89939880371094,152.58999633789062,153.4600067138672
2025-04-16 14:30:00-04:00,153.44000244140625,153.4499969482422,151.50999450683594,151.69000244140625
2025-04-16 15:30:00-04:00,151.74000549316406,153.77999877929688,151.74000549316406,153.32000732421875
2025-04-17 09:30:00-04:00,154.2100067138672,154.67999267578125,152.60000610351562,152.6300048828125
2025-04-17 10:30:00-04:00,152.66000366210938,152.875,148.5,150.69000244140625
2025-04-17 11:30:00-04:00,150.67999267578125,151.8300018310547,150.5850067138672,151.55499267578125
2025-04-17 12:30:00-04:00,151.5399932861328,151.8000030517578,150.72000122070312,150.99000549316406
2025-04-17 13:30:00-04:00,150.99000549316406,152.19000244140625,150.99000549316406,151.67999267578125
2025-04-17 14:30:00-04:00,151.69000244140625,152.02999877929688,150.72000122070312,151.06500244140625
2025-04-17 15:30:00-04:00,151.06500244140625,151.4949951171875,150.5800018310547,151.2100067138672
2025-04-21 09:30:00-04:00,148.9149932861328,148.92999267578125,146.8699951171875,147.6199951171875
2025-04-21 10:30:00-04:00,147.60499572753906,148.05160522460938,146.86929321289062,146.99000549316406
2025-04-21 11:30:00-04:00,146.98500061035156,147.02999877929688,146.22000122070312,146.76980590820312
2025-04-21 12:30:00-04:00,146.7698974609375,147.35000610351562,146.36000061035156,146.4600067138672
2025-04-21 13:30:00-04:00,146.4600067138672,146.9069061279297,146.30999755859375,146.7899932861328
2025-04-21 14:30:00-04:00,146.80999755859375,146.97000122070312,146.10000610351562,146.6613006591797
2025-04-21 15:30:00-04:00,146.69000244140625,147.97999572753906,146.64999389648438,147.64999389648438
2025-04-22 09:30:00-04:00,148.88999938964844,150.07989501953125,148.5399932861328,149.64999389648438
2025-04-22 10:30:00-04:00,149.58560180664062,150.77560424804688,149.4949951171875,150.66000366210938
2025-04-22 11:30:00-04:00,150.6649932861328,152.19000244140625,150.05999755859375,152.0500030517578
2025-04-22 12:30:00-04:00,152.07000732421875,152.09500122070312,149.6999969482422,149.82000732421875
2025-04-22 13:30:00-04:00,149.81500244140625,150.8000030517578,149.67999267578125,150.75
2025-04-22 14:30:00-04:00,150.75,151.27999877929688,150.0,150.1300048828125
2025-04-22 15:30:00-04:00,150.13999938964844,151.77000427246094,150.00999450683594,151.47999572753906
2025-04-23 09:30:00-04:00,155.61000061035156,157.47999572753906,155.3350067138672,157.02999877929688
2025-04-23 10:30:00-04:00,157.0,157.52499389648438,154.9600067138672,155.3000030517578
2025-04-23 11:30:00-04:00,155.3300018310547,155.50999450683594,153.80999755859375,154.6999969482422
2025-04-23 12:30:00-04:00,154.69000244140625,155.8300018310547,154.5,155.53500366210938
2025-04-23 13:30:00-04:00,155.55999755859375,155.9600067138672,155.0399932861328,155.2899932861328
2025-04-23 14:30:00-04:00,155.30999755859375,155.7100067138672,154.64999389648438,154.8699951171875
2025-04-23 15:30:00-04:00,154.85000610351562,155.74000549316406,154.4199981689453,155.27000427246094
2025-04-24 09:30:00-04:00,156.15499877929688,158.1999969482422,155.8000030517578,157.91000366210938
2025-04-24 10:30:00-04:00,157.89999389648438,158.39999389648438,157.32000732421875,157.75
2025-04-24 11:30:00-04:00,157.75,158.6959991455078,157.55999755859375,158.5
2025-04-24 12:30:00-04:00,158.51499938964844,158.8000030517578,158.13999938964844,158.5399932861328
2025-04-24 13:30:00-04:00,158.5500030517578,158.8300018310547,158.1750030517578,158.76499938964844
2025-04-24 14:30:00-04:00,158.75999450683594,159.31500244140625,158.14999389648438,158.3800048828125
2025-04-24 15:30:00-04:00,158.375,159.58999633789062,158.3300018310547,159.02999877929688
2025-04-25 09:30:00-04:00,165.03500366210938,166.10000610351562,162.27999877929688,162.64500427246094
2025-04-25 10:30:00-04:00,162.64500427246094,163.74000549316406,162.1501007080078,162.77000427246094
2025-04-25 11:30:00-04:00,162.77999877929688,162.85000610351562,161.48219299316406,162.0050048828125
2025-04-25 12:30:00-04:00,161.875,163.11000061035156,161.5,162.80999755859375
2025-04-25 13:30:00-04:00,162.80999755859375,162.83999633789062,161.0399932861328,161.56280517578125
2025-04-25 14:30:00-04:00,161.5800018310547,162.3300018310547,161.47000122070312,161.88999938964844
2025-04-25 15:30:00-04:00,161.88499450683594,162.13999938964844,161.58999633789062,161.86000061035156
2025-04-28 09:30:00-04:00,162.4250030517578,163.14999389648438,160.09500122070312,160.17410278320312
2025-04-28 10:30:00-04:00,160.19000244140625,161.05999755859375,159.47000122070312,159.58999633789062
2025-04-28 11:30:00-04:00,159.5800018310547,160.11000061035156,158.83999633789062,158.94000244140625
2025-04-28 12:30:00-04:00,158.97999572753906,159.4055938720703,158.73500061035156,158.8300018310547
2025-04-28 13:30:00-04:00,158.8350067138672,159.66000366210938,158.61000061035156,159.35000610351562
2025-04-28 14:30:00-04:00,159.3800048828125,160.12840270996094,158.9199981689453,160.0749969482422
2025-04-28 15:30:00-04:00,160.05499267578125,161.0,159.80360412597656,160.61000061035156
2025-04-29 09:30:00-04:00,160.3249969482422,160.5399932861328,157.52000427246094,159.66000366210938
2025-04-29 10:30:00-04:00,159.65330505371094,160.52000427246094,159.1699981689453,159.35499572753906
2025-04-29 11:30:00-04:00,159.35499572753906,160.11000061035156,158.97000122070312,160.0800018310547
2025-04-29 12:30:00-04:00,160.0800018310547,160.1750030517578,159.1199951171875,159.60549926757812
2025-04-29 13:30:00-04:00,159.59140014648438,160.7375030517578,159.5800018310547,160.41050720214844
2025-04-29 14:30:00-04:00,160.4199981689453,160.5399932861328,159.99000549316406,160.19000244140625
2025-04-29 15:30:00-04:00,160.17999267578125,160.42999267578125,159.85499572753906,160.16000366210938
2025-04-30 09:30:00-04:00,157.97500610351562,158.02999877929688,155.39999389648438,157.08999633789062
2025-04-30 10:30:00-04:00,157.06500244140625,157.58749389648438,156.427001953125,157.27999877929688
2025-04-30 11:30:00-04:00,157.25999450683594,157.3867950439453,156.75999450683594,156.89999389648438
2025-04-30 12:30:00-04:00,156.8800048828125,157.27999877929688,156.19000244140625,157.2550048828125
2025-04-30 13:30:00-04:00,157.25,158.02000427246094,156.7899932861328,157.22000122070312
2025-04-30 14:30:00-04:00,157.1999969482422,157.5500030517578,156.94000244140625,157.25
2025-04-30 15:30:00-04:00,157.25,159.27000427246094,157.21499633789062,158.75999450683594
2025-05-01 09:30:00-04:00,160.4499969482422,161.14999389648438,158.91000366210938,160.45989990234375
2025-05-01 10:30:00-04:00,160.4698944091797,161.9199981689453,160.24000549316406,161.44129943847656
2025-05-01 11:30:00-04:00,161.47000122070312,161.47000122070312,160.35000610351562,160.63499450683594
2025-05-01 12:30:00-04:00,160.64999389648438,161.47999572753906,160.22999572753906,161.15499877929688
2025-05-01 13:30:00-04:00,161.15699768066406,161.94000244140625,160.9600067138672,161.63999938964844
2025-05-01 14:30:00-04:00,161.64999389648438,161.9499969482422,161.22999572753906,161.5240020751953
2025-05-01 15:30:00-04:00,161.50999450683594,161.61500549316406,160.9654998779297,161.25
2025-05-02 09:30:00-04:00,163.40499877929688,164.19000244140625,161.8699951171875,164.16749572753906
2025-05-02 10:30:00-04:00,164.16000366210938,164.67999267578125,163.55999755859375,163.7899932861328
2025-05-02 11:30:00-04:00,163.8000030517578,164.4499969482422,163.5749969482422,164.14999389648438
2025-05-02 12:30:00-04:00,164.14999389648438,164.97000122070312,163.92999267578125,163.9600067138672
2025-05-02 13:30:00-04:00,163.9499969482422,164.41000366210938,163.83079528808594,164.27499389648438
2025-05-02 14:30:00-04:00,164.2899932861328,164.5218048095703,163.63999938964844,164.0800018310547
2025-05-02 15:30:00-04:00,164.07000732421875,164.27999877929688,163.5800018310547,163.99000549316406
2025-05-05 09:30:00-04:00,162.97500610351562,165.27999877929688,162.80499267578125,164.91000366210938
2025-05-05 10:30:00-04:00,164.92999267578125,165.14999389648438,164.30499267578125,164.41000366210938
2025-05-05 11:30:00-04:00,164.41839599609375,164.86000061035156,164.0500030517578,164.82000732421875
2025-05-05 12:30:00-04:00,164.80999755859375,165.19000244140625,164.6199951171875,164.90660095214844
2025-05-05 13:30:00-04:00,164.88999938964844,165.3699951171875,164.83999633789062,165.14999389648438
2025-05-05 14:30:00-04:00,165.14999389648438,165.38999938964844,164.8000030517578,164.91000366210938
2025-05-05 15:30:00-04:00,164.89999389648438,165.14999389648438,164.10000610351562,164.27999877929688
2025-05-06 09:30:00-04:00,162.13999938964844,163.75,161.19000244140625,163.72000122070312
2025-05-06 10:30:00-04:00,163.72999572753906,164.0800018310547,163.38999938964844,164.02000427246094
2025-05-06 11:30:00-04:00,164.00999450683594,164.7899932861328,163.6999969482422,163.91220092773438
2025-05-06 12:30:00-04:00,163.89999389648438,164.27999877929688,163.61720275878906,163.6699981689453
2025-05-06 13:30:00-04:00,163.69000244140625,163.85000610351562,163.2100067138672,163.74549865722656
2025-05-06 14:30:00-04:00,163.75,164.00999450683594,163.62030029296875,163.9199981689453
2025-05-06 15:30:00-04:00,163.9199981689453,164.02999877929688,163.1649932861328,163.25
2025-05-07 09:30:00-04:00,164.11500549316406,165.0,163.0749969482422,163.52499389648438
2025-05-07 10:30:00-04:00,163.4949951171875,163.75,153.52999877929688,153.74000549316406
2025-05-07 11:30:00-04:00,153.72000122070312,153.73989868164062,148.5,148.55999755859375
2025-05-07 12:30:00-04:00,148.5800018310547,151.17999267578125,147.83999633789062,151.1699981689453
2025-05-07 13:30:00-04:00,151.1699981689453,151.4199981689453,149.0399932861328,149.75
2025-05-07 14:30:00-04:00,149.73500061035156,150.69000244140625,148.85000610351562,149.8553009033203
2025-05-07 15:30:00-04:00,149.83999633789062,151.42999267578125,149.72999572753906,151.3300018310547
2025-05-08 09:30:00-04:00,154.73500061035156,154.82000732421875,152.89999389648438,153.8800048828125
2025-05-08 10:30:00-04:00,153.88999938964844,154.28500366210938,153.22000122070312,154.02000427246094
2025-05-08 11:30:00-04:00,154.0449981689453,155.2100067138672,153.85000610351562,154.7100067138672
2025-05-08 12:30:00-04:00,154.7050018310547,155.0399932861328,154.3800048828125,154.80999755859375
2025-05-08 13:30:00-04:00,154.8000030517578,155.10000610351562,154.48500061035156,154.77000427246094
2025-05-08 14:30:00-04:00,154.75999450683594,155.92999267578125,154.72999572753906,155.47000122070312
2025-05-08 15:30:00-04:00,155.47999572753906,155.8699951171875,153.97500610351562,154.25999450683594
2025-05-09 09:30:00-04:00,154.08999633789062,155.0500030517578,152.5,152.61000061035156
2025-05-09 10:30:00-04:00,152.6199951171875,153.8000030517578,152.1999969482422,153.49339294433594
2025-05-09 11:30:00-04:00,153.49000549316406,153.7100067138672,152.5948944091797,152.9770965576172
2025-05-09 12:30:00-04:00,152.97000122070312,153.11000061035156,152.42999267578125,152.67999267578125
2025-05-09 13:30:00-04:00,152.69000244140625,152.91000366210938,152.25,152.4600067138672
2025-05-09 14:30:00-04:00,152.4499969482422,152.85499572753906,152.35499572753906,152.6199951171875
2025-05-09 15:30:00-04:00,152.6300048828125,152.89999389648438,152.38999938964844,152.75999450683594
2025-05-12 09:30:00-04:00,157.52999877929688,158.32000732421875,156.55999755859375,156.9600067138672
2025-05-12 10:30:00-04:00,156.9600067138672,157.64999389648438,156.60000610351562,156.68499755859375
2025-05-12 11:30:00-04:00,156.69000244140625,157.2783966064453,156.25,157.24929809570312
2025-05-12 12:30:00-04:00,157.2449951171875,159.10000610351562,157.23890686035156,158.10499572753906
2025-05-12 13:30:00-04:00,158.1199951171875,158.99000549316406,158.1199951171875,158.77999877929688
2025-05-12 14:30:00-04:00,158.7899932861328,159.08999633789062,158.16000366210938,158.27999877929688
2025-05-12 15:30:00-04:00,158.2899932861328,158.49000549316406,157.75999450683594,158.47000122070312
2025-05-13 09:30:00-04:00,158.76499938964844,159.94000244140625,156.16000366210938,159.47000122070312
2025-05-13 10:30:00-04:00,159.4700927734375,159.99000549316406,158.8000030517578,159.88499450683594
2025-05-13 11:30:00-04:00,159.88499450683594,160.32000732421875,159.5800018310547,159.9600067138672
2025-05-13 12:30:00-04:00,159.94500732421875,160.57000732421875,159.83999633789062,159.96499633789062
2025-05-13 13:30:00-04:00,159.97999572753906,160.22000122070312,159.2899932861328,159.3300018310547
2025-05-13 14:30:00-04:00,159.33999633789062,159.69000244140625,159.10000610351562,159.38999938964844
2025-05-13 15:30:00-04:00,159.39999389648438,159.67999267578125,159.23500061035156,159.4499969482422
2025-05-14 09:30:00-04:00,159.9600067138672,163.1199951171875,159.61000061035156,163.08999633789062
2025-05-14 10:30:00-04:00,163.08999633789062,164.81500244140625,162.52000427246094,164.2899932861328
2025-05-14 11:30:00-04:00,164.2899932861328,166.89999389648438,164.06500244140625,166.69500732421875
2025-05-14 12:30:00-04:00,166.69500732421875,167.0,164.4949951171875,164.9199981689453
2025-05-14 13:30:00-04:00,164.92999267578125,165.7550048828125,164.7451934814453,165.33999633789062
2025-05-14 14:30:00-04:00,165.33999633789062,165.77000427246094,164.49000549316406,164.72000122070312
2025-05-14 15:30:00-04:00,164.6999969482422,165.47999572753906,164.67999267578125,165.3800048828125
2025-05-15 09:30:00-04:00,165.83999633789062,166.2050018310547,163.9600067138672,164.27999877929688
2025-05-15 10:30:00-04:00,164.2899932861328,165.47500610351562,164.0399932861328,165.28500366210938
2025-05-15 11:30:00-04:00,165.28500366210938,165.67999267578125,164.77000427246094,164.94000244140625
2025-05-15 12:30:00-04:00,164.92999267578125,165.4149932861328,164.55999755859375,164.7899932861328
2025-05-15 13:30:00-04:00,164.7949981689453,165.02999877929688,163.15499877929688,163.45989990234375
2025-05-15 14:30:00-04:00,163.4600067138672,163.75999450683594,162.3800048828125,162.6649932861328
2025-05-15 15:30:00-04:00,162.66000366210938,163.98500061035156,162.66000366210938,163.94000244140625
2025-05-16 09:30:00-04:00,167.65499877929688,169.33999633789062,167.08999633789062,167.52999877929688
2025-05-16 10:30:00-04:00,167.52000427246094,167.52999877929688,165.6199951171875,166.19000244140625
2025-05-16 11:30:00-04:00,166.1699981689453,166.92559814453125,166.1699981689453,166.63999938964844
2025-05-16 12:30:00-04:00,166.64500427246094,166.82000732421875,166.21119689941406,166.64999389648438
2025-05-16 13:30:00-04:00,166.64999389648438,166.6699981689453,165.77000427246094,166.2050018310547
2025-05-16 14:30:00-04:00,166.2050018310547,166.97999572753906,166.11000061035156,166.5072021484375
2025-05-16 15:30:00-04:00,166.50999450683594,166.5399932861328,165.9550018310547,166.13999938964844
2025-05-19 09:30:00-04:00,165.17999267578125,166.07000732421875,164.4199981689453,164.72000122070312
2025-05-19 10:30:00-04:00,164.72000122070312,165.12989807128906,164.22000122070312,165.11000061035156
2025-05-19 11:30:00-04:00,165.10499572753906,165.61000061035156,164.5500030517578,165.2926025390625
2025-05-19 12:30:00-04:00,165.30999755859375,165.95989990234375,164.91000366210938,165.66000366210938
2025-05-19 13:30:00-04:00,165.66000366210938,165.93850708007812,165.39999389648438,165.47999572753906
2025-05-19 14:30:00-04:00,165.48500061035156,166.0,165.47500610351562,165.74000549316406
2025-05-19 15:30:00-04:00,165.72999572753906,166.6300048828125,165.6750030517578,166.52999877929688
2025-05-20 09:30:00-04:00,166.42999267578125,167.5399932861328,165.44000244140625,166.35000610351562
2025-05-20 10:30:00-04:00,166.3300018310547,167.0,166.2949981689453,166.61000061035156
2025-05-20 11:30:00-04:00,166.61000061035156,167.47000122070312,166.46499633789062,167.2899932861328
2025-05-20 12:30:00-04:00,167.2899932861328,168.5,166.80999755859375,166.81500244140625
2025-05-20 13:30:00-04:00,166.81500244140625,166.8699951171875,163.0500030517578,164.38499450683594
2025-05-20 14:30:00-04:00,164.3699951171875,164.5800018310547,162.89999389648438,163.68170166015625
2025-05-20 15:30:00-04:00,163.69000244140625,164.3000030517578,163.69000244140625,164.0
2025-05-21 09:30:00-04:00,163.6649932861328,169.8300018310547,163.56500244140625,169.32000732421875
2025-05-21 10:30:00-04:00,169.33999633789062,173.13999938964844,168.9600067138672,172.6416015625
2025-05-21 11:30:00-04:00,172.60000610351562,172.67999267578125,171.11000061035156,171.5399932861328
2025-05-21 12:30:00-04:00,171.5050048828125,171.78799438476562,169.02000427246094,169.1300048828125
2025-05-21 13:30:00-04:00,169.13499450683594,170.63499450683594,168.75,169.375
2025-05-21 14:30:00-04:00,169.3800048828125,169.99000549316406,168.4409942626953,168.52999877929688
2025-05-21 15:30:00-04:00,168.5399932861328,169.47999572753906,168.52999877929688,168.5500030517578
2025-05-22 09:30:00-04:00,171.82000732421875,176.77000427246094,170.7100067138672,175.30999755859375
2025-05-22 10:30:00-04:00,175.33999633789062,175.94000244140625,171.99000549316406,172.47999572753906
2025-05-22 11:30:00-04:00,172.4600067138672,174.3000030517578,172.4600067138672,173.36000061035156
2025-05-22 12:30:00-04:00,173.36000061035156,173.38999938964844,171.9199981689453,172.64500427246094
2025-05-22 13:30:00-04:00,172.64999389648438,173.05999755859375,172.3300018310547,172.63999938964844
2025-05-22 14:30:00-04:00,172.63999938964844,173.25999450683594,172.24000549316406,172.4199981689453
2025-05-22 15:30:00-04:00,172.4199981689453,172.52499389648438,170.7406005859375,170.83999633789062
2025-05-23 09:30:00-04:00,169.11000061035156,169.77999877929688,167.88999938964844,168.9550018310547
2025-05-23 10:30:00-04:00,168.9600067138672,169.86520385742188,168.7548065185547,169.25039672851562
2025-05-23 11:30:00-04:00,169.25999450683594,169.55470275878906,168.75999450683594,169.11000061035156
2025-05-23 12:30:00-04:00,169.11000061035156,169.9600067138672,168.8800048828125,169.9250030517578
2025-05-23 13:30:00-04:00,169.9250030517578,169.92999267578125,169.2899932861328,169.5800018310547
2025-05-23 14:30:00-04:00,169.57000732421875,169.75999450683594,168.72999572753906,169.1750030517578
2025-05-23 15:30:00-04:00,169.17999267578125,169.35000610351562,168.22999572753906,168.47999572753906
2025-05-27 09:30:00-04:00,170.14999389648438,173.0,170.13999938964844,172.4600067138672
2025-05-27 10:30:00-04:00,172.47999572753906,172.8800048828125,171.6999969482422,172.03500366210938
2025-05-27 11:30:00-04:00,172.02000427246094,172.16000366210938,171.36500549316406,172.03199768066406
2025-05-27 12:30:00-04:00,172.02999877929688,172.6999969482422,172.0,172.4199981689453
2025-05-27 13:30:00-04:00,172.39999389648438,172.99000549316406,172.3300018310547,172.73500061035156
2025-05-27 14:30:00-04:00,172.74000549316406,172.8699951171875,172.3699951171875,172.61000061035156
2025-05-27 15:30:00-04:00,172.60000610351562,173.1699981689453,172.5800018310547,172.8800048828125
2025-05-28 09:30:00-04:00,173.125,175.25999450683594,172.60499572753906,173.22000122070312
2025-05-28 10:30:00-04:00,173.22000122070312,173.4949951171875,172.6074981689453,173.40499877929688
2025-05-28 11:30:00-04:00,173.39999389648438,173.5500030517578,172.78500366210938,172.90499877929688
2025-05-28 12:30:00-04:00,172.89999389648438,173.39999389648438,172.86000061035156,173.02999877929688
2025-05-28 13:30:00-04:00,173.02000427246094,173.17999267578125,172.34010314941406,172.51499938964844
2025-05-28 14:30:00-04:00,172.5,172.9499969482422,171.94000244140625,172.7550048828125
2025-05-28 15:30:00-04:00,172.74000549316406,172.97500610351562,171.91070556640625,172.36000061035156
2025-05-29 09:30:00-04:00,174.0,174.41929626464844,171.2899932861328,172.27999877929688
2025-05-29 10:30:00-04:00,172.2899932861328,172.69000244140625,172.07000732421875,172.3300018310547
2025-05-29 11:30:00-04:00,172.3300018310547,172.36000061035156,170.64500427246094,171.4600067138672
2025-05-29 12:30:00-04:00,171.4600067138672,171.8300018310547,171.02999877929688,171.3668975830078
2025-05-29 13:30:00-04:00,171.36500549316406,171.61000061035156,170.9199981689453,170.97500610351562
2025-05-29 14:30:00-04:00,170.97999572753906,171.81460571289062,170.97999572753906,171.52870178222656
2025-05-29 15:30:00-04:00,171.52000427246094,172.1999969482422,171.38009643554688,171.86000061035156
2025-05-30 09:30:00-04:00,171.36000061035156,171.58999633789062,169.7899932861328,170.5500030517578
2025-05-30 10:30:00-04:00,170.50999450683594,170.9499969482422,169.78990173339844,170.25999450683594
2025-05-30 11:30:00-04:00,170.25999450683594,170.44000244140625,168.63999938964844,168.6699981689453
2025-05-30 12:30:00-04:00,168.66000366210938,168.67999267578125,167.4499969482422,168.639892578125
2025-05-30 13:30:00-04:00,168.63999938964844,169.9600067138672,168.61500549316406,169.7100067138672
2025-05-30 14:30:00-04:00,169.6999969482422,171.0800018310547,169.64999389648438,170.9199981689453
2025-05-30 15:30:00-04:00,170.9199981689453,172.2050018310547,170.77000427246094,171.61000061035156
2025-06-02 09:30:00-04:00,167.83999633789062,169.8699951171875,167.38999938964844,169.0399932861328
2025-06-02 10:30:00-04:00,169.0399932861328,169.32000732421875,168.4499969482422,168.9600067138672
2025-06-02 11:30:00-04:00,168.97000122070312,169.32000732421875,168.5399932861328,169.08999633789062
2025-06-02 12:30:00-04:00,169.0399932861328,169.39999389648438,169.0,169.2949981689453
2025-06-02 13:30:00-04:00,169.22999572753906,169.25,168.3699951171875,168.77499389648438
2025-06-02 14:30:00-04:00,168.77499389648438,169.3300018310547,168.69500732421875,169.2899932861328
2025-06-02 15:30:00-04:00,169.2899932861328,169.4949951171875,168.8699951171875,169.0
2025-06-03 09:30:00-04:00,167.46499633789062,168.1999969482422,165.2899932861328,167.32699584960938
2025-06-03 10:30:00-04:00,167.3300018310547,167.5,166.74000549316406,166.94650268554688
2025-06-03 11:30:00-04:00,166.94000244140625,167.60989379882812,166.66000366210938,167.55499267578125
2025-06-03 12:30:00-04:00,167.55499267578125,168.47500610351562,167.41000366210938,168.11849975585938
2025-06-03 13:30:00-04:00,168.11000061035156,168.22999572753906,167.35499572753906,167.4250030517578
2025-06-03 14:30:00-04:00,167.4149932861328,167.57000732421875,166.67250061035156,166.9600067138672
2025-06-03 15:30:00-04:00,166.9499969482422,166.97019958496094,166.00999450683594,166.1699981689453
2025-06-04 09:30:00-04:00,167.25,168.18060302734375,166.39999389648438,167.17869567871094
2025-06-04 10:30:00-04:00,167.1699981689453,167.61000061035156,166.6300048828125,166.66000366210938
2025-06-04 11:30:00-04:00,166.6649932861328,167.05999755859375,166.36000061035156,166.8000030517578
2025-06-04 12:30:00-04:00,166.7899932861328,167.3300018310547,166.5800018310547,167.125
2025-06-04 13:30:00-04:00,167.1356964111328,167.8000030517578,167.0399932861328,167.55999755859375
2025-06-04 14:30:00-04:00,167.56500244140625,167.9199981689453,167.48500061035156,167.6699981689453
2025-06-04 15:30:00-04:00,167.6699981689453,168.21499633789062,167.61000061035156,168.05999755859375
2025-06-05 09:30:00-04:00,170.36000061035156,170.92999267578125,168.42999267578125,169.58999633789062
2025-06-05 10:30:00-04:00,169.57000732421875,170.5800018310547,168.6999969482422,169.9250030517578
2025-06-05 11:30:00-04:00,169.9250030517578,170.05499267578125,169.30999755859375,169.94500732421875
2025-06-05 12:30:00-04:00,169.9499969482422,170.1300048828125,168.77000427246094,169.9600067138672
2025-06-05 13:30:00-04:00,169.9600067138672,170.30499267578125,169.3101043701172,169.9364013671875
2025-06-05 14:30:00-04:00,169.92999267578125,170.05999755859375,167.60000610351562,168.2100067138672
2025-06-05 15:30:00-04:00,168.21499633789062,168.97999572753906,168.02090454101562,168.22000122070312
2025-06-06 09:30:00-04:00,170.9600067138672,173.83580017089844,170.9499969482422,172.6999969482422
2025-06-06 10:30:00-04:00,172.6999969482422,173.1168975830078,171.91990661621094,172.39999389648438
2025-06-06 11:30:00-04:00,172.33059692382812,173.25999450683594,172.33059692382812,172.67999267578125
2025-06-06 12:30:00-04:00,172.66749572753906,173.11880493164062,172.14999389648438,172.89999389648438
2025-06-06 13:30:00-04:00,172.90499877929688,174.5,172.85000610351562,174.01499938964844
2025-06-06 14:30:00-04:00,174.00999450683594,174.2550048828125,173.3249969482422,173.50120544433594
2025-06-06 15:30:00-04:00,173.5,174.25,173.4550018310547,173.64999389648438
2025-06-09 09:30:00-04:00,174.5500030517578,176.47000122070312,174.3699951171875,175.58999633789062
2025-06-09 10:30:00-04:00,175.58999633789062,176.05999755859375,174.88999938964844,175.42999267578125
2025-06-09 11:30:00-04:00,175.4199981689453,176.08999633789062,175.30999755859375,175.50999450683594
2025-06-09 12:30:00-04:00,175.50999450683594,176.27870178222656,175.47999572753906,176.02999877929688
2025-06-09 13:30:00-04:00,176.02999877929688,176.25999450683594,175.58999633789062,175.9550018310547
2025-06-09 14:30:00-04:00,175.94000244140625,176.47000122070312,175.91000366210938,176.0500030517578
2025-06-09 15:30:00-04:00,176.0399932861328,176.3000030517578,175.72500610351562,176.0399932861328
2025-06-10 09:30:00-04:00,176.36000061035156,180.39500427246094,175.85000610351562,179.6300048828125
2025-06-10 10:30:00-04:00,179.64999389648438,181.10499572753906,179.33999633789062,179.4739990234375
2025-06-10 11:30:00-04:00,179.4600067138672,180.30999755859375,178.6199951171875,180.15989685058594
2025-06-10 12:30:00-04:00,180.14999389648438,180.22999572753906,179.39999389648438,179.41000366210938
2025-06-10 13:30:00-04:00,179.41000366210938,179.41000366210938,178.125,178.69329833984375
2025-06-10 14:30:00-04:00,178.67149353027344,179.24000549316406,174.91000366210938,177.82000732421875
2025-06-10 15:30:00-04:00,177.85000610351562,178.75999450683594,177.75,178.6300048828125
2025-06-11 09:30:00-04:00,179.875,180.36599731445312,178.16000366210938,179.10499572753906
2025-06-11 10:30:00-04:00,179.10000610351562,179.16000366210938,178.47000122070312,178.83160400390625
2025-06-11 11:30:00-04:00,178.85000610351562,178.95989990234375,177.51199340820312,177.89999389648438
2025-06-11 12:30:00-04:00,177.91000366210938,178.3000030517578,177.7050018310547,177.77000427246094
2025-06-11 13:30:00-04:00,177.77000427246094,177.8300018310547,176.75,177.5189971923828
2025-06-11 14:30:00-04:00,177.50999450683594,178.1699981689453,177.11500549316406,177.5749969482422
2025-06-11 15:30:00-04:00,177.57000732421875,177.89500427246094,177.22000122070312,177.4199981689453
2025-06-12 09:30:00-04:00,175.97999572753906,177.35000610351562,174.7449951171875,176.08900451660156
2025-06-12 10:30:00-04:00,176.08999633789062,176.36500549316406,175.47000122070312,175.72000122070312
2025-06-12 11:30:00-04:00,175.72999572753906,176.5802001953125,175.6699981689453,176.4949951171875
2025-06-12 12:30:00-04:00,176.49000549316406,176.72000122070312,176.10000610351562,176.19000244140625
2025-06-12 13:30:00-04:00,176.18499755859375,176.49000549316406,175.83999633789062,175.97500610351562
2025-06-12 14:30:00-04:00,175.97999572753906,176.19000244140625,175.77999877929688,175.92999267578125
2025-06-12 15:30:00-04:00,175.92999267578125,175.94500732421875,175.22999572753906,175.72000122070312
2025-06-13 09:30:00-04:00,172.44000244140625,174.66000366210938,172.38499450683594,173.94000244140625
2025-06-13 10:30:00-04:00,173.9499969482422,176.1199951171875,173.88999938964844,176.02999877929688
2025-06-13 11:30:00-04:00,176.0500030517578,177.02999877929688,175.9499969482422,176.93499755859375
2025-06-13 12:30:00-04:00,176.92999267578125,177.1300048828125,176.32000732421875,176.49879455566406
2025-06-13 13:30:00-04:00,176.49000549316406,176.8699951171875,175.82000732421875,176.02000427246094
2025-06-13 14:30:00-04:00,176.02999877929688,176.0800018310547,175.0,175.13999938964844
2025-06-13 15:30:00-04:00,175.13999938964844,175.35499572753906,174.4199981689453,174.6999969482422
2025-06-16 09:30:00-04:00,174.72999572753906,176.11000061035156,174.64999389648438,175.90499877929688
2025-06-16 10:30:00-04:00,175.9199981689453,176.3699951171875,175.47000122070312,175.6999969482422
2025-06-16 11:30:00-04:00,175.67999267578125,175.90499877929688,174.9250030517578,174.9799041748047
2025-06-16 12:30:00-04:00,174.97999572753906,175.82000732421875,174.9199981689453,175.5850067138672
2025-06-16 13:30:00-04:00,175.58999633789062,176.10499572753906,175.52000427246094,176.01499938964844
2025-06-16 14:30:00-04:00,176.00999450683594,176.75,175.94500732421875,176.5500030517578
2025-06-16 15:30:00-04:00,176.55999755859375,176.92999267578125,176.4250030517578,176.75
2025-06-17 09:30:00-04:00,175.6999969482422,176.67999267578125,174.5800018310547,175.9199981689453
2025-06-17 10:30:00-04:00,175.94000244140625,177.32000732421875,175.82000732421875,176.44000244140625
2025-06-17 11:30:00-04:00,176.44000244140625,177.22979736328125,176.32000732421875,177.05999755859375
2025-06-17 12:30:00-04:00,177.0500030517578,177.36480712890625,176.17999267578125,176.7050018310547
2025-06-17 13:30:00-04:00,176.69500732421875,177.02999877929688,175.89999389648438,176.15499877929688
2025-06-17 14:30:00-04:00,176.15499877929688,176.75999450683594,175.8699951171875,176.47000122070312
2025-06-17 15:30:00-04:00,176.47000122070312,176.5800018310547,175.8000030517578,175.92999267578125
2025-06-18 09:30:00-04:00,175.97999572753906,176.55999755859375,175.10000610351562,175.39999389648438
2025-06-18 10:30:00-04:00,175.39999389648438,175.85499572753906,175.05999755859375,175.05999755859375
2025-06-18 11:30:00-04:00,175.33999633789062,175.61000061035156,174.8800048828125,175.38999938964844
2025-06-18 12:30:00-04:00,175.39999389648438,176.1999969482422,175.35000610351562,175.4250030517578
2025-06-18 13:30:00-04:00,175.4199981689453,176.14999389648438,175.22000122070312,175.85960388183594
2025-06-18 14:30:00-04:00,175.86000061035156,176.2050018310547,174.8800048828125,175.1199951171875
2025-06-18 15:30:00-04:00,175.125,175.52000427246094,173.1999969482422,173.30999755859375
2025-06-20 09:30:00-04:00,173.94500732421875,174.33999633789062,172.0800018310547,172.14999389648438
2025-06-20 10:30:00-04:00,172.14999389648438,172.14999389648438,168.22999572753906,169.00999450683594
2025-06-20 11:30:00-04:00,169.02999877929688,169.52999877929688,168.4499969482422,169.3300018310547
2025-06-20 12:30:00-04:00,169.32000732421875,169.55999755859375,168.46499633789062,168.50999450683594
2025-06-20 13:30:00-04:00,168.47999572753906,169.31500244140625,168.02000427246094,168.92999267578125
2025-06-20 14:30:00-04:00,168.92999267578125,169.10499572753906,167.44000244140625,167.5850067138672
2025-06-20 15:30:00-04:00,167.60000610351562,167.67999267578125,165.4600067138672,166.69000244140625
2025-06-23 09:30:00-04:00,166.2899932861328,166.38819885253906,163.8300018310547,166.26499938964844
2025-06-23 10:30:00-04:00,166.25999450683594,167.3300018310547,165.27000427246094,165.47999572753906
2025-06-23 11:30:00-04:00,165.3000030517578,165.4600067138672,163.47000122070312,163.5399932861328
2025-06-23 12:30:00-04:00,163.52999877929688,163.77999877929688,162.07000732421875,162.5800018310547
2025-06-23 13:30:00-04:00,162.58999633789062,164.08999633789062,162.58999633789062,163.78500366210938
2025-06-23 14:30:00-04:00,163.77999877929688,164.8699951171875,163.4600067138672,164.8300018310547
2025-06-23 15:30:00-04:00,164.8300018310547,165.30999755859375,164.3000030517578,165.14999389648438
2025-06-24 09:30:00-04:00,167.0399932861328,167.48300170898438,166.1300048828125,167.08999633789062
2025-06-24 10:30:00-04:00,167.08999633789062,167.83399963378906,166.86000061035156,167.63999938964844
2025-06-24 11:30:00-04:00,167.7100067138672,168.22000122070312,167.4600067138672,168.0496063232422
2025-06-24 12:30:00-04:00,168.0500030517578,168.21499633789062,167.1999969482422,167.4084930419922
2025-06-24 13:30:00-04:00,167.39999389648438,167.56500244140625,167.2021026611328,167.2899932861328
2025-06-24 14:30:00-04:00,167.2899932861328,167.81590270996094,166.78500366210938,166.97999572753906
2025-06-24 15:30:00-04:00,166.97500610351562,167.14999389648438,166.48500061035156,166.75999450683594
2025-06-25 09:30:00-04:00,167.77000427246094,171.17990112304688,167.5500030517578,171.0063934326172
2025-06-25 10:30:00-04:00,171.0800018310547,171.77999877929688,170.52999877929688,171.55999755859375
2025-06-25 11:30:00-04:00,171.5500030517578,172.36000061035156,170.71499633789062,170.74000549316406
2025-06-25 12:30:00-04:00,170.72999572753906,171.2100067138672,170.05999755859375,170.13999938964844
2025-06-25 13:30:00-04:00,170.1300048828125,170.5399932861328,169.64999389648438,170.4951934814453
2025-06-25 14:30:00-04:00,170.4801025390625,170.6999969482422,170.1864013671875,170.55999755859375
2025-06-25 15:30:00-04:00,170.5749969482422,170.85000610351562,170.0500030517578,170.67999267578125
2025-06-26 09:30:00-04:00,172.44500732421875,172.8000030517578,169.94000244140625,171.3000030517578
2025-06-26 10:30:00-04:00,171.2899932861328,172.9600067138672,171.07000732421875,172.6907958984375
2025-06-26 11:30:00-04:00,172.67999267578125,172.92250061035156,172.1300048828125,172.5800018310547
2025-06-26 12:30:00-04:00,172.57000732421875,172.89999389648438,172.17999267578125,172.78810119628906
2025-06-26 13:30:00-04:00,172.80999755859375,173.44000244140625,172.73350524902344,173.16000366210938
2025-06-26 14:30:00-04:00,173.16000366210938,173.3350067138672,172.58999633789062,172.97659301757812
2025-06-26 15:30:00-04:00,172.97999572753906,173.69000244140625,172.83999633789062,173.50999450683594
2025-06-27 09:30:00-04:00,173.52000427246094,175.02999877929688,173.47000122070312,173.85000610351562
2025-06-27 10:30:00-04:00,173.82000732421875,174.6300048828125,173.50999450683594,173.7050018310547
2025-06-27 11:30:00-04:00,173.71499633789062,173.98500061035156,172.75999450683594,173.02999877929688
2025-06-27 12:30:00-04:00,173.0399932861328,173.56500244140625,172.80999755859375,173.08999633789062
2025-06-27 13:30:00-04:00,173.08999633789062,173.23080444335938,172.52000427246094,172.6699981689453
2025-06-27 14:30:00-04:00,172.67999267578125,173.5500030517578,171.72999572753906,173.38499450683594
2025-06-27 15:30:00-04:00,173.36500549316406,178.67999267578125,173.36500549316406,178.52999877929688
2025-06-30 09:30:00-04:00,180.84500122070312,181.22000122070312,176.72999572753906,177.26499938964844
2025-06-30 10:30:00-04:00,177.2899932861328,177.41000366210938,175.52999877929688,176.5
2025-06-30 11:30:00-04:00,176.51499938964844,176.77499389648438,176.13999938964844,176.64990234375
2025-06-30 12:30:00-04:00,176.6300048828125,177.97000122070312,176.6300048828125,177.7100067138672
2025-06-30 13:30:00-04:00,177.7061004638672,177.77999877929688,176.63999938964844,176.7100067138672
2025-06-30 14:30:00-04:00,176.70840454101562,177.06979370117188,174.5800018310547,176.2899932861328
2025-06-30 15:30:00-04:00,176.28900146484375,176.706298828125,175.91000366210938,176.1999969482422
2025-07-01 09:30:00-04:00,175.73500061035156,176.08999633789062,174.27999877929688,175.25840759277344
2025-07-01 10:30:00-04:00,175.25999450683594,175.25999450683594,173.52999877929688,174.88999938964844
2025-07-01 11:30:00-04:00,174.8800048828125,175.1381072998047,173.99000549316406,174.41000366210938
2025-07-01 12:30:00-04:00,174.39999389648438,175.5,174.22999572753906,175.07000732421875
2025-07-01 13:30:00-04:00,175.07000732421875,175.82000732421875,175.07000732421875,175.5800018310547
2025-07-01 14:30:00-04:00,175.5850067138672,175.92999267578125,174.77000427246094,175.82000732421875
2025-07-01 15:30:00-04:00,175.8300018310547,175.9550018310547,175.44000244140625,175.8699951171875
2025-07-02 09:30:00-04:00,175.5399932861328,177.02000427246094,175.07000732421875,176.8350067138672
2025-07-02 10:30:00-04:00,176.8350067138672,177.7050018310547,176.3699951171875,177.4250030517578
2025-07-02 11:30:00-04:00,177.42999267578125,178.25,177.32000732421875,177.69000244140625
2025-07-02 12:30:00-04:00,177.69000244140625,178.86000061035156,177.5500030517578,178.5500030517578
2025-07-02 13:30:00-04:00,178.55999755859375,178.77499389648438,178.00999450683594,178.08999633789062
2025-07-02 14:30:00-04:00,178.0749969482422,178.50999450683594,177.83009338378906,178.36000061035156
2025-07-02 15:30:00-04:00,178.35000610351562,178.6999969482422,178.02499389648438,178.6300048828125
2025-07-03 09:30:00-04:00,178.69500732421875,179.52999877929688,177.05999755859375,178.30499267578125
2025-07-03 10:30:00-04:00,178.30999755859375,178.94000244140625,178.25999450683594,178.69000244140625
2025-07-03 11:30:00-04:00,178.6699981689453,179.07000732421875,178.5399932861328,178.7899932861328
2025-07-07 09:30:00-04:00,179.00999450683594,179.11000061035156,177.3699951171875,177.66000366210938
2025-07-07 10:30:00-04:00,177.6649932861328,177.6649932861328,176.52000427246094,177.55999755859375
2025-07-07 11:30:00-04:00,177.55499267578125,177.72000122070312,176.39999389648438,176.75
2025-07-07 12:30:00-04:00,176.74000549316406,177.08999633789062,176.02999877929688,176.32699584960938
2025-07-07 13:30:00-04:00,176.3300018310547,176.77000427246094,175.7241973876953,175.73480224609375
2025-07-07 14:30:00-04:00,175.72999572753906,176.4199981689453,175.67999267578125,176.23500061035156
2025-07-07 15:30:00-04:00,176.23500061035156,176.8300018310547,176.00999450683594,176.7899932861328
2025-07-08 09:30:00-04:00,177.9499969482422,177.9499969482422,174.72999572753906,175.05999755859375
2025-07-08 10:30:00-04:00,175.05999755859375,175.82000732421875,172.80999755859375,173.26280212402344
2025-07-08 11:30:00-04:00,173.25,174.8000030517578,173.24850463867188,174.5142059326172
2025-07-08 12:30:00-04:00,174.52000427246094,174.61000061035156,173.97000122070312,174.19500732421875
2025-07-08 13:30:00-04:00,174.19500732421875,174.375,173.8000030517578,173.81500244140625
2025-07-08 14:30:00-04:00,173.82000732421875,174.0,173.4199981689453,173.9980010986328
2025-07-08 15:30:00-04:00,174.0,174.4199981689453,173.77999877929688,174.35000610351562
2025-07-09 09:30:00-04:00,175.18499755859375,179.42950439453125,174.8300018310547,178.61000061035156
2025-07-09 10:30:00-04:00,178.6063995361328,178.63999938964844,175.55999755859375,177.89999389648438
2025-07-09 11:30:00-04:00,177.89039611816406,178.13999938964844,176.6199951171875,176.99000549316406
2025-07-09 12:30:00-04:00,176.97999572753906,177.74000549316406,176.94000244140625,177.25999450683594
2025-07-09 13:30:00-04:00,177.24989318847656,177.66000366210938,172.77000427246094,176.24020385742188
2025-07-09 14:30:00-04:00,176.25999450683594,176.7100067138672,175.88999938964844,176.36000061035156
2025-07-09 15:30:00-04:00,176.35000610351562,177.0500030517578,176.1999969482422,176.6199951171875
2025-07-10 09:30:00-04:00,175.6300048828125,176.0800018310547,174.64999389648438,175.14500427246094
2025-07-10 10:30:00-04:00,175.14999389648438,176.6199951171875,174.9600067138672,176.36000061035156
2025-07-10 11:30:00-04:00,176.36000061035156,176.77000427246094,175.89999389648438,176.69000244140625
2025-07-10 12:30:00-04:00,176.69000244140625,178.4149932861328,176.4949951171875,178.1699981689453
2025-07-10 13:30:00-04:00,178.1699981689453,178.4290008544922,177.3300018310547,177.61000061035156
2025-07-10 14:30:00-04:00,177.61000061035156,177.8300018310547,177.1649932861328,177.7550048828125
2025-07-10 15:30:00-04:00,177.74000549316406,177.84500122070312,177.3000030517578,177.6300048828125
2025-07-11 09:30:00-04:00,176.78500366210938,177.88999938964844,176.47999572753906,177.44500732421875
2025-07-11 10:30:00-04:00,177.43499755859375,178.9550018310547,177.4250030517578,178.92999267578125
2025-07-11 11:30:00-04:00,178.91000366210938,180.94000244140625,178.89999389648438,180.02000427246094
2025-07-11 12:30:00-04:00,180.02639770507812,180.6199951171875,179.52000427246094,180.52499389648438
2025-07-11 13:30:00-04:00,180.52499389648438,181.42999267578125,180.1199951171875,180.8677978515625
2025-07-11 14:30:00-04:00,180.8699951171875,181.125,180.25,180.3863067626953
2025-07-11 15:30:00-04:00,180.3800048828125,180.51930236816406,180.1334991455078,180.15499877929688
2025-07-14 09:30:00-04:00,180.99000549316406,183.6699981689453,179.8800048828125,180.1699981689453
2025-07-14 10:30:00-04:00,180.13999938964844,181.10000610351562,179.6802978515625,180.82000732421875
2025-07-14 11:30:00-04:00,180.8300018310547,180.98500061035156,180.3800048828125,180.5850067138672
2025-07-14 12:30:00-04:00,180.5850067138672,181.79989624023438,180.3800048828125,181.14500427246094
2025-07-14 13:30:00-04:00,181.1699981689453,181.98519897460938,181.0,181.72999572753906
2025-07-14 14:30:00-04:00,181.72500610351562,181.92999267578125,181.1199951171875,181.47999572753906
2025-07-14 15:30:00-04:00,181.47000122070312,181.8350067138672,181.36500549316406,181.60000610351562
2025-07-15 09:30:00-04:00,182.77999877929688,183.47000122070312,181.60000610351562,182.5303955078125
2025-07-15 10:30:00-04:00,182.47000122070312,184.11000061035156,182.44000244140625,183.92999267578125
2025-07-15 11:30:00-04:00,183.89999389648438,183.93870544433594,182.70010375976562,183.23500061035156
2025-07-15 12:30:00-04:00,183.24000549316406,183.59750366210938,182.75999450683594,183.41000366210938
2025-07-15 13:30:00-04:00,183.4149932861328,184.02499389648438,183.39999389648438,183.9149932861328
2025-07-15 14:30:00-04:00,183.9149932861328,184.22000122070312,183.0,183.2100067138672
2025-07-15 15:30:00-04:00,183.22000122070312,183.65499877929688,181.80999755859375,181.9600067138672
2025-07-16 09:30:00-04:00,183.32000732421875,184.13999938964844,182.02999877929688,183.83999633789062
2025-07-16 10:30:00-04:00,183.8397979736328,184.32699584960938,183.32000732421875,183.9499969482422
2025-07-16 11:30:00-04:00,183.9499969482422,183.9550018310547,182.1199951171875,183.0048065185547
2025-07-16 12:30:00-04:00,183.00999450683594,184.2100067138672,182.92999267578125,183.99000549316406
2025-07-16 13:30:00-04:00,183.99000549316406,184.19000244140625,183.61000061035156,183.88999938964844
2025-07-16 14:30:00-04:00,183.8699951171875,183.97999572753906,183.07000732421875,183.13499450683594
2025-07-16 15:30:00-04:00,183.1300048828125,183.61000061035156,182.67999267578125,182.9149932861328
2025-07-17 09:30:00-04:00,182.22000122070312,183.14999389648438,180.47999572753906,182.47999572753906
2025-07-17 10:30:00-04:00,182.48500061035156,182.72500610351562,181.85000610351562,182.39999389648438
2025-07-17 11:30:00-04:00,182.38999938964844,182.9600067138672,182.07359313964844,182.8800048828125
2025-07-17 12:30:00-04:00,182.8699951171875,183.10000610351562,182.21499633789062,182.9949951171875
2025-07-17 13:30:00-04:00,183.00999450683594,183.92999267578125,182.86000061035156,183.74000549316406
2025-07-17 14:30:00-04:00,183.7563934326172,184.05999755859375,183.38999938964844,183.80999755859375
2025-07-17 15:30:00-04:00,183.8000030517578,184.0500030517578,183.30999755859375,183.63999938964844
2025-07-18 09:30:00-04:00,185.5399932861328,186.4199981689453,184.0,184.11000061035156
2025-07-18 10:30:00-04:00,184.1295928955078,185.0,183.7100067138672,184.6649932861328
2025-07-18 11:30:00-04:00,184.6699981689453,185.55999755859375,184.60499572753906,185.02000427246094
2025-07-18 12:30:00-04:00,185.0500030517578,185.36000061035156,184.6699981689453,185.1199951171875
2025-07-18 13:30:00-04:00,185.1199951171875,185.39500427246094,184.7100067138672,185.08999633789062
2025-07-18 14:30:00-04:00,185.08999633789062,185.10000610351562,184.47999572753906,184.73500061035156
2025-07-18 15:30:00-04:00,184.72999572753906,185.1699981689453,184.50999450683594,185.0399932861328
2025-07-21 09:30:00-04:00,186.25,189.85499572753906,186.14999389648438,188.86500549316406
2025-07-21 10:30:00-04:00,188.875,189.48500061035156,188.63999938964844,189.05499267578125
2025-07-21 11:30:00-04:00,189.07000732421875,189.4149932861328,188.0399932861328,188.8459930419922
2025-07-21 12:30:00-04:00,188.84500122070312,189.4499969482422,188.8300018310547,189.22500610351562
2025-07-21 13:30:00-04:00,189.22500610351562,189.86000061035156,189.2200927734375,189.7100067138672
2025-07-21 14:30:00-04:00,189.7198944091797,190.11500549316406,189.53500366210938,189.7550048828125
2025-07-21 15:30:00-04:00,189.74000549316406,190.28500366210938,189.74000549316406,190.1699981689453
2025-07-22 09:30:00-04:00,191.4949951171875,191.52999877929688,187.46209716796875,188.92999267578125
2025-07-22 10:30:00-04:00,188.94500732421875,189.84500122070312,188.81500244140625,189.1300048828125
2025-07-22 11:30:00-04:00,189.13999938964844,190.50999450683594,189.125,189.55929565429688
2025-07-22 12:30:00-04:00,189.57000732421875,191.15499877929688,189.50999450683594,191.0500030517578
2025-07-22 13:30:00-04:00,191.0500030517578,191.0800018310547,190.2100067138672,190.74000549316406
2025-07-22 14:30:00-04:00,190.74000549316406,191.6300048828125,190.69000244140625,191.3300018310547
2025-07-22 15:30:00-04:00,191.32000732421875,191.64500427246094,191.19000244140625,191.35000610351562
2025-07-23 09:30:00-04:00,191.47999572753906,192.52999877929688,189.25999450683594,190.0399932861328
2025-07-23 10:30:00-04:00,190.07000732421875,190.10499572753906,189.19000244140625,189.625
2025-07-23 11:30:00-04:00,189.62649536132812,190.4499969482422,189.2790069580078,189.6300048828125
2025-07-23 12:30:00-04:00,189.63499450683594,190.02000427246094,189.2100067138672,189.92999267578125
2025-07-23 13:30:00-04:00,189.9199981689453,190.57000732421875,189.7899932861328,190.25
2025-07-23 14:30:00-04:00,190.25,190.75999450683594,190.0399932861328,190.7050018310547
2025-07-23 15:30:00-04:00,190.7100067138672,190.89500427246094,189.24000549316406,190.35000610351562
2025-07-24 09:30:00-04:00,197.02999877929688,197.9499969482422,191.0,193.18460083007812
2025-07-24 10:30:00-04:00,193.19000244140625,194.3699951171875,192.26100158691406,194.3699951171875
2025-07-24 11:30:00-04:00,194.34500122070312,194.3800048828125,192.08999633789062,192.50999450683594
2025-07-24 12:30:00-04:00,192.49000549316406,193.0399932861328,191.67349243164062,192.8800048828125
2025-07-24 13:30:00-04:00,192.8863067626953,194.15989685058594,192.75999450683594,194.1365966796875
2025-07-24 14:30:00-04:00,194.14999389648438,194.1999969482422,192.76600646972656,193.02999877929688
2025-07-24 15:30:00-04:00,193.0303955078125,195.0,191.97999572753906,192.17999267578125
2025-07-25 09:30:00-04:00,191.97999572753906,194.3300018310547,191.25999450683594,193.27000427246094
2025-07-25 10:30:00-04:00,193.26010131835938,193.8936004638672,192.55999755859375,193.7100067138672
2025-07-25 11:30:00-04:00,193.7100067138672,193.9199981689453,193.0500030517578,193.44000244140625
2025-07-25 12:30:00-04:00,193.43499755859375,193.63999938964844,192.875,193.23500061035156
2025-07-25 13:30:00-04:00,193.23500061035156,193.3800048828125,192.75,193.3300018310547
2025-07-25 14:30:00-04:00,193.3350067138672,193.8699951171875,193.0,193.0850067138672
2025-07-25 15:30:00-04:00,193.0850067138672,193.53500366210938,193.0,193.17999267578125
2025-07-28 09:30:00-04:00,193.66000366210938,194.0500030517578,191.2440948486328,191.75
2025-07-28 10:30:00-04:00,191.75,192.17999267578125,190.99000549316406,191.1999969482422
2025-07-28 11:30:00-04:00,191.20089721679688,191.47999572753906,190.85000610351562,191.25
2025-07-28 12:30:00-04:00,191.25,192.13999938964844,191.0800018310547,191.9199981689453
2025-07-28 13:30:00-04:00,191.9199981689453,192.4250030517578,191.89999389648438,192.25999450683594
2025-07-28 14:30:00-04:00,192.27029418945312,192.2899932861328,191.61000061035156,191.8126983642578
2025-07-28 15:30:00-04:00,191.80999755859375,192.63999938964844,191.64999389648438,192.55999755859375
2025-07-29 09:30:00-04:00,192.42999267578125,193.63999938964844,192.0800018310547,193.02999877929688
2025-07-29 10:30:00-04:00,193.02000427246094,193.7899932861328,192.7100067138672,193.17999267578125
2025-07-29 11:30:00-04:00,193.1699981689453,194.77499389648438,193.15499877929688,194.69000244140625
2025-07-29 12:30:00-04:00,194.67999267578125,195.72000122070312,194.5500030517578,194.97999572753906
2025-07-29 13:30:00-04:00,194.99119567871094,195.375,194.6199951171875,195.11000061035156
2025-07-29 14:30:00-04:00,195.11000061035156,195.59500122070312,194.85000610351562,195.30999755859375
2025-07-29 15:30:00-04:00,195.30999755859375,195.9199981689453,195.0800018310547,195.73500061035156
2025-07-30 09:30:00-04:00,195.52000427246094,196.7949981689453,194.68499755859375,195.58999633789062
2025-07-30 10:30:00-04:00,195.5800018310547,196.99000549316406,195.57330322265625,196.77000427246094
2025-07-30 11:30:00-04:00,196.75999450683594,197.35000610351562,196.70010375976562,197.34010314941406
2025-07-30 12:30:00-04:00,197.3249969482422,197.5998992919922,196.84500122070312,196.84500122070312
2025-07-30 13:30:00-04:00,196.85499572753906,197.28500366210938,196.41000366210938,197.10499572753906
2025-07-30 14:30:00-04:00,197.10000610351562,197.33999633789062,195.25010681152344,195.8000030517578
2025-07-30 15:30:00-04:00,195.80999755859375,196.65499877929688,195.7899932861328,196.6199951171875
2025-07-31 09:30:00-04:00,195.7100067138672,195.99000549316406,191.94000244140625,193.914794921875
2025-07-31 10:30:00-04:00,193.91859436035156,194.02999877929688,191.1999969482422,192.38999938964844
2025-07-31 11:30:00-04:00,192.4199981689453,193.97000122070312,192.08999633789062,193.77999877929688
2025-07-31 12:30:00-04:00,193.77999877929688,193.8444061279297,191.91000366210938,192.0399932861328
2025-07-31 13:30:00-04:00,192.0500030517578,193.11500549316406,191.7729949951172,192.27000427246094
2025-07-31 14:30:00-04:00,192.24789428710938,192.55999755859375,191.57000732421875,191.75999450683594
2025-07-31 15:30:00-04:00,191.75999450683594,192.14999389648438,191.10000610351562,191.94000244140625
2025-08-01 09:30:00-04:00,189.02000427246094,190.82000732421875,187.82000732421875,189.36000061035156
2025-08-01 10:30:00-04:00,189.3800048828125,190.0399932861328,188.38999938964844,188.58999633789062
2025-08-01 11:30:00-04:00,188.58999633789062,189.42999267578125,188.5449981689453,188.98500061035156
2025-08-01 12:30:00-04:00,188.97999572753906,189.10040283203125,187.875,188.32000732421875
2025-08-01 13:30:00-04:00,188.30999755859375,189.1199951171875,188.27000427246094,189.05999755859375
2025-08-01 14:30:00-04:00,189.07000732421875,189.34500122070312,188.65499877929688,188.82000732421875
2025-08-01 15:30:00-04:00,188.8300018310547,189.32000732421875,188.5500030517578,189.08050537109375
2025-08-04 09:30:00-04:00,190.30999755859375,194.5800018310547,190.1199951171875,194.49989318847656
2025-08-04 10:30:00-04:00,194.47000122070312,194.4864044189453,192.83299255371094,193.14999389648438
2025-08-04 11:30:00-04:00,193.13999938964844,194.22000122070312,193.02000427246094,193.88999938964844
2025-08-04 12:30:00-04:00,193.8800048828125,194.4199981689453,193.74000549316406,194.33999633789062
2025-08-04 13:30:00-04:00,194.33999633789062,194.77999877929688,194.0749969482422,194.5399932861328
2025-08-04 14:30:00-04:00,194.5399932861328,195.27000427246094,194.3000030517578,194.30999755859375
2025-08-04 15:30:00-04:00,194.3000030517578,195.22999572753906,194.26499938964844,195.0399932861328
2025-08-05 09:30:00-04:00,194.7100067138672,197.85989379882812,194.61000061035156,196.98500061035156
2025-08-05 10:30:00-04:00,196.97000122070312,196.99000549316406,195.02000427246094,195.47999572753906
2025-08-05 11:30:00-04:00,195.49000549316406,195.7449951171875,195.0,195.5
2025-08-05 12:30:00-04:00,195.48500061035156,195.6199951171875,194.6699981689453,195.49000549316406
2025-08-05 13:30:00-04:00,195.50999450683594,195.6649932861328,195.0,195.08140563964844
2025-08-05 14:30:00-04:00,195.0800018310547,195.1999969482422,194.30999755859375,194.41000366210938
2025-08-05 15:30:00-04:00,194.41000366210938,194.9199981689453,193.88499450683594,194.6699981689453
2025-08-06 09:30:00-04:00,194.48500061035156,195.66000366210938,193.6699981689453,193.75999450683594
2025-08-06 10:30:00-04:00,193.75,195.60000610351562,193.7100067138672,195.03500366210938
2025-08-06 11:30:00-04:00,195.0399932861328,196.6300048828125,194.86500549316406,196.0
2025-08-06 12:30:00-04:00,195.99000549316406,196.5,195.83999633789062,195.85699462890625
2025-08-06 13:30:00-04:00,195.85000610351562,196.50999450683594,195.6999969482422,196.18980407714844
2025-08-06 14:30:00-04:00,196.17999267578125,196.47999572753906,196.16000366210938,196.34500122070312
2025-08-06 15:30:00-04:00,196.33999633789062,196.38999938964844,195.4949951171875,196.08999633789062
2025-08-07 09:30:00-04:00,196.9250030517578,197.5399932861328,195.4600067138672,196.9499969482422
2025-08-07 10:30:00-04:00,196.9499969482422,197.39599609375,196.1699981689453,196.4499969482422
2025-08-07 11:30:00-04:00,196.4499969482422,196.9499969482422,196.15499877929688,196.6199951171875
2025-08-07 12:30:00-04:00,196.6199951171875,196.7899932861328,195.64999389648438,195.66000366210938
2025-08-07 13:30:00-04:00,195.6699981689453,195.7899932861328,194.50999450683594,194.8000030517578
2025-08-07 14:30:00-04:00,194.8000030517578,195.5,194.3300018310547,195.4550018310547
2025-08-07 15:30:00-04:00,195.4499969482422,196.55999755859375,195.32000732421875,196.55999755859375
2025-08-08 09:30:00-04:00,197.22000122070312,201.63999938964844,197.19000244140625,201.15499877929688
2025-08-08 10:30:00-04:00,201.1300048828125,202.51499938964844,200.72000122070312,202.47500610351562
2025-08-08 11:30:00-04:00,202.47000122070312,202.61000061035156,200.45399475097656,201.04010009765625
2025-08-08 12:30:00-04:00,201.0614013671875,201.0800018310547,200.41000366210938,200.74000549316406
2025-08-08 13:30:00-04:00,200.72999572753906,201.27000427246094,200.72000122070312,201.1219940185547
2025-08-08 14:30:00-04:00,201.125,201.67689514160156,200.6199951171875,201.55999755859375
2025-08-08 15:30:00-04:00,201.57000732421875,201.64999389648438,201.1300048828125,201.44000244140625
2025-08-11 09:30:00-04:00,201.02000427246094,201.17999267578125,199.07000732421875,199.64999389648438
2025-08-11 10:30:00-04:00,199.625,201.1300048828125,199.5500030517578,200.91000366210938
2025-08-11 11:30:00-04:00,200.92999267578125,201.39999389648438,200.5,201.2899932861328
2025-08-11 12:30:00-04:00,201.2899932861328,201.47500610351562,200.77999877929688,200.9199981689453
2025-08-11 13:30:00-04:00,200.92999267578125,201.24000549316406,200.81500244140625,200.89999389648438
2025-08-11 14:30:00-04:00,200.89500427246094,201.21029663085938,200.39500427246094,201.1199951171875
2025-08-11 15:30:00-04:00,201.14999389648438,201.22500610351562,200.55999755859375,201.0
2025-08-12 09:30:00-04:00,201.3000030517578,204.5,200.58999633789062,202.38999938964844
2025-08-12 10:30:00-04:00,202.38999938964844,203.3800048828125,201.6699981689453,202.7100067138672
2025-08-12 11:30:00-04:00,202.7449951171875,203.82000732421875,201.4499969482422,203.74000549316406
2025-08-12 12:30:00-04:00,203.74000549316406,204.22999572753906,203.38999938964844,203.5500030517578
2025-08-12 13:30:00-04:00,203.5399932861328,203.88999938964844,203.4600067138672,203.6699981689453
2025-08-12 14:30:00-04:00,203.67999267578125,204.13999938964844,203.58009338378906,204.0800018310547
2025-08-12 15:30:00-04:00,204.0800018310547,204.1699981689453,203.23829650878906,203.33999633789062
2025-08-13 09:30:00-04:00,203.99000549316406,204.52000427246094,202.22999572753906,203.30979919433594
2025-08-13 10:30:00-04:00,203.31280517578125,203.77999877929688,203.02999877929688,203.47999572753906
2025-08-13 11:30:00-04:00,203.50999450683594,203.59010314941406,202.3300018310547,202.5399932861328
2025-08-13 12:30:00-04:00,202.52499389648438,202.75,202.13999938964844,202.64280700683594
2025-08-13 13:30:00-04:00,202.64999389648438,202.91000366210938,202.43499755859375,202.4600067138672
2025-08-13 14:30:00-04:00,202.4698944091797,202.47999572753906,197.51010131835938,201.9199981689453
2025-08-13 15:30:00-04:00,201.9199981689453,202.05999755859375,201.47000122070312,201.91000366210938
2025-08-14 09:30:00-04:00,201.5,203.18699645996094,201.22500610351562,202.36500549316406
2025-08-14 10:30:00-04:00,202.3699951171875,204.44000244140625,202.17999267578125,203.3249969482422
2025-08-14 11:30:00-04:00,203.32000732421875,204.3350067138672,203.14999389648438,203.47030639648438
2025-08-14 12:30:00-04:00,203.47000122070312,204.31500244140625,203.47000122070312,204.23500061035156
2025-08-14 13:30:00-04:00,204.24000549316406,204.2899932861328,202.74000549316406,203.0050048828125
2025-08-14 14:30:00-04:00,203.0,203.47500610351562,202.90499877929688,202.99000549316406
2025-08-14 15:30:00-04:00,202.9949951171875,203.4600067138672,202.8000030517578,202.85000610351562
2025-08-15 09:30:00-04:00,203.84249877929688,206.44000244140625,203.0,205.9949951171875
2025-08-15 10:30:00-04:00,206.0,206.41000366210938,204.76499938964844,204.89999389648438
2025-08-15 11:30:00-04:00,204.9199981689453,205.24000549316406,204.17999267578125,205.14500427246094
2025-08-15 12:30:00-04:00,205.14500427246094,206.2899932861328,205.1199951171875,206.1300048828125
2025-08-15 13:30:00-04:00,206.16000366210938,206.35499572753906,201.27999877929688,205.8300018310547
2025-08-15 14:30:00-04:00,205.88999938964844,206.05999755859375,204.80999755859375,205.10000610351562
2025-08-15 15:30:00-04:00,205.08999633789062,205.14500427246094,203.75999450683594,203.89999389648438
2025-08-18 09:30:00-04:00,204.16000366210938,205.25,203.69500732421875,204.35389709472656
2025-08-18 10:30:00-04:00,204.27999877929688,204.375,203.0449981689453,203.0800018310547
2025-08-18 11:30:00-04:00,203.10000610351562,203.27000427246094,202.67840576171875,202.875
2025-08-18 12:30:00-04:00,202.8699951171875,203.05999755859375,202.49000549316406,203.00990295410156
2025-08-18 13:30:00-04:00,203.00999450683594,203.24400329589844,202.84300231933594,203.0449981689453
2025-08-18 14:30:00-04:00,203.0500030517578,203.39500427246094,202.83999633789062,203.2899932861328
2025-08-18 15:30:00-04:00,203.28500366210938,203.7100067138672,203.17999267578125,203.42999267578125
2025-08-19 09:30:00-04:00,203.02999877929688,203.44000244140625,200.91000366210938,201.15499877929688
2025-08-19 10:30:00-04:00,201.1699981689453,201.38949584960938,200.13999938964844,200.5399932861328
2025-08-19 11:30:00-04:00,200.5800018310547,200.9499969482422,199.9600067138672,200.53500366210938
2025-08-19 12:30:00-04:00,200.5399932861328,200.9149932861328,200.27000427246094,200.8800048828125
2025-08-19 13:30:00-04:00,200.86000061035156,201.2799072265625,200.8249969482422,201.05599975585938
2025-08-19 14:30:00-04:00,201.0500030517578,201.52000427246094,201.0,201.3300018310547
2025-08-19 15:30:00-04:00,201.33999633789062,201.63999938964844,201.06500244140625,201.63999938964844
2025-08-20 09:30:00-04:00,200.72999572753906,201.27999877929688,197.02999877929688,197.67999267578125
2025-08-20 10:30:00-04:00,197.67999267578125,198.86990356445312,196.59500122070312,198.47999572753906
2025-08-20 11:30:00-04:00,198.4499969482422,200.0800018310547,198.33999633789062,200.07000732421875
2025-08-20 12:30:00-04:00,200.0749969482422,200.0800018310547,199.2100067138672,199.75360107421875
2025-08-20 13:30:00-04:00,199.7689971923828,200.58999633789062,199.32000732421875,199.36000061035156
2025-08-20 14:30:00-04:00,199.36000061035156,200.375,199.30999755859375,199.89999389648438
2025-08-20 15:30:00-04:00,199.89999389648438,200.11000061035156,199.27000427246094,199.2899932861328
2025-08-21 09:30:00-04:00,199.82000732421875,201.89999389648438,199.42999267578125,201.81500244140625
2025-08-21 10:30:00-04:00,201.82000732421875,202.47999572753906,200.02000427246094,200.07029724121094
2025-08-21 11:30:00-04:00,200.07000732421875,200.35009765625,199.55999755859375,199.74000549316406
2025-08-21 12:30:00-04:00,199.86000061035156,200.10000610351562,199.5500030517578,199.7299041748047
2025-08-21 13:30:00-04:00,199.6999969482422,200.3000030517578,199.6699981689453,199.7100067138672
2025-08-21 14:30:00-04:00,199.7050018310547,200.2449951171875,199.6199951171875,200.02999877929688
2025-08-21 15:30:00-04:00,200.0500030517578,200.10000610351562,199.60000610351562,199.74000549316406
2025-08-22 09:30:00-04:00,203.10499572753906,204.06019592285156,201.30999755859375,203.61500549316406
2025-08-22 10:30:00-04:00,203.61500549316406,204.73500061035156,203.5738067626953,204.23500061035156
2025-08-22 11:30:00-04:00,204.22540283203125,205.1300048828125,203.64500427246094,204.21499633789062
2025-08-22 12:30:00-04:00,204.25999450683594,207.25,203.60000610351562,207.13999938964844
2025-08-22 13:30:00-04:00,207.1300048828125,208.52999877929688,206.7899932861328,207.7100067138672
2025-08-22 14:30:00-04:00,207.72000122070312,207.92999267578125,206.1699981689453,206.25999450683594
2025-08-22 15:30:00-04:00,206.25,206.25999450683594,205.36300659179688,206.1199951171875
2025-08-25 09:30:00-04:00,206.42999267578125,208.61000061035156,205.2830047607422,208.44000244140625
2025-08-25 10:30:00-04:00,208.41000366210938,209.6699981689453,207.47999572753906,209.00990295410156
2025-08-25 11:30:00-04:00,209.00999450683594,210.52000427246094,208.5399932861328,210.11000061035156
2025-08-25 12:30:00-04:00,210.09500122070312,210.36000061035156,209.4261932373047,209.5657958984375
2025-08-25 13:30:00-04:00,209.57000732421875,209.9199981689453,208.97000122070312,209.02000427246094
2025-08-25 14:30:00-04:00,209.02000427246094,209.16000366210938,208.58999633789062,208.80499267578125
2025-08-25 15:30:00-04:00,208.80999755859375,209.1999969482422,208.4499969482422,208.50999450683594
2025-08-26 09:30:00-04:00,207.7899932861328,207.7899932861328,205.77499389648438,206.92999267578125
2025-08-26 10:30:00-04:00,206.88999938964844,206.88999938964844,205.8699951171875,206.44000244140625
2025-08-26 11:30:00-04:00,206.43499755859375,207.67539978027344,206.27499389648438,207.33999633789062
2025-08-26 12:30:00-04:00,207.3300018310547,207.4553985595703,206.6999969482422,206.7899932861328
2025-08-26 13:30:00-04:00,206.7899932861328,207.0399932861328,206.6103057861328,206.8795928955078
2025-08-26 14:30:00-04:00,206.88499450683594,207.25,206.57000732421875,207.1300048828125
2025-08-26 15:30:00-04:00,207.1300048828125,207.27999877929688,205.6999969482422,207.1903076171875
2025-08-27 09:30:00-04:00,205.6699981689453,208.85000610351562,205.6649932861328,208.5800018310547
2025-08-27 10:30:00-04:00,208.5800018310547,208.91000366210938,207.8000030517578,208.00650024414062
2025-08-27 11:30:00-04:00,208.0,208.2899932861328,206.14259338378906,206.99620056152344
2025-08-27 12:30:00-04:00,206.99000549316406,207.5800018310547,206.70989990234375,207.22999572753906
2025-08-27 13:30:00-04:00,207.23500061035156,207.5500030517578,207.08200073242188,207.2559051513672
2025-08-27 14:30:00-04:00,207.25,207.30999755859375,206.61000061035156,207.0850067138672
2025-08-27 15:30:00-04:00,207.0850067138672,207.97000122070312,207.0850067138672,207.42999267578125
2025-08-28 09:30:00-04:00,207.2899932861328,211.08999633789062,206.89999389648438,210.38999938964844
2025-08-28 10:30:00-04:00,210.39999389648438,211.85000610351562,210.3636932373047,211.22000122070312
2025-08-28 11:30:00-04:00,211.25,212.22000122070312,210.9199981689453,211.99000549316406
2025-08-28 12:30:00-04:00,211.97999572753906,212.10000610351562,211.38839721679688,212.05499267578125
2025-08-28 13:30:00-04:00,212.0800018310547,212.18499755859375,211.5050048828125,211.5500030517578
2025-08-28 14:30:00-04:00,211.54739379882812,212.1053009033203,211.42999267578125,211.8699951171875
2025-08-28 15:30:00-04:00,211.875,212.1999969482422,211.61000061035156,211.63999938964844
2025-08-29 09:30:00-04:00,210.5500030517578,212.4199981689453,210.24000549316406,212.22000122070312
2025-08-29 10:30:00-04:00,212.23069763183594,212.25,211.0800018310547,211.75999450683594
2025-08-29 11:30:00-04:00,211.76199340820312,212.08999633789062,211.2899932861328,211.9499969482422
2025-08-29 12:30:00-04:00,211.9600067138672,212.35000610351562,211.39500427246094,211.6199951171875
2025-08-29 13:30:00-04:00,211.6199951171875,214.64500427246094,211.4499969482422,213.65499877929688
2025-08-29 14:30:00-04:00,213.66000366210938,213.96499633789062,213.0399932861328,213.16000366210938
2025-08-29 15:30:00-04:00,213.16000366210938,213.4199981689453,212.4600067138672,213.0399932861328
2025-09-02 09:30:00-04:00,208.35000610351562,209.9600067138672,207.5574951171875,209.52000427246094
2025-09-02 10:30:00-04:00,209.50999450683594,209.91099548339844,206.5500030517578,206.89500427246094
2025-09-02 11:30:00-04:00,206.86000061035156,207.71499633789062,206.19500732421875,207.65499877929688
2025-09-02 12:30:00-04:00,207.63999938964844,209.05499267578125,207.56069946289062,208.97999572753906
2025-09-02 13:30:00-04:00,208.99000549316406,210.71499633789062,208.92999267578125,209.6999969482422
2025-09-02 14:30:00-04:00,209.6999969482422,210.69000244140625,209.49000549316406,210.64500427246094
2025-09-02 15:30:00-04:00,210.63999938964844,211.6750030517578,210.5749969482422,211.32000732421875
2025-09-03 09:30:00-04:00,226.10000610351562,230.86000061035156,224.86000061035156,227.4600067138672
2025-09-03 10:30:00-04:00,227.46499633789062,230.48989868164062,227.43499755859375,228.77999877929688
2025-09-03 11:30:00-04:00,228.7550048828125,230.0500030517578,228.2803955078125,229.67010498046875
2025-09-03 12:30:00-04:00,229.67999267578125,231.0500030517578,229.30999755859375,230.0399932861328
2025-09-03 13:30:00-04:00,230.0399932861328,230.4499969482422,228.5500030517578,229.1737060546875
2025-09-03 14:30:00-04:00,229.1699981689453,229.63499450683594,228.09500122070312,229.35000610351562
2025-09-03 15:30:00-04:00,229.36000061035156,231.30999755859375,227.11000061035156,230.6300048828125
2025-09-04 09:30:00-04:00,229.73500061035156,230.30999755859375,226.11000061035156,226.38999938964844
2025-09-04 10:30:00-04:00,226.36000061035156,228.1107940673828,226.1199951171875,227.92999267578125
2025-09-04 11:30:00-04:00,227.9405059814453,228.3699951171875,227.55499267578125,228.10499572753906
2025-09-04 12:30:00-04:00,228.10499572753906,229.1999969482422,227.8350067138672,229.1510009765625
2025-09-04 13:30:00-04:00,229.16000366210938,230.66000366210938,229.1199951171875,230.44500732421875
2025-09-04 14:30:00-04:00,230.4425048828125,231.39999389648438,230.25999450683594,231.35499572753906
2025-09-04 15:30:00-04:00,231.36500549316406,232.36749267578125,231.31399536132812,232.3000030517578
2025-09-05 09:30:00-04:00,232.24000549316406,235.75999450683594,232.1699981689453,232.5500030517578
2025-09-05 10:30:00-04:00,232.52000427246094,233.88999938964844,231.89999389648438,233.8000030517578
2025-09-05 11:30:00-04:00,233.80999755859375,235.03990173339844,233.38070678710938,234.8800048828125
2025-09-05 12:30:00-04:00,234.875,234.97999572753906,233.52999877929688,234.05499267578125
2025-09-05 13:30:00-04:00,234.0500030517578,234.3300018310547,233.1199951171875,233.22000122070312
2025-09-05 14:30:00-04:00,233.22999572753906,234.51499938964844,232.92999267578125,234.42999267578125
2025-09-05 15:30:00-04:00,234.42999267578125,235.43910217285156,234.03500366210938,235.07000732421875
2025-09-08 09:30:00-04:00,235.63999938964844,238.1199951171875,235.0800018310547,236.00999450683594
2025-09-08 10:30:00-04:00,236.031005859375,236.3455047607422,234.77000427246094,235.41000366210938
2025-09-08 11:30:00-04:00,235.41000366210938,236.0590057373047,234.86000061035156,235.02000427246094
2025-09-08 12:30:00-04:00,235.00999450683594,235.22999572753906,233.9499969482422,234.5850067138672
2025-09-08 13:30:00-04:00,234.58999633789062,234.74000549316406,233.8800048828125,234.625
2025-09-08 14:30:00-04:00,234.64999389648438,234.73500061035156,233.6750030517578,234.02000427246094
2025-09-08 15:30:00-04:00,234.0399932861328,234.52999877929688,233.84500122070312,234.0800018310547
2025-09-09 09:30:00-04:00,234.14500427246094,236.5399932861328,233.22900390625,236.30999755859375
2025-09-09 10:30:00-04:00,236.2899932861328,236.94000244140625,235.3800048828125,235.95790100097656
2025-09-09 11:30:00-04:00,235.9499969482422,237.02000427246094,235.5800018310547,236.85000610351562
2025-09-09 12:30:00-04:00,236.85000610351562,238.25,236.77999877929688,238.13999938964844
2025-09-09 13:30:00-04:00,238.13999938964844,238.97999572753906,237.66000366210938,238.69000244140625
2025-09-09 14:30:00-04:00,238.67999267578125,240.17999267578125,238.4199981689453,240.0749969482422
2025-09-09 15:30:00-04:00,240.08999633789062,240.47000122070312,239.05999755859375,239.63999938964844
2025-09-10 09:30:00-04:00,238.94000244140625,241.3699951171875,237.85000610351562,240.25999450683594
2025-09-10 10:30:00-04:00,240.26499938964844,240.97999572753906,239.64999389648438,240.19000244140625
2025-09-10 11:30:00-04:00,240.19500732421875,241.1999969482422,239.86000061035156,240.58999633789062
2025-09-10 12:30:00-04:00,240.58999633789062,241.66000366210938,240.5,240.63999938964844
2025-09-10 13:30:00-04:00,240.63999938964844,241.27000427246094,239.0399932861328,239.42999267578125
2025-09-10 14:30:00-04:00,239.4250030517578,239.9600067138672,238.55999755859375,238.86000061035156
2025-09-10 15:30:00-04:00,238.8699951171875,240.25,238.83999633789062,239.1199951171875
2025-09-11 09:30:00-04:00,239.9600067138672,240.4499969482422,236.8800048828125,237.97999572753906
2025-09-11 10:30:00-04:00,237.9801025390625,239.42999267578125,236.25999450683594,239.25
2025-09-11 11:30:00-04:00,239.24000549316406,240.09500122070312,239.1199951171875,239.9600067138672
2025-09-11 12:30:00-04:00,239.94000244140625,240.1179962158203,239.16000366210938,239.9600067138672
2025-09-11 13:30:00-04:00,239.9550018310547,241.0800018310547,239.6699981689453,241.07000732421875
2025-09-11 14:30:00-04:00,241.07000732421875,242.0449981689453,240.82000732421875,241.99020385742188
2025-09-11 15:30:00-04:00,241.96580505371094,242.25,240.3350067138672,240.35000610351562
2025-09-12 09:30:00-04:00,240.33999633789062,240.7899932861328,238.0,238.9499969482422
2025-09-12 10:30:00-04:00,238.94000244140625,240.38999938964844,238.8800048828125,239.85000610351562
2025-09-12 11:30:00-04:00,239.85000610351562,240.94000244140625,239.80999755859375,240.7899932861328
2025-09-12 12:30:00-04:00,240.7449951171875,241.4499969482422,240.57350158691406,241.10499572753906
2025-09-12 13:30:00-04:00,241.1199951171875,242.0749969482422,241.05999755859375,241.05999755859375
2025-09-12 14:30:00-04:00,241.05999755859375,241.69810485839844,241.00999450683594,241.05999755859375
2025-09-12 15:30:00-04:00,241.05999755859375,241.07000732421875,240.5800018310547,240.75
2025-09-15 09:30:00-04:00,244.77000427246094,252.40499877929688,244.7100067138672,251.05999755859375
2025-09-15 10:30:00-04:00,251.05760192871094,251.05760192871094,248.00999450683594,248.42999267578125
2025-09-15 11:30:00-04:00,248.42999267578125,250.77999877929688,248.3000030517578,249.4499969482422
2025-09-15 12:30:00-04:00,249.4550018310547,249.6699981689453,248.4029998779297,249.47999572753906
2025-09-15 13:30:00-04:00,249.49000549316406,250.30999755859375,248.4199981689453,249.75
2025-09-15 14:30:00-04:00,249.75900268554688,250.47999572753906,248.71499633789062,250.39500427246094
2025-09-15 15:30:00-04:00,250.3979949951172,251.85000610351562,250.27999877929688,251.6199951171875
2025-09-16 09:30:00-04:00,252.0,253.0399932861328,249.47000122070312,250.9600067138672
2025-09-16 10:30:00-04:00,250.97999572753906,251.94000244140625,250.5,250.80999755859375
2025-09-16 11:30:00-04:00,250.82000732421875,251.9199981689453,250.57000732421875,251.8800048828125
2025-09-16 12:30:00-04:00,251.9080047607422,252.30099487304688,251.74000549316406,251.99380493164062
2025-09-16 13:30:00-04:00,252.0,252.0500030517578,251.47999572753906,251.88499450683594
2025-09-16 14:30:00-04:00,251.88999938964844,252.27000427246094,251.47000122070312,251.91000366210938
2025-09-16 15:30:00-04:00,251.92999267578125,251.94000244140625,251.0,251.1999969482422
2025-09-17 09:30:00-04:00,251.22000122070312,251.59750366210938,248.50999450683594,248.86720275878906
2025-09-17 10:30:00-04:00,248.88999938964844,249.61289978027344,247.5399932861328,247.8300018310547
2025-09-17 11:30:00-04:00,247.82009887695312,248.86000061035156,247.43499755859375,248.69000244140625
2025-09-17 12:30:00-04:00,248.71009826660156,248.8350067138672,247.69000244140625,247.98500061035156
2025-09-17 13:30:00-04:00,248.0050048828125,249.08999633789062,246.27999877929688,248.5800018310547
2025-09-17 14:30:00-04:00,248.60000610351562,250.47979736328125,247.4149932861328,250.3000030517578
2025-09-17 15:30:00-04:00,250.3000030517578,250.52999877929688,249.22999572753906,249.52000427246094
2025-09-18 09:30:00-04:00,251.67999267578125,253.99000549316406,251.10000610351562,251.83990478515625
2025-09-18 10:30:00-04:00,251.8800048828125,252.02459716796875,250.27099609375,250.35000610351562
2025-09-18 11:30:00-04:00,250.3699951171875,250.66000366210938,249.8000030517578,250.1300048828125
2025-09-18 12:30:00-04:00,250.1199951171875,251.1490020751953,249.97999572753906,250.7899932861328
2025-09-18 13:30:00-04:00,250.77999877929688,251.8498992919922,250.5,251.64999389648438
2025-09-18 14:30:00-04:00,251.66909790039062,252.11000061035156,251.33999633789062,251.57000732421875
2025-09-18 15:30:00-04:00,251.55999755859375,252.3249969482422,251.3000030517578,252.07000732421875
2025-09-19 09:30:00-04:00,253.25999450683594,254.28990173339844,251.80999755859375,252.9600067138672
2025-09-19 10:30:00-04:00,252.9600067138672,253.01499938964844,251.9199981689453,252.8300018310547
2025-09-19 11:30:00-04:00,252.83999633789062,253.906005859375,252.02999877929688,253.83999633789062
2025-09-19 12:30:00-04:00,253.8300018310547,254.47999572753906,253.4600067138672,254.4600067138672
2025-09-19 13:30:00-04:00,254.44970703125,254.58999633789062,253.8800048828125,254.3350067138672
2025-09-19 14:30:00-04:00,254.33999633789062,255.56500244140625,254.32000732421875,255.3000030517578
2025-09-19 15:30:00-04:00,255.2830047607422,256.0,254.1699981689453,254.65499877929688
2025-09-22 09:30:00-04:00,254.25999450683594,255.77999877929688,252.89999389648438,254.56570434570312
2025-09-22 10:30:00-04:00,254.5500946044922,254.97000122070312,253.55499267578125,253.55499267578125
2025-09-22 11:30:00-04:00,253.5500030517578,253.6199951171875,250.3000030517578,252.52000427246094
2025-09-22 12:30:00-04:00,252.49000549316406,252.50999450683594,250.9199981689453,251.52999877929688
2025-09-22 13:30:00-04:00,251.52499389648438,253.0,251.07000732421875,252.80999755859375
2025-09-22 14:30:00-04:00,252.8000030517578,252.9199981689453,251.2449951171875,251.72999572753906
2025-09-22 15:30:00-04:00,251.75,252.75,251.11000061035156,252.5399932861328
2025-09-23 09:30:00-04:00,253.35000610351562,254.36000061035156,251.19000244140625,252.02540588378906
2025-09-23 10:30:00-04:00,252.02999877929688,252.27999877929688,250.92999267578125,252.22500610351562
2025-09-23 11:30:00-04:00,252.22999572753906,253.7899932861328,252.13999938964844,252.75999450683594
2025-09-23 12:30:00-04:00,252.77000427246094,253.46400451660156,251.66009521484375,251.77999877929688
2025-09-23 13:30:00-04:00,251.77870178222656,251.97999572753906,250.47999572753906,251.39239501953125
2025-09-23 14:30:00-04:00,251.3800048828125,251.7050018310547,250.60000610351562,251.11000061035156
2025-09-23 15:30:00-04:00,251.1300048828125,251.77999877929688,251.02420043945312,251.67999267578125
2025-09-24 09:30:00-04:00,251.75,251.98500061035156,248.07000732421875,249.3300018310547
2025-09-24 10:30:00-04:00,249.25,250.19000244140625,248.93980407714844,249.5749969482422
2025-09-24 11:30:00-04:00,249.57000732421875,249.5749969482422,247.02000427246094,248.72000122070312
2025-09-24 12:30:00-04:00,248.69000244140625,248.7899932861328,248.10000610351562,248.5699005126953
2025-09-24 13:30:00-04:00,248.57980346679688,248.74209594726562,246.44000244140625,247.02279663085938
2025-09-24 14:30:00-04:00,247.3300018310547,248.22000122070312,247.22000122070312,247.52999877929688
2025-09-24 15:30:00-04:00,247.52999877929688,247.5500030517578,246.66000366210938,247.08999633789062
2025-09-25 09:30:00-04:00,243.0,246.1300048828125,240.74000549316406,245.47000122070312
2025-09-25 10:30:00-04:00,245.4199981689453,246.28900146484375,244.64999389648438,245.41000366210938
2025-09-25 11:30:00-04:00,245.41000366210938,246.49000549316406,245.33999633789062,245.43499755859375
2025-09-25 12:30:00-04:00,245.44000244140625,245.99000549316406,244.83999633789062,244.94020080566406
2025-09-25 13:30:00-04:00,244.9199981689453,245.52000427246094,243.72999572753906,245.44000244140625
2025-09-25 14:30:00-04:00,245.4600067138672,246.37989807128906,245.2480010986328,245.44000244140625
2025-09-25 15:30:00-04:00,245.42999267578125,245.9499969482422,244.8699951171875,245.7899932861328
2025-09-26 09:30:00-04:00,247.0,249.4199981689453,246.0800018310547,246.77999877929688
2025-09-26 10:30:00-04:00,246.7998046875,247.75999450683594,246.26499938964844,246.92999267578125
2025-09-26 11:30:00-04:00,246.89999389648438,247.4499969482422,246.0399932861328,247.22500610351562
2025-09-26 12:30:00-04:00,247.25999450683594,247.94000244140625,246.9600067138672,247.8800048828125
2025-09-26 13:30:00-04:00,247.8800048828125,247.9600067138672,246.3000030517578,246.7899932861328
2025-09-26 14:30:00-04:00,246.82000732421875,247.22999572753906,246.50999450683594,246.94000244140625
2025-09-26 15:30:00-04:00,246.9499969482422,246.97000122070312,245.97000122070312,246.5489959716797
2025-09-29 09:30:00-04:00,248.0,251.1486053466797,247.2100067138672,249.360595703125
2025-09-29 10:30:00-04:00,249.3800048828125,249.47999572753906,247.47000122070312,247.94000244140625
2025-09-29 11:30:00-04:00,247.91000366210938,248.57000732421875,247.83999633789062,248.27000427246094
2025-09-29 12:30:00-04:00,248.25999450683594,248.38999938964844,244.9550018310547,245.47500610351562
2025-09-29 13:30:00-04:00,245.4600067138672,245.67999267578125,244.22000122070312,245.53909301757812
2025-09-29 14:30:00-04:00,245.52999877929688,245.572998046875,243.24000549316406,243.32000732421875
2025-09-29 15:30:00-04:00,243.3300018310547,244.27000427246094,242.77000427246094,244.0399932861328
2025-09-30 09:30:00-04:00,243.0,243.2200927734375,239.2449951171875,240.1300048828125
2025-09-30 10:30:00-04:00,240.125,241.55999755859375,239.52499389648438,239.7490997314453
2025-09-30 11:30:00-04:00,239.7449951171875,241.74000549316406,239.59500122070312,241.36500549316406
2025-09-30 12:30:00-04:00,241.3699951171875,242.0,240.77000427246094,241.08999633789062
2025-09-30 13:30:00-04:00,241.08999633789062,241.57000732421875,240.78219604492188,241.2050018310547
2025-09-30 14:30:00-04:00,241.19000244140625,242.6649932861328,241.13999938964844,242.59669494628906
2025-09-30 15:30:00-04:00,242.5749969482422,243.27000427246094,242.3800048828125,243.08999633789062
2025-10-01 09:30:00-04:00,239.0,241.8699951171875,238.7899932861328,240.74000549316406
2025-10-01 10:30:00-04:00,240.74000549316406,241.1199951171875,239.8300018310547,240.75
2025-10-01 11:30:00-04:00,240.73989868164062,243.4770050048828,240.73989868164062,243.14999389648438
2025-10-01 12:30:00-04:00,243.13999938964844,244.22000122070312,243.13999938964844,244.0500030517578
2025-10-01 13:30:00-04:00,244.0500030517578,244.94000244140625,243.19509887695312,244.8699951171875
2025-10-01 14:30:00-04:00,244.8699951171875,245.89999389648438,244.7563018798828,245.80999755859375
2025-10-01 15:30:00-04:00,245.82000732421875,246.3000030517578,244.61500549316406,244.85000610351562
2025-10-02 09:30:00-04:00,245.3350067138672,246.80999755859375,243.89999389648438,245.20489501953125
2025-10-02 10:30:00-04:00,245.22000122070312,245.75,242.30499267578125,243.77999877929688
2025-10-02 11:30:00-04:00,243.77000427246094,244.58999633789062,243.5,243.78500366210938
2025-10-02 12:30:00-04:00,243.78500366210938,244.1094970703125,243.0749969482422,243.7100067138672
2025-10-02 13:30:00-04:00,243.6999969482422,244.44500732421875,243.49000549316406,244.44000244140625
2025-10-02 14:30:00-04:00,244.43699645996094,245.0500030517578,244.1699981689453,244.8699951171875
2025-10-02 15:30:00-04:00,244.8699951171875,245.6999969482422,243.66000366210938,245.6999969482422
2025-10-03 09:30:00-04:00,244.49000549316406,245.42909240722656,241.65499877929688,242.02000427246094
2025-10-03 10:30:00-04:00,242.02999877929688,244.52000427246094,241.82000732421875,244.49000549316406
2025-10-03 11:30:00-04:00,244.51499938964844,245.7799072265625,243.39500427246094,245.64999389648438
2025-10-03 12:30:00-04:00,245.63999938964844,246.3000030517578,243.8300018310547,245.08900451660156
2025-10-03 13:30:00-04:00,245.05999755859375,245.61500549316406,244.55999755859375,245.33999633789062
2025-10-03 14:30:00-04:00,245.36000061035156,245.44000244140625,244.02999877929688,244.3300018310547
2025-10-03 15:30:00-04:00,244.32000732421875,245.47999572753906,244.1652069091797,245.4499969482422
2025-10-06 09:30:00-04:00,245.07000732421875,248.5,244.61000061035156,244.96499633789062
2025-10-06 10:30:00-04:00,244.9687957763672,246.27000427246094,244.92999267578125,246.02999877929688
2025-10-06 11:30:00-04:00,246.07000732421875,248.47000122070312,246.02000427246094,248.04010009765625
2025-10-06 12:30:00-04:00,248.0500030517578,249.55999755859375,247.86500549316406,248.94000244140625
2025-10-06 13:30:00-04:00,248.92999267578125,250.65879821777344,245.74000549316406,250.4499969482422
2025-10-06 14:30:00-04:00,250.4600067138672,251.31500244140625,250.08009338378906,250.3000030517578
2025-10-06 15:30:00-04:00,250.27999877929688,251.11000061035156,250.0500030517578,250.42999267578125
2025-10-07 09:30:00-04:00,247.8800048828125,250.43499755859375,247.27999877929688,248.16000366210938
2025-10-07 10:30:00-04:00,248.14999389648438,248.2899932861328,246.33999633789062,247.35000610351562
2025-10-07 11:30:00-04:00,247.3350067138672,247.3415069580078,245.61000061035156,246.1199951171875
2025-10-07 12:30:00-04:00,246.14999389648438,246.74000549316406,245.8300018310547,246.7100067138672
2025-10-07 13:30:00-04:00,246.69000244140625,247.27999877929688,246.27999877929688,246.92990112304688
2025-10-07 14:30:00-04:00,246.927001953125,247.1300048828125,246.27999877929688,246.3699951171875
2025-10-07 15:30:00-04:00,246.3834991455078,246.52000427246094,245.52000427246094,245.82000732421875
2025-10-08 09:30:00-04:00,244.9499969482422,245.9199981689453,243.82000732421875,245.57080078125
2025-10-08 10:30:00-04:00,245.5800018310547,246.0050048828125,244.13499450683594,245.19000244140625
2025-10-08 11:30:00-04:00,245.1699981689453,245.5,244.6999969482422,244.9615020751953
2025-10-08 12:30:00-04:00,244.9550018310547,245.0,244.02999877929688,244.77000427246094
2025-10-08 13:30:00-04:00,244.77000427246094,245.07000732421875,244.18499755859375,244.5850067138672
2025-10-08 14:30:00-04:00,244.60000610351562,245.02999877929688,244.4600067138672,244.7476043701172
2025-10-08 15:30:00-04:00,244.75,244.97000122070312,244.25999450683594,244.61000061035156
2025-10-09 09:30:00-04:00,243.6699981689453,244.25999450683594,241.47000122070312,241.49830627441406
2025-10-09 10:30:00-04:00,240.75,240.9499969482422,239.86000061035156,240.4857940673828
2025-10-09 11:30:00-04:00,239.77999877929688,241.5,239.25999450683594,241.0399932861328
2025-10-09 12:30:00-04:00,241.24000549316406,241.33999633789062,240.61000061035156,240.8699951171875
2025-10-09 13:30:00-04:00,240.61000061035156,240.8636932373047,240.38999938964844,240.63009643554688
2025-10-09 14:30:00-04:00,240.6750030517578,241.13999938964844,240.5876007080078,240.89999389648438
2025-10-09 15:30:00-04:00,241.0500030517578,241.27999877929688,240.85000610351562,241.27999877929688
2025-10-10 09:30:00-04:00,242.4539031982422,243.6649932861328,242.08999633789062,242.1699981689453
2025-10-10 10:30:00-04:00,242.50999450683594,242.83999633789062,238.9199981689453,239.031005859375
2025-10-10 11:30:00-04:00,238.24000549316406,239.08599853515625,237.4600067138672,238.60000610351562
2025-10-10 12:30:00-04:00,238.60000610351562,238.97000122070312,236.88999938964844,238.5850067138672
2025-10-10 13:30:00-04:00,238.5800018310547,239.60000610351562,238.33999633789062,238.9499969482422
2025-10-10 14:30:00-04:00,238.9600067138672,239.13999938964844,237.3520050048828,237.7100067138672
2025-10-10 15:30:00-04:00,237.72000122070312,237.85499572753906,235.83999633789062,236.57000732421875
2025-10-13 09:30:00-04:00,240.2100067138672,242.22000122070312,239.7100067138672,240.6300048828125
2025-10-13 10:30:00-04:00,240.6300048828125,242.47000122070312,240.02999877929688,242.11000061035156
2025-10-13 11:30:00-04:00,242.03500366210938,243.05999755859375,241.92999267578125,242.7899932861328
2025-10-13 12:30:00-04:00,242.8000030517578,243.10000610351562,241.80999755859375,242.32009887695312
2025-10-13 13:30:00-04:00,242.33999633789062,243.42999267578125,242.1999969482422,243.14999389648438
2025-10-13 14:30:00-04:00,243.16000366210938,243.39999389648438,242.63999938964844,243.1699981689453
2025-10-13 15:30:00-04:00,243.16000366210938,244.39500427246094,243.16000366210938,244.1300048828125
2025-10-14 09:30:00-04:00,241.22999572753906,244.4499969482422,240.52000427246094,244.30999755859375
2025-10-14 10:30:00-04:00,244.2899932861328,245.75,244.0500030517578,245.22500610351562
2025-10-14 11:30:00-04:00,245.25,247.1199951171875,245.25,246.55999755859375
2025-10-14 12:30:00-04:00,246.5800018310547,247.07000732421875,245.75999450683594,246.6300048828125
2025-10-14 13:30:00-04:00,246.6300048828125,246.73330688476562,246.15499877929688,246.61050415039062
2025-10-14 14:30:00-04:00,246.6199951171875,246.63999938964844,245.5399932861328,245.6177978515625
2025-10-14 15:30:00-04:00,245.6199951171875,245.75,243.5800018310547,245.42999267578125
2025-10-15 09:30:00-04:00,247.26499938964844,251.97300720214844,245.99000549316406,251.3000030517578
2025-10-15 10:30:00-04:00,251.3000030517578,252.11000061035156,249.5500030517578,250.1699981689453
2025-10-15 11:30:00-04:00,250.1649932861328,250.3300018310547,248.39999389648438,249.1699981689453
2025-10-15 12:30:00-04:00,249.16000366210938,249.44000244140625,246.64500427246094,247.55999755859375
2025-10-15 13:30:00-04:00,247.55999755859375,249.9499969482422,247.43499755859375,249.67999267578125
2025-10-15 14:30:00-04:00,249.6699981689453,250.91000366210938,249.62510681152344,250.52999877929688
2025-10-15 15:30:00-04:00,250.5449981689453,251.13999938964844,249.6999969482422,251.0800018310547
2025-10-16 09:30:00-04:00,251.77999877929688,256.9599914550781,251.60000610351562,254.91000366210938
2025-10-16 10:30:00-04:00,254.9499969482422,256.32000732421875,254.10009765625,254.2100067138672
2025-10-16 11:30:00-04:00,254.1649932861328,254.80999755859375,252.17999267578125,252.25999450683594
2025-10-16 12:30:00-04:00,252.32000732421875,253.1199951171875,250.86000061035156,252.80499267578125
2025-10-16 13:30:00-04:00,252.77999877929688,253.05999755859375,250.1009979248047,251.11000061035156
2025-10-16 14:30:00-04:00,251.08999633789062,252.3000030517578,250.33999633789062,251.5399932861328
2025-10-16 15:30:00-04:00,251.58999633789062,252.1999969482422,251.02000427246094,251.38999938964844
2025-10-17 09:30:00-04:00,250.88999938964844,252.2698974609375,247.8699951171875,251.50999450683594
2025-10-17 10:30:00-04:00,251.5050048828125,251.77499389648438,249.91000366210938,250.35000610351562
2025-10-17 11:30:00-04:00,250.35000610351562,252.9499969482422,249.63499450683594,252.86000061035156
2025-10-17 12:30:00-04:00,252.88999938964844,253.22999572753906,251.1199951171875,251.64999389648438
2025-10-17 13:30:00-04:00,251.6300048828125,254.22000122070312,251.52999877929688,253.60110473632812
2025-10-17 14:30:00-04:00,253.56500244140625,253.77000427246094,252.4149932861328,253.14999389648438
2025-10-17 15:30:00-04:00,253.13999938964844,253.7899932861328,252.65499877929688,253.32000732421875
2025-10-20 09:30:00-04:00,254.69000244140625,256.3800048828125,254.22999572753906,256.0849914550781
2025-10-20 10:30:00-04:00,256.0815124511719,256.54998779296875,255.39999389648438,256.3594970703125
2025-10-20 11:30:00-04:00,256.3500061035156,257.3299865722656,256.02099609375,256.2099914550781
2025-10-20 12:30:00-04:00,256.25,256.8599853515625,255.9499969482422,256.0950012207031
2025-10-20 13:30:00-04:00,256.1199951171875,256.5,255.75999450683594,256.1300964355469
2025-10-20 14:30:00-04:00,256.1499938964844,256.8699951171875,255.8699951171875,256.32000732421875
2025-10-20 15:30:00-04:00,256.32000732421875,256.95001220703125,256.19000244140625,256.5799865722656
2025-10-21 09:30:00-04:00,254.66000366210938,254.8800048828125,251.3699951171875,251.81500244140625
2025-10-21 10:30:00-04:00,251.81500244140625,252.77000427246094,244.14999389648438,246.22999572753906
2025-10-21 11:30:00-04:00,246.2998046875,249.64999389648438,245.70010375976562,248.93499755859375
2025-10-21 12:30:00-04:00,248.93499755859375,252.47000122070312,247.32000732421875,251.60000610351562
2025-10-21 13:30:00-04:00,251.52999877929688,252.5699005126953,250.52000427246094,252.02000427246094
2025-10-21 14:30:00-04:00,251.99000549316406,252.2899932861328,251.25,251.4600067138672
2025-10-21 15:30:00-04:00,251.47999572753906,251.57000732421875,250.22999572753906,250.42999267578125
2025-10-22 09:30:00-04:00,254.22500610351562,256.1600036621094,252.63999938964844,252.8699951171875
2025-10-22 10:30:00-04:00,252.89999389648438,256.34930419921875,251.86000061035156,252.57000732421875
2025-10-22 11:30:00-04:00,252.6300048828125,253.72999572753906,251.10000610351562,251.2550048828125
2025-10-22 12:30:00-04:00,251.22569274902344,251.6999969482422,249.2899932861328,250.52000427246094
2025-10-22 13:30:00-04:00,250.50999450683594,251.27000427246094,249.60000610351562,251.02499389648438
2025-10-22 14:30:00-04:00,251.0225067138672,251.8800048828125,250.6199951171875,251.5500030517578
2025-10-22 15:30:00-04:00,251.5399932861328,251.8699951171875,250.7382049560547,251.6699981689453
2025-10-23 09:30:00-04:00,252.89999389648438,255.0399932861328,251.85000610351562,253.74000549316406
2025-10-23 10:30:00-04:00,253.75999450683594,254.75999450683594,253.10000610351562,253.97999572753906
2025-10-23 11:30:00-04:00,253.9949951171875,254.63999938964844,253.31570434570312,254.42999267578125
2025-10-23 12:30:00-04:00,254.47000122070312,254.5500030517578,253.44000244140625,253.6750030517578
2025-10-23 13:30:00-04:00,253.6999969482422,254.44000244140625,253.66000366210938,254.39219665527344
2025-10-23 14:30:00-04:00,254.3800048828125,254.4398956298828,253.41000366210938,253.57000732421875
2025-10-23 15:30:00-04:00,253.57000732421875,253.6699981689453,252.6199951171875,253.07000732421875
2025-10-24 09:30:00-04:00,256.17999267578125,261.67999267578125,255.31500244140625,260.3041076660156
2025-10-24 10:30:00-04:00,260.29998779296875,260.6000061035156,258.8500061035156,260.3900146484375
2025-10-24 11:30:00-04:00,260.3900146484375,260.760009765625,259.7799987792969,260.55999755859375
2025-10-24 12:30:00-04:00,260.5400085449219,261.3500061035156,260.1700134277344,260.9700012207031
2025-10-24 13:30:00-04:00,260.9599914550781,261.39990234375,260.7200012207031,261.2049865722656
2025-10-24 14:30:00-04:00,261.2200012207031,261.3399963378906,260.3301086425781,260.5
2025-10-24 15:30:00-04:00,260.4700012207031,260.6199951171875,259.7300109863281,259.9100036621094
2025-10-27 09:30:00-04:00,264.8450012207031,266.7699890136719,264.2799987792969,265.0400085449219
2025-10-27 10:30:00-04:00,265.0350036621094,266.57000732421875,264.43780517578125,266.44500732421875
2025-10-27 11:30:00-04:00,266.4649963378906,267.20001220703125,266.2300109863281,266.95001220703125
2025-10-27 12:30:00-04:00,266.9700012207031,267.8500061035156,266.7099914550781,267.70001220703125
2025-10-27 13:30:00-04:00,267.70001220703125,269.2204895019531,267.6300048828125,268.92999267578125
2025-10-27 14:30:00-04:00,268.9100036621094,269.739990234375,267.9700012207031,268.2200012207031
2025-10-27 15:30:00-04:00,268.20001220703125,270.05999755859375,268.0400085449219,269.2699890136719
2025-10-28 09:30:00-04:00,269.5150146484375,270.7300109863281,266.7200012207031,267.3299865722656
2025-10-28 10:30:00-04:00,267.3399963378906,267.79998779296875,266.5,267.2799987792969
2025-10-28 11:30:00-04:00,267.2850036621094,267.4200134277344,266.5,267.1199951171875
2025-10-28 12:30:00-04:00,267.114990234375,268.2300109863281,266.7799987792969,268.0799865722656
2025-10-28 13:30:00-04:00,268.04998779296875,268.3800048828125,267.8201904296875,268.1499938964844
2025-10-28 14:30:00-04:00,268.1400146484375,268.19000244140625,267.3500061035156,267.9700012207031
2025-10-28 15:30:00-04:00,267.9800109863281,268.0299987792969,266.8900146484375,267.489990234375
2025-10-29 09:30:00-04:00,267.7550048828125,270.1000061035156,267.6700134277344,269.260009765625
2025-10-29 10:30:00-04:00,269.239990234375,270.94000244140625,268.8550109863281,270.42498779296875
2025-10-29 11:30:00-04:00,270.42999267578125,272.4283142089844,270.32000732421875,271.83050537109375
2025-10-29 12:30:00-04:00,271.8399963378906,272.1789855957031,271.510009765625,272.0199890136719
2025-10-29 13:30:00-04:00,272.010009765625,273.3900146484375,272.0000915527344,273.29998779296875
2025-10-29 14:30:00-04:00,273.29998779296875,273.7300109863281,271.17999267578125,273.07501220703125
2025-10-29 15:30:00-04:00,273.04998779296875,275.33599853515625,272.875,275.0400085449219
2025-10-30 09:30:00-04:00,291.4700012207031,291.4700012207031,280.07000732421875,289.0400085449219
2025-10-30 10:30:00-04:00,289.05999755859375,290.1000061035156,287.0350036621094,288.3949890136719
2025-10-30 11:30:00-04:00,288.4599914550781,290.0,285.658203125,286.0
2025-10-30 12:30:00-04:00,285.9700012207031,286.1700134277344,283.8399963378906,285.3999938964844
2025-10-30 13:30:00-04:00,285.32000732421875,285.3299865722656,282.5,283.375
2025-10-30 14:30:00-04:00,283.3599853515625,284.04998779296875,282.02301025390625,283.4100036621094
2025-10-30 15:30:00-04:00,283.3599853515625,283.739990234375,280.7300109863281,281.2900085449219
2025-10-31 09:30:00-04:00,282.7900085449219,286.0,277.0299987792969,278.4468994140625
2025-10-31 10:30:00-04:00,278.4599914550781,282.3599853515625,278.260009765625,280.8299865722656
2025-10-31 11:30:00-04:00,280.864990234375,281.6099853515625,278.2950134277344,278.82501220703125
2025-10-31 12:30:00-04:00,278.79998779296875,280.7300109863281,278.7300109863281,279.79998779296875
2025-10-31 13:30:00-04:00,279.7799987792969,281.5,279.6449890136719,280.2300109863281
2025-10-31 14:30:00-04:00,280.20001220703125,281.07989501953125,278.7250061035156,280.92999267578125
2025-10-31 15:30:00-04:00,280.92999267578125,281.9800109863281,280.6199951171875,281.17999267578125
2025-11-03 09:30:00-05:00,282.1549987792969,282.8900146484375,279.79998779296875,282.6300048828125
2025-11-03 10:30:00-05:00,282.6000061035156,283.42999267578125,281.3299865722656,282.3699951171875
2025-11-03 11:30:00-05:00,282.385009765625,283.5799865722656,282.25,282.3349914550781
2025-11-03 12:30:00-05:00,282.3299865722656,283.210205078125,281.8500061035156,282.25
2025-11-03 13:30:00-05:00,282.2699890136719,283.4200134277344,282.1050109863281,282.8598937988281
2025-11-03 14:30:00-05:00,282.8299865722656,285.5299987792969,282.8254089355469,284.7200012207031
2025-11-03 15:30:00-05:00,284.7200012207031,284.7699890136719,283.2200012207031,283.8900146484375
2025-11-04 09:30:00-05:00,276.67999267578125,280.54949951171875,276.3900146484375,279.7099914550781
2025-11-04 10:30:00-05:00,279.7099914550781,281.2699890136719,278.5799865722656,278.8244934082031
2025-11-04 11:30:00-05:00,278.82000732421875,279.0,277.0,277.6549987792969
2025-11-04 12:30:00-05:00,277.6650085449219,277.8399963378906,276.70001220703125,276.8699951171875
2025-11-04 13:30:00-05:00,276.881591796875,278.6099853515625,276.8399963378906,278.1700134277344
2025-11-04 14:30:00-05:00,278.1600036621094,278.20849609375,276.7799987792969,277.2300109863281
2025-11-04 15:30:00-05:00,277.25,277.739990234375,276.260009765625,277.5799865722656
2025-11-05 09:30:00-05:00,278.8949890136719,284.885009765625,277.3399963378906,283.14459228515625
2025-11-05 10:30:00-05:00,283.1000061035156,284.2900085449219,282.1130065917969,283.4599914550781
2025-11-05 11:30:00-05:00,283.4601135253906,284.8500061035156,282.8299865722656,283.0799865722656
2025-11-05 12:30:00-05:00,283.0849914550781,283.5,282.6700134277344,283.4399108886719
2025-11-05 13:30:00-05:00,283.44000244140625,286.3299865722656,282.864990234375,283.82000732421875
2025-11-05 14:30:00-05:00,283.82501220703125,284.30999755859375,282.86041259765625,283.8949890136719
2025-11-05 15:30:00-05:00,283.8999938964844,284.8999938964844,283.8609924316406,284.3299865722656
2025-11-06 09:30:00-05:00,285.3299865722656,288.3500061035156,283.739990234375,284.6737060546875
2025-11-06 10:30:00-05:00,284.6600036621094,284.7699890136719,281.1400146484375,283.7200012207031
2025-11-06 11:30:00-05:00,283.6700134277344,284.9678039550781,282.860107421875,284.8999938964844
2025-11-06 12:30:00-05:00,284.8900146484375,286.4200134277344,284.375,285.3420104980469
2025-11-06 13:30:00-05:00,285.32000732421875,287.1700134277344,285.010009765625,286.9549865722656
2025-11-06 14:30:00-05:00,286.92999267578125,287.1700134277344,284.8500061035156,285.1499938964844
2025-11-06 15:30:00-05:00,285.1700134277344,285.6889953613281,284.2799987792969,284.760009765625
2025-11-07 09:30:00-05:00,283.1300048828125,283.7799987792969,275.739990234375,278.2449951171875
2025-11-07 10:30:00-05:00,278.239990234375,278.5799865722656,275.8599853515625,276.614990234375
2025-11-07 11:30:00-05:00,276.6199951171875,277.6907958984375,275.19000244140625,277.2550048828125
2025-11-07 12:30:00-05:00,277.239990234375,277.7297058105469,276.4100036621094,277.5199890136719
2025-11-07 13:30:00-05:00,277.510009765625,277.82550048828125,276.3999938964844,277.20001220703125
2025-11-07 14:30:00-05:00,277.20001220703125,279.5,277.20001220703125,278.31939697265625
2025-11-07 15:30:00-05:00,278.32501220703125,279.19000244140625,278.0,278.9200134277344
2025-11-10 09:30:00-05:00,284.4200134277344,289.5799865722656,282.8550109863281,287.8797912597656
2025-11-10 10:30:00-05:00,287.8550109863281,288.45001220703125,285.5199890136719,286.3399963378906
2025-11-10 11:30:00-05:00,286.2799987792969,286.8385009765625,285.4700012207031,286.57000732421875
2025-11-10 12:30:00-05:00,286.6099853515625,288.6600036621094,286.5,288.1636047363281
2025-11-10 13:30:00-05:00,288.1658020019531,290.739990234375,288.1199951171875,290.3900146484375
2025-11-10 14:30:00-05:00,290.340087890625,290.79998779296875,289.8299865722656,289.9700012207031
2025-11-10 15:30:00-05:00,289.9800109863281,290.6700134277344,289.864990234375,290.1300048828125
2025-11-11 09:30:00-05:00,287.7449951171875,291.1199951171875,287.32000732421875,288.8351135253906
2025-11-11 10:30:00-05:00,288.79998779296875,289.7850036621094,288.1300048828125,288.6000061035156
2025-11-11 11:30:00-05:00,288.6199951171875,290.1300048828125,288.20001220703125,289.5400085449219
2025-11-11 12:30:00-05:00,289.54998779296875,289.7300109863281,288.7950134277344,289.3299865722656
2025-11-11 13:30:00-05:00,289.3299865722656,291.2784118652344,288.9696044921875,290.1400146484375
2025-11-11 14:30:00-05:00,290.17999267578125,290.8900146484375,290.1000061035156,290.7099914550781
2025-11-11 15:30:00-05:00,290.7200012207031,291.9150085449219,290.5899963378906,291.2950134277344
2025-11-12 09:30:00-05:00,291.67498779296875,291.9750061035156,285.6600036621094,286.9049987792969
2025-11-12 10:30:00-05:00,286.8999938964844,287.05999755859375,283.69000244140625,285.28009033203125
2025-11-12 11:30:00-05:00,285.2850036621094,285.8900146484375,283.8500061035156,285.82000732421875
2025-11-12 12:30:00-05:00,285.80499267578125,286.82000732421875,285.375,286.2349853515625
2025-11-12 13:30:00-05:00,286.2200012207031,286.5400085449219,285.67999267578125,286.0126037597656
2025-11-12 14:30:00-05:00,286.04998779296875,286.739990234375,285.7300109863281,286.7099914550781
2025-11-12 15:30:00-05:00,286.7200012207031,287.3399963378906,286.3399963378906,286.739990234375
2025-11-13 09:30:00-05:00,282.29998779296875,282.8399963378906,277.239990234375,279.5799865722656
2025-11-13 10:30:00-05:00,279.54998779296875,280.9100036621094,277.6600036621094,279.9949951171875
2025-11-13 11:30:00-05:00,279.9849853515625,280.6300048828125,279.2500915527344,280.5299987792969
2025-11-13 12:30:00-05:00,280.5299987792969,280.8900146484375,277.8251037597656,278.07000732421875
2025-11-13 13:30:00-05:00,278.04998779296875,279.5710144042969,277.3599853515625,279.55499267578125
2025-11-13 14:30:00-05:00,279.5,279.885009765625,278.40850830078125,279.8055114746094
2025-11-13 15:30:00-05:00,279.7950134277344,279.9649963378906,277.489990234375,278.6199951171875
2025-11-14 09:30:00-05:00,271.4100036621094,276.8500061035156,270.70001220703125,276.5899963378906
2025-11-14 10:30:00-05:00,276.6099853515625,278.45001220703125,276.2699890136719,278.3500061035156
2025-11-14 11:30:00-05:00,278.3599853515625,278.55999755859375,277.2900085449219,277.8800048828125
2025-11-14 12:30:00-05:00,277.8564147949219,278.3399963378906,276.2099914550781,277.1449890136719
2025-11-14 13:30:00-05:00,277.1199951171875,277.739990234375,276.1535949707031,277.5899963378906
2025-11-14 14:30:00-05:00,277.6099853515625,278.05999755859375,276.4200134277344,276.6000061035156
2025-11-14 15:30:00-05:00,276.55999755859375,276.9800109863281,275.79998779296875,276.3810119628906
2025-11-17 09:30:00-05:00,285.7749938964844,293.95001220703125,285.1199951171875,290.4100036621094
2025-11-17 10:30:00-05:00,290.4100036621094,291.0,286.8800048828125,287.9200134277344
2025-11-17 11:30:00-05:00,287.9549865722656,289.6940002441406,287.75,288.44000244140625
2025-11-17 12:30:00-05:00,288.45001220703125,288.5877990722656,285.27301025390625,285.7200012207031
2025-11-17 13:30:00-05:00,285.7099914550781,286.8935852050781,284.2900085449219,284.9649963378906
2025-11-17 14:30:00-05:00,284.9649963378906,284.989990234375,283.57000732421875,284.6650085449219
2025-11-17 15:30:00-05:00,284.70001220703125,285.6700134277344,284.3399963378906,285.1099853515625
2025-11-18 09:30:00-05:00,287.8599853515625,288.32000732421875,279.4599914550781,281.6099853515625
2025-11-18 10:30:00-05:00,281.6099853515625,286.2699890136719,278.2300109863281,286.2699890136719
2025-11-18 11:30:00-05:00,286.260009765625,287.45989990234375,283.6600036621094,284.33990478515625
2025-11-18 12:30:00-05:00,284.2950134277344,288.4750061035156,283.5997009277344,287.7200012207031
2025-11-18 13:30:00-05:00,287.760009765625,288.79998779296875,286.9200134277344,287.6199951171875
2025-11-18 14:30:00-05:00,287.6600036621094,288.75,285.9700012207031,286.69000244140625
2025-11-18 15:30:00-05:00,286.70001220703125,286.9599914550781,284.1300048828125,284.2950134277344
2025-11-19 09:30:00-05:00,287.30999755859375,303.67999267578125,286.6300048828125,301.135009765625
2025-11-19 10:30:00-05:00,301.1000061035156,301.3699951171875,295.5199890136719,296.019287109375
2025-11-19 11:30:00-05:00,296.0050048828125,296.239990234375,292.8599853515625,293.95001220703125
2025-11-19 12:30:00-05:00,293.94500732421875,294.83990478515625,292.32000732421875,292.8900146484375
2025-11-19 13:30:00-05:00,292.82000732421875,294.5799865722656,292.6099853515625,293.510009765625
2025-11-19 14:30:00-05:00,293.42999267578125,296.0,292.8299865722656,295.2799987792969
2025-11-19 15:30:00-05:00,295.2699890136719,296.114990234375,292.5950012207031,292.79998779296875
2025-11-20 09:30:00-05:00,304.5450134277344,305.1300048828125,299.82000732421875,304.3699951171875
2025-11-20 10:30:00-05:00,304.3299865722656,306.4100036621094,299.4700012207031,299.82000732421875
2025-11-20 11:30:00-05:00,299.8349914550781,300.0899963378906,292.7349853515625,294.67999267578125
2025-11-20 12:30:00-05:00,294.57501220703125,296.3500061035156,291.0,295.1499938964844
2025-11-20 13:30:00-05:00,295.1000061035156,295.5400085449219,290.4700012207031,292.3399963378906
2025-11-20 14:30:00-05:00,292.32000732421875,293.07000732421875,290.760009765625,291.6099853515625
2025-11-20 15:30:00-05:00,291.6099853515625,291.8999938964844,288.6700134277344,289.5899963378906
2025-11-21 09:30:00-05:00,296.4150085449219,301.5199890136719,295.1199951171875,296.25
2025-11-21 10:30:00-05:00,296.2699890136719,301.4800109863281,293.8450012207031,299.8999938964844
2025-11-21 11:30:00-05:00,299.94000244140625,299.9599914550781,295.25,296.1199951171875
2025-11-21 12:30:00-05:00,296.125,297.7900085449219,295.42999267578125,296.9100036621094
2025-11-21 13:30:00-05:00,296.8599853515625,303.9200134277344,296.6600036621094,302.610107421875
2025-11-21 14:30:00-05:00,302.5,302.8999938964844,299.7699890136719,299.7699890136719
2025-11-21 15:30:00-05:00,299.7699890136719,301.3699951171875,298.8800048828125,299.739990234375
2025-11-24 09:30:00-05:00,310.94000244140625,318.55999755859375,309.5950012207031,316.8900146484375
2025-11-24 10:30:00-05:00,316.92498779296875,317.79998779296875,314.1600036621094,314.364990234375
2025-11-24 11:30:00-05:00,314.364990234375,315.1199951171875,311.8800964355469,315.0599060058594
2025-11-24 12:30:00-05:00,315.0450134277344,317.989990234375,314.7900085449219,317.25
2025-11-24 13:30:00-05:00,317.2381896972656,318.25,315.2699890136719,317.18499755859375
2025-11-24 14:30:00-05:00,317.20001220703125,318.8399963378906,316.510009765625,317.8900146484375
2025-11-24 15:30:00-05:00,317.9100036621094,319.4800109863281,317.739990234375,318.4200134277344
2025-11-25 09:30:00-05:00,325.0299987792969,328.8299865722656,319.54998779296875,327.35589599609375
2025-11-25 10:30:00-05:00,327.3500061035156,328.2398986816406,317.6499938964844,320.67498779296875
2025-11-25 11:30:00-05:00,320.6099853515625,322.05999755859375,318.67999267578125,321.2149963378906
2025-11-25 12:30:00-05:00,321.20001220703125,324.1000061035156,320.3299865722656,324.010009765625
2025-11-25 13:30:00-05:00,324.0050048828125,324.3399963378906,321.45001220703125,322.6400146484375
2025-11-25 14:30:00-05:00,322.6499938964844,323.44000244140625,320.5350036621094,321.3800048828125
2025-11-25 15:30:00-05:00,321.4100036621094,324.2699890136719,321.3500061035156,323.3900146484375
2025-11-26 09:30:00-05:00,320.5199890136719,324.5,316.7900085449219,317.9599914550781
2025-11-26 10:30:00-05:00,317.9599914550781,320.2300109863281,317.1600036621094,319.4317932128906
2025-11-26 11:30:00-05:00,319.4599914550781,320.0400085449219,318.25,318.85009765625
2025-11-26 12:30:00-05:00,318.8695068359375,319.56988525390625,318.12701416015625,319.4049987792969
2025-11-26 13:30:00-05:00,319.3800048828125,319.4299011230469,318.4700012207031,318.8550109863281
2025-11-26 14:30:00-05:00,318.8399963378906,319.4800109863281,318.3599853515625,319.3500061035156
2025-11-26 15:30:00-05:00,319.3500061035156,320.4150085449219,319.2099914550781,320.010009765625
2025-11-28 09:30:00-05:00,323.92498779296875,326.8299865722656,317.38409423828125,318.072509765625
2025-11-28 10:30:00-05:00,318.0299987792969,319.4259033203125,316.7900085449219,317.3699951171875
2025-11-28 11:30:00-05:00,317.3599853515625,320.0799865722656,317.1099853515625,319.70001220703125
2025-12-01 09:30:00-05:00,317.70001220703125,319.8500061035156,314.44000244140625,317.010009765625
2025-12-01 10:30:00-05:00,317.010009765625,318.55999755859375,315.3900146484375,316.7300109863281
2025-12-01 11:30:00-05:00,316.75,318.2900085449219,316.7300109863281,317.79998779296875
2025-12-01 12:30:00-05:00,317.7799987792969,318.4200134277344,317.1449890136719,317.2300109863281
2025-12-01 13:30:00-05:00,317.25,317.9100036621094,315.7650146484375,316.1000061035156
2025-12-01 14:30:00-05:00,316.0799865722656,316.63800048828125,315.32501220703125,316.5000915527344
2025-12-01 15:30:00-05:00,316.5199890136719,316.5799865722656,313.8900146484375,315.1400146484375
2025-12-02 09:30:00-05:00,315.1499938964844,318.3800048828125,314.42999267578125,316.3299865722656
2025-12-02 10:30:00-05:00,316.3550109863281,318.3800048828125,313.9100036621094,314.6600036621094
2025-12-02 11:30:00-05:00,314.6499938964844,315.8349914550781,314.1416931152344,315.6585998535156
2025-12-02 12:30:00-05:00,315.6600036621094,316.4397888183594,314.1199951171875,316.2900085449219
2025-12-02 13:30:00-05:00,316.2099914550781,316.9649963378906,315.7300109863281,316.57000732421875
2025-12-02 14:30:00-05:00,316.5899963378906,316.9482116699219,315.3700866699219,315.635009765625
2025-12-02 15:30:00-05:00,315.6199951171875,316.0,315.0,315.70001220703125
2025-12-03 09:30:00-05:00,315.760009765625,318.989990234375,314.1000061035156,317.69000244140625
2025-12-03 10:30:00-05:00,317.69500732421875,320.1199951171875,317.239990234375,319.1700134277344
2025-12-03 11:30:00-05:00,319.1300048828125,320.75,318.9700012207031,320.17999267578125
2025-12-03 12:30:00-05:00,320.1000061035156,321.42999267578125,319.6700134277344,321.1000061035156
2025-12-03 13:30:00-05:00,321.1000061035156,321.5692138671875,320.31500244140625,320.364990234375
2025-12-03 14:30:00-05:00,320.364990234375,321.385009765625,319.8700866699219,321.3399963378906
2025-12-03 15:30:00-05:00,321.32000732421875,321.375,319.2799987792969,319.5199890136719
2025-12-04 09:30:00-05:00,320.3949890136719,320.7200012207031,314.7117004394531,316.6700134277344
2025-12-04 10:30:00-05:00,316.6340026855469,316.93499755859375,315.07000732421875,316.0299987792969
2025-12-04 11:30:00-05:00,316.010009765625,316.95001220703125,315.8800048828125,316.3349914550781
2025-12-04 12:30:00-05:00,316.3290100097656,317.9100036621094,315.739990234375,316.92999267578125
2025-12-04 13:30:00-05:00,316.9599914550781,317.4198913574219,315.95001220703125,316.5
2025-12-04 14:30:00-05:00,316.5199890136719,317.4595031738281,316.44000244140625,317.1499938964844
2025-12-04 15:30:00-05:00,317.17999267578125,317.7099914550781,316.6499938964844,317.5799865722656
2025-12-05 09:30:00-05:00,319.6675109863281,323.1600036621094,319.6675109863281,321.6695861816406
2025-12-05 10:30:00-05:00,321.6899108886719,321.94000244140625,319.1650085449219,320.0622863769531
2025-12-05 11:30:00-05:00,320.010009765625,322.260009765625,319.4200134277344,321.0199890136719
2025-12-05 12:30:00-05:00,321.04010009765625,321.2200012207031,320.0899963378906,320.8699951171875
2025-12-05 13:30:00-05:00,320.8800048828125,320.9200134277344,320.05999755859375,320.2900085449219
2025-12-05 14:30:00-05:00,320.2799987792969,320.7099914550781,320.010009765625,320.2200012207031
2025-12-05 15:30:00-05:00,320.2200012207031,321.4800109863281,320.1499938964844,321.260009765625
2025-12-08 09:30:00-05:00,320.07000732421875,320.44000244140625,316.8299865722656,317.04998779296875
2025-12-08 10:30:00-05:00,317.0299987792969,317.0299987792969,314.8800964355469,315.1099853515625
2025-12-08 11:30:00-05:00,315.114990234375,315.49798583984375,311.2218933105469,312.29998779296875
2025-12-08 12:30:00-05:00,312.31500244140625,313.260009765625,311.42999267578125,312.1983947753906
2025-12-08 13:30:00-05:00,312.1600036621094,313.6600036621094,312.0,312.94000244140625
2025-12-08 14:30:00-05:00,312.92999267578125,313.42999267578125,312.125,312.54998779296875
2025-12-08 15:30:00-05:00,312.5400085449219,313.8599853515625,312.0050048828125,313.7099914550781
2025-12-09 09:30:00-05:00,313.7200012207031,313.94000244140625,311.8949890136719,313.3900146484375
2025-12-09 10:30:00-05:00,313.3900146484375,314.6296081542969,312.7699890136719,313.94000244140625
2025-12-09 11:30:00-05:00,313.94000244140625,316.94000244140625,313.79998779296875,316.8999938964844
2025-12-09 12:30:00-05:00,316.8999938964844,317.989990234375,316.6000061035156,317.9599914550781
2025-12-09 13:30:00-05:00,317.9599914550781,317.9849853515625,317.04998779296875,317.6000061035156
2025-12-09 14:30:00-05:00,317.6000061035156,317.8399963378906,316.8599853515625,317.2699890136719
2025-12-09 15:30:00-05:00,317.2699890136719,317.3999938964844,313.7200012207031,317.04998779296875
2025-12-10 09:30:00-05:00,316.010009765625,318.95001220703125,314.67999267578125,318.16650390625
2025-12-10 10:30:00-05:00,318.1300048828125,318.2900085449219,316.739990234375,318.0
2025-12-10 11:30:00-05:00,317.989990234375,318.2699890136719,316.385009765625,316.3999938964844
2025-12-10 12:30:00-05:00,316.3999938964844,317.29998779296875,315.9100036621094,315.94000244140625
2025-12-10 13:30:00-05:00,315.8999938964844,318.9100036621094,315.6600036621094,317.93499755859375
2025-12-10 14:30:00-05:00,318.0,320.3299865722656,317.5899963378906,320.01470947265625
2025-12-10 15:30:00-05:00,320.0199890136719,321.30999755859375,319.9800109863281,320.1600036621094
2025-12-11 09:30:00-05:00,320.0799865722656,321.1199951171875,313.5799865722656,316.07000732421875
2025-12-11 10:30:00-05:00,316.04998779296875,316.8843994140625,314.2300109863281,314.5
2025-12-11 11:30:00-05:00,314.4700012207031,315.5,313.5450134277344,314.9599914550781
2025-12-11 12:30:00-05:00,315.0199890136719,315.4529113769531,308.6099853515625,312.12298583984375
2025-12-11 13:30:00-05:00,312.1499938964844,313.3349914550781,309.8500061035156,312.4200134277344
2025-12-11 14:30:00-05:00,312.4100036621094,313.0899963378906,311.5849914550781,312.0799865722656
2025-12-11 15:30:00-05:00,312.0899963378906,312.8800048828125,311.5799865722656,312.5
2025-12-12 09:30:00-05:00,313.7200012207031,314.8500061035156,308.17999267578125,308.2900085449219
2025-12-12 10:30:00-05:00,308.29998779296875,309.68499755859375,305.69000244140625,306.57000732421875
2025-12-12 11:30:00-05:00,306.57501220703125,309.8399963378906,305.55999755859375,308.2449951171875
2025-12-12 12:30:00-05:00,308.260009765625,310.3999938964844,307.70001220703125,310.32000732421875
2025-12-12 13:30:00-05:00,310.3539123535156,310.5400085449219,309.01019287109375,309.57000732421875
2025-12-12 14:30:00-05:00,309.5799865722656,310.0350036621094,309.110107421875,309.3450012207031
2025-12-12 15:30:00-05:00,309.3800048828125,309.5,308.1400146484375,309.2349853515625
2025-12-15 09:30:00-05:00,310.0,310.6499938964844,306.2900085449219,306.7947998046875
2025-12-15 10:30:00-05:00,306.7799987792969,308.4100036621094,306.3500061035156,307.8999938964844
2025-12-15 11:30:00-05:00,307.9100036621094,307.9200134277344,304.8800048828125,305.35308837890625
2025-12-15 12:30:00-05:00,305.3926086425781,306.95001220703125,305.2300109863281,306.5184020996094
2025-12-15 13:30:00-05:00,306.5,308.42999267578125,306.45001220703125,307.6199951171875
2025-12-15 14:30:00-05:00,307.6199951171875,308.5299987792969,307.2001037597656,308.3299865722656
2025-12-15 15:30:00-05:00,308.3399963378906,308.489990234375,307.3999938964844,308.260009765625
2025-12-16 09:30:00-05:00,304.7820129394531,310.7699890136719,303.0899963378906,307.7799987792969
2025-12-16 10:30:00-05:00,307.70001220703125,308.2699890136719,304.8399963378906,305.29998779296875
2025-12-16 11:30:00-05:00,305.3399963378906,306.0199890136719,304.3699951171875,304.5
2025-12-16 12:30:00-05:00,304.510009765625,305.4200134277344,302.5899963378906,303.2261962890625
2025-12-16 13:30:00-05:00,303.2200012207031,305.1099853515625,302.9700012207031,304.7900085449219
2025-12-16 14:30:00-05:00,304.7799987792969,305.81549072265625,304.6449890136719,305.7900085449219
2025-12-16 15:30:00-05:00,305.7799987792969,307.0199890136719,305.760009765625,306.3800048828125
2025-12-17 09:30:00-05:00,308.010009765625,308.0899963378906,298.9100036621094,299.6700134277344
2025-12-17 10:30:00-05:00,299.6099853515625,299.8299865722656,296.5400085449219,298.67999267578125
2025-12-17 11:30:00-05:00,298.6000061035156,300.4100036621094,297.95001220703125,300.0199890136719
2025-12-17 12:30:00-05:00,300.0299987792969,300.2308044433594,298.19000244140625,299.4800109863281
2025-12-17 13:30:00-05:00,299.45001220703125,299.5,297.4200134277344,297.5199890136719
2025-12-17 14:30:00-05:00,297.4700012207031,297.6600036621094,296.3299865722656,296.8275146484375
2025-12-17 15:30:00-05:00,296.8399963378906,297.7650146484375,296.1199951171875,296.6700134277344
2025-12-18 09:30:00-05:00,301.7200012207031,302.5199890136719,299.2308044433594,301.4949951171875
2025-12-18 10:30:00-05:00,301.489990234375,303.0199890136719,301.0299987792969,302.07000732421875
2025-12-18 11:30:00-05:00,302.07000732421875,303.29998779296875,301.16009521484375,302.3275146484375
2025-12-18 12:30:00-05:00,302.2900085449219,303.9599914550781,302.1700134277344,303.7900085449219
2025-12-18 13:30:00-05:00,303.8299865722656,303.92999267578125,301.8599853515625,302.05999755859375
2025-12-18 14:30:00-05:00,302.0400085449219,302.8500061035156,301.5199890136719,302.55999755859375
2025-12-18 15:30:00-05:00,302.57989501953125,303.1499938964844,302.1875,302.3999938964844
2025-12-19 09:30:00-05:00,301.79998779296875,306.19000244140625,300.9700012207031,304.80999755859375
2025-12-19 10:30:00-05:00,304.82000732421875,306.010009765625,304.3500061035156,305.5199890136719
2025-12-19 11:30:00-05:00,305.5,305.739990234375,304.68121337890625,305.0
2025-12-19 12:30:00-05:00,304.989990234375,305.3299865722656,304.1130065917969,304.2799987792969
2025-12-19 13:30:00-05:00,304.2799987792969,304.82000732421875,303.8800048828125,304.43499755859375
2025-12-19 14:30:00-05:00,304.42999267578125,304.7099914550781,303.9388122558594,304.3550109863281
2025-12-19 15:30:00-05:00,304.3399963378906,307.25,303.69500732421875,307.1700134277344
2025-12-22 09:30:00-05:00,309.875,310.0400085449219,305.32000732421875,307.30999755859375
2025-12-22 10:30:00-05:00,307.2900085449219,309.20001220703125,306.55999755859375,308.6000061035156
2025-12-22 11:30:00-05:00,308.5849914550781,309.5899963378906,308.110107421875,309.4750061035156
2025-12-22 12:30:00-05:00,309.4599914550781,309.5747985839844,308.5199890136719,308.89520263671875
2025-12-22 13:30:00-05:00,308.8699951171875,309.1098937988281,308.3699951171875,308.8599853515625
2025-12-22 14:30:00-05:00,308.8699951171875,309.9700012207031,308.8699951171875,309.79998779296875
2025-12-22 15:30:00-05:00,309.79998779296875,310.1300048828125,309.55010986328125,309.7699890136719
2025-12-23 09:30:00-05:00,310.25,314.78009033203125,309.4100036621094,312.1099853515625
2025-12-23 10:30:00-05:00,312.1099853515625,314.69000244140625,312.1099853515625,313.4200134277344
2025-12-23 11:30:00-05:00,313.4200134277344,314.5,313.1400146484375,313.99700927734375
2025-12-23 12:30:00-05:00,313.9800109863281,314.19000244140625,313.45001220703125,314.19000244140625
2025-12-23 13:30:00-05:00,314.20001220703125,314.94000244140625,313.9700012207031,314.1600036621094
2025-12-23 14:30:00-05:00,314.1700134277344,314.8800048828125,314.0299987792969,314.7900085449219
2025-12-23 15:30:00-05:00,314.7799987792969,314.7799987792969,313.9800109863281,314.30999755859375
2025-12-24 09:30:00-05:00,313.5,314.1499938964844,311.9200134277344,312.5426940917969
2025-12-24 10:30:00-05:00,312.55999755859375,313.64849853515625,312.3599853515625,313.5899963378906
2025-12-24 11:30:00-05:00,313.6000061035156,314.0,313.19500732421875,313.3299865722656
2025-12-26 09:30:00-05:00,314.0,314.8522033691406,312.2749938964844,313.1499938964844
2025-12-26 10:30:00-05:00,313.1499938964844,313.7235107421875,312.6199951171875,313.6596984863281
2025-12-26 11:30:00-05:00,313.6600036621094,313.8900146484375,313.29998779296875,313.489990234375
2025-12-26 12:30:00-05:00,313.5098876953125,313.7521057128906,313.1499938964844,313.67498779296875
2025-12-26 13:30:00-05:00,313.6600036621094,314.0299987792969,313.4599914550781,313.5
2025-12-26 14:30:00-05:00,313.5,313.8800048828125,313.3299865722656,313.6000061035156
2025-12-26 15:30:00-05:00,313.57000732421875,313.75,313.2099914550781,313.54998779296875
2025-12-29 09:30:00-05:00,312.0,312.92999267578125,310.80999755859375,312.760009765625
2025-12-29 10:30:00-05:00,312.7799987792969,313.44000244140625,311.4700012207031,311.7900085449219
2025-12-29 11:30:00-05:00,311.760009765625,312.05999755859375,311.3800048828125,311.7749938964844
2025-12-29 12:30:00-05:00,311.7799987792969,312.82000732421875,311.7149963378906,312.5799865722656
2025-12-29 13:30:00-05:00,312.5899963378906,313.42999267578125,312.2900085449219,313.1400146484375
2025-12-29 14:30:00-05:00,313.1459045410156,314.0199890136719,312.80999755859375,313.3399963378906
2025-12-29 15:30:00-05:00,313.3399963378906,313.7749938964844,313.17498779296875,313.54998779296875
2025-12-30 09:30:00-05:00,312.5,316.95001220703125,312.4599914550781,313.5400085449219
2025-12-30 10:30:00-05:00,313.54998779296875,315.1098937988281,313.25,314.82000732421875
2025-12-30 11:30:00-05:00,314.7799987792969,315.0799865722656,313.8900146484375,314.1099853515625
2025-12-30 12:30:00-05:00,314.1099853515625,314.1300048828125,313.43499755859375,313.7976989746094
2025-12-30 13:30:00-05:00,313.7799987792969,314.2200012207031,313.55999755859375,314.0899963378906
2025-12-30 14:30:00-05:00,314.1099853515625,314.6099853515625,313.75,314.5350036621094
2025-12-30 15:30:00-05:00,314.5299987792969,314.6400146484375,313.80999755859375,313.8599853515625
2025-12-31 09:30:00-05:00,312.25,314.4898986816406,312.17498779296875,314.010009765625
2025-12-31 10:30:00-05:00,313.989990234375,314.0570068359375,313.04998779296875,313.989990234375
2025-12-31 11:30:00-05:00,313.989990234375,313.989990234375,313.04998779296875,313.4700012207031
2025-12-31 12:30:00-05:00,313.4800109863281,314.2300109863281,313.0199890136719,314.0899963378906
2025-12-31 13:30:00-05:00,314.0669860839844,314.5799865722656,313.80999755859375,314.17498779296875
2025-12-31 14:30:00-05:00,314.1600036621094,314.2300109863281,312.7099914550781,312.7250061035156
2025-12-31 15:30:00-05:00,312.70001220703125,313.5299987792969,312.44000244140625,313.0
2026-01-02 09:30:00-05:00,318.0,322.5,314.010009765625,314.4471130371094
2026-01-02 10:30:00-05:00,314.42999267578125,316.7799987792969,310.4599914550781,310.80999755859375
2026-01-02 11:30:00-05:00,310.7900085449219,313.54998779296875,310.3299865722656,313.5400085449219
2026-01-02 12:30:00-05:00,313.54998779296875,314.3699035644531,313.1300048828125,314.1300048828125
2026-01-02 13:30:00-05:00,314.1400146484375,315.0799865722656,313.510009765625,314.9800109863281
2026-01-02 14:30:00-05:00,314.9700012207031,315.7099914550781,314.3900146484375,315.25
2026-01-02 15:30:00-05:00,315.25,315.3800048828125,314.3399963378906,315.1199951171875
2026-01-05 09:30:00-05:00,317.6050109863281,319.010009765625,315.3999938964844,317.3800048828125
2026-01-05 10:30:00-05:00,317.3999938964844,317.6199951171875,316.1408996582031,316.6300048828125
2026-01-05 11:30:00-05:00,316.6000061035156,317.010009765625,314.6300048828125,314.94000244140625
2026-01-05 12:30:00-05:00,314.92999267578125,317.21990966796875,314.80999755859375,316.9294128417969
2026-01-05 13:30:00-05:00,316.94500732421875,317.1499938964844,316.1300048828125,316.1300048828125
2026-01-05 14:30:00-05:00,316.1199951171875,316.29998779296875,315.45001220703125,315.6300048828125
2026-01-05 15:30:00-05:00,315.6300048828125,316.79998779296875,315.57769775390625,316.69000244140625
2026-01-06 09:30:00-05:00,319.70001220703125,320.94000244140625,313.760009765625,314.260009765625
2026-01-06 10:30:00-05:00,314.25,315.04998779296875,311.81201171875,312.3599853515625
2026-01-06 11:30:00-05:00,312.3699951171875,313.7300109863281,311.875,313.0950012207031
2026-01-06 12:30:00-05:00,313.1099853515625,313.9800109863281,312.93011474609375,313.4200134277344
2026-01-06 13:30:00-05:00,313.4200134277344,314.7799987792969,313.1650085449219,314.0732116699219
2026-01-06 14:30:00-05:00,313.7301025390625,313.7699890136719,313.0199890136719,313.2349853515625
2026-01-06 15:30:00-05:00,313.2349853515625,314.5799865722656,312.9599914550781,314.114990234375
2026-01-07 09:30:00-05:00,314.3599853515625,322.287109375,314.19000244140625,319.3999938964844
2026-01-07 10:30:00-05:00,319.4200134277344,320.8999938964844,318.5299987792969,319.7449951171875
2026-01-07 11:30:00-05:00,319.760009765625,321.9150085449219,318.7699890136719,321.67999267578125
2026-01-07 12:30:00-05:00,321.69000244140625,321.9100036621094,320.6499938964844,321.6700134277344
2026-01-07 13:30:00-05:00,321.7099914550781,326.1499938964844,321.510009765625,321.9422912597656
2026-01-07 14:30:00-05:00,321.9599914550781,323.0299987792969,321.2200012207031,321.9100036621094
2026-01-07 15:30:00-05:00,321.8399963378906,322.0899963378906,320.7716979980469,322.0299987792969
2026-01-08 09:30:00-05:00,330.0,330.0198974609375,321.5,326.0050048828125
2026-01-08 10:30:00-05:00,325.9599914550781,328.5450134277344,323.9800109863281,325.8500061035156
2026-01-08 11:30:00-05:00,325.8399963378906,327.6499938964844,324.3599853515625,326.93499755859375
2026-01-08 12:30:00-05:00,326.94171142578125,327.3999938964844,325.6600036621094,326.4649963378906
2026-01-08 13:30:00-05:00,326.4649963378906,326.4700012207031,325.20001220703125,325.80999755859375
2026-01-08 14:30:00-05:00,325.7799987792969,325.7799987792969,324.1700134277344,325.19000244140625
2026-01-08 15:30:00-05:00,325.2300109863281,325.6000061035156,324.8299865722656,325.3599853515625
2026-01-09 09:30:00-05:00,327.0799865722656,330.30999755859375,325.79998779296875,329.67999267578125
2026-01-09 10:30:00-05:00,329.68499755859375,330.8299865722656,328.43499755859375,330.0249938964844
2026-01-09 11:30:00-05:00,330.010009765625,330.7099914550781,329.3399963378906,329.7200012207031
2026-01-09 12:30:00-05:00,329.7099914550781,329.8992004394531,328.3500061035156,329.1499938964844
2026-01-09 13:30:00-05:00,329.1300048828125,330.20001220703125,329.1099853515625,329.70001220703125
2026-01-09 14:30:00-05:00,329.69000244140625,330.45001220703125,329.2300109863281,329.689208984375
2026-01-09 15:30:00-05:00,329.6700134277344,329.94000244140625,328.4800109863281,328.4800109863281
2026-01-12 09:30:00-05:00,325.7200012207031,334.0400085449219,325.2099914550781,330.760009765625
2026-01-12 10:30:00-05:00,330.7099914550781,330.760009765625,326.8999938964844,329.3349914550781
2026-01-12 11:30:00-05:00,329.3699951171875,330.3599853515625,329.29998779296875,330.0299987792969
2026-01-12 12:30:00-05:00,330.010009765625,330.54998779296875,329.20001220703125,330.0801086425781
2026-01-12 13:30:00-05:00,330.1000061035156,330.6199951171875,329.57000732421875,330.28350830078125
2026-01-12 14:30:00-05:00,330.2900085449219,331.4599914550781,330.2699890136719,330.79998779296875
2026-01-12 15:30:00-05:00,330.8299865722656,332.1300048828125,330.6499938964844,331.83770751953125
2026-01-13 09:30:00-05:00,336.1099853515625,340.4800109863281,334.95001220703125,335.614990234375
2026-01-13 10:30:00-05:00,335.6000061035156,338.19989013671875,334.260009765625,337.1449890136719
2026-01-13 11:30:00-05:00,337.1099853515625,339.989990234375,336.7950134277344,339.8999938964844
2026-01-13 12:30:00-05:00,339.8949890136719,340.0199890136719,337.43011474609375,337.9801025390625
2026-01-13 13:30:00-05:00,337.95001220703125,338.70001220703125,335.9599914550781,336.8800048828125
2026-01-13 14:30:00-05:00,336.840087890625,337.6099853515625,335.2200012207031,335.69000244140625
2026-01-13 15:30:00-05:00,335.6400146484375,336.3299865722656,334.6000061035156,336.0
2026-01-14 09:30:00-05:00,334.6199951171875,334.94000244140625,330.4800109863281,333.04998779296875
2026-01-14 10:30:00-05:00,333.010009765625,333.9525146484375,331.1000061035156,333.6300048828125
2026-01-14 11:30:00-05:00,333.625,334.0299987792969,331.45001220703125,332.8450012207031
2026-01-14 12:30:00-05:00,332.82000732421875,334.9700012207031,332.3500061035156,334.1000061035156
2026-01-14 13:30:00-05:00,334.1050109863281,335.7200012207031,333.6700134277344,334.6499938964844
2026-01-14 14:30:00-05:00,334.7099914550781,336.25,334.5899963378906,335.1499938964844
2026-01-14 15:30:00-05:00,335.1400146484375,336.5199890136719,334.9800109863281,335.80999755859375
2026-01-15 09:30:00-05:00,337.510009765625,337.69000244140625,332.1400146484375,332.7099914550781
2026-01-15 10:30:00-05:00,332.7799987792969,333.7049865722656,330.739990234375,331.7749938964844
2026-01-15 11:30:00-05:00,331.739990234375,333.07000732421875,331.25,332.55999755859375
2026-01-15 12:30:00-05:00,332.5899963378906,333.4798889160156,331.9649963378906,333.2699890136719
2026-01-15 13:30:00-05:00,333.25,333.6300048828125,332.7799987792969,332.7850036621094
2026-01-15 14:30:00-05:00,332.7699890136719,332.9700012207031,331.5,332.06500244140625
2026-01-15 15:30:00-05:00,332.05999755859375,333.1099853515625,331.6199951171875,332.739990234375
2026-01-16 09:30:00-05:00,334.4100036621094,334.6499938964844,329.3841857910156,329.4949951171875
2026-01-16 10:30:00-05:00,329.4649963378906,330.1499938964844,328.9100036621094,329.7799987792969
2026-01-16 11:30:00-05:00,329.7799987792969,330.70001220703125,329.510009765625,329.6700134277344
2026-01-16 12:30:00-05:00,329.6499938964844,329.9700012207031,327.70001220703125,329.50311279296875
2026-01-16 13:30:00-05:00,329.5,329.6600036621094,328.4800109863281,329.3599853515625
2026-01-16 14:30:00-05:00,329.3399963378906,330.1000061035156,329.2001037597656,329.56500244140625
2026-01-16 15:30:00-05:00,329.54998779296875,330.2099914550781,329.0400085449219,329.989990234375
2026-01-20 09:30:00-05:00,320.8699951171875,325.2850036621094,320.4800109863281,324.44000244140625
2026-01-20 10:30:00-05:00,324.4200134277344,327.4700012207031,324.1000061035156,327.4649963378906
2026-01-20 11:30:00-05:00,327.4549865722656,327.7300109863281,325.8450012207031,326.05499267578125
2026-01-20 12:30:00-05:00,326.0400085449219,326.4800109863281,324.5,324.5899963378906
2026-01-20 13:30:00-05:00,324.57000732421875,324.7799987792969,323.04998779296875,323.1700134277344
2026-01-20 14:30:00-05:00,323.1600036621094,323.4700012207031,321.8999938964844,322.010009765625
2026-01-20 15:30:00-05:00,322.0400085449219,322.30999755859375,321.0799865722656,322.0299987792969
2026-01-21 09:30:00-05:00,320.864990234375,327.1400146484375,319.351806640625,326.5899963378906
2026-01-21 10:30:00-05:00,326.54998779296875,332.3500061035156,326.3424987792969,331.1000061035156
2026-01-21 11:30:00-05:00,331.135009765625,331.2099914550781,326.010009765625,327.07000732421875
2026-01-21 12:30:00-05:00,327.07501220703125,328.32000732421875,326.1000061035156,326.8399963378906
2026-01-21 13:30:00-05:00,326.9700012207031,329.0199890136719,325.7449951171875,328.6000061035156
2026-01-21 14:30:00-05:00,329.21990966796875,331.9200134277344,328.23779296875,328.8843994140625
2026-01-21 15:30:00-05:00,328.80999755859375,329.1000061035156,327.7401123046875,328.4100036621094
2026-01-22 09:30:00-05:00,334.45001220703125,335.1400146484375,329.6724853515625,331.2300109863281
2026-01-22 10:30:00-05:00,331.29998779296875,332.2799987792969,330.30999755859375,332.05999755859375
2026-01-22 11:30:00-05:00,332.07000732421875,332.3500061035156,331.04998779296875,331.7550048828125
2026-01-22 12:30:00-05:00,331.7650146484375,332.1199951171875,330.860107421875,331.30499267578125
2026-01-22 13:30:00-05:00,331.2900085449219,331.9599914550781,331.0199890136719,331.9024963378906
2026-01-22 14:30:00-05:00,331.8900146484375,331.95001220703125,329.5400085449219,329.5400085449219
2026-01-22 15:30:00-05:00,329.54998779296875,330.7349853515625,328.75,330.5
2026-01-23 09:30:00-05:00,332.4849853515625,333.68890380859375,329.739990234375,332.0799865722656
2026-01-23 10:30:00-05:00,332.04998779296875,332.4100036621094,330.106201171875,330.2950134277344
2026-01-23 11:30:00-05:00,330.2749938964844,330.5,327.6050109863281,328.5400085449219
2026-01-23 12:30:00-05:00,328.5657043457031,328.739990234375,327.45001220703125,328.5899963378906
2026-01-23 13:30:00-05:00,328.6098937988281,329.75,328.3500061035156,329.385009765625
2026-01-23 14:30:00-05:00,329.3699951171875,329.55999755859375,328.1300048828125,328.19000244140625
2026-01-23 15:30:00-05:00,328.1700134277344,328.43499755859375,327.45599365234375,327.9200134277344
2026-01-26 09:30:00-05:00,327.80999755859375,332.8800048828125,327.0,332.6400146484375
2026-01-26 10:30:00-05:00,332.6700134277344,334.5,332.0400085449219,334.17999267578125
2026-01-26 11:30:00-05:00,334.2300109863281,335.8399963378906,334.1449890136719,335.5400085449219
2026-01-26 12:30:00-05:00,335.489990234375,335.5899963378906,334.3999938964844,334.7099914550781
2026-01-26 13:30:00-05:00,334.70001220703125,335.3580017089844,334.45001220703125,334.8599853515625
2026-01-26 14:30:00-05:00,334.85650634765625,334.860595703125,333.67999267578125,334.1499938964844
2026-01-26 15:30:00-05:00,334.1099853515625,334.3800048828125,333.0,333.260009765625
2026-01-27 09:30:00-05:00,335.364990234375,337.9100036621094,333.4800109863281,336.42999267578125
2026-01-27 10:30:00-05:00,336.4200134277344,337.5,335.8599853515625,335.8900146484375
2026-01-27 11:30:00-05:00,335.8999938964844,335.9800109863281,335.1000061035156,335.4700012207031
2026-01-27 12:30:00-05:00,335.4599914550781,335.5400085449219,334.4700012207031,335.125
2026-01-27 13:30:00-05:00,335.0799865722656,335.847900390625,334.8800048828125,335.510009765625
2026-01-27 14:30:00-05:00,335.4949951171875,335.739990234375,335.1400146484375,335.489990234375
2026-01-27 15:30:00-05:00,335.4700012207031,335.4700012207031,334.31298828125,334.6000061035156
2026-01-28 09:30:00-05:00,335.69000244140625,337.2799987792969,334.2200012207031,335.96258544921875
2026-01-28 10:30:00-05:00,335.9700012207031,336.07000732421875,333.05999755859375,334.260009765625
2026-01-28 11:30:00-05:00,334.260009765625,334.260009765625,331.9599914550781,332.2900085449219
2026-01-28 12:30:00-05:00,332.32000732421875,334.3581848144531,331.94000244140625,334.25
2026-01-28 13:30:00-05:00,334.260009765625,335.0400085449219,333.5299987792969,334.82501220703125
2026-01-28 14:30:00-05:00,334.760009765625,337.1000061035156,334.1099853515625,337.010009765625
2026-01-28 15:30:00-05:00,337.0299987792969,337.5350036621094,335.7799987792969,336.1400146484375
2026-01-29 09:30:00-05:00,340.69000244140625,342.260009765625,327.70001220703125,328.489990234375
2026-01-29 10:30:00-05:00,328.4800109863281,330.3599853515625,326.5400085449219,330.1400146484375
2026-01-29 11:30:00-05:00,330.07000732421875,334.1499938964844,329.9200134277344,334.04998779296875
2026-01-29 12:30:00-05:00,334.04998779296875,335.3800048828125,332.69000244140625,335.1199951171875
2026-01-29 13:30:00-05:00,335.135009765625,336.8500061035156,334.8900146484375,336.4800109863281
2026-01-29 14:30:00-05:00,336.4800109863281,336.75,334.8599853515625,334.9700012207031
2026-01-29 15:30:00-05:00,334.94000244140625,339.2200012207031,334.489990234375,338.0799865722656
2026-01-30 09:30:00-05:00,334.32000732421875,339.95001220703125,332.2850036621094,337.9150085449219
2026-01-30 10:30:00-05:00,337.8599853515625,339.44000244140625,337.25,337.9700012207031
2026-01-30 11:30:00-05:00,337.9200134277344,339.1700134277344,336.6000061035156,338.25
2026-01-30 12:30:00-05:00,338.1199951171875,339.0400085449219,335.6400146484375,337.3399963378906
2026-01-30 13:30:00-05:00,337.3500061035156,339.44000244140625,336.3399963378906,337.7699890136719
2026-01-30 14:30:00-05:00,337.75,338.3999938964844,336.4200134277344,337.3699951171875
2026-01-30 15:30:00-05:00,337.4100036621094,339.3800048828125,337.1199951171875,338.2300109863281
2026-02-02 09:30:00-05:00,336.2200012207031,344.8299865722656,335.6300048828125,341.9623107910156
2026-02-02 10:30:00-05:00,341.9700012207031,343.1000061035156,340.1759948730469,341.5799865722656
2026-02-02 11:30:00-05:00,341.57000732421875,342.69000244140625,341.0299987792969,342.6600036621094
2026-02-02 12:30:00-05:00,342.6499938964844,343.6000061035156,342.3699951171875,343.2091979980469
2026-02-02 13:30:00-05:00,343.1300048828125,344.3999938964844,342.8699951171875,343.5899963378906
2026-02-02 14:30:00-05:00,343.57000732421875,344.3699951171875,343.1600036621094,343.7250061035156
2026-02-02 15:30:00-05:00,343.7200012207031,344.1400146484375,343.1000061035156,343.79998779296875
2026-02-03 09:30:00-05:00,347.3399963378906,349.0,341.0,343.5849914550781
2026-02-03 10:30:00-05:00,343.5,345.6400146484375,341.6730041503906,343.20001220703125
2026-02-03 11:30:00-05:00,343.19500732421875,344.1000061035156,341.364990234375,341.364990234375
2026-02-03 12:30:00-05:00,341.3500061035156,341.60870361328125,339.19000244140625,340.0050048828125
2026-02-03 13:30:00-05:00,340.0526123046875,340.0526123046875,337.4744873046875,338.7099914550781
2026-02-03 14:30:00-05:00,338.7099914550781,339.4849853515625,338.010009765625,339.44000244140625
2026-02-03 15:30:00-05:00,339.4599914550781,340.5899963378906,339.0,339.739990234375
2026-02-04 09:30:00-05:00,342.9599914550781,343.30999755859375,334.8500061035156,335.9599914550781
2026-02-04 10:30:00-05:00,336.010009765625,336.010009765625,332.3999938964844,333.64019775390625
2026-02-04 11:30:00-05:00,333.6199951171875,333.7300109863281,330.010009765625,331.1300048828125
2026-02-04 12:30:00-05:00,331.1000061035156,333.2699890136719,328.5299987792969,333.2699890136719
2026-02-04 13:30:00-05:00,333.25,333.45001220703125,329.6499938964844,331.5400085449219
2026-02-04 14:30:00-05:00,331.5299987792969,334.3900146484375,331.44000244140625,333.6199951171875
2026-02-04 15:30:00-05:00,333.5899963378906,333.9599914550781,332.6199951171875,333.1099853515625
2026-02-05 09:30:00-05:00,312.2250061035156,325.8500061035156,306.4599914550781,316.02069091796875
2026-02-05 10:30:00-05:00,316.0,322.79998779296875,315.6000061035156,322.7900085449219
2026-02-05 11:30:00-05:00,322.8399963378906,324.0,320.739990234375,322.4429016113281
2026-02-05 12:30:00-05:00,322.42999267578125,325.239990234375,321.1000061035156,324.5199890136719
2026-02-05 13:30:00-05:00,324.5799865722656,330.67999267578125,324.0299987792969,329.4700012207031
2026-02-05 14:30:00-05:00,329.4400939941406,331.9700012207031,327.4200134277344,329.8544921875
2026-02-05 15:30:00-05:00,329.8599853515625,332.55999755859375,329.3299865722656,331.29998779296875
2026-02-06 09:30:00-05:00,327.55499267578125,330.2250061035156,319.9200134277344,322.94000244140625
2026-02-06 10:30:00-05:00,322.94000244140625,324.2200012207031,320.5,321.510009765625
2026-02-06 11:30:00-05:00,321.489990234375,323.04901123046875,321.07000732421875,322.3599853515625
2026-02-06 12:30:00-05:00,322.3699951171875,325.639892578125,322.1300048828125,324.8999938964844
2026-02-06 13:30:00-05:00,324.94000244140625,325.6099853515625,323.7699890136719,324.3900146484375
2026-02-06 14:30:00-05:00,324.3999938964844,324.51800537109375,321.4949951171875,322.75
2026-02-06 15:30:00-05:00,322.739990234375,324.8900146484375,322.14300537109375,322.885009765625
2026-02-09 09:30:00-05:00,320.92999267578125,323.57000732421875,317.260009765625,322.32000732421875
2026-02-09 10:30:00-05:00,322.31500244140625,326.19000244140625,321.9750061035156,325.7099914550781
2026-02-09 11:30:00-05:00,325.69000244140625,327.70001220703125,325.010009765625,326.08990478515625
2026-02-09 12:30:00-05:00,326.07000732421875,326.8299865722656,324.6539001464844,324.8999938964844
2026-02-09 13:30:00-05:00,324.8900146484375,325.3399963378906,324.42999267578125,325.31500244140625
2026-02-09 14:30:00-05:00,325.33990478515625,325.45001220703125,323.4200134277344,323.45001220703125
2026-02-09 15:30:00-05:00,323.3999938964844,324.5199890136719,323.2749938964844,324.1199951171875
2026-02-10 09:30:00-05:00,320.95001220703125,321.6700134277344,314.6099853515625,319.1700134277344
2026-02-10 10:30:00-05:00,319.1400146484375,320.20001220703125,316.739990234375,318.0
2026-02-10 11:30:00-05:00,317.9800109863281,319.5799865722656,317.5429992675781,319.1050109863281
2026-02-10 12:30:00-05:00,319.1000061035156,319.55999755859375,318.17999267578125,319.3599853515625
2026-02-10 13:30:00-05:00,319.3500061035156,319.45001220703125,318.510009765625,319.010009765625
2026-02-10 14:30:00-05:00,319.0199890136719,320.2699890136719,319.0,320.05999755859375
2026-02-10 15:30:00-05:00,320.0400085449219,320.375,318.3999938964844,318.5400085449219
2026-02-11 09:30:00-05:00,319.04998779296875,321.05999755859375,311.5,311.6600036621094
2026-02-11 10:30:00-05:00,311.6700134277344,313.6499938964844,310.6099853515625,310.8800048828125
2026-02-11 11:30:00-05:00,310.8500061035156,312.7099914550781,310.6300048828125,312.6300048828125
2026-02-11 12:30:00-05:00,312.635009765625,312.80999755859375,310.3800048828125,311.9800109863281
2026-02-11 13:30:00-05:00,311.9800109863281,312.54998779296875,310.70001220703125,312.3492126464844
2026-02-11 14:30:00-05:00,312.3299865722656,312.6199035644531,310.0710144042969,310.2799987792969
2026-02-11 15:30:00-05:00,310.260009765625,311.17999267578125,309.6600036621094,310.79998779296875
2026-02-12 09:30:00-05:00,312.04998779296875,313.1400146484375,309.92999267578125,312.8599853515625
2026-02-12 10:30:00-05:00,312.8599853515625,313.2799987792969,309.4320068359375,310.8800048828125
2026-02-12 11:30:00-05:00,310.9100036621094,316.239990234375,310.7900085449219,313.79998779296875
2026-02-12 12:30:00-05:00,313.7900085449219,314.6369934082031,311.69000244140625,312.4700012207031
2026-02-12 13:30:00-05:00,312.4649963378906,313.3900146484375,310.0,310.1099853515625
2026-02-12 14:30:00-05:00,310.0899963378906,311.07000732421875,308.0199890136719,308.1300048828125
2026-02-12 15:30:00-05:00,308.1400146484375,309.2300109863281,307.3900146484375,309.0799865722656
2026-02-13 09:30:00-05:00,307.7250061035156,308.6300048828125,303.7099914550781,307.1300048828125
2026-02-13 10:30:00-05:00,307.1099853515625,307.5899963378906,304.44000244140625,305.54998779296875
2026-02-13 11:30:00-05:00,305.5400085449219,307.20001220703125,305.05999755859375,306.8699951171875
2026-02-13 12:30:00-05:00,306.8900146484375,307.8999938964844,305.92999267578125,307.6199951171875
2026-02-13 13:30:00-05:00,307.5799865722656,307.8800048828125,306.818603515625,307.55999755859375
2026-02-13 14:30:00-05:00,307.63751220703125,307.80999755859375,304.5,304.56500244140625
2026-02-13 15:30:00-05:00,304.54998779296875,306.0199890136719,304.5299987792969,305.7200012207031
2026-02-17 09:30:00-05:00,300.4200134277344,304.43499755859375,297.1199951171875,297.6600036621094
2026-02-17 10:30:00-05:00,297.6600036621094,302.8699951171875,296.25,300.9200134277344
2026-02-17 11:30:00-05:00,300.8999938964844,302.1400146484375,300.3800048828125,301.64208984375
2026-02-17 12:30:00-05:00,301.6400146484375,302.3500061035156,299.7099914550781,302.06988525390625
2026-02-17 13:30:00-05:00,302.07000732421875,303.0799865722656,301.7601013183594,302.45001220703125
2026-02-17 14:30:00-05:00,302.4700012207031,303.42999267578125,301.4200134277344,301.5400085449219
2026-02-17 15:30:00-05:00,301.5299987792969,302.5,301.20001220703125,302.010009765625
2026-02-18 09:30:00-05:00,302.1400146484375,304.9599914550781,301.3489074707031,302.7200012207031
2026-02-18 10:30:00-05:00,302.70001220703125,304.2298889160156,302.07000732421875,303.8800048828125
2026-02-18 11:30:00-05:00,303.889404296875,304.6700134277344,303.3900146484375,303.8399963378906
2026-02-18 12:30:00-05:00,303.8399963378906,305.3699951171875,303.6300048828125,303.9930114746094
2026-02-18 13:30:00-05:00,304.010009765625,304.37298583984375,302.9200134277344,302.9901123046875
2026-02-18 14:30:00-05:00,303.0199890136719,303.2300109863281,301.25,301.572998046875
2026-02-18 15:30:00-05:00,301.57000732421875,304.25,301.5299987792969,303.2900085449219
2026-02-19 09:30:00-05:00,301.82000732421875,304.25,300.0400085449219,302.7699890136719
2026-02-19 10:30:00-05:00,302.7250061035156,305.4700012207031,301.8900146484375,304.68499755859375
2026-02-19 11:30:00-05:00,304.70001220703125,305.25,302.6499938964844,303.9599914550781
2026-02-19 12:30:00-05:00,303.9100036621094,305.010009765625,303.4601135253906,304.29620361328125
2026-02-19 13:30:00-05:00,304.19500732421875,304.8299865722656,303.6000061035156,304.20001220703125
2026-02-19 14:30:00-05:00,304.17999267578125,304.5,302.5,302.80999755859375
2026-02-19 15:30:00-05:00,302.79998779296875,303.2850036621094,302.2099914550781,302.8599853515625
2026-02-20 09:30:00-05:00,304.1000061035156,311.510009765625,303.8999938964844,310.3330078125
2026-02-20 10:30:00-05:00,310.3500061035156,315.4599914550781,310.3299865722656,314.510009765625
2026-02-20 11:30:00-05:00,314.489990234375,316.5,312.87200927734375,314.01409912109375
2026-02-20 12:30:00-05:00,314.04998779296875,315.8999938964844,313.7900085449219,314.3800048828125
2026-02-20 13:30:00-05:00,314.3699951171875,315.67999267578125,313.82000732421875,314.7102966308594
2026-02-20 14:30:00-05:00,314.7200012207031,316.3900146484375,314.70001220703125,315.1600036621094
2026-02-20 15:30:00-05:00,315.1600036621094,315.7149963378906,314.6300048828125,315.0
2026-02-23 09:30:00-05:00,319.0924987792969,319.3799133300781,315.05999755859375,315.760009765625
2026-02-23 10:30:00-05:00,315.75,315.9599914550781,311.760009765625,314.05999755859375
2026-02-23 11:30:00-05:00,314.0199890136719,314.4700012207031,313.3399963378906,313.8399963378906
2026-02-23 12:30:00-05:00,313.8599853515625,314.8999938964844,312.79998779296875,314.54998779296875
2026-02-23 13:30:00-05:00,314.55499267578125,314.56988525390625,312.5799865722656,312.6400146484375
2026-02-23 14:30:00-05:00,312.65509033203125,312.8900146484375,309.864990234375,311.3699951171875
2026-02-23 15:30:00-05:00,311.37310791015625,311.6700134277344,310.4285888671875,311.510009765625
2026-02-24 09:30:00-05:00,310.4800109863281,310.760009765625,305.95001220703125,309.389892578125
2026-02-24 10:30:00-05:00,309.364990234375,311.2200012207031,308.75,310.69000244140625
2026-02-24 11:30:00-05:00,310.67498779296875,311.9049987792969,310.1199951171875,311.8500061035156
2026-02-24 12:30:00-05:00,311.8399963378906,312.2699890136719,310.6700134277344,310.78009033203125
2026-02-24 13:30:00-05:00,310.760009765625,311.1050109863281,309.54998779296875,310.1400146484375
2026-02-24 14:30:00-05:00,310.1499938964844,311.6400146484375,310.1300048828125,311.07000732421875
2026-02-24 15:30:00-05:00,311.1000061035156,311.4800109863281,310.5790100097656,310.8800048828125
2026-02-25 09:30:00-05:00,311.9949951171875,313.6400146484375,309.6300048828125,312.0299987792969
2026-02-25 10:30:00-05:00,312.010009765625,312.0799865722656,309.44000244140625,310.62420654296875
2026-02-25 11:30:00-05:00,310.6300048828125,311.5299987792969,310.4700012207031,310.6025085449219
2026-02-25 12:30:00-05:00,310.5950012207031,310.9800109863281,310.0,310.42999267578125
2026-02-25 13:30:00-05:00,310.42999267578125,311.4599914550781,310.2550048828125,311.05999755859375
2026-02-25 14:30:00-05:00,311.0602111816406,312.4700012207031,310.6263122558594,312.3699951171875
2026-02-25 15:30:00-05:00,312.3500061035156,313.260009765625,311.7300109863281,313.0
2026-02-26 09:30:00-05:00,312.6400146484375,313.1400146484375,302.3450012207031,303.3800048828125
2026-02-26 10:30:00-05:00,303.29998779296875,307.44000244140625,302.67010498046875,307.2900085449219
2026-02-26 11:30:00-05:00,307.2699890136719,307.8900146484375,305.1199951171875,305.5
2026-02-26 12:30:00-05:00,305.4599914550781,305.8299865722656,304.70001220703125,304.8800048828125
2026-02-26 13:30:00-05:00,304.8800048828125,308.42999267578125,304.840087890625,307.8599853515625
2026-02-26 14:30:00-05:00,307.8500061035156,308.3699951171875,307.0899963378906,307.2099914550781
2026-02-26 15:30:00-05:00,307.2099914550781,308.1050109863281,306.6499938964844,307.44000244140625
2026-02-27 09:30:00-05:00,304.2049865722656,309.8800048828125,303.79998779296875,308.32501220703125
2026-02-27 10:30:00-05:00,308.32000732421875,309.510009765625,307.7799987792969,308.30999755859375
2026-02-27 11:30:00-05:00,308.3299865722656,309.3500061035156,307.19000244140625,307.90728759765625
2026-02-27 12:30:00-05:00,307.9800109863281,308.44000244140625,305.55999755859375,306.04998779296875
2026-02-27 13:30:00-05:00,306.0400085449219,308.8599853515625,305.7900085449219,307.44000244140625
2026-02-27 14:30:00-05:00,307.4599914550781,308.3900146484375,306.70001220703125,308.0950012207031
2026-02-27 15:30:00-05:00,308.0799865722656,312.3699951171875,307.090087890625,311.6099853515625
2026-03-02 09:30:00-05:00,303.1300048828125,306.4549865722656,301.29998779296875,304.75
2026-03-02 10:30:00-05:00,304.7200012207031,306.0400085449219,304.07000732421875,304.7799987792969
2026-03-02 11:30:00-05:00,304.82000732421875,308.0899963378906,304.80999755859375,307.8999938964844
2026-03-02 12:30:00-05:00,307.85009765625,308.489990234375,306.4649963378906,306.95001220703125
2026-03-02 13:30:00-05:00,306.9599914550781,307.4700012207031,305.9150085449219,307.43499755859375
2026-03-02 14:30:00-05:00,307.4200134277344,307.8699951171875,305.239990234375,305.3399963378906
2026-03-02 15:30:00-05:00,305.3299865722656,306.8699951171875,305.0,306.260009765625
2026-03-03 09:30:00-05:00,298.5899963378906,301.7099914550781,296.7099914550781,297.2799987792969
2026-03-03 10:30:00-05:00,297.2799987792969,301.4599914550781,297.0799865722656,300.989990234375
2026-03-03 11:30:00-05:00,300.8900146484375,302.0799865722656,299.95001220703125,301.364990234375
2026-03-03 12:30:00-05:00,301.3599853515625,301.3800048828125,300.1099853515625,300.7099914550781
2026-03-03 13:30:00-05:00,300.75,302.8900146484375,300.70001220703125,301.0450134277344
2026-03-03 14:30:00-05:00,301.05999755859375,303.1700134277344,300.5400085449219,302.7699890136719
2026-03-03 15:30:00-05:00,302.739990234375,303.94000244140625,302.0,303.5400085449219
2026-03-04 09:30:00-05:00,302.8900146484375,305.2900085449219,300.75,305.2049865722656
2026-03-04 10:30:00-05:00,305.2699890136719,305.4649963378906,302.9599914550781,304.489990234375
2026-03-04 11:30:00-05:00,304.4150085449219,304.95001220703125,303.6199951171875,303.760009765625
2026-03-04 12:30:00-05:00,303.7699890136719,304.30999755859375,303.3699951171875,303.5450134277344
2026-03-04 13:30:00-05:00,303.5400085449219,303.8999938964844,302.79998779296875,302.94049072265625
2026-03-04 14:30:00-05:00,302.94000244140625,303.42999267578125,302.0299987792969,302.8349914550781
2026-03-04 15:30:00-05:00,302.8299865722656,303.6499938964844,302.5,303.0299987792969
2026-03-05 09:30:00-05:00,303.0050048828125,303.2699890136719,299.04998779296875,299.6499938964844
2026-03-05 10:30:00-05:00,299.6400146484375,300.8800048828125,298.30999755859375,298.8900146484375
2026-03-05 11:30:00-05:00,298.9200134277344,300.3598937988281,298.510009765625,298.6000061035156
2026-03-05 12:30:00-05:00,298.6709899902344,300.3299865722656,298.1600036621094,298.2650146484375
2026-03-05 13:30:00-05:00,298.2699890136719,299.57000732421875,297.989990234375,299.29998779296875
2026-03-05 14:30:00-05:00,299.2300109863281,300.69000244140625,298.6300048828125,299.94000244140625
2026-03-05 15:30:00-05:00,299.94000244140625,301.25,299.04998779296875,300.8900146484375
2026-03-06 09:30:00-05:00,296.1099853515625,300.2349853515625,295.17999267578125,299.8301086425781
2026-03-06 10:30:00-05:00,299.8599853515625,300.5299987792969,298.94000244140625,299.6499938964844
2026-03-06 11:30:00-05:00,299.6199951171875,300.1700134277344,298.7699890136719,299.2099914550781
2026-03-06 12:30:00-05:00,299.20001220703125,300.0400085449219,298.3800048828125,299.2900085449219
2026-03-06 13:30:00-05:00,299.29998779296875,299.79998779296875,298.760009765625,299.2099914550781
2026-03-06 14:30:00-05:00,299.20001220703125,299.7300109863281,297.9599914550781,298.3299865722656
2026-03-06 15:30:00-05:00,298.30999755859375,298.8800048828125,297.6099853515625,298.44000244140625
2026-03-09 09:30:00-04:00,294.3599853515625,298.6549987792969,294.0799865722656,297.1072998046875
2026-03-09 10:30:00-04:00,297.0299987792969,300.0799865722656,297.0299987792969,299.4700012207031
2026-03-09 11:30:00-04:00,299.465087890625,301.44500732421875,298.9949951171875,300.79998779296875
2026-03-09 12:30:00-04:00,300.8399963378906,301.9800109863281,300.19000244140625,300.8045959472656
2026-03-09 13:30:00-04:00,300.80499267578125,301.9100036621094,300.6700134277344,301.07000732421875
2026-03-09 14:30:00-04:00,301.0299987792969,305.1400146484375,300.989990234375,305.07000732421875
2026-03-09 15:30:00-04:00,305.1400146484375,306.79998779296875,304.4800109863281,306.3699951171875
2026-03-10 09:30:00-04:00,306.8399963378906,308.5350036621094,305.5704040527344,306.5199890136719
2026-03-10 10:30:00-04:00,306.5299987792969,309.5,306.5299987792969,308.4200134277344
2026-03-10 11:30:00-04:00,308.42999267578125,309.3100891113281,307.6199951171875,308.2099914550781
2026-03-10 12:30:00-04:00,308.2300109863281,309.04998779296875,307.79998779296875,308.94000244140625
2026-03-10 13:30:00-04:00,308.95001220703125,309.32000732421875,306.42498779296875,307.75
2026-03-10 14:30:00-04:00,307.760009765625,308.3500061035156,306.6099853515625,306.6199951171875
2026-03-10 15:30:00-04:00,306.6499938964844,307.5,306.4200134277344,307.0400085449219
2026-03-11 09:30:00-04:00,306.5400085449219,310.93121337890625,305.9200134277344,310.885009765625
2026-03-11 10:30:00-04:00,310.94000244140625,311.4200134277344,308.7349853515625,308.8900146484375
2026-03-11 11:30:00-04:00,308.885009765625,309.7950134277344,308.3599853515625,308.79998779296875
2026-03-11 12:30:00-04:00,308.7998962402344,309.5899963378906,308.6549987792969,309.29998779296875
2026-03-11 13:30:00-04:00,309.32000732421875,309.4150085449219,307.55999755859375,308.4549865722656
2026-03-11 14:30:00-04:00,308.4700012207031,308.81988525390625,307.45001220703125,308.1300048828125
2026-03-11 15:30:00-04:00,308.1499938964844,308.9800109863281,307.79998779296875,308.7099914550781
2026-03-12 09:30:00-04:00,306.8500061035156,308.94000244140625,302.8500061035156,302.8616943359375
2026-03-12 10:30:00-04:00,302.8500061035156,303.67999267578125,301.0400085449219,302.30999755859375
2026-03-12 11:30:00-04:00,302.2200012207031,304.06500244140625,301.9100036621094,303.0299987792969
2026-03-12 12:30:00-04:00,303.010009765625,304.30999755859375,302.8500061035156,303.80999755859375
2026-03-12 13:30:00-04:00,303.82000732421875,304.7300109863281,302.9700012207031,304.6199951171875
2026-03-12 14:30:00-04:00,304.5899963378906,305.0899963378906,303.9800109863281,304.8450012207031
2026-03-12 15:30:00-04:00,304.8500061035156,305.0400085449219,303.42999267578125,303.510009765625
2026-03-13 09:30:00-04:00,307.17999267578125,307.614990234375,304.42999267578125,306.7099914550781
2026-03-13 10:30:00-04:00,306.68499755859375,307.5899963378906,304.05499267578125,304.1600036621094
2026-03-13 11:30:00-04:00,304.2099914550781,304.3500061035156,302.29998779296875,302.7200012207031
2026-03-13 12:30:00-04:00,302.7200012207031,303.0799865722656,300.6099853515625,301.9049987792969
2026-03-13 13:30:00-04:00,301.92999267578125,302.04998779296875,300.44000244140625,301.9700012207031
2026-03-13 14:30:00-04:00,301.9599914550781,302.6199951171875,301.0899963378906,301.44000244140625
2026-03-13 15:30:00-04:00,301.44000244140625,302.510009765625,300.95001220703125,302.2200012207031
2026-03-16 09:30:00-04:00,304.3500061035156,306.48858642578125,303.2900085449219,305.32501220703125
2026-03-16 10:30:00-04:00,305.34991455078125,305.34991455078125,303.3599853515625,304.1300048828125
2026-03-16 11:30:00-04:00,304.1300048828125,304.510009765625,303.0201110839844,303.20001220703125
2026-03-16 12:30:00-04:00,303.19000244140625,305.09368896484375,303.07000732421875,304.80999755859375
2026-03-16 13:30:00-04:00,304.8299865722656,305.5799865722656,304.5950012207031,305.1199951171875
2026-03-16 14:30:00-04:00,305.1199951171875,306.3500061035156,304.9801025390625,306.125
2026-03-16 15:30:00-04:00,306.0950012207031,306.2149963378906,304.9200134277344,305.57000732421875
2026-03-17 09:30:00-04:00,305.9949951171875,307.6000061035156,305.510009765625,307.1449890136719
2026-03-17 10:30:00-04:00,307.1499938964844,307.87701416015625,306.3599853515625,306.4100036621094
2026-03-17 11:30:00-04:00,306.42999267578125,308.75,306.19000244140625,308.25
2026-03-17 12:30:00-04:00,308.260009765625,308.5513000488281,307.55999755859375,307.7900085449219
2026-03-17 13:30:00-04:00,307.7699890136719,309.6199951171875,307.185302734375,309.2900085449219
2026-03-17 14:30:00-04:00,309.2799987792969,310.6499938964844,309.010009765625,310.5400085449219
2026-03-17 15:30:00-04:00,310.54998779296875,311.4200134277344,310.2900085449219,310.8500061035156
2026-03-18 09:30:00-04:00,309.30999755859375,312.4700012207031,308.8599853515625,309.2099914550781
2026-03-18 10:30:00-04:00,309.19000244140625,311.30999755859375,309.1499938964844,310.70001220703125
2026-03-18 11:30:00-04:00,310.67999267578125,311.1300048828125,310.1000061035156,310.20001220703125
2026-03-18 12:30:00-04:00,310.1700134277344,310.3299865722656,308.6499938964844,308.8999938964844
2026-03-18 13:30:00-04:00,308.9200134277344,309.8999938964844,308.5,308.6427917480469
2026-03-18 14:30:00-04:00,308.6549987792969,308.8299865722656,307.70001220703125,307.9100036621094
2026-03-18 15:30:00-04:00,307.92999267578125,308.2349853515625,306.9320068359375,307.7300109863281
2026-03-19 09:30:00-04:00,304.0050048828125,305.80999755859375,302.3500061035156,303.8699951171875
2026-03-19 10:30:00-04:00,303.8399963378906,306.0899963378906,303.7900085449219,304.3299865722656
2026-03-19 11:30:00-04:00,304.3299865722656,306.1700134277344,303.7200012207031,305.6700134277344
2026-03-19 12:30:00-04:00,305.69000244140625,306.364990234375,304.9700012207031,305.7850036621094
2026-03-19 13:30:00-04:00,305.80999755859375,306.2099914550781,305.0849914550781,305.42999267578125
2026-03-19 14:30:00-04:00,305.45001220703125,308.0400085449219,305.125,306.8299865722656
2026-03-19 15:30:00-04:00,306.7799987792969,307.3949890136719,306.2950134277344,307.0799865722656
2026-03-20 09:30:00-04:00,305.989990234375,306.0,301.30999755859375,302.2449951171875
2026-03-20 10:30:00-04:00,302.2200012207031,302.760009765625,300.82000732421875,301.25
2026-03-20 11:30:00-04:00,301.2799987792969,302.79998779296875,301.07000732421875,302.04998779296875
2026-03-20 12:30:00-04:00,302.03009033203125,302.0799865722656,300.364990234375,300.7200927734375
2026-03-20 13:30:00-04:00,300.7200012207031,300.82000732421875,299.5799865722656,299.88031005859375
2026-03-20 14:30:00-04:00,299.9100036621094,299.9100036621094,298.5,299.5400085449219
2026-03-20 15:30:00-04:00,299.55999755859375,301.8599853515625,298.2699890136719,300.9700012207031
2026-03-23 09:30:00-04:00,302.1099853515625,305.42999267578125,301.9100036621094,304.4800109863281
2026-03-23 10:30:00-04:00,304.4599914550781,305.42999267578125,303.1449890136719,305.1600036621094
2026-03-23 11:30:00-04:00,305.20001220703125,305.9700012207031,300.92999267578125,301.1451110839844
2026-03-23 12:30:00-04:00,301.19000244140625,302.5199890136719,301.06500244140625,301.69500732421875
2026-03-23 13:30:00-04:00,301.67999267578125,302.70001220703125,301.29998779296875,302.010009765625
2026-03-23 14:30:00-04:00,302.1499938964844,303.2900085449219,302.05999755859375,302.6400146484375
2026-03-23 15:30:00-04:00,302.6099853515625,303.32000732421875,301.94000244140625,302.0199890136719
2026-03-24 09:30:00-04:00,299.1099853515625,299.9200134277344,295.052490234375,295.3699951171875
2026-03-24 10:30:00-04:00,295.3900146484375,297.2900085449219,295.07000732421875,295.80999755859375
2026-03-24 11:30:00-04:00,295.7900085449219,296.42498779296875,292.92010498046875,294.2349853515625
2026-03-24 12:30:00-04:00,294.17999267578125,294.30999755859375,292.0950012207031,292.7149963378906
2026-03-24 13:30:00-04:00,292.68499755859375,293.55999755859375,292.1499938964844,292.7998962402344
2026-03-24 14:30:00-04:00,292.7850036621094,293.6400146484375,291.6000061035156,291.6400146484375
2026-03-24 15:30:00-04:00,291.6499938964844,291.7587890625,290.3349914550781,290.4100036621094
2026-03-25 09:30:00-04:00,293.44000244140625,296.0,290.1499938964844,290.82000732421875
2026-03-25 10:30:00-04:00,290.8500061035156,292.2300109863281,289.239990234375,291.2099914550781
2026-03-25 11:30:00-04:00,291.2300109863281,291.55999755859375,289.55999755859375,291.4800109863281
2026-03-25 12:30:00-04:00,291.4700012207031,291.82000732421875,290.2099914550781,290.9100036621094
2026-03-25 13:30:00-04:00,290.9200134277344,291.82501220703125,289.9700012207031,290.1400146484375
2026-03-25 14:30:00-04:00,290.17999267578125,290.7200012207031,289.4599914550781,290.3800048828125
2026-03-25 15:30:00-04:00,290.3599853515625,291.1700134277344,289.9750061035156,290.9200134277344
2026-03-26 09:30:00-04:00,287.9100036621094,287.95001220703125,284.1300048828125,286.29998779296875
2026-03-26 10:30:00-04:00,286.29998779296875,287.7950134277344,285.29998779296875,285.6650085449219
2026-03-26 11:30:00-04:00,285.6499938964844,285.70001220703125,284.1700134277344,284.2900085449219
2026-03-26 12:30:00-04:00,284.2699890136719,284.69500732421875,282.55999755859375,282.7900085449219
2026-03-26 13:30:00-04:00,282.864990234375,283.3500061035156,278.5,280.5199890136719
2026-03-26 14:30:00-04:00,280.54998779296875,281.8929138183594,280.2900085449219,281.364990234375
2026-03-26 15:30:00-04:00,281.3800048828125,281.4599914550781,280.05120849609375,280.95001220703125
2026-03-27 09:30:00-04:00,277.2749938964844,278.94000244140625,275.2699890136719,277.95001220703125
2026-03-27 10:30:00-04:00,277.92999267578125,279.3699951171875,277.5,278.2699890136719
2026-03-27 11:30:00-04:00,278.2749938964844,278.69000244140625,276.54998779296875,276.6700134277344
2026-03-27 12:30:00-04:00,276.6499938964844,277.2200012207031,274.6068115234375,274.69000244140625
2026-03-27 13:30:00-04:00,274.67999267578125,275.42999267578125,273.95001220703125,275.2699890136719
2026-03-27 14:30:00-04:00,275.25,275.7300109863281,274.67999267578125,274.7749938964844
2026-03-27 15:30:00-04:00,274.7699890136719,275.0849914550781,274.0400085449219,274.2300109863281
2026-03-30 09:30:00-04:00,276.42999267578125,277.0899963378906,273.0799865722656,274.05999755859375
2026-03-30 10:30:00-04:00,274.0,275.0400085449219,273.2099914550781,274.20001220703125
2026-03-30 11:30:00-04:00,274.20550537109375,275.9100036621094,274.1400146484375,274.2200012207031
2026-03-30 12:30:00-04:00,274.2099914550781,274.69000244140625,273.7200012207031,273.9599914550781
2026-03-30 13:30:00-04:00,273.9800109863281,274.3599853515625,273.22088623046875,273.2301025390625
2026-03-30 14:30:00-04:00,273.25,273.55999755859375,272.1700134277344,272.42999267578125
2026-03-30 15:30:00-04:00,272.42999267578125,273.7950134277344,272.1099853515625,273.510009765625
2026-03-31 09:30:00-04:00,278.0400085449219,282.3399963378906,277.0899963378906,282.1300048828125
2026-03-31 10:30:00-04:00,282.1099853515625,282.6050109863281,280.4700012207031,281.3800048828125
2026-03-31 11:30:00-04:00,281.32000732421875,282.44000244140625,280.9049987792969,282.29998779296875
2026-03-31 12:30:00-04:00,282.2749938964844,287.9800109863281,281.8399963378906,286.82501220703125
2026-03-31 13:30:00-04:00,286.760009765625,288.07000732421875,286.3399963378906,287.02978515625
2026-03-31 14:30:00-04:00,287.010009765625,287.364990234375,286.3399963378906,286.69000244140625
2026-03-31 15:30:00-04:00,286.69000244140625,287.8800048828125,286.5299987792969,287.56500244140625
2026-04-01 09:30:00-04:00,290.8349914550781,296.73919677734375,290.4100036621094,296.260009765625
2026-04-01 10:30:00-04:00,296.2699890136719,297.2550048828125,294.510009765625,296.54998779296875
2026-04-01 11:30:00-04:00,296.57000732421875,298.6499938964844,296.17999267578125,298.2699890136719
2026-04-01 12:30:00-04:00,298.260009765625,300.5199890136719,298.1300048828125,299.8500061035156
2026-04-01 13:30:00-04:00,299.8399963378906,300.3500061035156,296.6400146484375,296.8949890136719
2026-04-01 14:30:00-04:00,296.8999938964844,298.0400085449219,295.8500061035156,297.7699890136719
2026-04-01 15:30:00-04:00,297.7900085449219,297.92999267578125,296.5,297.4800109863281
2026-04-02 09:30:00-04:00,290.69000244140625,295.25,289.45001220703125,294.07110595703125
2026-04-02 10:30:00-04:00,293.9800109863281,298.0799865722656,293.94000244140625,295.9599914550781
2026-04-02 11:30:00-04:00,295.94000244140625,296.25,294.7200012207031,295.1300048828125
2026-04-02 12:30:00-04:00,295.0799865722656,296.239990234375,294.95001220703125,296.04998779296875
2026-04-02 13:30:00-04:00,296.0299987792969,296.2200012207031,294.989990234375,295.0199890136719
2026-04-02 14:30:00-04:00,295.0199890136719,296.0,294.7699890136719,294.93499755859375
2026-04-02 15:30:00-04:00,294.9200134277344,295.8500061035156,294.80999755859375,295.7900085449219
2026-04-06 09:30:00-04:00,296.0799865722656,298.6400146484375,295.17999267578125,298.3800048828125
2026-04-06 10:30:00-04:00,298.3999938964844,298.6650085449219,296.93011474609375,297.4849853515625
2026-04-06 11:30:00-04:00,297.5,298.94000244140625,296.9800109863281,298.8349914550781
2026-04-06 12:30:00-04:00,298.8299865722656,299.6400146484375,297.9700012207031,299.2900085449219
2026-04-06 13:30:00-04:00,299.29998779296875,300.6199951171875,298.6199951171875,300.3399963378906
2026-04-06 14:30:00-04:00,300.3500061035156,300.5185852050781,299.989990234375,300.1000061035156
2026-04-06 15:30:00-04:00,300.07000732421875,300.4200134277344,299.4200134277344,300.02899169921875
2026-04-07 09:30:00-04:00,302.1069030761719,303.1000061035156,297.7200012207031,300.3500061035156
2026-04-07 10:30:00-04:00,300.32000732421875,301.1600036621094,298.8299865722656,300.57000732421875
2026-04-07 11:30:00-04:00,300.55999755859375,303.1499938964844,300.20001220703125,302.8399963378906
2026-04-07 12:30:00-04:00,302.8399963378906,303.135009765625,302.31439208984375,302.7300109863281
2026-04-07 13:30:00-04:00,302.7300109863281,304.1300048828125,302.54998779296875,302.93499755859375
2026-04-07 14:30:00-04:00,302.92010498046875,303.67999267578125,301.3500061035156,302.9599914550781
2026-04-07 15:30:00-04:00,302.8599853515625,305.6199951171875,302.55999755859375,305.45001220703125
2026-04-08 09:30:00-04:00,320.44500732421875,322.0150146484375,315.0199890136719,316.9700012207031
2026-04-08 10:30:00-04:00,316.9649963378906,317.2699890136719,315.4200134277344,316.7099914550781
2026-04-08 11:30:00-04:00,316.760009765625,318.8800048828125,316.55499267578125,318.6300048828125
2026-04-08 12:30:00-04:00,318.6300048828125,319.8800964355469,317.989990234375,318.0950012207031
2026-04-08 13:30:00-04:00,318.0899963378906,319.25970458984375,317.75,318.260009765625
2026-04-08 14:30:00-04:00,318.260009765625,318.889892578125,316.9100036621094,317.0400085449219
2026-04-08 15:30:00-04:00,317.0299987792969,318.04998779296875,316.1499938964844,317.25
2026-04-09 09:30:00-04:00,315.44000244140625,315.44000244140625,311.4800109863281,311.7200012207031
2026-04-09 10:30:00-04:00,311.70001220703125,315.639892578125,311.05999755859375,315.2650146484375
2026-04-09 11:30:00-04:00,315.25,319.1700134277344,315.05999755859375,318.739990234375
2026-04-09 12:30:00-04:00,318.760009765625,319.5400085449219,318.0299987792969,319.0199890136719
2026-04-09 13:30:00-04:00,319.04998779296875,319.4700012207031,318.010009765625,318.1000061035156
2026-04-09 14:30:00-04:00,318.1000061035156,318.9425048828125,318.0,318.4599914550781
2026-04-09 15:30:00-04:00,318.42498779296875,319.1499938964844,318.385009765625,318.45001220703125
2026-04-10 09:30:00-04:00,320.25,321.8299865722656,318.7550048828125,319.42999267578125
2026-04-10 10:30:00-04:00,319.4100036621094,319.7799987792969,318.2799987792969,318.4277038574219
2026-04-10 11:30:00-04:00,318.43499755859375,318.6600036621094,317.239990234375,317.3399963378906
2026-04-10 12:30:00-04:00,317.3399963378906,317.54998779296875,316.5199890136719,316.69500732421875
2026-04-10 13:30:00-04:00,316.69000244140625,317.20989990234375,316.3299865722656,316.8699951171875
2026-04-10 14:30:00-04:00,316.8699951171875,317.5400085449219,316.7699890136719,317.3999938964844
2026-04-10 15:30:00-04:00,317.3800048828125,317.70001220703125,316.9849853515625,317.25
2026-04-13 09:30:00-04:00,317.135009765625,320.0150146484375,315.4700012207031,317.81500244140625
2026-04-13 10:30:00-04:00,317.8399963378906,318.9425048828125,317.68011474609375,318.77508544921875
2026-04-13 11:30:00-04:00,318.7200012207031,319.510009765625,318.0299987792969,319.1499938964844
2026-04-13 12:30:00-04:00,319.1499938964844,320.1099853515625,318.8599853515625,319.57501220703125
2026-04-13 13:30:00-04:00,319.55999755859375,319.7900085449219,319.0299987792969,319.2650146484375
2026-04-13 14:30:00-04:00,319.2550048828125,320.7200012207031,319.2099914550781,320.44000244140625
2026-04-13 15:30:00-04:00,320.4100036621094,321.6300048828125,320.25,321.3900146484375
2026-04-14 09:30:00-04:00,324.8599853515625,327.8500061035156,323.75,327.7950134277344
2026-04-14 10:30:00-04:00,327.82000732421875,331.19000244140625,327.239990234375,330.83990478515625
2026-04-14 11:30:00-04:00,330.8450012207031,332.989990234375,330.739990234375,332.79998779296875
2026-04-14 12:30:00-04:00,332.80859375,333.2799987792969,332.0,332.8656005859375
2026-04-14 13:30:00-04:00,332.8299865722656,333.1000061035156,331.5299987792969,331.56500244140625
2026-04-14 14:30:00-04:00,331.56500244140625,332.2699890136719,331.4200134277344,332.1900939941406
2026-04-14 15:30:00-04:00,332.19000244140625,332.9800109863281,331.635009765625,332.92999267578125
2026-04-15 09:30:00-04:00,332.8900146484375,334.8500061035156,330.8999938964844,334.6000061035156
2026-04-15 10:30:00-04:00,334.6098937988281,334.69000244140625,332.6300048828125,332.8699951171875
2026-04-15 11:30:00-04:00,332.885009765625,335.218505859375,332.6400146484375,334.989990234375
2026-04-15 12:30:00-04:00,335.0,335.385009765625,334.0,335.25
2026-04-15 13:30:00-04:00,335.260009765625,336.0050048828125,335.25,335.2850036621094
2026-04-15 14:30:00-04:00,335.29998779296875,337.4800109863281,335.2900085449219,335.80999755859375
2026-04-15 15:30:00-04:00,335.79998779296875,337.3900146484375,335.6499938964844,337.1499938964844
2026-04-16 09:30:00-04:00,338.75,339.82000732421875,335.7200012207031,336.7770080566406
2026-04-16 10:30:00-04:00,336.8399963378906,338.0799865722656,336.55999755859375,336.55999755859375
2026-04-16 11:30:00-04:00,336.55999755859375,338.5,336.5400085449219,337.9107971191406
2026-04-16 12:30:00-04:00,337.9599914550781,338.0137939453125,335.631103515625,335.9800109863281
2026-04-16 13:30:00-04:00,335.989990234375,336.55499267578125,334.5199890136719,334.9800109863281
2026-04-16 14:30:00-04:00,335.0,335.6600036621094,334.79998779296875,335.1199951171875
2026-04-16 15:30:00-04:00,335.110107421875,336.4100036621094,335.110107421875,335.989990234375
2026-04-17 09:30:00-04:00,337.7300109863281,338.75,336.239990234375,337.1600036621094
2026-04-17 10:30:00-04:00,337.20001220703125,338.2200012207031,336.54998779296875,338.2200012207031
2026-04-17 11:30:00-04:00,338.2200012207031,339.2699890136719,337.6944885253906,338.7799987792969
2026-04-17 12:30:00-04:00,338.7900085449219,339.8599853515625,338.7900085449219,339.55999755859375
2026-04-17 13:30:00-04:00,339.55999755859375,341.6705017089844,339.1499938964844,341.3999938964844
2026-04-17 14:30:00-04:00,341.3699951171875,342.1400146484375,340.7300109863281,341.05999755859375
2026-04-17 15:30:00-04:00,341.05999755859375,342.32000732421875,340.9700012207031,341.6099853515625
2026-04-20 09:30:00-04:00,340.8900146484375,341.3500061035156,337.42999267578125,339.70001220703125
2026-04-20 10:30:00-04:00,339.6499938964844,339.7799072265625,336.6300048828125,339.07000732421875
2026-04-20 11:30:00-04:00,339.05999755859375,339.260009765625,337.95001220703125,338.69989013671875
2026-04-20 12:30:00-04:00,338.7099914550781,339.30999755859375,338.1700134277344,338.2699890136719
2026-04-20 13:30:00-04:00,338.2699890136719,338.8450012207031,338.0,338.364990234375
2026-04-20 14:30:00-04:00,338.3800048828125,338.760009765625,338.1200866699219,338.3598937988281
2026-04-20 15:30:00-04:00,338.32000732421875,338.4800109863281,336.9049987792969,337.3900146484375
2026-04-21 09:30:00-04:00,337.68499755859375,339.3399963378906,335.739990234375,338.4949951171875
2026-04-21 10:30:00-04:00,338.4800109863281,338.57000732421875,336.3349914550781,337.1400146484375
2026-04-21 11:30:00-04:00,337.1300048828125,337.30999755859375,334.739990234375,334.8575134277344
2026-04-21 12:30:00-04:00,334.8699951171875,335.3999938964844,332.510009765625,332.8399963378906
2026-04-21 13:30:00-04:00,332.8299865722656,334.32000732421875,332.4700012207031,332.7900085449219
2026-04-21 14:30:00-04:00,332.7950134277344,334.409912109375,332.6099853515625,334.32501220703125
2026-04-21 15:30:00-04:00,334.3500061035156,334.5133972167969,331.4200134277344,332.2799987792969
2026-04-22 09:30:00-04:00,337.0199890136719,338.4800109863281,335.1700134277344,338.29998779296875
2026-04-22 10:30:00-04:00,338.25,338.9800109863281,337.3999938964844,337.42999267578125
2026-04-22 11:30:00-04:00,337.42498779296875,338.3800048828125,336.7300109863281,336.82000732421875
2026-04-22 12:30:00-04:00,336.80499267578125,337.2900085449219,336.260009765625,336.80999755859375
2026-04-22 13:30:00-04:00,336.7799987792969,338.4501037597656,336.7650146484375,338.0799865722656
2026-04-22 14:30:00-04:00,338.0924987792969,339.239990234375,337.7699890136719,339.2049865722656
2026-04-22 15:30:00-04:00,339.2099914550781,339.82000732421875,338.9200134277344,339.3699951171875
2026-04-23 09:30:00-04:00,341.3550109863281,341.4599914550781,338.44000244140625,339.57000732421875
2026-04-23 10:30:00-04:00,339.6099853515625,341.9599914550781,339.6000061035156,340.91119384765625
2026-04-23 11:30:00-04:00,340.9200134277344,341.08648681640625,339.2699890136719,340.4049987792969
2026-04-23 12:30:00-04:00,340.3999938964844,340.6099853515625,337.7200012207031,337.7300109863281
2026-04-23 13:30:00-04:00,337.7301025390625,340.42999267578125,336.17999267578125,340.3500061035156
2026-04-23 14:30:00-04:00,340.3550109863281,340.6968994140625,338.8599853515625,339.364990234375
2026-04-23 15:30:00-04:00,339.3500061035156,339.8999938964844,338.44000244140625,339.0
2026-04-24 09:30:00-04:00,338.7250061035156,339.55999755859375,335.3900146484375,338.19830322265625
2026-04-24 10:30:00-04:00,338.25,340.4800109863281,336.6700134277344,339.989990234375
2026-04-24 11:30:00-04:00,340.04998779296875,345.0899963378906,339.70001220703125,343.30999755859375
2026-04-24 12:30:00-04:00,343.375,344.1700134277344,342.75,342.7900085449219
2026-04-24 13:30:00-04:00,342.7749938964844,344.0450134277344,342.2699890136719,343.30999755859375
2026-04-24 14:30:00-04:00,343.3399963378906,344.5899963378906,343.2900085449219,344.42999267578125
2026-04-24 15:30:00-04:00,344.4200134277344,345.2699890136719,344.25,344.2900085449219
2026-04-27 09:30:00-04:00,345.75,350.9100036621094,342.7300109863281,350.75
2026-04-27 10:30:00-04:00,350.760009765625,351.739990234375,349.67999267578125,350.2950134277344
2026-04-27 11:30:00-04:00,350.29998779296875,351.7699890136719,349.8999938964844,351.65008544921875
2026-04-27 12:30:00-04:00,351.70001220703125,352.4700012207031,351.385009765625,352.2749938964844
2026-04-27 13:30:00-04:00,352.2799987792969,353.17999267578125,352.25,352.67498779296875
2026-04-27 14:30:00-04:00,352.69000244140625,352.75,351.80999755859375,352.489990234375
2026-04-27 15:30:00-04:00,352.4800109863281,352.94000244140625,350.1629943847656,350.3399963378906
2026-04-28 09:30:00-04:00,348.54998779296875,352.2749938964844,346.1199951171875,351.7699890136719
2026-04-28 10:30:00-04:00,351.7900085449219,352.4200134277344,350.06500244140625,351.010009765625
2026-04-28 11:30:00-04:00,351.02398681640625,351.20989990234375,348.5,349.2200012207031
2026-04-28 12:30:00-04:00,349.20001220703125,349.8399963378906,348.2699890136719,348.9049987792969
2026-04-28 13:30:00-04:00,348.92999267578125,350.1700134277344,348.8299865722656,349.94000244140625
2026-04-28 14:30:00-04:00,349.95001220703125,350.3900146484375,349.4599914550781,349.75
2026-04-28 15:30:00-04:00,349.7799987792969,351.0299987792969,349.42999267578125,349.8349914550781
2026-04-29 09:30:00-04:00,347.56500244140625,353.67999267578125,344.2099914550781,353.6099853515625
2026-04-29 10:30:00-04:00,353.6499938964844,355.7900085449219,351.3500061035156,351.80999755859375
2026-04-29 11:30:00-04:00,351.80999755859375,352.8500061035156,349.1600036621094,349.3699951171875
2026-04-29 12:30:00-04:00,349.3699951171875,349.3800048828125,347.4700012207031,349.07000732421875
2026-04-29 13:30:00-04:00,349.1199951171875,350.09039306640625,348.14990234375,349.1600036621094
2026-04-29 14:30:00-04:00,349.1400146484375,351.79998779296875,348.739990234375,351.32000732421875
2026-04-29 15:30:00-04:00,351.3399963378906,351.4798889160156,349.32501220703125,350.20001220703125
2026-04-30 09:30:00-04:00,374.1600036621094,377.0299987792969,367.17999267578125,369.0799865722656
2026-04-30 10:30:00-04:00,369.05999755859375,378.2200012207031,365.82000732421875,375.8299865722656
2026-04-30 11:30:00-04:00,375.8800048828125,378.364990234375,373.1199951171875,376.56500244140625
2026-04-30 12:30:00-04:00,376.54998779296875,384.1549987792969,376.54998779296875,383.9200134277344
2026-04-30 13:30:00-04:00,383.8999938964844,385.8324890136719,382.7900085449219,384.6199951171875
2026-04-30 14:30:00-04:00,384.5799865722656,384.9599914550781,380.9700012207031,381.32000732421875
2026-04-30 15:30:00-04:00,381.3500061035156,385.6000061035156,380.57000732421875,385.1199951171875
2026-05-01 09:30:00-04:00,381.7650146484375,386.29998779296875,379.04998779296875,385.1499938964844
2026-05-01 10:30:00-04:00,385.1199951171875,385.45001220703125,381.0299987792969,385.3599853515625
2026-05-01 11:30:00-04:00,385.3599853515625,386.75,383.3399963378906,384.5249938964844
2026-05-01 12:30:00-04:00,384.54998779296875,386.5899963378906,383.7799987792969,386.20001220703125
2026-05-01 13:30:00-04:00,386.20001220703125,386.32000732421875,384.2950134277344,384.9200134277344
2026-05-01 14:30:00-04:00,384.92999267578125,385.45001220703125,382.2005920410156,385.3999938964844
2026-05-01 15:30:00-04:00,385.3900146484375,385.9999084472656,383.8299865722656,385.69000244140625
2026-05-04 09:30:00-04:00,385.6300048828125,387.3800048828125,380.5899963378906,381.7300109863281
2026-05-04 10:30:00-04:00,381.7349853515625,383.36590576171875,379.79998779296875,381.69000244140625
2026-05-04 11:30:00-04:00,381.760009765625,383.989990234375,380.914794921875,382.4200134277344
2026-05-04 12:30:00-04:00,382.3699951171875,384.41400146484375,381.79998779296875,384.0199890136719
2026-05-04 13:30:00-04:00,384.0,384.9200134277344,383.30999755859375,383.9549865722656
2026-05-04 14:30:00-04:00,383.9649963378906,384.0199890136719,382.1199951171875,383.0199890136719
2026-05-04 15:30:00-04:00,383.04998779296875,383.5498962402344,382.5,383.239990234375
