date,open,high,low,close
2023-06-06 09:30:00-04:00,335.3299865722656,335.3699951171875,332.7699890136719,334.537109375
2023-06-06 10:30:00-04:00,334.5259094238281,334.5400085449219,332.1700134277344,332.65008544921875
2023-06-06 11:30:00-04:00,332.6600036621094,334.6300048828125,332.6300048828125,333.4787902832031
2023-06-06 12:30:00-04:00,333.4800109863281,333.8399963378906,332.5899963378906,333.19500732421875
2023-06-06 13:30:00-04:00,333.2200012207031,333.739990234375,332.4599914550781,333.69000244140625
2023-06-06 14:30:00-04:00,333.7349853515625,334.3500061035156,333.2749938964844,334.0
2023-06-06 15:30:00-04:00,334.0050048828125,334.25,333.32000732421875,333.6600036621094
2023-06-07 09:30:00-04:00,331.6499938964844,334.489990234375,327.5799865722656,328.8699035644531
2023-06-07 10:30:00-04:00,328.8399963378906,329.0400085449219,325.53900146484375,326.1400146484375
2023-06-07 11:30:00-04:00,326.1300048828125,326.6000061035156,324.010009765625,324.385009765625
2023-06-07 12:30:00-04:00,324.3999938964844,325.0,323.5,324.2049865722656
2023-06-07 13:30:00-04:00,324.239990234375,324.82000732421875,323.5199890136719,324.2099914550781
2023-06-07 14:30:00-04:00,324.2099914550781,324.5899963378906,323.2099914550781,323.54998779296875
2023-06-07 15:30:00-04:00,323.5400085449219,323.82000732421875,322.5,323.4599914550781
2023-06-08 09:30:00-04:00,323.93499755859375,325.7698974609375,323.3500061035156,325.20001220703125
2023-06-08 10:30:00-04:00,325.22808837890625,326.5199890136719,324.1300048828125,326.1400146484375
2023-06-08 11:30:00-04:00,326.1622009277344,326.6400146484375,325.6099853515625,326.5299987792969
2023-06-08 12:30:00-04:00,326.5199890136719,326.6000061035156,324.243896484375,324.3299865722656
2023-06-08 13:30:00-04:00,324.32000732421875,324.94000244140625,323.5,324.572509765625
2023-06-08 14:30:00-04:00,324.5899963378906,325.95001220703125,323.82000732421875,325.3999938964844
2023-06-08 15:30:00-04:00,325.3699951171875,325.8999938964844,324.9599914550781,325.2200012207031
2023-06-09 09:30:00-04:00,324.989990234375,329.989990234375,324.4100036621094,328.6300048828125
2023-06-09 10:30:00-04:00,328.6499938964844,329.20001220703125,326.0799865722656,326.20001220703125
2023-06-09 11:30:00-04:00,326.1700134277344,326.8999938964844,325.0199890136719,325.80999755859375
2023-06-09 12:30:00-04:00,325.8200988769531,327.7099914550781,325.6400146484375,327.70001220703125
2023-06-09 13:30:00-04:00,327.7099914550781,328.4800109863281,327.6626892089844,328.131103515625
2023-06-09 14:30:00-04:00,328.1099853515625,328.1170959472656,327.2799987792969,327.6160888671875
2023-06-09 15:30:00-04:00,327.5799865722656,327.8500061035156,326.239990234375,326.80999755859375
2023-06-12 09:30:00-04:00,328.3594055175781,328.9700012207031,325.1600036621094,326.260009765625
2023-06-12 10:30:00-04:00,326.2799987792969,327.42999267578125,325.55999755859375,326.42999267578125
2023-06-12 11:30:00-04:00,326.42999267578125,328.1499938964844,326.42999267578125,327.67999267578125
2023-06-12 12:30:00-04:00,327.70001220703125,328.6000061035156,327.44000244140625,328.2200012207031
2023-06-12 13:30:00-04:00,328.2200012207031,329.7699890136719,328.1700134277344,329.4949951171875
2023-06-12 14:30:00-04:00,329.4988098144531,332.09991455078125,329.44000244140625,331.0400085449219
2023-06-12 15:30:00-04:00,331.04998779296875,332.04998779296875,330.7900085449219,331.9100036621094
2023-06-13 09:30:00-04:00,334.4649963378906,336.9800109863281,330.3900146484375,331.2200012207031
2023-06-13 10:30:00-04:00,331.239990234375,333.30999755859375,330.989990234375,333.1099853515625
2023-06-13 11:30:00-04:00,333.1199951171875,333.2200012207031,331.3999938964844,332.3599853515625
2023-06-13 12:30:00-04:00,332.3800048828125,334.1499938964844,332.3399963378906,333.92999267578125
2023-06-13 13:30:00-04:00,333.95001220703125,334.3999938964844,332.7799987792969,333.1400146484375
2023-06-13 14:30:00-04:00,333.1499938964844,334.1499938964844,332.79998779296875,333.3800048828125
2023-06-13 15:30:00-04:00,333.3800048828125,334.489990234375,333.20001220703125,334.32000732421875
2023-06-14 09:30:00-04:00,334.3399963378906,337.04998779296875,333.5899963378906,336.3055114746094
2023-06-14 10:30:00-04:00,336.3055114746094,338.57000732421875,335.7300109863281,338.1499938964844
2023-06-14 11:30:00-04:00,338.1400146484375,339.0400085449219,337.0299987792969,338.0
2023-06-14 12:30:00-04:00,337.989990234375,338.0,336.56829833984375,336.8399963378906
2023-06-14 13:30:00-04:00,336.8500061035156,337.07000732421875,332.80999755859375,334.3599853515625
2023-06-14 14:30:00-04:00,334.3599853515625,338.1000061035156,333.769287109375,336.0899963378906
2023-06-14 15:30:00-04:00,336.1000061035156,337.3500061035156,335.1400146484375,337.3399963378906
2023-06-15 09:30:00-04:00,337.4800109863281,344.8028869628906,337.20001220703125,344.4599914550781
2023-06-15 10:30:00-04:00,344.45001220703125,345.7565002441406,343.3999938964844,345.0899963378906
2023-06-15 11:30:00-04:00,345.0849914550781,346.7799987792969,344.67999267578125,346.2688903808594
2023-06-15 12:30:00-04:00,346.2699890136719,346.6199951171875,344.3913879394531,345.2699890136719
2023-06-15 13:30:00-04:00,345.2900085449219,347.20001220703125,344.8299865722656,346.80499267578125
2023-06-15 14:30:00-04:00,346.8193054199219,349.3500061035156,346.75,348.7300109863281
2023-06-15 15:30:00-04:00,348.739990234375,349.8399963378906,347.3999938964844,348.1300048828125
2023-06-16 09:30:00-04:00,351.32000732421875,351.4700012207031,345.0,347.7099914550781
2023-06-16 10:30:00-04:00,347.6700134277344,347.989990234375,345.1499938964844,345.6059875488281
2023-06-16 11:30:00-04:00,345.5942077636719,347.20001220703125,345.42010498046875,346.57000732421875
2023-06-16 12:30:00-04:00,346.6000061035156,347.0,345.7799987792969,345.8999938964844
2023-06-16 13:30:00-04:00,345.8999938964844,346.2099914550781,345.0199890136719,345.2200927734375
2023-06-16 14:30:00-04:00,345.2300109863281,345.2300109863281,343.3900146484375,343.4700012207031
2023-06-16 15:30:00-04:00,343.4700012207031,344.19000244140625,341.95001220703125,342.55999755859375
2023-06-20 09:30:00-04:00,339.69580078125,342.0799865722656,336.239990234375,336.3800048828125
2023-06-20 10:30:00-04:00,336.3999938964844,337.79998779296875,335.8599853515625,336.94000244140625
2023-06-20 11:30:00-04:00,337.0,338.56500244140625,336.0549011230469,338.2300109863281
2023-06-20 12:30:00-04:00,338.239990234375,339.6986083984375,338.19000244140625,339.0950012207031
2023-06-20 13:30:00-04:00,339.1099853515625,339.32000732421875,338.24688720703125,339.1300048828125
2023-06-20 14:30:00-04:00,339.1099853515625,339.2300109863281,337.8507995605469,338.05999755859375
2023-06-20 15:30:00-04:00,338.0346984863281,339.1099853515625,337.79998779296875,338.1050109863281
2023-06-21 09:30:00-04:00,336.3699951171875,337.7300109863281,333.6300048828125,334.32000732421875
2023-06-21 10:30:00-04:00,334.3299865722656,334.82598876953125,332.07000732421875,332.9801025390625
2023-06-21 11:30:00-04:00,332.9800109863281,334.4800109863281,332.29998779296875,333.69000244140625
2023-06-21 12:30:00-04:00,333.6600036621094,334.57000732421875,333.4800109863281,333.6698913574219
2023-06-21 13:30:00-04:00,333.6400146484375,335.2200012207031,333.5799865722656,335.2099914550781
2023-06-21 14:30:00-04:00,335.2101135253906,335.7799987792969,334.1499938964844,334.1700134277344
2023-06-21 15:30:00-04:00,334.19000244140625,334.489990234375,333.1600036621094,333.5299987792969
2023-06-22 09:30:00-04:00,334.1199951171875,338.55999755859375,333.3399963378906,337.4100036621094
2023-06-22 10:30:00-04:00,337.3962097167969,337.9800109863281,335.45001220703125,336.69000244140625
2023-06-22 11:30:00-04:00,336.6199951171875,338.7550048828125,336.4175109863281,337.239990234375
2023-06-22 12:30:00-04:00,337.2799987792969,337.6499938964844,336.17999267578125,337.260009765625
2023-06-22 13:30:00-04:00,337.2699890136719,338.4700012207031,337.1000061035156,338.17999267578125
2023-06-22 14:30:00-04:00,338.19000244140625,339.0400085449219,337.82000732421875,338.6199951171875
2023-06-22 15:30:00-04:00,338.6099853515625,340.1199951171875,338.3800048828125,339.69000244140625
2023-06-23 09:30:00-04:00,334.3599853515625,336.4100036621094,333.45001220703125,335.8299865722656
2023-06-23 10:30:00-04:00,335.8399963378906,337.05999755859375,335.17999267578125,335.3699951171875
2023-06-23 11:30:00-04:00,335.3891906738281,336.8299865722656,335.023193359375,336.54998779296875
2023-06-23 12:30:00-04:00,336.6099853515625,337.9599914550781,336.260009765625,337.6600036621094
2023-06-23 13:30:00-04:00,337.64471435546875,337.7699890136719,336.4100036621094,336.7749938964844
2023-06-23 14:30:00-04:00,336.760009765625,336.79998779296875,335.0199890136719,335.65008544921875
2023-06-23 15:30:00-04:00,335.6700134277344,336.3273010253906,334.67999267578125,335.04998779296875
2023-06-26 09:30:00-04:00,333.7200012207031,336.1099853515625,332.510986328125,335.19000244140625
2023-06-26 10:30:00-04:00,335.19000244140625,335.2799987792969,330.8500061035156,331.70001220703125
2023-06-26 11:30:00-04:00,331.67999267578125,332.3299865722656,329.70001220703125,330.6401062011719
2023-06-26 12:30:00-04:00,330.6600036621094,330.7099914550781,329.4150085449219,330.2200012207031
2023-06-26 13:30:00-04:00,330.22100830078125,330.364990234375,329.5199890136719,329.9599914550781
2023-06-26 14:30:00-04:00,329.9599914550781,331.0,329.6099853515625,329.7301025390625
2023-06-26 15:30:00-04:00,329.739990234375,330.0199890136719,328.489990234375,328.6499938964844
2023-06-27 09:30:00-04:00,331.8599853515625,334.1144104003906,331.1199951171875,332.0
2023-06-27 10:30:00-04:00,331.989990234375,332.1072998046875,329.29998779296875,331.8734130859375
2023-06-27 11:30:00-04:00,331.9200134277344,332.8399963378906,331.2699890136719,331.9700012207031
2023-06-27 12:30:00-04:00,331.9700012207031,333.510009765625,331.70001220703125,333.3128967285156
2023-06-27 13:30:00-04:00,333.32000732421875,335.81500244140625,333.32000732421875,335.4800109863281
2023-06-27 14:30:00-04:00,335.5,336.1499938964844,334.92999267578125,335.67999267578125
2023-06-27 15:30:00-04:00,335.6400146484375,335.67340087890625,334.30999755859375,334.5299987792969
2023-06-28 09:30:00-04:00,334.6600036621094,336.80999755859375,333.93499755859375,336.5899963378906
2023-06-28 10:30:00-04:00,336.54998779296875,337.9800109863281,335.2300109863281,335.9100036621094
2023-06-28 11:30:00-04:00,335.91900634765625,337.94000244140625,335.79998779296875,336.4800109863281
2023-06-28 12:30:00-04:00,336.4800109863281,336.4800109863281,334.4599914550781,335.2799987792969
2023-06-28 13:30:00-04:00,335.2900085449219,336.17999267578125,334.81500244140625,335.7099914550781
2023-06-28 14:30:00-04:00,335.67999267578125,335.8900146484375,333.80999755859375,334.56500244140625
2023-06-28 15:30:00-04:00,334.54998779296875,335.95001220703125,334.2049865722656,335.8900146484375
2023-06-29 09:30:00-04:00,334.7099914550781,335.95001220703125,333.010009765625,333.3500061035156
2023-06-29 10:30:00-04:00,333.3500061035156,335.8800048828125,332.6199951171875,335.7099914550781
2023-06-29 11:30:00-04:00,335.70001220703125,336.1099853515625,334.32000732421875,335.2300109863281
2023-06-29 12:30:00-04:00,335.2200012207031,335.30999755859375,333.5,334.5249938964844
2023-06-29 13:30:00-04:00,334.5,334.5450134277344,333.2799987792969,334.05999755859375
2023-06-29 14:30:00-04:00,334.05999755859375,334.8999938964844,333.8599853515625,334.2850036621094
2023-06-29 15:30:00-04:00,334.22198486328125,335.2799987792969,334.010009765625,335.0
2023-06-30 09:30:00-04:00,337.75,342.7300109863281,337.20001220703125,342.1499938964844
2023-06-30 10:30:00-04:00,342.1700134277344,342.5,340.80010986328125,341.1000061035156
2023-06-30 11:30:00-04:00,341.1000061035156,341.1300048828125,339.6600036621094,340.3500061035156
2023-06-30 12:30:00-04:00,340.3900146484375,341.4700012207031,340.2900085449219,340.6199951171875
2023-06-30 13:30:00-04:00,340.6099853515625,341.07000732421875,340.2699890136719,340.9200134277344
2023-06-30 14:30:00-04:00,340.94000244140625,341.0299987792969,340.17999267578125,341.0
2023-06-30 15:30:00-04:00,340.9700012207031,341.5,340.25,340.2900085449219
2023-07-03 09:30:00-04:00,339.19000244140625,340.8999938964844,338.1600036621094,338.75201416015625
2023-07-03 10:30:00-04:00,338.739990234375,338.75,336.5710144042969,336.9071044921875
2023-07-03 11:30:00-04:00,336.8900146484375,337.5299987792969,336.7650146484375,336.8999938964844
2023-07-05 09:30:00-04:00,335.0899963378906,340.7085876464844,334.72760009765625,340.42999267578125
2023-07-05 10:30:00-04:00,340.44000244140625,341.6499938964844,338.7200012207031,338.7300109863281
2023-07-05 11:30:00-04:00,338.7300109863281,339.3550109863281,338.5799865722656,339.139892578125
2023-07-05 12:30:00-04:00,339.1400146484375,339.20001220703125,338.1700134277344,338.56640625
2023-07-05 13:30:00-04:00,338.54998779296875,338.79998779296875,337.6400146484375,338.0299987792969
2023-07-05 14:30:00-04:00,338.05999755859375,338.75,338.0,338.3699951171875
2023-07-05 15:30:00-04:00,338.3999938964844,338.6700134277344,337.79998779296875,338.1600036621094
2023-07-06 09:30:00-04:00,337.29998779296875,340.6499938964844,335.5,340.6097106933594
2023-07-06 10:30:00-04:00,340.5799865722656,341.1199951171875,338.0899963378906,338.70001220703125
2023-07-06 11:30:00-04:00,338.7200012207031,341.6600036621094,338.4200134277344,341.6199951171875
2023-07-06 12:30:00-04:00,341.5899963378906,342.989990234375,341.4049987792969,342.0299987792969
2023-07-06 13:30:00-04:00,342.0450134277344,342.5,340.8999938964844,340.94000244140625
2023-07-06 14:30:00-04:00,340.9200134277344,341.5899963378906,340.69000244140625,341.29998779296875
2023-07-06 15:30:00-04:00,341.32000732421875,341.6499938964844,340.4849853515625,341.2699890136719
2023-07-07 09:30:00-04:00,339.32000732421875,341.20001220703125,338.55999755859375,338.55999755859375
2023-07-07 10:30:00-04:00,338.54998779296875,339.5299987792969,337.55999755859375,339.05999755859375
2023-07-07 11:30:00-04:00,339.05999755859375,340.55999755859375,338.6199951171875,340.2900085449219
2023-07-07 12:30:00-04:00,340.2799987792969,341.6700134277344,340.2799987792969,341.6700134277344
2023-07-07 13:30:00-04:00,341.7192077636719,341.7900085449219,339.69000244140625,340.0899963378906
2023-07-07 14:30:00-04:00,340.07000732421875,340.260009765625,338.4200134277344,338.5849914550781
2023-07-07 15:30:00-04:00,338.57000732421875,338.8736877441406,337.0,337.19000244140625
2023-07-10 09:30:00-04:00,334.6000061035156,335.2300109863281,329.2300109863281,331.94000244140625
2023-07-10 10:30:00-04:00,331.9200134277344,332.010009765625,329.67999267578125,330.2699890136719
2023-07-10 11:30:00-04:00,330.2799987792969,331.1199951171875,327.5899963378906,329.2598876953125
2023-07-10 12:30:00-04:00,329.2550048828125,330.8800048828125,329.0299987792969,330.8800048828125
2023-07-10 13:30:00-04:00,330.8800048828125,331.6700134277344,329.4800109863281,331.42999267578125
2023-07-10 14:30:00-04:00,331.42999267578125,331.55999755859375,330.2200012207031,330.54998779296875
2023-07-10 15:30:00-04:00,330.5299987792969,331.8900146484375,330.3900146484375,331.8599853515625
2023-07-11 09:30:00-04:00,331.05999755859375,331.45001220703125,327.0,328.81500244140625
2023-07-11 10:30:00-04:00,328.7900085449219,330.7900085449219,328.7799987792969,329.7300109863281
2023-07-11 11:30:00-04:00,329.739990234375,332.8599853515625,329.33099365234375,330.45001220703125
2023-07-11 12:30:00-04:00,330.4700012207031,331.55999755859375,330.3500061035156,331.0299987792969
2023-07-11 13:30:00-04:00,331.0400085449219,332.04998779296875,330.54998779296875,330.7300109863281
2023-07-11 14:30:00-04:00,330.75,331.8500061035156,330.1300048828125,331.2799987792969
2023-07-11 15:30:00-04:00,331.25,332.7300109863281,330.8900146484375,332.4700012207031
2023-07-12 09:30:00-04:00,336.6000061035156,341.6520080566406,335.67999267578125,340.4549865722656
2023-07-12 10:30:00-04:00,340.4700012207031,341.15728759765625,338.3301086425781,338.5
2023-07-12 11:30:00-04:00,338.5199890136719,338.6400146484375,335.6700134277344,336.79998779296875
2023-07-12 12:30:00-04:00,336.81500244140625,338.1300048828125,336.7099914550781,337.8949890136719
2023-07-12 13:30:00-04:00,337.8900146484375,338.7099914550781,337.726806640625,338.4685974121094
2023-07-12 14:30:00-04:00,338.4549865722656,338.4700012207031,336.8500061035156,337.25
2023-07-12 15:30:00-04:00,337.2699890136719,337.9100036621094,336.94000244140625,337.4100036621094
2023-07-13 09:30:00-04:00,339.55999755859375,342.4700012207031,339.0199890136719,339.8900146484375
2023-07-13 10:30:00-04:00,339.8900146484375,341.7900085449219,339.8835144042969,340.92498779296875
2023-07-13 11:30:00-04:00,340.94500732421875,341.6099853515625,340.69000244140625,341.5199890136719
2023-07-13 12:30:00-04:00,341.5199890136719,342.1700134277344,340.5400085449219,340.95001220703125
2023-07-13 13:30:00-04:00,340.94000244140625,342.5899963378906,340.7500915527344,341.75
2023-07-13 14:30:00-04:00,341.7431945800781,343.2200012207031,341.55999755859375,343.12799072265625
2023-07-13 15:30:00-04:00,343.1099853515625,343.739990234375,342.55999755859375,342.69000244140625
2023-07-14 09:30:00-04:00,347.5899963378906,351.42999267578125,346.0299987792969,350.4798889160156
2023-07-14 10:30:00-04:00,350.44000244140625,350.92999267578125,348.0899963378906,349.44000244140625
2023-07-14 11:30:00-04:00,349.4549865722656,349.7099914550781,347.05999755859375,347.4200134277344
2023-07-14 12:30:00-04:00,347.4200134277344,347.82659912109375,345.57000732421875,346.67999267578125
2023-07-14 13:30:00-04:00,346.6700134277344,347.04998779296875,346.07000732421875,346.1300048828125
2023-07-14 14:30:00-04:00,346.1499938964844,346.52899169921875,344.55999755859375,345.1300048828125
2023-07-14 15:30:00-04:00,345.1600036621094,345.4200134277344,344.30999755859375,345.3699951171875
2023-07-17 09:30:00-04:00,345.6780090332031,346.989990234375,342.20001220703125,343.8800048828125
2023-07-17 10:30:00-04:00,343.8699035644531,345.510009765625,343.5799865722656,345.3053894042969
2023-07-17 11:30:00-04:00,345.32000732421875,346.489990234375,345.0267028808594,345.4800109863281
2023-07-17 12:30:00-04:00,345.45001220703125,346.1700134277344,345.1600036621094,345.79998779296875
2023-07-17 13:30:00-04:00,345.79998779296875,346.6700134277344,345.6000061035156,346.25
2023-07-17 14:30:00-04:00,346.2300109863281,346.3399963378906,344.9800109863281,346.20001220703125
2023-07-17 15:30:00-04:00,346.19000244140625,346.2029113769531,344.95001220703125,345.739990234375
2023-07-18 09:30:00-04:00,345.8299865722656,345.95001220703125,342.1700134277344,343.3699951171875
2023-07-18 10:30:00-04:00,343.360595703125,344.7900085449219,343.2200012207031,344.1600036621094
2023-07-18 11:30:00-04:00,344.1700134277344,364.1600036621094,344.1499938964844,364.0799865722656
2023-07-18 12:30:00-04:00,364.04998779296875,366.7799987792969,362.2099914550781,363.7300109863281
2023-07-18 13:30:00-04:00,363.7149963378906,365.5,362.82000732421875,364.1600036621094
2023-07-18 14:30:00-04:00,364.17999267578125,365.4389953613281,362.1099853515625,362.239990234375
2023-07-18 15:30:00-04:00,362.2300109863281,362.760009765625,359.4599914550781,359.5249938964844
2023-07-19 09:30:00-04:00,361.75,362.4599914550781,357.25,357.69000244140625
2023-07-19 10:30:00-04:00,357.6700134277344,361.55999755859375,357.6000061035156,360.0799865722656
2023-07-19 11:30:00-04:00,360.0799865722656,360.3500061035156,355.1400146484375,355.7699890136719
2023-07-19 12:30:00-04:00,355.739990234375,356.7900085449219,353.94000244140625,354.07000732421875
2023-07-19 13:30:00-04:00,354.0708923339844,354.7300109863281,352.43499755859375,353.35980224609375
2023-07-19 14:30:00-04:00,353.3800048828125,356.30999755859375,353.3500061035156,355.5
2023-07-19 15:30:00-04:00,355.4800109863281,355.9100036621094,354.80999755859375,355.010009765625
2023-07-20 09:30:00-04:00,353.57000732421875,357.9700012207031,349.3587951660156,350.0199890136719
2023-07-20 10:30:00-04:00,350.0199890136719,351.5899963378906,348.5299987792969,349.8299865722656
2023-07-20 11:30:00-04:00,349.82000732421875,351.4700012207031,347.92889404296875,348.0
2023-07-20 12:30:00-04:00,348.0199890136719,348.8500061035156,347.7300109863281,348.4599914550781
2023-07-20 13:30:00-04:00,348.4200134277344,349.0,346.0899963378906,346.0899963378906
2023-07-20 14:30:00-04:00,346.1000061035156,347.07000732421875,345.3699951171875,345.8901062011719
2023-07-20 15:30:00-04:00,345.92999267578125,347.3500061035156,345.92999267578125,346.8800048828125
2023-07-21 09:30:00-04:00,349.1499938964844,350.29998779296875,345.5,346.1654052734375
2023-07-21 10:30:00-04:00,346.1099853515625,348.4800109863281,346.0899963378906,347.1700134277344
2023-07-21 11:30:00-04:00,347.17999267578125,347.4700012207031,344.9599914550781,345.0150146484375
2023-07-21 12:30:00-04:00,345.0400085449219,346.9700012207031,344.9800109863281,346.2900085449219
2023-07-21 13:30:00-04:00,346.260009765625,347.25,344.75,345.05499267578125
2023-07-21 14:30:00-04:00,345.0520935058594,345.4100036621094,342.4700012207031,342.6400146484375
2023-07-21 15:30:00-04:00,342.6499938964844,346.010009765625,339.8299865722656,343.7799987792969
2023-07-24 09:30:00-04:00,345.8500061035156,346.9200134277344,342.30999755859375,345.801513671875
2023-07-24 10:30:00-04:00,345.79998779296875,346.489990234375,343.8550109863281,344.510009765625
2023-07-24 11:30:00-04:00,344.5,345.0299987792969,343.2900085449219,344.260009765625
2023-07-24 12:30:00-04:00,344.260009765625,344.94000244140625,343.68499755859375,344.94000244140625
2023-07-24 13:30:00-04:00,344.94000244140625,346.2300109863281,344.7601013183594,345.0849914550781
2023-07-24 14:30:00-04:00,345.1199951171875,345.1499938964844,344.1099853515625,344.17498779296875
2023-07-24 15:30:00-04:00,344.1860046386719,345.260009765625,344.1499938964844,345.1099853515625
2023-07-25 09:30:00-04:00,347.1099853515625,348.32000732421875,345.07000732421875,346.75
2023-07-25 10:30:00-04:00,346.739990234375,347.8399963378906,345.8599853515625,347.4100036621094
2023-07-25 11:30:00-04:00,347.4139099121094,349.9599914550781,347.25,348.7879943847656
2023-07-25 12:30:00-04:00,348.7699890136719,350.8999938964844,348.489990234375,350.79010009765625
2023-07-25 13:30:00-04:00,350.82000732421875,351.6199951171875,349.9800109863281,350.7799987792969
2023-07-25 14:30:00-04:00,350.7900085449219,351.46270751953125,350.19000244140625,350.7699890136719
2023-07-25 15:30:00-04:00,350.75,351.8900146484375,349.6199951171875,350.95001220703125
2023-07-26 09:30:00-04:00,341.44000244140625,344.6700134277344,335.8800964355469,336.12701416015625
2023-07-26 10:30:00-04:00,336.1199951171875,337.3900146484375,333.1099853515625,336.80999755859375
2023-07-26 11:30:00-04:00,336.79010009765625,337.45001220703125,334.94000244140625,335.0299987792969
2023-07-26 12:30:00-04:00,335.0400085449219,335.7300109863281,334.5799865722656,335.1099853515625
2023-07-26 13:30:00-04:00,335.11199951171875,336.409912109375,334.5,335.1700134277344
2023-07-26 14:30:00-04:00,335.2099914550781,338.1886901855469,334.0299987792969,335.7601013183594
2023-07-26 15:30:00-04:00,335.7650146484375,338.010009765625,335.5299987792969,337.92999267578125
2023-07-27 09:30:00-04:00,340.4800109863281,341.3299865722656,334.5799865722656,334.6700134277344
2023-07-27 10:30:00-04:00,334.6400146484375,336.8900146484375,334.2799987792969,336.67999267578125
2023-07-27 11:30:00-04:00,336.6700134277344,337.25,334.82000732421875,336.4100036621094
2023-07-27 12:30:00-04:00,336.3999938964844,336.5,333.6099853515625,333.6709899902344
2023-07-27 13:30:00-04:00,333.6600036621094,334.6000061035156,331.94000244140625,332.1000061035156
2023-07-27 14:30:00-04:00,332.0849914550781,332.5899963378906,330.5899963378906,330.8299865722656
2023-07-27 15:30:00-04:00,330.8500061035156,331.260009765625,329.04998779296875,330.7200012207031
2023-07-28 09:30:00-04:00,333.6700134277344,337.5199890136719,333.1700134277344,337.1600036621094
2023-07-28 10:30:00-04:00,337.1348876953125,337.8500061035156,335.1401062011719,337.6600036621094
2023-07-28 11:30:00-04:00,337.6400146484375,340.010009765625,337.4200134277344,339.2149963378906
2023-07-28 12:30:00-04:00,339.2099914550781,339.3999938964844,337.489990234375,338.1000061035156
2023-07-28 13:30:00-04:00,338.0799865722656,339.0400085449219,336.92999267578125,338.8699951171875
2023-07-28 14:30:00-04:00,338.8399963378906,339.3900146484375,337.44000244140625,338.2049865722656
2023-07-28 15:30:00-04:00,338.2300109863281,338.9100036621094,337.7099914550781,338.3500061035156
2023-07-31 09:30:00-04:00,336.9200134277344,337.69500732421875,333.3599853515625,334.8399963378906
2023-07-31 10:30:00-04:00,334.8599853515625,336.3435974121094,333.8999938964844,334.57000732421875
2023-07-31 11:30:00-04:00,334.5899963378906,334.8349914550781,333.6400146484375,334.69000244140625
2023-07-31 12:30:00-04:00,334.6700134277344,334.7699890136719,333.8599853515625,334.1000061035156
2023-07-31 13:30:00-04:00,334.0799865722656,334.6700134277344,333.95001220703125,334.4800109863281
2023-07-31 14:30:00-04:00,334.45001220703125,335.79998779296875,334.32989501953125,334.7099914550781
2023-07-31 15:30:00-04:00,334.69000244140625,336.0,334.1400146484375,336.0
2023-08-01 09:30:00-04:00,335.19000244140625,335.82000732421875,333.70001220703125,335.7200012207031
2023-08-01 10:30:00-04:00,335.75799560546875,337.8999938964844,335.6199951171875,337.7132873535156
2023-08-01 11:30:00-04:00,337.70001220703125,338.32501220703125,337.0,337.2349853515625
2023-08-01 12:30:00-04:00,337.2200012207031,338.5400085449219,336.7099914550781,337.260009765625
2023-08-01 13:30:00-04:00,337.30499267578125,338.08990478515625,336.5899963378906,337.70001220703125
2023-08-01 14:30:00-04:00,337.7699890136719,338.06689453125,336.9700012207031,337.19000244140625
2023-08-01 15:30:00-04:00,337.17999267578125,337.4599914550781,336.29998779296875,336.3599853515625
2023-08-02 09:30:00-04:00,333.6300048828125,333.6300048828125,329.6099853515625,330.07000732421875
2023-08-02 10:30:00-04:00,330.04998779296875,330.69000244140625,328.7119140625,329.239990234375
2023-08-02 11:30:00-04:00,329.2405090332031,329.7699890136719,326.3551025390625,326.6719970703125
2023-08-02 12:30:00-04:00,326.6838073730469,328.69000244140625,326.44000244140625,327.96990966796875
2023-08-02 13:30:00-04:00,327.92999267578125,329.04998779296875,327.6499938964844,328.5498962402344
2023-08-02 14:30:00-04:00,328.5,328.6299133300781,326.7250061035156,326.7799987792969
2023-08-02 15:30:00-04:00,326.7799987792969,328.32000732421875,326.6199951171875,327.510009765625
2023-08-03 09:30:00-04:00,326.0,329.1499938964844,325.95001220703125,326.6499938964844
2023-08-03 10:30:00-04:00,326.6300048828125,329.8800048828125,326.6099853515625,328.8399963378906
2023-08-03 11:30:00-04:00,328.8399963378906,329.31988525390625,327.92999267578125,328.6300048828125
2023-08-03 12:30:00-04:00,328.6449890136719,329.489990234375,328.3399963378906,328.814208984375
2023-08-03 13:30:00-04:00,328.82080078125,328.9599914550781,327.0299987792969,327.70001220703125
2023-08-03 14:30:00-04:00,327.7099914550781,328.2980041503906,326.6628112792969,327.45001220703125
2023-08-03 15:30:00-04:00,327.4599914550781,327.6300048828125,326.5799865722656,326.6499938964844
2023-08-04 09:30:00-04:00,332.42999267578125,335.1400146484375,328.9750061035156,331.07000732421875
2023-08-04 10:30:00-04:00,331.139892578125,332.9563903808594,331.0,332.68499755859375
2023-08-04 11:30:00-04:00,332.7200012207031,333.9700012207031,332.20001220703125,333.70001220703125
2023-08-04 12:30:00-04:00,333.7099914550781,334.2998962402344,331.78009033203125,332.3299865722656
2023-08-04 13:30:00-04:00,332.32000732421875,332.80999755859375,329.48529052734375,329.7900085449219
2023-08-04 14:30:00-04:00,329.7699890136719,330.1000061035156,327.8500061035156,328.375
2023-08-04 15:30:00-04:00,328.3999938964844,328.7300109863281,327.239990234375,327.79998779296875
2023-08-07 09:30:00-04:00,328.3699951171875,331.1099853515625,328.3699951171875,330.32000732421875
2023-08-07 10:30:00-04:00,330.29998779296875,330.5,327.5199890136719,328.4200134277344
2023-08-07 11:30:00-04:00,328.4599914550781,329.80999755859375,327.8500061035156,329.1499938964844
2023-08-07 12:30:00-04:00,329.1449890136719,329.5,328.260009765625,329.0299987792969
2023-08-07 13:30:00-04:00,329.0599060058594,329.82000732421875,328.70001220703125,329.42498779296875
2023-08-07 14:30:00-04:00,329.4599914550781,330.0039978027344,329.3500061035156,329.7099914550781
2023-08-07 15:30:00-04:00,329.70001220703125,330.260009765625,329.30999755859375,330.1099853515625
2023-08-08 09:30:00-04:00,326.92999267578125,328.75,323.6199951171875,324.70001220703125
2023-08-08 10:30:00-04:00,324.69000244140625,325.1300048828125,323.0,324.5299987792969
2023-08-08 11:30:00-04:00,324.5199890136719,324.6199951171875,323.19000244140625,323.989990234375
2023-08-08 12:30:00-04:00,324.0199890136719,324.8999938964844,323.7900085449219,324.4700012207031
2023-08-08 13:30:00-04:00,324.45001220703125,325.260009765625,323.8900146484375,324.7703857421875
2023-08-08 14:30:00-04:00,324.7900085449219,325.32000732421875,324.20001220703125,325.0199890136719
2023-08-08 15:30:00-04:00,325.0299987792969,326.3999938964844,324.510009765625,326.0400085449219
2023-08-09 09:30:00-04:00,326.4700012207031,327.1099853515625,324.0799865722656,324.2300109863281
2023-08-09 10:30:00-04:00,324.20001220703125,324.70001220703125,321.0498962402344,322.0199890136719
2023-08-09 11:30:00-04:00,322.0,323.8699951171875,321.5199890136719,323.1400146484375
2023-08-09 12:30:00-04:00,323.1199951171875,324.4700012207031,322.8550109863281,324.0799865722656
2023-08-09 13:30:00-04:00,324.0950012207031,325.3900146484375,324.0592041015625,325.1499938964844
2023-08-09 14:30:00-04:00,325.1606140136719,325.45001220703125,324.04998779296875,324.6600036621094
2023-08-09 15:30:00-04:00,324.67999267578125,324.7699890136719,322.0899963378906,322.2300109863281
2023-08-10 09:30:00-04:00,326.0150146484375,328.260009765625,325.1099853515625,326.25
2023-08-10 10:30:00-04:00,326.2300109863281,327.17498779296875,323.0400085449219,324.2349853515625
2023-08-10 11:30:00-04:00,324.260009765625,325.04998779296875,322.0799865722656,323.25
2023-08-10 12:30:00-04:00,323.20001220703125,324.4700012207031,322.30999755859375,322.7200012207031
2023-08-10 13:30:00-04:00,322.69000244140625,323.6000061035156,321.17999267578125,322.8500061035156
2023-08-10 14:30:00-04:00,322.8999938964844,324.0,322.5400085449219,322.7699890136719
2023-08-10 15:30:00-04:00,322.7900085449219,323.3837890625,322.3299865722656,322.95001220703125
2023-08-11 09:30:00-04:00,320.260009765625,322.32000732421875,319.4200134277344,321.6199951171875
2023-08-11 10:30:00-04:00,321.6400146484375,321.9280090332031,319.57000732421875,319.7349853515625
2023-08-11 11:30:00-04:00,319.7200012207031,321.5400085449219,319.2099914550781,320.29998779296875
2023-08-11 12:30:00-04:00,320.29998779296875,321.2900085449219,319.7699890136719,321.19500732421875
2023-08-11 13:30:00-04:00,321.18499755859375,321.94000244140625,320.42999267578125,321.70001220703125
2023-08-11 14:30:00-04:00,321.7099914550781,322.4100036621094,321.0400085449219,321.75
2023-08-11 15:30:00-04:00,321.7200012207031,321.8999938964844,320.5899963378906,321.0899963378906
2023-08-14 09:30:00-04:00,321.3900146484375,322.2200012207031,320.0799865722656,320.95001220703125
2023-08-14 10:30:00-04:00,320.9501037597656,324.05999755859375,320.8586120605469,322.7799987792969
2023-08-14 11:30:00-04:00,322.79998779296875,323.9455871582031,321.8900146484375,322.1499938964844
2023-08-14 12:30:00-04:00,322.1000061035156,322.95001220703125,321.83599853515625,322.42999267578125
2023-08-14 13:30:00-04:00,322.45001220703125,322.5799865722656,321.5849914550781,321.989990234375
2023-08-14 14:30:00-04:00,321.989990234375,322.8800048828125,321.44000244140625,322.7099914550781
2023-08-14 15:30:00-04:00,322.7099914550781,324.0400085449219,322.41009521484375,324.0299987792969
2023-08-15 09:30:00-04:00,323.0,324.8999938964844,321.1000061035156,322.05999755859375
2023-08-15 10:30:00-04:00,321.9800109863281,324.32440185546875,321.2929992675781,324.0
2023-08-15 11:30:00-04:00,323.95001220703125,325.0899963378906,323.635009765625,324.2699890136719
2023-08-15 12:30:00-04:00,324.30999755859375,325.0199890136719,323.7261962890625,324.7200012207031
2023-08-15 13:30:00-04:00,324.7099914550781,324.9700012207031,323.1099853515625,323.4800109863281
2023-08-15 14:30:00-04:00,323.5,324.07000732421875,321.30999755859375,321.3634948730469
2023-08-15 15:30:00-04:00,321.35101318359375,322.1600036621094,320.9034118652344,321.8900146484375
2023-08-16 09:30:00-04:00,320.79998779296875,323.7900085449219,319.8034973144531,322.7475891113281
2023-08-16 10:30:00-04:00,322.760009765625,324.4200134277344,322.2200012207031,323.4599914550781
2023-08-16 11:30:00-04:00,323.4183044433594,323.5,321.25,321.69000244140625
2023-08-16 12:30:00-04:00,321.70001220703125,322.2986145019531,320.70001220703125,321.3800048828125
2023-08-16 13:30:00-04:00,321.3399963378906,323.6289978027344,321.1300048828125,323.3984069824219
2023-08-16 14:30:00-04:00,323.3900146484375,323.6499938964844,320.25,320.4800109863281
2023-08-16 15:30:00-04:00,320.489990234375,321.2900085449219,320.25,320.3599853515625
2023-08-17 09:30:00-04:00,320.5400085449219,321.8699951171875,318.7001037597656,319.1817932128906
2023-08-17 10:30:00-04:00,319.1776123046875,320.2200012207031,318.7300109863281,318.78131103515625
2023-08-17 11:30:00-04:00,318.79010009765625,320.6000061035156,318.67999267578125,320.3200988769531
2023-08-17 12:30:00-04:00,320.364990234375,320.9049987792969,319.3999938964844,319.4700012207031
2023-08-17 13:30:00-04:00,319.44000244140625,319.45001220703125,318.45001220703125,319.2250061035156
2023-08-17 14:30:00-04:00,319.239990234375,319.3500061035156,316.7900085449219,317.2900085449219
2023-08-17 15:30:00-04:00,317.2749938964844,317.92999267578125,316.2099914550781,316.8800048828125
2023-08-18 09:30:00-04:00,314.489990234375,315.20001220703125,311.5508117675781,312.1199951171875
2023-08-18 10:30:00-04:00,312.1199951171875,315.7099914550781,312.0899963378906,314.85040283203125
2023-08-18 11:30:00-04:00,314.8218994140625,316.9100036621094,314.1029968261719,315.3887939453125
2023-08-18 12:30:00-04:00,315.30999755859375,316.75,314.95001220703125,316.0
2023-08-18 13:30:00-04:00,316.0216979980469,316.9100036621094,315.5299987792969,316.0299987792969
2023-08-18 14:30:00-04:00,316.0199890136719,316.7300109863281,315.3900146484375,316.4949951171875
2023-08-18 15:30:00-04:00,316.489990234375,318.3800048828125,315.8599853515625,316.5199890136719
2023-08-21 09:30:00-04:00,317.92999267578125,321.05499267578125,317.0400085449219,318.07000732421875
2023-08-21 10:30:00-04:00,318.0199890136719,319.42999267578125,317.610107421875,317.75
2023-08-21 11:30:00-04:00,317.7300109863281,319.9100036621094,317.6600036621094,319.8550109863281
2023-08-21 12:30:00-04:00,319.8599853515625,322.0299987792969,319.7200012207031,321.55999755859375
2023-08-21 13:30:00-04:00,321.54998779296875,322.239990234375,321.3782958984375,321.75
2023-08-21 14:30:00-04:00,321.7699890136719,322.7699890136719,321.7699890136719,322.2149963378906
2023-08-21 15:30:00-04:00,322.2300109863281,322.760009765625,321.510009765625,321.8599853515625
2023-08-22 09:30:00-04:00,325.5,326.07501220703125,323.0799865722656,324.2900085449219
2023-08-22 10:30:00-04:00,324.2300109863281,325.20001220703125,323.42999267578125,324.0199890136719
2023-08-22 11:30:00-04:00,324.0414123535156,324.4700012207031,322.6099853515625,323.1650085449219
2023-08-22 12:30:00-04:00,323.1600036621094,323.86138916015625,322.3999938964844,323.05010986328125
2023-08-22 13:30:00-04:00,323.1199951171875,323.82000732421875,322.75,323.7300109863281
2023-08-22 14:30:00-04:00,323.75,323.9100036621094,322.2799987792969,322.4599914550781
2023-08-22 15:30:00-04:00,322.44000244140625,322.5,321.4599914550781,322.45001220703125
2023-08-23 09:30:00-04:00,323.82000732421875,327.5,323.4599914550781,327.1099853515625
2023-08-23 10:30:00-04:00,327.135009765625,328.82000732421875,326.79998779296875,328.3700866699219
2023-08-23 11:30:00-04:00,328.3999938964844,328.510009765625,327.04998779296875,327.73748779296875
2023-08-23 12:30:00-04:00,327.7200012207031,329.1899108886719,327.7049865722656,328.82000732421875
2023-08-23 13:30:00-04:00,328.8399963378906,329.20001220703125,327.67999267578125,327.9800109863281
2023-08-23 14:30:00-04:00,327.9898986816406,328.0299987792969,327.239990234375,327.6050109863281
2023-08-23 15:30:00-04:00,327.6000061035156,328.1099853515625,326.6600036621094,327.010009765625
2023-08-24 09:30:00-04:00,332.8500061035156,332.9800109863281,324.8299865722656,325.1400146484375
2023-08-24 10:30:00-04:00,325.1449890136719,325.54998779296875,322.239990234375,322.67999267578125
2023-08-24 11:30:00-04:00,322.6499938964844,322.8900146484375,321.05999755859375,322.0714111328125
2023-08-24 12:30:00-04:00,322.1300048828125,323.25,321.7054138183594,321.8399963378906
2023-08-24 13:30:00-04:00,321.79998779296875,322.67999267578125,321.5,321.6000061035156
2023-08-24 14:30:00-04:00,321.6000061035156,322.1099853515625,320.92999267578125,321.2699890136719
2023-08-24 15:30:00-04:00,321.2900085449219,321.5421142578125,319.9599914550781,319.9800109863281
2023-08-25 09:30:00-04:00,321.4700012207031,325.3599853515625,320.7900085449219,321.5199890136719
2023-08-25 10:30:00-04:00,321.4800109863281,321.9700012207031,318.80010986328125,320.7810974121094
2023-08-25 11:30:00-04:00,320.75,321.4599914550781,319.1600036621094,321.0899963378906
2023-08-25 12:30:00-04:00,321.1000061035156,321.6199951171875,320.2200012207031,320.80999755859375
2023-08-25 13:30:00-04:00,320.8399963378906,323.3699951171875,320.04998779296875,323.1199951171875
2023-08-25 14:30:00-04:00,323.1400146484375,324.20001220703125,322.3699951171875,323.7336120605469
2023-08-25 15:30:00-04:00,323.70001220703125,324.010009765625,322.2699890136719,322.989990234375
2023-08-28 09:30:00-04:00,325.6600036621094,326.1499938964844,322.36419677734375,324.32000732421875
2023-08-28 10:30:00-04:00,324.3299865722656,324.6700134277344,322.1099853515625,322.57000732421875
2023-08-28 11:30:00-04:00,322.5299987792969,323.5,322.0400085449219,322.6400146484375
2023-08-28 12:30:00-04:00,322.6499938964844,325.0,322.3900146484375,324.1300048828125
2023-08-28 13:30:00-04:00,324.17999267578125,324.3299865722656,321.79998779296875,322.034912109375
2023-08-28 14:30:00-04:00,322.04998779296875,323.54998779296875,321.72198486328125,322.68499755859375
2023-08-28 15:30:00-04:00,322.6400146484375,324.07000732421875,322.3999938964844,323.739990234375
2023-08-29 09:30:00-04:00,321.8800048828125,326.94000244140625,321.8800048828125,326.75
2023-08-29 10:30:00-04:00,326.7799987792969,328.2300109863281,326.7799987792969,327.8190002441406
2023-08-29 11:30:00-04:00,327.8091125488281,328.9834899902344,327.25,327.9599914550781
2023-08-29 12:30:00-04:00,327.96051025390625,328.3500061035156,327.4200134277344,327.8232116699219
2023-08-29 13:30:00-04:00,327.8299865722656,328.42999267578125,326.9800109863281,327.4549865722656
2023-08-29 14:30:00-04:00,327.44000244140625,328.0199890136719,326.8500061035156,327.8299865722656
2023-08-29 15:30:00-04:00,327.82000732421875,328.54998779296875,327.5,328.3999938964844
2023-08-30 09:30:00-04:00,328.6700134277344,329.80999755859375,326.44500732421875,327.2200012207031
2023-08-30 10:30:00-04:00,327.1700134277344,328.75,327.1300048828125,328.3299865722656
2023-08-30 11:30:00-04:00,328.3348083496094,328.9200134277344,327.7950134277344,328.8900146484375
2023-08-30 12:30:00-04:00,328.9100036621094,329.07000732421875,328.1000061035156,328.29998779296875
2023-08-30 13:30:00-04:00,328.2986145019531,328.8500061035156,327.3800048828125,327.9100036621094
2023-08-30 14:30:00-04:00,327.9049987792969,329.1211853027344,327.8399963378906,328.8995056152344
2023-08-30 15:30:00-04:00,328.9148864746094,329.07000732421875,328.0199890136719,328.7300109863281
2023-08-31 09:30:00-04:00,329.20001220703125,330.909912109375,328.3800048828125,329.6549987792969
2023-08-31 10:30:00-04:00,329.70001220703125,329.70001220703125,327.0899963378906,327.6199951171875
2023-08-31 11:30:00-04:00,327.6099853515625,328.1199951171875,326.7799987792969,327.2900085449219
2023-08-31 12:30:00-04:00,327.2799987792969,328.3800048828125,327.0,328.32000732421875
2023-08-31 13:30:00-04:00,328.3599853515625,329.0299987792969,327.9700012207031,328.8299865722656
2023-08-31 14:30:00-04:00,328.8147888183594,328.8399963378906,327.57000732421875,327.9599914550781
2023-08-31 15:30:00-04:00,327.9700012207031,328.9800109863281,327.6600036621094,327.75
2023-09-01 09:30:00-04:00,331.30999755859375,331.989990234375,327.45001220703125,330.0899963378906
2023-09-01 10:30:00-04:00,330.07000732421875,330.07000732421875,327.864990234375,328.6300048828125
2023-09-01 11:30:00-04:00,328.6499938964844,328.8699951171875,327.4800109863281,328.1099853515625
2023-09-01 12:30:00-04:00,328.0950012207031,328.3299865722656,327.29998779296875,327.32000732421875
2023-09-01 13:30:00-04:00,327.29998779296875,327.9093933105469,326.7799987792969,327.19000244140625
2023-09-01 14:30:00-04:00,327.1400146484375,328.3999938964844,326.9200134277344,328.2799987792969
2023-09-01 15:30:00-04:00,328.2900085449219,328.739990234375,327.8500061035156,328.6600036621094
2023-09-05 09:30:00-04:00,329.0,330.8705139160156,328.6600036621094,330.4800109863281
2023-09-05 10:30:00-04:00,330.45001220703125,334.8500061035156,330.29998779296875,333.2799987792969
2023-09-05 11:30:00-04:00,333.29998779296875,334.1199951171875,332.55999755859375,333.5292053222656
2023-09-05 12:30:00-04:00,333.5450134277344,333.94000244140625,332.75,333.0299987792969
2023-09-05 13:30:00-04:00,333.0400085449219,334.0799865722656,332.9200134277344,333.6759948730469
2023-09-05 14:30:00-04:00,333.70001220703125,334.2300109863281,333.2799987792969,333.55999755859375
2023-09-05 15:30:00-04:00,333.57000732421875,334.30999755859375,333.2799987792969,333.5799865722656
2023-09-06 09:30:00-04:00,333.3800048828125,334.4599914550781,331.2510070800781,331.59051513671875
2023-09-06 10:30:00-04:00,331.55999755859375,332.6400146484375,331.0199890136719,332.18499755859375
2023-09-06 11:30:00-04:00,332.17999267578125,332.4100036621094,330.8299865722656,330.8888854980469
2023-09-06 12:30:00-04:00,330.8800048828125,331.489990234375,330.17999267578125,331.1300048828125
2023-09-06 13:30:00-04:00,331.1099853515625,331.69000244140625,330.8399963378906,331.614990234375
2023-09-06 14:30:00-04:00,331.614990234375,332.5400085449219,331.29998779296875,331.7900085449219
2023-09-06 15:30:00-04:00,331.7699890136719,333.2900085449219,331.57000732421875,332.8699951171875
2023-09-07 09:30:00-04:00,331.8599853515625,332.04998779296875,330.0199890136719,331.0899963378906
2023-09-07 10:30:00-04:00,331.1000061035156,333.0799865722656,330.5799865722656,330.6499938964844
2023-09-07 11:30:00-04:00,330.6600036621094,332.1300048828125,330.3999938964844,331.510009765625
2023-09-07 12:30:00-04:00,331.55999755859375,331.75,330.29998779296875,330.6700134277344
2023-09-07 13:30:00-04:00,330.75,330.80999755859375,329.3299865722656,329.3299865722656
2023-09-07 14:30:00-04:00,329.3299865722656,330.57000732421875,329.0299987792969,330.2799987792969
2023-09-07 15:30:00-04:00,330.2950134277344,331.010009765625,329.9200134277344,329.9200134277344
2023-09-08 09:30:00-04:00,330.0899963378906,335.95001220703125,329.4599914550781,335.4700012207031
2023-09-08 10:30:00-04:00,335.4700012207031,335.92999267578125,333.6802978515625,335.0899963378906
2023-09-08 11:30:00-04:00,335.1099853515625,336.1600036621094,334.6300048828125,334.80999755859375
2023-09-08 12:30:00-04:00,334.8399963378906,335.4200134277344,333.9200134277344,334.989990234375
2023-09-08 13:30:00-04:00,335.0,336.04998779296875,334.1512145996094,334.5299987792969
2023-09-08 14:30:00-04:00,334.510009765625,334.8096923828125,333.4599914550781,333.6400146484375
2023-09-08 15:30:00-04:00,333.6400146484375,334.5,333.1700134277344,334.29998779296875
2023-09-11 09:30:00-04:00,337.5799865722656,338.07000732421875,335.42999267578125,336.57501220703125
2023-09-11 10:30:00-04:00,336.6300048828125,337.3800048828125,335.5,337.19000244140625
2023-09-11 11:30:00-04:00,337.20001220703125,337.5,336.3299865722656,336.989990234375
2023-09-11 12:30:00-04:00,337.010009765625,337.0899963378906,335.9100036621094,337.0299987792969
2023-09-11 13:30:00-04:00,337.0400085449219,338.2900085449219,337.0400085449219,338.2250061035156
2023-09-11 14:30:00-04:00,338.22210693359375,338.4200134277344,337.1300048828125,337.9659118652344
2023-09-11 15:30:00-04:00,337.9599914550781,338.17999267578125,337.54998779296875,337.9599914550781
2023-09-12 09:30:00-04:00,335.81500244140625,336.7900085449219,334.17999267578125,334.3500061035156
2023-09-12 10:30:00-04:00,334.30999755859375,334.8500061035156,332.2200012207031,332.6300048828125
2023-09-12 11:30:00-04:00,332.6400146484375,334.0599060058594,332.6400146484375,333.4721984863281
2023-09-12 12:30:00-04:00,333.45001220703125,334.239990234375,332.95001220703125,333.8800048828125
2023-09-12 13:30:00-04:00,333.92999267578125,334.1499938964844,331.8800048828125,332.3500061035156
2023-09-12 14:30:00-04:00,332.3500061035156,332.7799987792969,331.4800109863281,331.9549865722656
2023-09-12 15:30:00-04:00,331.9800109863281,333.1099853515625,331.4800109863281,331.75
2023-09-13 09:30:00-04:00,331.30999755859375,335.2699890136719,331.1700134277344,333.44000244140625
2023-09-13 10:30:00-04:00,333.4700012207031,335.4599914550781,333.44000244140625,335.4599914550781
2023-09-13 11:30:00-04:00,335.4700012207031,335.8999938964844,333.9281921386719,335.8890075683594
2023-09-13 12:30:00-04:00,335.9100036621094,336.44000244140625,335.260009765625,335.9800109863281
2023-09-13 13:30:00-04:00,336.010009765625,336.8500061035156,335.8699951171875,336.6499938964844
2023-09-13 14:30:00-04:00,336.6700134277344,336.7300109863281,334.4599914550781,335.3399963378906
2023-09-13 15:30:00-04:00,335.3599853515625,336.42999267578125,335.1449890136719,335.9200134277344
2023-09-14 09:30:00-04:00,339.9800109863281,340.0799865722656,336.57000732421875,337.82550048828125
2023-09-14 10:30:00-04:00,337.8900146484375,340.8599853515625,337.739990234375,339.75
2023-09-14 11:30:00-04:00,339.7300109863281,340.7099914550781,338.3949890136719,339.9800109863281
2023-09-14 12:30:00-04:00,339.9750061035156,340.2760925292969,339.2300109863281,339.3399963378906
2023-09-14 13:30:00-04:00,339.3699951171875,339.8599853515625,338.3800048828125,338.45001220703125
2023-09-14 14:30:00-04:00,338.4700012207031,339.7799987792969,338.2799987792969,338.3599853515625
2023-09-14 15:30:00-04:00,338.3550109863281,339.2300109863281,338.17999267578125,338.67999267578125
2023-09-15 09:30:00-04:00,336.9200134277344,337.3974914550781,332.0299987792969,333.5700988769531
2023-09-15 10:30:00-04:00,333.5516052246094,333.9800109863281,331.67999267578125,332.4200134277344
2023-09-15 11:30:00-04:00,332.44000244140625,332.80999755859375,331.5799865722656,332.4700012207031
2023-09-15 12:30:00-04:00,332.42999267578125,333.4200134277344,331.04998779296875,331.1499938964844
2023-09-15 13:30:00-04:00,331.0899963378906,331.75,330.3800048828125,330.46978759765625
2023-09-15 14:30:00-04:00,330.4599914550781,331.3800048828125,329.6499938964844,331.1099853515625
2023-09-15 15:30:00-04:00,331.1199951171875,331.44000244140625,330.04998779296875,330.2099914550781
2023-09-18 09:30:00-04:00,327.79998779296875,330.31500244140625,326.8500061035156,328.8999938964844
2023-09-18 10:30:00-04:00,328.95001220703125,329.8299865722656,328.05999755859375,329.80999755859375
2023-09-18 11:30:00-04:00,329.7699890136719,330.3999938964844,328.8999938964844,329.260009765625
2023-09-18 12:30:00-04:00,329.2900085449219,329.6199951171875,327.94000244140625,328.4599914550781
2023-09-18 13:30:00-04:00,328.4800109863281,328.6400146484375,327.3399963378906,327.94500732421875
2023-09-18 14:30:00-04:00,327.9599914550781,328.1700134277344,326.3599853515625,327.77630615234375
2023-09-18 15:30:00-04:00,327.739990234375,329.32000732421875,327.2200012207031,329.1000061035156
2023-09-19 09:30:00-04:00,326.1700134277344,328.75,324.8699951171875,325.69000244140625
2023-09-19 10:30:00-04:00,325.67999267578125,326.0,324.510009765625,325.6499938964844
2023-09-19 11:30:00-04:00,325.6000061035156,326.6780090332031,325.489990234375,326.04998779296875
2023-09-19 12:30:00-04:00,326.0199890136719,327.3599853515625,325.55999755859375,326.7950134277344
2023-09-19 13:30:00-04:00,326.79998779296875,328.6700134277344,326.79998779296875,328.0299987792969
2023-09-19 14:30:00-04:00,328.0400085449219,329.19000244140625,327.55010986328125,328.25
2023-09-19 15:30:00-04:00,328.2200012207031,329.3900146484375,328.0899963378906,328.6300048828125
2023-09-20 09:30:00-04:00,329.510009765625,329.5899963378906,327.3900146484375,327.6792907714844
2023-09-20 10:30:00-04:00,327.6400146484375,328.3800048828125,326.27178955078125,326.5350036621094
2023-09-20 11:30:00-04:00,326.4808044433594,327.22821044921875,325.0299987792969,326.7215881347656
2023-09-20 12:30:00-04:00,326.7278137207031,326.9849853515625,325.9200134277344,326.05999755859375
2023-09-20 13:30:00-04:00,326.0799865722656,326.239990234375,323.8900146484375,325.260009765625
2023-09-20 14:30:00-04:00,325.2500915527344,326.6271057128906,322.6300048828125,323.3999938964844
2023-09-20 15:30:00-04:00,323.4100036621094,323.5299987792969,320.510009765625,320.760009765625
2023-09-21 09:30:00-04:00,319.260009765625,324.1499938964844,315.0,320.70001220703125
2023-09-21 10:30:00-04:00,320.6643981933594,325.34991455078125,320.2799987792969,322.0199890136719
2023-09-21 11:30:00-04:00,322.0400085449219,322.8829040527344,320.239990234375,320.69000244140625
2023-09-21 12:30:00-04:00,320.69000244140625,323.3999938964844,320.3900146484375,322.7900085449219
2023-09-21 13:30:00-04:00,322.760009765625,323.0799865722656,320.4800109863281,320.489990234375
2023-09-21 14:30:00-04:00,320.489990234375,321.3699951171875,319.55999755859375,320.67999267578125
2023-09-21 15:30:00-04:00,320.6499938964844,321.760009765625,319.5,319.5400085449219
2023-09-22 09:30:00-04:00,321.32000732421875,321.45001220703125,317.80999755859375,319.4100036621094
2023-09-22 10:30:00-04:00,319.4100036621094,321.0400085449219,319.2300109863281,320.55999755859375
2023-09-22 11:30:00-04:00,320.5899963378906,320.70001220703125,318.92498779296875,319.7049865722656
2023-09-22 12:30:00-04:00,319.67999267578125,320.1300048828125,318.01251220703125,318.2300109863281
2023-09-22 13:30:00-04:00,318.2398986816406,318.239990234375,316.5899963378906,317.3799133300781
2023-09-22 14:30:00-04:00,317.3599853515625,319.29998779296875,317.0799865722656,318.75
2023-09-22 15:30:00-04:00,318.7900085449219,318.8500061035156,316.1499938964844,317.0199890136719
2023-09-25 09:30:00-04:00,316.5899963378906,317.6700134277344,315.6499938964844,316.0799865722656
2023-09-25 10:30:00-04:00,316.04998779296875,317.2200012207031,315.05999755859375,316.5
2023-09-25 11:30:00-04:00,316.5199890136719,317.19000244140625,315.8599853515625,316.5899963378906
2023-09-25 12:30:00-04:00,316.6099853515625,316.69000244140625,315.331298828125,315.67999267578125
2023-09-25 13:30:00-04:00,315.69000244140625,316.4599914550781,315.2699890136719,315.8699951171875
2023-09-25 14:30:00-04:00,315.8299865722656,316.45001220703125,315.0,316.1799011230469
2023-09-25 15:30:00-04:00,316.1499938964844,317.6300048828125,315.95001220703125,317.6000061035156
2023-09-26 09:30:00-04:00,315.1300048828125,315.8800048828125,311.55999755859375,312.55999755859375
2023-09-26 10:30:00-04:00,312.5400085449219,313.4100036621094,311.0799865722656,311.0799865722656
2023-09-26 11:30:00-04:00,311.0799865722656,312.70001220703125,310.8299865722656,312.2799987792969
2023-09-26 12:30:00-04:00,312.2799072265625,312.9200134277344,311.54998779296875,311.6000061035156
2023-09-26 13:30:00-04:00,311.5799865722656,311.8399963378906,310.6600036621094,310.8695068359375
2023-09-26 14:30:00-04:00,310.8645935058594,311.1499938964844,310.0199890136719,310.4200134277344
2023-09-26 15:30:00-04:00,310.4299011230469,312.42999267578125,310.05999755859375,312.1400146484375
2023-09-27 09:30:00-04:00,312.29998779296875,313.70001220703125,310.5899963378906,311.6099853515625
2023-09-27 10:30:00-04:00,311.5799865722656,312.0299987792969,310.1755065917969,311.80999755859375
2023-09-27 11:30:00-04:00,311.81768798828125,311.87701416015625,310.2699890136719,310.80999755859375
2023-09-27 12:30:00-04:00,310.8299865722656,311.8999938964844,310.3450012207031,310.3800048828125
2023-09-27 13:30:00-04:00,310.32000732421875,311.3699951171875,309.69000244140625,311.3399963378906
2023-09-27 14:30:00-04:00,311.30999755859375,314.29901123046875,311.30999755859375,313.2699890136719
2023-09-27 15:30:00-04:00,313.2549133300781,313.6400146484375,311.8699951171875,312.8299865722656
2023-09-28 09:30:00-04:00,310.989990234375,312.118896484375,309.45001220703125,310.9200134277344
2023-09-28 10:30:00-04:00,310.94500732421875,312.8699951171875,309.8800048828125,312.8699951171875
2023-09-28 11:30:00-04:00,312.8800048828125,315.4599914550781,312.83489990234375,315.45001220703125
2023-09-28 12:30:00-04:00,315.44000244140625,315.4800109863281,313.6513977050781,313.9150085449219
2023-09-28 13:30:00-04:00,313.92999267578125,314.5199890136719,313.0899963378906,314.0199890136719
2023-09-28 14:30:00-04:00,314.0199890136719,314.6499938964844,312.7200012207031,314.5899963378906
2023-09-28 15:30:00-04:00,314.55999755859375,314.6499938964844,312.80999755859375,313.6700134277344
2023-09-29 09:30:00-04:00,317.75,319.4700012207031,316.7300109863281,317.7900085449219
2023-09-29 10:30:00-04:00,317.82000732421875,318.8900146484375,317.25,317.26849365234375
2023-09-29 11:30:00-04:00,317.2900085449219,318.3299865722656,317.0849914550781,317.8900146484375
2023-09-29 12:30:00-04:00,317.9200134277344,318.2200012207031,315.2200012207031,315.9809875488281
2023-09-29 13:30:00-04:00,315.9700012207031,316.45989990234375,315.1700134277344,315.3299865722656
2023-09-29 14:30:00-04:00,315.30999755859375,316.7099914550781,314.9800109863281,316.0899963378906
2023-09-29 15:30:00-04:00,316.04998779296875,317.8800048828125,315.1719970703125,315.7099914550781
2023-10-02 09:30:00-04:00,316.2799987792969,319.0372009277344,315.17999267578125,318.260009765625
2023-10-02 10:30:00-04:00,318.32000732421875,321.3900146484375,317.1300048828125,320.9599914550781
2023-10-02 11:30:00-04:00,321.0,321.1700134277344,317.8299865722656,318.5799865722656
2023-10-02 12:30:00-04:00,318.5450134277344,318.95001220703125,317.6000061035156,318.54998779296875
2023-10-02 13:30:00-04:00,318.55999755859375,320.20001220703125,318.260009765625,318.6000061035156
2023-10-02 14:30:00-04:00,318.6400146484375,319.82000732421875,318.30999755859375,319.54998779296875
2023-10-02 15:30:00-04:00,319.54998779296875,321.88800048828125,319.3500061035156,321.80999755859375
2023-10-03 09:30:00-04:00,320.8299865722656,321.3900146484375,315.6499938964844,315.69000244140625
2023-10-03 10:30:00-04:00,315.70001220703125,316.49951171875,313.0799865722656,313.93280029296875
2023-10-03 11:30:00-04:00,313.8999938964844,314.6650085449219,313.5,313.74481201171875
2023-10-03 12:30:00-04:00,313.7699890136719,314.2099914550781,312.5299987792969,312.75
2023-10-03 13:30:00-04:00,312.75,312.9599914550781,311.989990234375,312.355712890625
2023-10-03 14:30:00-04:00,312.3299865722656,313.1499938964844,311.55999755859375,311.6000061035156
2023-10-03 15:30:00-04:00,311.6000061035156,313.5199890136719,311.2149963378906,313.3500061035156
2023-10-04 09:30:00-04:00,314.0299987792969,317.8800048828125,314.0,315.8299865722656
2023-10-04 10:30:00-04:00,315.8699951171875,319.0400085449219,315.8699951171875,318.114990234375
2023-10-04 11:30:00-04:00,318.1400146484375,319.25,317.7900085449219,318.2099914550781
2023-10-04 12:30:00-04:00,318.3399963378906,318.5,317.1700134277344,317.2200012207031
2023-10-04 13:30:00-04:00,317.20001220703125,317.3599853515625,316.1600036621094,317.17999267578125
2023-10-04 14:30:00-04:00,317.19000244140625,319.340087890625,316.8500061035156,318.92999267578125
2023-10-04 15:30:00-04:00,318.94000244140625,320.0400085449219,318.6499938964844,318.95001220703125
2023-10-05 09:30:00-04:00,319.0899963378906,319.9800109863281,316.1310119628906,316.7799987792969
2023-10-05 10:30:00-04:00,316.739990234375,316.8699951171875,314.8999938964844,316.19000244140625
2023-10-05 11:30:00-04:00,316.20001220703125,317.45001220703125,315.8299865722656,317.1499938964844
2023-10-05 12:30:00-04:00,317.1787109375,317.3870849609375,316.0799865722656,316.70001220703125
2023-10-05 13:30:00-04:00,316.68499755859375,318.26959228515625,316.2699890136719,318.0799865722656
2023-10-05 14:30:00-04:00,318.07000732421875,319.1199951171875,318.0,318.80999755859375
2023-10-05 15:30:00-04:00,318.80999755859375,319.9100036621094,318.4800109863281,319.3699951171875
2023-10-06 09:30:00-04:00,316.54998779296875,321.3299865722656,316.29998779296875,321.1000061035156
2023-10-06 10:30:00-04:00,321.1300048828125,324.114990234375,321.1000061035156,323.2699890136719
2023-10-06 11:30:00-04:00,323.3299865722656,325.760009765625,323.30499267578125,324.9700012207031
2023-10-06 12:30:00-04:00,324.9700012207031,326.6600036621094,324.590087890625,326.4700012207031
2023-10-06 13:30:00-04:00,326.4700012207031,327.8299865722656,326.3284912109375,327.69000244140625
2023-10-06 14:30:00-04:00,327.69000244140625,328.8399963378906,327.4200134277344,328.82000732421875
2023-10-06 15:30:00-04:00,328.80999755859375,329.19000244140625,327.0899963378906,327.2300109863281
2023-10-09 09:30:00-04:00,324.75,327.9599914550781,323.17999267578125,326.6221008300781
2023-10-09 10:30:00-04:00,326.6300048828125,327.1000061035156,325.38800048828125,326.8450012207031
2023-10-09 11:30:00-04:00,326.8399963378906,328.4599914550781,326.8299865722656,327.82000732421875
2023-10-09 12:30:00-04:00,327.82501220703125,328.75,327.54998779296875,328.75
2023-10-09 13:30:00-04:00,328.7699890136719,330.29998779296875,328.7099914550781,329.9599914550781
2023-10-09 14:30:00-04:00,329.9599914550781,330.1499938964844,329.0585021972656,329.5
2023-10-09 15:30:00-04:00,329.4800109863281,330.0400085449219,329.2099914550781,329.8599853515625
2023-10-10 09:30:00-04:00,330.9599914550781,331.1000061035156,327.99249267578125,328.7850036621094
2023-10-10 10:30:00-04:00,328.79998779296875,330.6499938964844,328.55999755859375,330.2699890136719
2023-10-10 11:30:00-04:00,330.2799987792969,330.9800109863281,329.8500061035156,330.6000061035156
2023-10-10 12:30:00-04:00,330.5899963378906,330.67999267578125,327.6700134277344,328.3599853515625
2023-10-10 13:30:00-04:00,328.3900146484375,329.0299987792969,327.8800048828125,328.3999938964844
2023-10-10 14:30:00-04:00,328.4599914550781,329.4700012207031,328.17999267578125,329.2200012207031
2023-10-10 15:30:00-04:00,329.20001220703125,329.5899963378906,328.25,328.3900146484375
2023-10-11 09:30:00-04:00,331.2099914550781,332.5899963378906,329.79998779296875,331.05999755859375
2023-10-11 10:30:00-04:00,331.0400085449219,332.1300048828125,330.3677978515625,330.69000244140625
2023-10-11 11:30:00-04:00,330.69000244140625,331.3800048828125,329.9700012207031,330.3399963378906
2023-10-11 12:30:00-04:00,330.3399963378906,330.6199951171875,329.30999755859375,329.55999755859375
2023-10-11 13:30:00-04:00,329.55999755859375,332.0,329.1400146484375,331.3349914550781
2023-10-11 14:30:00-04:00,331.3399963378906,331.80999755859375,330.9849853515625,331.5
2023-10-11 15:30:00-04:00,331.4700012207031,332.82000732421875,331.30999755859375,332.44000244140625
2023-10-12 09:30:00-04:00,330.56500244140625,333.4849853515625,329.5899963378906,332.67999267578125
2023-10-12 10:30:00-04:00,332.67999267578125,333.6299133300781,331.7950134277344,332.2145080566406
2023-10-12 11:30:00-04:00,332.260009765625,332.8299865722656,331.7099914550781,332.57000732421875
2023-10-12 12:30:00-04:00,332.5899963378906,332.9599914550781,329.760009765625,330.8900146484375
2023-10-12 13:30:00-04:00,330.8599853515625,331.07000732421875,328.7200012207031,329.2099914550781
2023-10-12 14:30:00-04:00,329.19989013671875,331.1199951171875,329.0299987792969,330.7571105957031
2023-10-12 15:30:00-04:00,330.760009765625,331.6700134277344,330.75,331.19000244140625
2023-10-13 09:30:00-04:00,332.3800048828125,333.8299865722656,331.114990234375,331.57501220703125
2023-10-13 10:30:00-04:00,331.55999755859375,332.239990234375,328.3800048828125,328.6700134277344
2023-10-13 11:30:00-04:00,328.6600036621094,329.1199951171875,327.1000061035156,327.95001220703125
2023-10-13 12:30:00-04:00,327.94500732421875,328.7799987792969,326.6600036621094,326.75
2023-10-13 13:30:00-04:00,326.760009765625,328.7099914550781,326.3599853515625,328.50439453125
2023-10-13 14:30:00-04:00,328.5150146484375,329.6099853515625,327.67999267578125,327.8489990234375
2023-10-13 15:30:00-04:00,327.8599853515625,328.5799865722656,326.9700012207031,327.6700134277344
2023-10-16 09:30:00-04:00,331.04998779296875,335.3299865722656,330.6000061035156,335.1099853515625
2023-10-16 10:30:00-04:00,335.1300048828125,336.1400146484375,333.8599853515625,334.4700012207031
2023-10-16 11:30:00-04:00,334.489990234375,334.6199951171875,333.1499938964844,333.9150085449219
2023-10-16 12:30:00-04:00,333.9100036621094,334.70098876953125,332.2699890136719,333.489990234375
2023-10-16 13:30:00-04:00,333.4949951171875,334.2300109863281,333.2799987792969,333.7604064941406
2023-10-16 14:30:00-04:00,333.760009765625,334.5050048828125,333.3500061035156,333.9100036621094
2023-10-16 15:30:00-04:00,333.9100036621094,334.0190124511719,332.2200012207031,332.6600036621094
2023-10-17 09:30:00-04:00,329.5899963378906,332.2699890136719,327.4100036621094,331.19000244140625
2023-10-17 10:30:00-04:00,331.2149963378906,332.42999267578125,330.80999755859375,331.6116943359375
2023-10-17 11:30:00-04:00,331.6199951171875,333.05999755859375,331.55999755859375,332.9700012207031
2023-10-17 12:30:00-04:00,332.9700012207031,333.4599914550781,332.20001220703125,332.2099914550781
2023-10-17 13:30:00-04:00,332.19000244140625,332.239990234375,330.5899963378906,330.94500732421875
2023-10-17 14:30:00-04:00,330.9200134277344,331.2900085449219,329.8999938964844,330.9169921875
2023-10-17 15:30:00-04:00,330.9200134277344,332.12750244140625,330.56500244140625,332.07000732421875
2023-10-18 09:30:00-04:00,332.489990234375,335.5899963378906,332.19000244140625,333.4800109863281
2023-10-18 10:30:00-04:00,333.4949951171875,333.5799865722656,331.4599914550781,332.67999267578125
2023-10-18 11:30:00-04:00,332.68499755859375,333.9800109863281,332.14910888671875,332.20001220703125
2023-10-18 12:30:00-04:00,332.2298889160156,333.30999755859375,331.3411865234375,332.7099914550781
2023-10-18 13:30:00-04:00,332.7200012207031,332.7200012207031,330.739990234375,331.54998779296875
2023-10-18 14:30:00-04:00,331.5400085449219,331.9599914550781,329.6600036621094,329.69000244140625
2023-10-18 15:30:00-04:00,329.69000244140625,330.55999755859375,328.29998779296875,330.0400085449219
2023-10-19 09:30:00-04:00,332.1499938964844,334.79998779296875,332.0299987792969,332.20001220703125
2023-10-19 10:30:00-04:00,332.3699951171875,334.2799987792969,332.0899963378906,333.1199951171875
2023-10-19 11:30:00-04:00,333.07501220703125,336.2699890136719,332.93499755859375,335.0400085449219
2023-10-19 12:30:00-04:00,335.0849914550781,336.6300048828125,332.239990234375,336.1000061035156
2023-10-19 13:30:00-04:00,335.54998779296875,335.6400146484375,333.010009765625,333.989990234375
2023-10-19 14:30:00-04:00,333.95001220703125,333.9599914550781,331.2799987792969,331.8500061035156
2023-10-19 15:30:00-04:00,331.8599853515625,332.44000244140625,330.9100036621094,331.25
2023-10-20 09:30:00-04:00,331.7200012207031,331.9200134277344,328.25,328.3299865722656
2023-10-20 10:30:00-04:00,328.32000732421875,328.3999938964844,325.45001220703125,326.3900146484375
2023-10-20 11:30:00-04:00,326.4100036621094,327.6000061035156,325.8900146484375,326.8599853515625
2023-10-20 12:30:00-04:00,326.8800048828125,328.760009765625,326.8699951171875,328.2250061035156
2023-10-20 13:30:00-04:00,328.2799987792969,328.739990234375,326.8999938964844,327.1099853515625
2023-10-20 14:30:00-04:00,327.0799865722656,327.9739990234375,326.760009765625,327.1600036621094
2023-10-20 15:30:00-04:00,327.1650085449219,327.69000244140625,326.3739929199219,326.6724853515625
2023-10-23 09:30:00-04:00,326.75,329.1300048828125,324.3900146484375,327.29998779296875
2023-10-23 10:30:00-04:00,327.25,329.5723876953125,326.5201110839844,329.1625061035156
2023-10-23 11:30:00-04:00,329.1199951171875,330.87908935546875,328.6600036621094,330.510009765625
2023-10-23 12:30:00-04:00,330.5150146484375,332.7250061035156,330.1199951171875,331.6000061035156
2023-10-23 13:30:00-04:00,331.5400085449219,332.25,331.2300109863281,331.4649963378906
2023-10-23 14:30:00-04:00,331.4700012207031,331.5400085449219,329.7200012207031,329.8800048828125
2023-10-23 15:30:00-04:00,329.8800048828125,330.2900085449219,329.07000732421875,329.1600036621094
2023-10-24 09:30:00-04:00,331.29998779296875,331.5799865722656,328.69000244140625,330.8700866699219
2023-10-24 10:30:00-04:00,330.875,331.8399963378906,330.05999755859375,330.0899963378906
2023-10-24 11:30:00-04:00,330.05999755859375,330.6199951171875,328.54998779296875,328.79998779296875
2023-10-24 12:30:00-04:00,328.7699890136719,329.260009765625,327.6000061035156,329.1700134277344
2023-10-24 13:30:00-04:00,329.19000244140625,330.5400085449219,329.0400085449219,330.5199890136719
2023-10-24 14:30:00-04:00,330.5199890136719,331.5400085449219,330.29010009765625,331.4599914550781
2023-10-24 15:30:00-04:00,331.4700012207031,331.659912109375,330.5299987792969,330.7900085449219
2023-10-25 09:30:00-04:00,345.0199890136719,346.20001220703125,338.94000244140625,340.364990234375
2023-10-25 10:30:00-04:00,340.5849914550781,341.7300109863281,337.8273010253906,338.6401062011719
2023-10-25 11:30:00-04:00,338.6499938964844,340.1600036621094,337.6199951171875,339.6199951171875
2023-10-25 12:30:00-04:00,339.6315002441406,340.2099914550781,337.82000732421875,338.6700134277344
2023-10-25 13:30:00-04:00,338.6199951171875,340.8599853515625,337.9100036621094,339.7900085449219
2023-10-25 14:30:00-04:00,339.7900085449219,340.8500061035156,339.5,340.79998779296875
2023-10-25 15:30:00-04:00,340.79998779296875,341.20001220703125,339.94000244140625,340.6700134277344
2023-10-26 09:30:00-04:00,340.5400085449219,341.6300048828125,332.1300048828125,333.4750061035156
2023-10-26 10:30:00-04:00,333.4599914550781,335.8800048828125,330.0299987792969,330.7300109863281
2023-10-26 11:30:00-04:00,330.80999755859375,331.3399963378906,326.94000244140625,328.5799865722656
2023-10-26 12:30:00-04:00,328.54998779296875,329.510009765625,327.1099853515625,327.8399963378906
2023-10-26 13:30:00-04:00,327.8699951171875,329.8301086425781,327.3299865722656,329.82000732421875
2023-10-26 14:30:00-04:00,329.7799987792969,331.5,329.2349853515625,329.489990234375
2023-10-26 15:30:00-04:00,329.5400085449219,329.70001220703125,327.3255920410156,327.8399963378906
2023-10-27 09:30:00-04:00,330.42498779296875,334.8800048828125,330.3599853515625,334.1000061035156
2023-10-27 10:30:00-04:00,334.0899963378906,336.7200012207031,332.7699890136719,335.91009521484375
2023-10-27 11:30:00-04:00,335.989990234375,336.0799865722656,332.8900146484375,333.32000732421875
2023-10-27 12:30:00-04:00,333.2799987792969,333.8399963378906,330.7900085449219,331.6000061035156
2023-10-27 13:30:00-04:00,331.5203857421875,331.6600036621094,328.82000732421875,329.6600036621094
2023-10-27 14:30:00-04:00,329.6600036621094,330.2550048828125,328.40069580078125,329.5
2023-10-27 15:30:00-04:00,329.510009765625,329.989990234375,328.4599914550781,329.82000732421875
2023-10-30 09:30:00-04:00,333.4100036621094,339.45001220703125,330.5199890136719,335.2099914550781
2023-10-30 10:30:00-04:00,335.20001220703125,336.4100036621094,334.0199890136719,334.7049865722656
2023-10-30 11:30:00-04:00,334.7099914550781,336.3299865722656,334.5,335.06439208984375
2023-10-30 12:30:00-04:00,335.1000061035156,337.0799865722656,334.6400146484375,336.95001220703125
2023-10-30 13:30:00-04:00,337.0150146484375,337.4100036621094,336.2049865722656,336.3999938964844
2023-10-30 14:30:00-04:00,336.3800048828125,338.1549987792969,336.2933044433594,337.70001220703125
2023-10-30 15:30:00-04:00,337.7099914550781,337.9800109863281,337.05999755859375,337.3500061035156
2023-10-31 09:30:00-04:00,338.8500061035156,339.0,335.1199951171875,337.2099914550781
2023-10-31 10:30:00-04:00,337.2300109863281,337.5498962402344,335.4100036621094,335.5
2023-10-31 11:30:00-04:00,335.5050048828125,336.20001220703125,334.69000244140625,335.92999267578125
2023-10-31 12:30:00-04:00,335.95001220703125,337.659912109375,335.3399963378906,336.8699951171875
2023-10-31 13:30:00-04:00,336.9100036621094,338.489990234375,336.875,337.32000732421875
2023-10-31 14:30:00-04:00,337.3399963378906,338.3900146484375,337.17498779296875,337.5400085449219
2023-10-31 15:30:00-04:00,337.5400085449219,338.44000244140625,337.19000244140625,338.1400146484375
2023-11-01 09:30:00-04:00,339.7900085449219,345.9700012207031,339.6499938964844,345.4700012207031
2023-11-01 10:30:00-04:00,345.4800109863281,346.510009765625,344.6499938964844,345.05499267578125
2023-11-01 11:30:00-04:00,345.0799865722656,345.45001220703125,344.1300048828125,344.1700134277344
2023-11-01 12:30:00-04:00,344.19000244140625,344.66229248046875,343.2900085449219,343.9800109863281
2023-11-01 13:30:00-04:00,343.9599914550781,344.8800048828125,343.4599914550781,344.67999267578125
2023-11-01 14:30:00-04:00,344.67999267578125,347.1000061035156,343.0400085449219,346.7349853515625
2023-11-01 15:30:00-04:00,346.7099914550781,347.4200134277344,345.67999267578125,346.1099853515625
2023-11-02 09:30:00-04:00,347.239990234375,347.7300109863281,344.7699890136719,347.3299865722656
2023-11-02 10:30:00-04:00,347.364990234375,348.79998779296875,346.6000061035156,347.44000244140625
2023-11-02 11:30:00-04:00,347.4800109863281,348.3999938964844,346.4800109863281,347.4100036621094
2023-11-02 12:30:00-04:00,347.44000244140625,348.2799987792969,347.18011474609375,347.4800109863281
2023-11-02 13:30:00-04:00,347.489990234375,348.5,347.29998779296875,347.80499267578125
2023-11-02 14:30:00-04:00,347.80999755859375,348.17999267578125,346.9100036621094,348.0950012207031
2023-11-02 15:30:00-04:00,348.0799865722656,348.8299865722656,347.6000061035156,348.3999938964844
2023-11-03 09:30:00-04:00,349.6300048828125,351.8599853515625,347.3299865722656,350.5450134277344
2023-11-03 10:30:00-04:00,350.5199890136719,351.42999267578125,349.6700134277344,350.8299865722656
2023-11-03 11:30:00-04:00,350.8599853515625,352.95001220703125,350.8100891113281,352.7799987792969
2023-11-03 12:30:00-04:00,352.7799987792969,353.7749938964844,352.75,353.3299865722656
2023-11-03 13:30:00-04:00,353.3599853515625,354.3900146484375,353.1199951171875,354.0249938964844
2023-11-03 14:30:00-04:00,354.0299987792969,354.3500061035156,353.2300109863281,354.1199951171875
2023-11-03 15:30:00-04:00,354.1199951171875,354.1199951171875,352.6099853515625,352.80999755859375
2023-11-06 09:30:00-05:00,353.45001220703125,357.3999938964844,353.3500061035156,356.1099853515625
2023-11-06 10:30:00-05:00,356.0950012207031,357.5400085449219,356.0,356.8299865722656
2023-11-06 11:30:00-05:00,356.8399963378906,357.135009765625,356.0199890136719,356.5199890136719
2023-11-06 12:30:00-05:00,356.489990234375,356.75,353.80999755859375,354.57000732421875
2023-11-06 13:30:00-05:00,354.5299987792969,356.0,354.3599853515625,355.2099914550781
2023-11-06 14:30:00-05:00,355.1700134277344,355.989990234375,354.9700012207031,355.57000732421875
2023-11-06 15:30:00-05:00,355.5799865722656,356.6700134277344,355.0199890136719,356.6400146484375
2023-11-07 09:30:00-05:00,359.3999938964844,360.5899963378906,357.6300048828125,360.54998779296875
2023-11-07 10:30:00-05:00,360.5450134277344,362.2799987792969,359.94500732421875,362.20001220703125
2023-11-07 11:30:00-05:00,362.19000244140625,362.3800048828125,360.760009765625,361.2049865722656
2023-11-07 12:30:00-05:00,361.2200012207031,362.4599914550781,360.9100036621094,362.0899963378906
2023-11-07 13:30:00-05:00,362.1000061035156,362.42999267578125,361.8399963378906,362.1000061035156
2023-11-07 14:30:00-05:00,362.1000061035156,362.3999938964844,360.7799987792969,361.32000732421875
2023-11-07 15:30:00-05:00,361.30999755859375,361.8900146484375,359.94000244140625,360.5
2023-11-08 09:30:00-05:00,361.67999267578125,363.8699951171875,360.54998779296875,360.94000244140625
2023-11-08 10:30:00-05:00,360.9093017578125,362.6000061035156,360.589599609375,362.1199951171875
2023-11-08 11:30:00-05:00,362.1099853515625,362.95001220703125,361.2900085449219,362.0849914550781
2023-11-08 12:30:00-05:00,362.0899963378906,363.0,361.7200012207031,362.9700012207031
2023-11-08 13:30:00-05:00,362.9949951171875,363.30999755859375,362.6099853515625,363.19000244140625
2023-11-08 14:30:00-05:00,363.19000244140625,363.239990234375,361.47100830078125,361.5400085449219
2023-11-08 15:30:00-05:00,361.54998779296875,363.3399963378906,361.3900146484375,363.2300109863281
2023-11-09 09:30:00-05:00,362.29998779296875,363.6099853515625,361.4100036621094,361.44500732421875
2023-11-09 10:30:00-05:00,361.4100036621094,363.69000244140625,361.3599853515625,363.2799072265625
2023-11-09 11:30:00-05:00,363.260009765625,364.7900085449219,363.0527038574219,363.8599853515625
2023-11-09 12:30:00-05:00,363.8399963378906,364.2200012207031,361.1099853515625,363.010009765625
2023-11-09 13:30:00-05:00,363.0098876953125,363.6099853515625,361.2099914550781,362.25
2023-11-09 14:30:00-05:00,362.2200012207031,362.5299987792969,360.67999267578125,361.2200012207031
2023-11-09 15:30:00-05:00,361.2200012207031,361.4700012207031,360.36199951171875,360.7699890136719
2023-11-10 09:30:00-05:00,361.2200012207031,364.6000061035156,361.07000732421875,363.7799987792969
2023-11-10 10:30:00-05:00,363.82000732421875,367.3797912597656,363.68499755859375,366.7850036621094
2023-11-10 11:30:00-05:00,366.79998779296875,368.0899963378906,366.07501220703125,367.30999755859375
2023-11-10 12:30:00-05:00,367.3800048828125,368.79998779296875,367.34698486328125,368.4200134277344
2023-11-10 13:30:00-05:00,368.4599914550781,369.3699951171875,368.4599914550781,369.1883850097656
2023-11-10 14:30:00-05:00,369.2300109863281,369.5299987792969,368.6600036621094,369.3599853515625
2023-11-10 15:30:00-05:00,369.3500061035156,370.1000061035156,369.1099853515625,369.5199890136719
2023-11-13 09:30:00-05:00,368.2200012207031,368.4700012207031,365.8999938964844,366.5
2023-11-13 10:30:00-05:00,366.4700012207031,368.3599853515625,366.3500061035156,368.0
2023-11-13 11:30:00-05:00,367.9700012207031,368.20001220703125,366.92999267578125,367.3597106933594
2023-11-13 12:30:00-05:00,367.36981201171875,367.6650085449219,366.989990234375,367.18218994140625
2023-11-13 13:30:00-05:00,367.2099914550781,368.010009765625,366.9237976074219,367.5199890136719
2023-11-13 14:30:00-05:00,367.5299987792969,367.6400146484375,366.6400146484375,366.69000244140625
2023-11-13 15:30:00-05:00,366.70001220703125,367.1158142089844,366.29998779296875,366.6600036621094
2023-11-14 09:30:00-05:00,370.7049865722656,371.95001220703125,369.32000732421875,371.1000061035156
2023-11-14 10:30:00-05:00,371.1400146484375,371.8900146484375,370.4599914550781,370.7900085449219
2023-11-14 11:30:00-05:00,370.8399963378906,370.95001220703125,368.4599914550781,369.2900085449219
2023-11-14 12:30:00-05:00,369.30999755859375,370.3599853515625,369.05999755859375,370.239990234375
2023-11-14 13:30:00-05:00,370.2699890136719,370.4700012207031,367.34539794921875,369.1300048828125
2023-11-14 14:30:00-05:00,369.17999267578125,371.0299987792969,369.17999267578125,370.8599853515625
2023-11-14 15:30:00-05:00,370.8599853515625,371.3299865722656,369.70001220703125,370.32000732421875
2023-11-15 09:30:00-05:00,371.2799987792969,373.1300048828125,369.6199951171875,370.5050048828125
2023-11-15 10:30:00-05:00,370.5224914550781,370.6000061035156,368.4200134277344,370.2900085449219
2023-11-15 11:30:00-05:00,370.30999755859375,371.0400085449219,368.70001220703125,369.2900085449219
2023-11-15 12:30:00-05:00,369.29998779296875,369.32501220703125,367.1099853515625,368.6781921386719
2023-11-15 13:30:00-05:00,368.6499938964844,370.3013916015625,368.3699951171875,370.2915954589844
2023-11-15 14:30:00-05:00,370.29998779296875,370.3800048828125,369.3699951171875,369.8682861328125
2023-11-15 15:30:00-05:00,369.8999938964844,370.239990234375,369.2200012207031,369.6499938964844
2023-11-16 09:30:00-05:00,371.3205871582031,376.07000732421875,370.8800048828125,374.94000244140625
2023-11-16 10:30:00-05:00,374.9800109863281,375.260009765625,372.4100036621094,372.9862060546875
2023-11-16 11:30:00-05:00,373.0,375.2585144042969,372.5400085449219,375.07000732421875
2023-11-16 12:30:00-05:00,375.04998779296875,375.9100036621094,374.80999755859375,375.8999938964844
2023-11-16 13:30:00-05:00,375.8999938964844,376.29998779296875,375.0450134277344,375.1300048828125
2023-11-16 14:30:00-05:00,375.1400146484375,376.127197265625,375.1099853515625,375.5899963378906
2023-11-16 15:30:00-05:00,375.6199951171875,376.3500061035156,375.3299865722656,376.2099914550781
2023-11-17 09:30:00-05:00,373.6099853515625,374.3699951171875,370.4435119628906,371.4599914550781
2023-11-17 10:30:00-05:00,371.42999267578125,371.44500732421875,369.2099914550781,370.9259033203125
2023-11-17 11:30:00-05:00,370.92999267578125,372.6499938964844,370.5,371.80999755859375
2023-11-17 12:30:00-05:00,371.79998779296875,372.4800109863281,371.6600036621094,372.2449951171875
2023-11-17 13:30:00-05:00,372.260009765625,373.3999938964844,371.8599853515625,372.6600036621094
2023-11-17 14:30:00-05:00,372.69000244140625,373.19000244140625,371.3299865722656,371.5799865722656
2023-11-17 15:30:00-05:00,371.57000732421875,371.70001220703125,367.0,369.9200134277344
2023-11-20 09:30:00-05:00,371.2200012207031,377.1000061035156,371.0,372.9336853027344
2023-11-20 10:30:00-05:00,372.9599914550781,375.6199951171875,372.2699890136719,375.3399963378906
2023-11-20 11:30:00-05:00,375.3500061035156,377.0199890136719,374.9700012207031,376.7099914550781
2023-11-20 12:30:00-05:00,376.7200012207031,378.80999755859375,376.3500061035156,378.5400085449219
2023-11-20 13:30:00-05:00,378.5400085449219,378.760009765625,376.8772888183594,377.6499938964844
2023-11-20 14:30:00-05:00,377.67999267578125,378.8699951171875,377.42999267578125,377.9700012207031
2023-11-20 15:30:00-05:00,377.9700012207031,378.22039794921875,377.20001220703125,377.6099853515625
2023-11-21 09:30:00-05:00,375.6700134277344,376.22149658203125,371.4800109863281,371.739990234375
2023-11-21 10:30:00-05:00,371.75,372.70001220703125,371.1199951171875,372.05999755859375
2023-11-21 11:30:00-05:00,372.0299987792969,373.1610107421875,371.4119873046875,373.1050109863281
2023-11-21 12:30:00-05:00,373.1099853515625,373.5299987792969,371.1400146484375,371.69000244140625
2023-11-21 13:30:00-05:00,371.70001220703125,372.94989013671875,371.5799865722656,372.2699890136719
2023-11-21 14:30:00-05:00,372.30499267578125,373.1099853515625,372.1700134277344,372.45001220703125
2023-11-21 15:30:00-05:00,372.45001220703125,373.25,372.2381896972656,373.07000732421875
2023-11-22 09:30:00-05:00,378.0,379.7898864746094,374.9649963378906,376.95001220703125
2023-11-22 10:30:00-05:00,376.9700012207031,378.3599853515625,376.95001220703125,378.1199951171875
2023-11-22 11:30:00-05:00,378.1600036621094,379.0,377.9100036621094,378.67498779296875
2023-11-22 12:30:00-05:00,378.69000244140625,379.2200012207031,378.010009765625,378.8500061035156
2023-11-22 13:30:00-05:00,378.9100036621094,379.1600036621094,378.2850036621094,378.69000244140625
2023-11-22 14:30:00-05:00,378.6499938964844,378.6795959472656,376.8500061035156,377.95001220703125
2023-11-22 15:30:00-05:00,377.9399108886719,378.2900085449219,377.601806640625,377.8800048828125
2023-11-24 09:30:00-05:00,377.3299865722656,377.9700012207031,375.9100036621094,375.989990234375
2023-11-24 10:30:00-05:00,375.9700012207031,376.4479064941406,375.135009765625,376.1199951171875
2023-11-24 11:30:00-05:00,376.1000061035156,376.8500061035156,375.6300048828125,376.7699890136719
2023-11-27 09:30:00-05:00,377.9700012207031,378.17999267578125,376.20001220703125,376.9599914550781
2023-11-27 10:30:00-05:00,376.9599914550781,378.1449890136719,376.94000244140625,377.7149963378906
2023-11-27 11:30:00-05:00,377.70001220703125,379.9100036621094,377.6322937011719,379.8399963378906
2023-11-27 12:30:00-05:00,379.8500061035156,380.6400146484375,379.5799865722656,379.9200134277344
2023-11-27 13:30:00-05:00,379.92999267578125,380.0505065917969,378.9599914550781,379.17999267578125
2023-11-27 14:30:00-05:00,379.2099914550781,379.29998779296875,378.2300109863281,378.9801025390625
2023-11-27 15:30:00-05:00,379.0,379.2998962402344,378.3999938964844,378.6050109863281
2023-11-28 09:30:00-05:00,378.3500061035156,381.9700012207031,378.1600036621094,381.14990234375
2023-11-28 10:30:00-05:00,381.1099853515625,382.7699890136719,380.95001220703125,382.54998779296875
2023-11-28 11:30:00-05:00,382.54998779296875,383.0,381.92999267578125,382.3599853515625
2023-11-28 12:30:00-05:00,382.3599853515625,382.3699951171875,380.7200012207031,381.3699951171875
2023-11-28 13:30:00-05:00,381.37860107421875,381.5299987792969,380.75,380.84991455078125
2023-11-28 14:30:00-05:00,380.8500061035156,381.6400146484375,380.510009765625,380.9049987792969
2023-11-28 15:30:00-05:00,380.8949890136719,382.760009765625,380.7799987792969,382.70001220703125
2023-11-29 09:30:00-05:00,383.760009765625,384.29998779296875,378.69000244140625,379.2799072265625
2023-11-29 10:30:00-05:00,379.2900085449219,380.1600036621094,378.010009765625,378.30999755859375
2023-11-29 11:30:00-05:00,378.30999755859375,378.6449890136719,377.44000244140625,378.4800109863281
2023-11-29 12:30:00-05:00,378.4949951171875,379.46990966796875,378.1400146484375,379.25
2023-11-29 13:30:00-05:00,379.260009765625,379.69000244140625,378.6700134277344,379.6000061035156
2023-11-29 14:30:00-05:00,379.6000061035156,380.0159912109375,378.6000061035156,378.7049865722656
2023-11-29 15:30:00-05:00,378.7149963378906,379.3599853515625,378.5400085449219,378.94000244140625
2023-11-30 09:30:00-05:00,378.489990234375,380.0899963378906,377.4100036621094,378.06201171875
2023-11-30 10:30:00-05:00,378.0899963378906,378.79998779296875,376.68011474609375,376.92999267578125
2023-11-30 11:30:00-05:00,376.92999267578125,377.1400146484375,376.010009765625,376.4584045410156
2023-11-30 12:30:00-05:00,376.4800109863281,377.139892578125,376.0537109375,376.0537109375
2023-11-30 13:30:00-05:00,376.0799865722656,376.6000061035156,375.4700012207031,375.8399963378906
2023-11-30 14:30:00-05:00,375.8599853515625,376.7799987792969,375.54010009765625,375.8800048828125
2023-11-30 15:30:00-05:00,375.8900146484375,379.32000732421875,375.74359130859375,378.739990234375
2023-12-01 09:30:00-05:00,376.760009765625,378.1600036621094,372.5199890136719,372.7650146484375
2023-12-01 10:30:00-05:00,372.7699890136719,373.1499938964844,371.30999755859375,372.29998779296875
2023-12-01 11:30:00-05:00,372.30499267578125,373.54840087890625,371.5299987792969,373.489990234375
2023-12-01 12:30:00-05:00,373.4801025390625,375.29998779296875,373.3299865722656,373.44000244140625
2023-12-01 13:30:00-05:00,373.44000244140625,374.54998779296875,372.79998779296875,374.3599853515625
2023-12-01 14:30:00-05:00,374.385009765625,375.57989501953125,374.25,375.0400085449219
2023-12-01 15:30:00-05:00,375.0375061035156,375.1400146484375,373.70001220703125,374.44000244140625
2023-12-04 09:30:00-05:00,368.4327087402344,368.489990234375,363.0679931640625,363.6400146484375
2023-12-04 10:30:00-05:00,363.6099853515625,365.8599853515625,362.8999938964844,365.7099914550781
2023-12-04 11:30:00-05:00,365.7101135253906,368.6000061035156,365.57769775390625,368.2049865722656
2023-12-04 12:30:00-05:00,368.20001220703125,369.45989990234375,368.010009765625,368.3702087402344
2023-12-04 13:30:00-05:00,368.3699951171875,368.9783935546875,367.32000732421875,368.1400146484375
2023-12-04 14:30:00-05:00,368.1499938964844,368.71728515625,367.5238952636719,368.71728515625
2023-12-04 15:30:00-05:00,368.71661376953125,369.5199890136719,368.54998779296875,369.2699890136719
2023-12-05 09:30:00-05:00,366.45001220703125,371.4100036621094,365.6210021972656,370.5447082519531
2023-12-05 10:30:00-05:00,370.6000061035156,373.07501220703125,370.3301086425781,370.760009765625
2023-12-05 11:30:00-05:00,370.7900085449219,371.8399963378906,369.3599853515625,371.7937927246094
2023-12-05 12:30:00-05:00,371.7799987792969,372.9800109863281,370.50030517578125,371.7200012207031
2023-12-05 13:30:00-05:00,371.75,372.2349853515625,370.830810546875,372.0299987792969
2023-12-05 14:30:00-05:00,372.04998779296875,372.58599853515625,371.0801086425781,372.3900146484375
2023-12-05 15:30:00-05:00,372.3999938964844,372.6300048828125,371.8299865722656,372.57000732421875
2023-12-06 09:30:00-05:00,373.5400085449219,374.17999267578125,368.6700134277344,370.04998779296875
2023-12-06 10:30:00-05:00,370.0799865722656,371.54998779296875,369.55999755859375,369.69500732421875
2023-12-06 11:30:00-05:00,369.7099914550781,369.8999938964844,368.79010009765625,369.1499938964844
2023-12-06 12:30:00-05:00,369.1499938964844,369.6199951171875,368.0299987792969,369.54998779296875
2023-12-06 13:30:00-05:00,369.54998779296875,370.1099853515625,368.95001220703125,369.6099853515625
2023-12-06 14:30:00-05:00,369.6000061035156,370.5299987792969,369.010009765625,369.04998779296875
2023-12-06 15:30:00-05:00,369.04998779296875,369.7417907714844,368.4100036621094,368.7799987792969
2023-12-07 09:30:00-05:00,368.2300109863281,370.489990234375,366.32000732421875,369.7349853515625
2023-12-07 10:30:00-05:00,369.7699890136719,369.9200134277344,367.7099914550781,368.5299987792969
2023-12-07 11:30:00-05:00,368.5400085449219,371.25,368.5400085449219,370.8699951171875
2023-12-07 12:30:00-05:00,370.875,370.9859924316406,369.80999755859375,369.9800109863281
2023-12-07 13:30:00-05:00,370.0,371.2200012207031,369.8900146484375,371.0
2023-12-07 14:30:00-05:00,370.99591064453125,371.19000244140625,370.17999267578125,371.1698913574219
2023-12-07 15:30:00-05:00,371.1700134277344,371.45269775390625,370.5799865722656,370.8500061035156
2023-12-08 09:30:00-05:00,369.20001220703125,373.20001220703125,368.2300109863281,372.7298889160156
2023-12-08 10:30:00-05:00,372.8500061035156,373.3800048828125,370.7699890136719,372.58099365234375
2023-12-08 11:30:00-05:00,372.6216125488281,372.94000244140625,371.010009765625,372.6337890625
2023-12-08 12:30:00-05:00,372.6400146484375,373.2900085449219,372.2950134277344,372.9389953613281
2023-12-08 13:30:00-05:00,372.9800109863281,373.8399963378906,372.6300048828125,373.3393859863281
2023-12-08 14:30:00-05:00,373.3699951171875,373.9700012207031,373.20001220703125,373.7200012207031
2023-12-08 15:30:00-05:00,373.70001220703125,374.4599914550781,373.4599914550781,374.30999755859375
2023-12-11 09:30:00-05:00,366.25,369.55999755859375,366.1000061035156,368.739990234375
2023-12-11 10:30:00-05:00,368.73748779296875,370.55999755859375,368.0899963378906,368.44000244140625
2023-12-11 11:30:00-05:00,368.4898986816406,369.04998779296875,367.82000732421875,368.5199890136719
2023-12-11 12:30:00-05:00,368.5299987792969,369.8999938964844,368.1600036621094,369.7250061035156
2023-12-11 13:30:00-05:00,369.7250061035156,370.239990234375,369.32000732421875,370.1990966796875
2023-12-11 14:30:00-05:00,370.2099914550781,370.4222106933594,369.6400146484375,370.0199890136719
2023-12-11 15:30:00-05:00,370.0199890136719,371.6000061035156,370.010009765625,371.29998779296875
2023-12-12 09:30:00-05:00,370.8500061035156,372.4200134277344,370.54998779296875,371.0400085449219
2023-12-12 10:30:00-05:00,371.04998779296875,372.6000061035156,370.4599914550781,372.4200134277344
2023-12-12 11:30:00-05:00,372.4200134277344,373.1600036621094,371.239990234375,372.1199951171875
2023-12-12 12:30:00-05:00,372.1199951171875,372.5429992675781,371.739990234375,372.32000732421875
2023-12-12 13:30:00-05:00,372.3299865722656,372.94000244140625,372.2349853515625,372.3500061035156
2023-12-12 14:30:00-05:00,372.3599853515625,373.1099853515625,372.20001220703125,372.9599914550781
2023-12-12 15:30:00-05:00,372.94000244140625,374.4200134277344,372.625,374.3399963378906
2023-12-13 09:30:00-05:00,376.0199890136719,377.6361083984375,374.95001220703125,375.1099853515625
2023-12-13 10:30:00-05:00,375.1000061035156,375.8500061035156,373.1600036621094,374.3349914550781
2023-12-13 11:30:00-05:00,374.3349914550781,374.8500061035156,373.94500732421875,374.3999938964844
2023-12-13 12:30:00-05:00,374.3999938964844,374.4700012207031,373.28009033203125,373.28009033203125
2023-12-13 13:30:00-05:00,373.3299865722656,375.5,373.1863098144531,374.5799865722656
2023-12-13 14:30:00-05:00,374.6499938964844,375.67999267578125,370.7699890136719,371.79998779296875
2023-12-13 15:30:00-05:00,371.7699890136719,374.32000732421875,371.364990234375,374.2449951171875
2023-12-14 09:30:00-05:00,372.2200012207031,373.32000732421875,368.239990234375,368.3550109863281
2023-12-14 10:30:00-05:00,368.3500061035156,369.6600036621094,366.04998779296875,366.510009765625
2023-12-14 11:30:00-05:00,366.5,367.7200012207031,366.4049987792969,367.57000732421875
2023-12-14 12:30:00-05:00,367.57000732421875,368.0400085449219,364.8999938964844,365.29998779296875
2023-12-14 13:30:00-05:00,365.29998779296875,365.94500732421875,364.1300048828125,365.5450134277344
2023-12-14 14:30:00-05:00,365.5450134277344,366.17999267578125,364.8900146484375,365.1535949707031
2023-12-14 15:30:00-05:00,365.1600036621094,366.2699890136719,364.92999267578125,365.95001220703125
2023-12-15 09:30:00-05:00,367.8599853515625,371.1700134277344,367.29998779296875,370.49249267578125
2023-12-15 10:30:00-05:00,370.5299987792969,371.8500061035156,370.1199951171875,371.739990234375
2023-12-15 11:30:00-05:00,371.75,372.1600036621094,370.8800048828125,371.4700012207031
2023-12-15 12:30:00-05:00,371.489990234375,371.6000061035156,369.92999267578125,370.6400146484375
2023-12-15 13:30:00-05:00,370.6499938964844,370.8999938964844,368.989990234375,370.0299987792969
2023-12-15 14:30:00-05:00,370.0400085449219,371.2738037109375,370.0400085449219,370.92999267578125
2023-12-15 15:30:00-05:00,370.9200134277344,372.3999938964844,367.2099914550781,368.7699890136719
2023-12-18 09:30:00-05:00,369.45001220703125,372.7099914550781,368.67999267578125,372.489990234375
2023-12-18 10:30:00-05:00,372.4599914550781,372.6600036621094,370.3244934082031,370.989990234375
2023-12-18 11:30:00-05:00,370.9700012207031,371.8900146484375,370.90771484375,371.3999938964844
2023-12-18 12:30:00-05:00,371.44000244140625,372.3500061035156,370.6300964355469,372.2601013183594
2023-12-18 13:30:00-05:00,372.2799987792969,373.0,371.9700012207031,372.6700134277344
2023-12-18 14:30:00-05:00,372.67999267578125,372.89990234375,372.260009765625,372.82501220703125
2023-12-18 15:30:00-05:00,372.8299865722656,372.92999267578125,372.260009765625,372.6000061035156
2023-12-19 09:30:00-05:00,371.489990234375,372.94000244140625,369.8399963378906,371.2900085449219
2023-12-19 10:30:00-05:00,371.3599853515625,372.6400146484375,371.2349853515625,372.3299865722656
2023-12-19 11:30:00-05:00,372.3299865722656,372.7200012207031,371.2904052734375,371.6199951171875
2023-12-19 12:30:00-05:00,371.6199951171875,372.3494873046875,371.4700012207031,372.1549987792969
2023-12-19 13:30:00-05:00,372.1499938964844,372.63128662109375,371.7300109863281,372.239990234375
2023-12-19 14:30:00-05:00,372.25,372.3949890136719,371.54998779296875,372.0
2023-12-19 15:30:00-05:00,371.989990234375,373.260009765625,371.95001220703125,373.2449951171875
2023-12-20 09:30:00-05:00,375.0,375.25,371.80999755859375,375.0799865722656
2023-12-20 10:30:00-05:00,375.110107421875,375.29998779296875,374.0299987792969,374.57000732421875
2023-12-20 11:30:00-05:00,374.5849914550781,375.739990234375,374.07000732421875,375.6300048828125
2023-12-20 12:30:00-05:00,375.635009765625,376.0299987792969,375.0799865722656,375.6099853515625
2023-12-20 13:30:00-05:00,375.6000061035156,375.760009765625,374.55999755859375,374.7726135253906
2023-12-20 14:30:00-05:00,374.7699890136719,374.8599853515625,370.94000244140625,370.9599914550781
2023-12-20 15:30:00-05:00,370.9800109863281,372.5199890136719,370.5299987792969,370.5400085449219
2023-12-21 09:30:00-05:00,372.55999755859375,374.4100036621094,370.82000732421875,371.489990234375
2023-12-21 10:30:00-05:00,371.54998779296875,372.3900146484375,370.989990234375,371.6000061035156
2023-12-21 11:30:00-05:00,371.5950012207031,371.95001220703125,370.0400085449219,370.54998779296875
2023-12-21 12:30:00-05:00,370.5199890136719,371.20001220703125,370.0700988769531,371.010009765625
2023-12-21 13:30:00-05:00,371.07000732421875,372.07000732421875,370.69000244140625,371.8699951171875
2023-12-21 14:30:00-05:00,371.8699951171875,372.8500061035156,371.6499938964844,372.82000732421875
2023-12-21 15:30:00-05:00,372.80999755859375,373.8299865722656,372.735595703125,373.5400085449219
2023-12-22 09:30:00-05:00,373.67999267578125,374.8900146484375,372.7099914550781,374.614990234375
2023-12-22 10:30:00-05:00,374.6300048828125,375.17999267578125,374.010009765625,374.7449951171875
2023-12-22 11:30:00-05:00,374.7300109863281,375.0,373.6300048828125,374.04998779296875
2023-12-22 12:30:00-05:00,374.06500244140625,375.0,373.8999938964844,374.92999267578125
2023-12-22 13:30:00-05:00,374.9399108886719,375.0299987792969,373.260009765625,373.4649963378906
2023-12-22 14:30:00-05:00,373.5199890136719,374.79998779296875,373.1499938964844,374.7799987792969
2023-12-22 15:30:00-05:00,374.7799987792969,374.79998779296875,374.07000732421875,374.6050109863281
2023-12-26 09:30:00-05:00,375.0,376.94000244140625,374.57000732421875,375.1300048828125
2023-12-26 10:30:00-05:00,375.1700134277344,375.5255126953125,373.9800109863281,374.4599914550781
2023-12-26 11:30:00-05:00,374.45001220703125,374.6499938964844,373.9599914550781,374.0299987792969
2023-12-26 12:30:00-05:00,374.04010009765625,374.239990234375,373.75,373.9649963378906
2023-12-26 13:30:00-05:00,373.9761047363281,374.3500061035156,373.5,374.2250061035156
2023-12-26 14:30:00-05:00,374.239990234375,374.8500061035156,374.1400146484375,374.6300048828125
2023-12-26 15:30:00-05:00,374.6700134277344,374.95001220703125,373.6000061035156,374.70001220703125
2023-12-27 09:30:00-05:00,373.69000244140625,375.05999755859375,372.92999267578125,373.239990234375
2023-12-27 10:30:00-05:00,373.2300109863281,373.7699890136719,372.8116149902344,373.5299072265625
2023-12-27 11:30:00-05:00,373.5199890136719,374.1300048828125,373.45001220703125,373.8100891113281
2023-12-27 12:30:00-05:00,373.8197021484375,374.57000732421875,373.3699951171875,374.010009765625
2023-12-27 13:30:00-05:00,374.0400085449219,374.2799987792969,373.0799865722656,373.41448974609375
2023-12-27 14:30:00-05:00,373.4200134277344,373.6499938964844,372.9599914550781,373.4599914550781
2023-12-27 15:30:00-05:00,373.45001220703125,374.20001220703125,373.1199951171875,374.07000732421875
2023-12-28 09:30:00-05:00,375.3699951171875,376.4580078125,374.1600036621094,374.82000732421875
2023-12-28 10:30:00-05:00,374.8204040527344,375.3695068359375,374.5299987792969,374.92999267578125
2023-12-28 11:30:00-05:00,374.9599914550781,375.5360107421875,374.82000732421875,375.3900146484375
2023-12-28 12:30:00-05:00,375.3800048828125,376.04998779296875,375.31500244140625,375.806884765625
2023-12-28 13:30:00-05:00,375.80999755859375,376.010009765625,375.5199890136719,375.82440185546875
2023-12-28 14:30:00-05:00,375.82000732421875,376.2099914550781,375.6600036621094,375.9039001464844
2023-12-28 15:30:00-05:00,375.8999938964844,376.29998779296875,375.17999267578125,375.25
2023-12-29 09:30:00-05:00,376.0,377.1600036621094,375.6600036621094,377.0899963378906
2023-12-29 10:30:00-05:00,377.0899963378906,377.1099853515625,373.6000061035156,373.6400146484375
2023-12-29 11:30:00-05:00,373.5899963378906,374.6400146484375,373.4800109863281,373.69000244140625
2023-12-29 12:30:00-05:00,373.69000244140625,375.9100036621094,373.6300048828125,375.2550048828125
2023-12-29 13:30:00-05:00,375.2300109863281,376.5,375.20001220703125,376.043212890625
2023-12-29 14:30:00-05:00,376.04998779296875,376.8599853515625,375.94000244140625,376.30999755859375
2023-12-29 15:30:00-05:00,376.29998779296875,376.8399963378906,375.3109130859375,375.9800109863281
2024-01-02 09:30:00-05:00,375.5,375.8999938964844,366.77099609375,368.29998779296875
2024-01-02 10:30:00-05:00,368.25,369.9800109863281,367.0,369.9700012207031
2024-01-02 11:30:00-05:00,369.9599914550781,371.3599853515625,369.8999938964844,370.47698974609375
2024-01-02 12:30:00-05:00,370.474609375,371.0199890136719,369.1400146484375,369.6300048828125
2024-01-02 13:30:00-05:00,369.635009765625,370.20001220703125,368.8900146484375,369.54998779296875
2024-01-02 14:30:00-05:00,369.5400085449219,369.760009765625,368.2850036621094,369.32000732421875
2024-01-02 15:30:00-05:00,369.32000732421875,371.20001220703125,369.2257995605469,370.7300109863281
2024-01-03 09:30:00-05:00,369.55499267578125,373.2561950683594,369.3699951171875,372.1000061035156
2024-01-03 10:30:00-05:00,372.1050109863281,372.82989501953125,370.82000732421875,371.8699951171875
2024-01-03 11:30:00-05:00,371.8299865722656,372.0400085449219,370.55999755859375,371.7099914550781
2024-01-03 12:30:00-05:00,371.69000244140625,372.6700134277344,371.44830322265625,371.57000732421875
2024-01-03 13:30:00-05:00,371.5849914550781,372.2900085449219,370.44000244140625,372.10198974609375
2024-01-03 14:30:00-05:00,372.1300048828125,372.2799987792969,370.95001220703125,371.2749938964844
2024-01-03 15:30:00-05:00,371.28619384765625,371.5899963378906,369.5,370.6000061035156
2024-01-04 09:30:00-05:00,370.6650085449219,372.6400146484375,370.5,371.94000244140625
2024-01-04 10:30:00-05:00,371.9549865722656,373.1000061035156,371.6000061035156,372.1070861816406
2024-01-04 11:30:00-05:00,372.1200866699219,372.4800109863281,370.6610107421875,370.9750061035156
2024-01-04 12:30:00-05:00,370.9599914550781,370.989990234375,369.9200134277344,370.6000061035156
2024-01-04 13:30:00-05:00,370.5799865722656,370.7721862792969,370.05999755859375,370.0849914550781
2024-01-04 14:30:00-05:00,370.05999755859375,370.1059875488281,368.05999755859375,368.32000732421875
2024-01-04 15:30:00-05:00,368.32000732421875,369.0559997558594,367.1700134277344,367.95001220703125
2024-01-05 09:30:00-05:00,368.9700012207031,371.4637145996094,368.7900085449219,371.3992919921875
2024-01-05 10:30:00-05:00,371.3800048828125,372.05999755859375,370.6400146484375,370.7699890136719
2024-01-05 11:30:00-05:00,370.7799987792969,371.19000244140625,368.82000732421875,368.9200134277344
2024-01-05 12:30:00-05:00,368.8599853515625,369.3999938964844,367.989990234375,369.0
2024-01-05 13:30:00-05:00,369.0199890136719,369.1400146484375,368.25,368.3800048828125
2024-01-05 14:30:00-05:00,368.385009765625,368.42999267578125,366.6700134277344,367.0
2024-01-05 15:30:00-05:00,367.0050048828125,368.0199890136719,366.5,367.7200012207031
2024-01-08 09:30:00-05:00,369.29998779296875,370.9700012207031,369.010009765625,370.1055908203125
2024-01-08 10:30:00-05:00,370.1300048828125,370.8241882324219,369.7699890136719,370.1400146484375
2024-01-08 11:30:00-05:00,370.1700134277344,371.6300048828125,370.1099853515625,371.1099853515625
2024-01-08 12:30:00-05:00,371.1300048828125,372.0350036621094,370.9700012207031,371.747314453125
2024-01-08 13:30:00-05:00,371.756591796875,373.7900085449219,371.6000061035156,373.760009765625
2024-01-08 14:30:00-05:00,373.7699890136719,374.7799987792969,373.67999267578125,374.2950134277344
2024-01-08 15:30:00-05:00,374.29998779296875,375.20001220703125,374.0,374.6700134277344
2024-01-09 09:30:00-05:00,372.010009765625,373.2099914550781,371.19000244140625,371.73388671875
2024-01-09 10:30:00-05:00,371.7900085449219,374.510009765625,371.6600036621094,374.32000732421875
2024-01-09 11:30:00-05:00,374.32000732421875,375.7699890136719,374.0299987792969,375.2764892578125
2024-01-09 12:30:00-05:00,375.2471008300781,375.989990234375,375.05999755859375,375.1509094238281
2024-01-09 13:30:00-05:00,375.1499938964844,375.6099853515625,374.3399963378906,375.0177917480469
2024-01-09 14:30:00-05:00,375.04998779296875,375.489990234375,374.6499938964844,375.1300048828125
2024-01-09 15:30:00-05:00,375.1400146484375,375.79998779296875,374.29998779296875,375.7799987792969
2024-01-10 09:30:00-05:00,376.3699951171875,381.05999755859375,376.32000732421875,380.9599914550781
2024-01-10 10:30:00-05:00,380.92999267578125,382.2900085449219,380.79998779296875,381.5
2024-01-10 11:30:00-05:00,381.48980712890625,381.95001220703125,380.4700012207031,381.9339904785156
2024-01-10 12:30:00-05:00,381.94000244140625,382.80999755859375,381.62298583984375,382.04998779296875
2024-01-10 13:30:00-05:00,382.05999755859375,383.7099914550781,381.989990234375,383.010009765625
2024-01-10 14:30:00-05:00,383.010009765625,384.1700134277344,382.69000244140625,382.94000244140625
2024-01-10 15:30:00-05:00,382.95001220703125,383.3599853515625,381.32000732421875,382.7699890136719
2024-01-11 09:30:00-05:00,386.0,390.67999267578125,382.8999938964844,385.6700134277344
2024-01-11 10:30:00-05:00,385.6400146484375,386.41790771484375,380.45001220703125,380.8399963378906
2024-01-11 11:30:00-05:00,380.8500061035156,382.2699890136719,380.3800048828125,380.739990234375
2024-01-11 12:30:00-05:00,380.7799987792969,383.5899963378906,380.760009765625,383.3999938964844
2024-01-11 13:30:00-05:00,383.3900146484375,385.05999755859375,383.2579040527344,384.6600036621094
2024-01-11 14:30:00-05:00,384.6400146484375,385.5299987792969,384.2099914550781,384.42999267578125
2024-01-11 15:30:00-05:00,384.44000244140625,385.0899963378906,384.154296875,384.5899963378906
2024-01-12 09:30:00-05:00,385.489990234375,387.1846923828125,384.6499938964844,385.8299865722656
2024-01-12 10:30:00-05:00,385.8500061035156,388.4800109863281,385.7699890136719,387.8599853515625
2024-01-12 11:30:00-05:00,387.8699951171875,388.0299072265625,386.13531494140625,386.79998779296875
2024-01-12 12:30:00-05:00,386.7950134277344,388.1199951171875,386.4627990722656,387.75
2024-01-12 13:30:00-05:00,387.760009765625,388.67999267578125,387.6400146484375,388.2699890136719
2024-01-12 14:30:00-05:00,388.2799987792969,388.2900085449219,387.2200012207031,387.6099853515625
2024-01-12 15:30:00-05:00,387.6300048828125,388.67999267578125,387.54998779296875,388.4100036621094
2024-01-16 09:30:00-05:00,392.75,393.70001220703125,389.4700012207031,392.1199951171875
2024-01-16 10:30:00-05:00,392.0950012207031,393.2200012207031,390.32000732421875,391.6499938964844
2024-01-16 11:30:00-05:00,391.69000244140625,392.31988525390625,389.7300109863281,389.7799987792969
2024-01-16 12:30:00-05:00,389.760009765625,390.0,387.6228942871094,389.010009765625
2024-01-16 13:30:00-05:00,389.0199890136719,389.75,388.0,388.6629943847656
2024-01-16 14:30:00-05:00,388.67999267578125,389.9200134277344,388.4100036621094,389.4700012207031
2024-01-16 15:30:00-05:00,389.4800109863281,390.3800048828125,389.3800048828125,390.2699890136719
2024-01-17 09:30:00-05:00,387.9800109863281,388.54998779296875,384.80999755859375,387.010009765625
2024-01-17 10:30:00-05:00,386.989990234375,389.45001220703125,386.07000732421875,389.2099914550781
2024-01-17 11:30:00-05:00,389.2099914550781,390.1099853515625,388.4800109863281,388.7200012207031
2024-01-17 12:30:00-05:00,388.67999267578125,389.8699951171875,388.17999267578125,388.4299011230469
2024-01-17 13:30:00-05:00,388.4100036621094,388.5,387.04949951171875,388.07000732421875
2024-01-17 14:30:00-05:00,388.059814453125,388.70001220703125,387.760009765625,387.9049987792969
2024-01-17 15:30:00-05:00,387.9200134277344,389.82000732421875,387.8800048828125,389.3999938964844
2024-01-18 09:30:00-05:00,391.7200012207031,393.19000244140625,390.7099914550781,392.20001220703125
2024-01-18 10:30:00-05:00,392.2200012207031,393.1199951171875,391.55499267578125,392.6700134277344
2024-01-18 11:30:00-05:00,392.70001220703125,393.1300048828125,390.9599914550781,392.010009765625
2024-01-18 12:30:00-05:00,392.0400085449219,392.0400085449219,390.1199951171875,390.2699890136719
2024-01-18 13:30:00-05:00,390.32501220703125,392.7799987792969,390.26361083984375,392.7099914550781
2024-01-18 14:30:00-05:00,392.760009765625,393.260009765625,392.1700134277344,392.8550109863281
2024-01-18 15:30:00-05:00,392.8699951171875,393.989990234375,392.42010498046875,393.8399963378906
2024-01-19 09:30:00-05:00,395.760009765625,395.8500061035156,393.5,394.9200134277344
2024-01-19 10:30:00-05:00,394.9200134277344,396.29998779296875,393.8599853515625,396.01690673828125
2024-01-19 11:30:00-05:00,395.989990234375,395.989990234375,394.7300109863281,395.4700012207031
2024-01-19 12:30:00-05:00,395.5,396.55999755859375,395.3800048828125,396.30499267578125
2024-01-19 13:30:00-05:00,396.315185546875,397.239990234375,396.1300048828125,396.2601013183594
2024-01-19 14:30:00-05:00,396.2699890136719,397.80499267578125,395.94000244140625,397.7434997558594
2024-01-19 15:30:00-05:00,397.7699890136719,398.6600036621094,397.5400085449219,398.6600036621094
2024-01-22 09:30:00-05:00,399.8599853515625,400.6199951171875,393.8900146484375,393.9599914550781
2024-01-22 10:30:00-05:00,393.9800109863281,397.92498779296875,393.5899963378906,397.04998779296875
2024-01-22 11:30:00-05:00,397.0199890136719,398.0899963378906,396.3999938964844,396.739990234375
2024-01-22 12:30:00-05:00,396.7699890136719,397.0,395.79998779296875,395.8999938964844
2024-01-22 13:30:00-05:00,395.8930969238281,397.8999938964844,395.8699951171875,397.07000732421875
2024-01-22 14:30:00-05:00,397.0694885253906,397.489990234375,396.82000732421875,397.2300109863281
2024-01-22 15:30:00-05:00,397.2200012207031,397.30999755859375,396.364990234375,396.5
2024-01-23 09:30:00-05:00,395.75,395.9700012207031,393.92999267578125,395.4599914550781
2024-01-23 10:30:00-05:00,395.489990234375,395.927490234375,394.7401123046875,395.0461120605469
2024-01-23 11:30:00-05:00,395.04998779296875,395.79998779296875,394.8999938964844,395.6700134277344
2024-01-23 12:30:00-05:00,395.6499938964844,397.5799865722656,395.54998779296875,397.3599853515625
2024-01-23 13:30:00-05:00,397.4100036621094,397.7799987792969,396.95001220703125,397.2320861816406
2024-01-23 14:30:00-05:00,397.1700134277344,398.8399963378906,397.1600036621094,398.6000061035156
2024-01-23 15:30:00-05:00,398.57000732421875,399.3800048828125,398.1400146484375,398.8900146484375
2024-01-24 09:30:00-05:00,401.5400085449219,403.95001220703125,400.45001220703125,403.77508544921875
2024-01-24 10:30:00-05:00,403.7799987792969,404.7200012207031,402.5,403.3500061035156
2024-01-24 11:30:00-05:00,403.35198974609375,404.989990234375,402.8599853515625,404.7699890136719
2024-01-24 12:30:00-05:00,404.7900085449219,405.6300048828125,404.17999267578125,405.4599914550781
2024-01-24 13:30:00-05:00,405.4599914550781,405.4905090332031,402.53839111328125,402.79998779296875
2024-01-24 14:30:00-05:00,402.79998779296875,403.7785949707031,402.3804931640625,402.760009765625
2024-01-24 15:30:00-05:00,402.760009765625,403.70001220703125,402.0,402.57000732421875
2024-01-25 09:30:00-05:00,403.75,406.67498779296875,403.364990234375,405.9599914550781
2024-01-25 10:30:00-05:00,406.0,407.010009765625,405.3800048828125,406.4169921875
2024-01-25 11:30:00-05:00,406.4100036621094,406.8399963378906,404.8900146484375,405.4320068359375
2024-01-25 12:30:00-05:00,405.4796142578125,406.17999267578125,404.6700134277344,405.45001220703125
2024-01-25 13:30:00-05:00,405.4296875,405.4296875,402.70001220703125,403.20001220703125
2024-01-25 14:30:00-05:00,403.19000244140625,404.07000732421875,402.5293884277344,403.4700012207031
2024-01-25 15:30:00-05:00,403.5199890136719,405.0899963378906,403.3800048828125,405.0899963378906
2024-01-26 09:30:00-05:00,404.3699951171875,404.7019958496094,402.95001220703125,404.6400146484375
2024-01-26 10:30:00-05:00,404.6405944824219,405.75,404.5950012207031,405.3450012207031
2024-01-26 11:30:00-05:00,405.29998779296875,406.1700134277344,404.4479064941406,405.1199951171875
2024-01-26 12:30:00-05:00,405.1000061035156,405.1000061035156,402.69000244140625,403.5299987792969
2024-01-26 13:30:00-05:00,403.54998779296875,403.7699890136719,402.42999267578125,403.1695861816406
2024-01-26 14:30:00-05:00,403.1700134277344,404.04998779296875,402.79998779296875,403.510009765625
2024-01-26 15:30:00-05:00,403.489990234375,404.3500061035156,402.9700012207031,403.9100036621094
2024-01-29 09:30:00-05:00,406.05999755859375,409.1199951171875,404.3299865722656,406.0199890136719
2024-01-29 10:30:00-05:00,406.0400085449219,406.92999267578125,405.54998779296875,406.92999267578125
2024-01-29 11:30:00-05:00,406.95001220703125,407.489990234375,406.760009765625,407.1000061035156
2024-01-29 12:30:00-05:00,407.1099853515625,407.3399963378906,406.7099914550781,407.17999267578125
2024-01-29 13:30:00-05:00,407.1700134277344,408.1514892578125,406.93011474609375,408.0404968261719
2024-01-29 14:30:00-05:00,408.0400085449219,409.6499938964844,407.6700134277344,409.2561950683594
2024-01-29 15:30:00-05:00,409.2699890136719,409.9800109863281,409.2699890136719,409.7200012207031
2024-01-30 09:30:00-05:00,412.260009765625,413.04998779296875,409.44000244140625,410.3500061035156
2024-01-30 10:30:00-05:00,410.3299865722656,411.0400085449219,409.010009765625,410.1400146484375
2024-01-30 11:30:00-05:00,410.1600036621094,410.3074951171875,407.2300109863281,407.4700012207031
2024-01-30 12:30:00-05:00,407.4700012207031,408.2207946777344,406.4501037597656,408.0199890136719
2024-01-30 13:30:00-05:00,408.07000732421875,408.3299865722656,407.30999755859375,408.0126953125
2024-01-30 14:30:00-05:00,408.010986328125,409.1199951171875,407.6000061035156,408.7650146484375
2024-01-30 15:30:00-05:00,408.7699890136719,409.4289855957031,408.2300109863281,408.6000061035156
2024-01-31 09:30:00-05:00,406.9599914550781,415.32000732421875,402.54998779296875,402.8999938964844
2024-01-31 10:30:00-05:00,402.8900146484375,405.2799987792969,402.67999267578125,403.6400146484375
2024-01-31 11:30:00-05:00,403.6780090332031,403.80499267578125,402.0,402.1195068359375
2024-01-31 12:30:00-05:00,402.11700439453125,403.6099853515625,401.32000732421875,403.1731872558594
2024-01-31 13:30:00-05:00,403.20001220703125,403.29998779296875,400.510009765625,401.2200012207031
2024-01-31 14:30:00-05:00,401.25,404.19989013671875,400.20001220703125,400.4549865722656
2024-01-31 15:30:00-05:00,400.44000244140625,400.510009765625,397.2099914550781,397.45001220703125
2024-02-01 09:30:00-05:00,402.0,408.0,401.94500732421875,406.62200927734375
2024-02-01 10:30:00-05:00,406.6416931152344,406.8299865722656,402.54998779296875,403.9100036621094
2024-02-01 11:30:00-05:00,403.92999267578125,404.510009765625,403.0899963378906,403.1600036621094
2024-02-01 12:30:00-05:00,403.1700134277344,405.1099853515625,402.67999267578125,403.8800048828125
2024-02-01 13:30:00-05:00,403.8900146484375,404.989990234375,403.1499938964844,404.1925048828125
2024-02-01 14:30:00-05:00,404.17999267578125,405.1099853515625,403.70001220703125,403.8699035644531
2024-02-01 15:30:00-05:00,403.8550109863281,404.30999755859375,402.94000244140625,403.79998779296875
2024-02-02 09:30:00-05:00,403.80999755859375,409.95001220703125,403.55999755859375,408.0718078613281
2024-02-02 10:30:00-05:00,408.0899963378906,409.1820983886719,406.8399963378906,407.9700012207031
2024-02-02 11:30:00-05:00,407.94500732421875,411.231689453125,407.94500732421875,411.1700134277344
2024-02-02 12:30:00-05:00,411.19000244140625,412.2699890136719,409.94000244140625,411.6000061035156
2024-02-02 13:30:00-05:00,411.5610046386719,412.2200012207031,410.70001220703125,411.70001220703125
2024-02-02 14:30:00-05:00,411.7200012207031,412.4200134277344,410.67498779296875,411.1000061035156
2024-02-02 15:30:00-05:00,411.1000061035156,412.6499938964844,410.7799987792969,411.1099853515625
2024-02-05 09:30:00-05:00,409.5,410.92999267578125,405.1300048828125,406.6170959472656
2024-02-05 10:30:00-05:00,406.6199951171875,406.9800109863281,403.989990234375,404.0899963378906
2024-02-05 11:30:00-05:00,404.1000061035156,406.489990234375,404.0909118652344,406.2699890136719
2024-02-05 12:30:00-05:00,406.2900085449219,406.79998779296875,404.5,405.1000061035156
2024-02-05 13:30:00-05:00,405.1199951171875,405.31500244140625,404.79998779296875,405.1099853515625
2024-02-05 14:30:00-05:00,405.1499938964844,406.05999755859375,404.6300048828125,405.45001220703125
2024-02-05 15:30:00-05:00,405.44000244140625,406.239990234375,404.45001220703125,405.6700134277344
2024-02-06 09:30:00-05:00,405.8800048828125,407.9700012207031,403.55999755859375,404.5799865722656
2024-02-06 10:30:00-05:00,404.55999755859375,405.1600036621094,403.95001220703125,404.1300048828125
2024-02-06 11:30:00-05:00,404.1199951171875,405.010009765625,403.2200012207031,404.1300048828125
2024-02-06 12:30:00-05:00,404.1400146484375,404.6099853515625,403.5513916015625,404.3299865722656
2024-02-06 13:30:00-05:00,404.3699951171875,404.80999755859375,402.9100036621094,403.4700012207031
2024-02-06 14:30:00-05:00,403.4844055175781,404.6000061035156,403.260009765625,404.4324951171875
2024-02-06 15:30:00-05:00,404.44000244140625,405.6099853515625,403.32000732421875,405.4700012207031
2024-02-07 09:30:00-05:00,407.44000244140625,411.9599914550781,407.3999938964844,411.94000244140625
2024-02-07 10:30:00-05:00,411.9700012207031,412.4299011230469,410.70001220703125,411.45001220703125
2024-02-07 11:30:00-05:00,411.4599914550781,412.3999938964844,411.0199890136719,411.82501220703125
2024-02-07 12:30:00-05:00,411.81298828125,412.6600036621094,411.17999267578125,412.57000732421875
2024-02-07 13:30:00-05:00,412.6000061035156,413.1600036621094,412.1300048828125,412.5849914550781
2024-02-07 14:30:00-05:00,412.6099853515625,413.29998779296875,412.4209899902344,413.0199890136719
2024-02-07 15:30:00-05:00,413.0299987792969,414.29998779296875,412.79998779296875,414.05999755859375
2024-02-08 09:30:00-05:00,414.04998779296875,415.55999755859375,413.1000061035156,413.67498779296875
2024-02-08 10:30:00-05:00,413.70001220703125,414.8999938964844,412.6099853515625,412.7001037597656
2024-02-08 11:30:00-05:00,412.67999267578125,413.4599914550781,412.6499938964844,413.2099914550781
2024-02-08 12:30:00-05:00,413.20001220703125,413.9700012207031,412.760009765625,413.80999755859375
2024-02-08 13:30:00-05:00,413.82000732421875,414.1400146484375,412.5299987792969,412.8450012207031
2024-02-08 14:30:00-05:00,412.8598937988281,414.0199890136719,412.67999267578125,413.8800048828125
2024-02-08 15:30:00-05:00,413.8999938964844,414.25,413.29998779296875,414.1499938964844
2024-02-09 09:30:00-05:00,415.25,418.8399963378906,415.0899963378906,418.8399963378906
2024-02-09 10:30:00-05:00,418.8500061035156,420.3900146484375,418.29998779296875,419.78271484375
2024-02-09 11:30:00-05:00,419.79998779296875,420.3900146484375,418.8900146484375,419.3999938964844
2024-02-09 12:30:00-05:00,419.3900146484375,420.010009765625,419.2099914550781,419.57501220703125
2024-02-09 13:30:00-05:00,419.5799865722656,420.239990234375,419.29998779296875,420.1000061035156
2024-02-09 14:30:00-05:00,420.1300048828125,420.3999938964844,419.79998779296875,420.2900085449219
2024-02-09 15:30:00-05:00,420.2699890136719,420.82000732421875,419.9800109863281,420.5899963378906
2024-02-12 09:30:00-05:00,420.55499267578125,420.739990234375,416.7699890136719,417.5885925292969
2024-02-12 10:30:00-05:00,417.6037902832031,419.25,417.4100036621094,418.79400634765625
2024-02-12 11:30:00-05:00,418.8057861328125,419.69000244140625,418.2699890136719,418.635009765625
2024-02-12 12:30:00-05:00,418.635009765625,419.17999267578125,418.1700134277344,418.2699890136719
2024-02-12 13:30:00-05:00,418.2799987792969,418.33221435546875,415.55999755859375,416.2049865722656
2024-02-12 14:30:00-05:00,416.1700134277344,416.260009765625,414.8299865722656,415.70001220703125
2024-02-12 15:30:00-05:00,415.7070007324219,415.8500061035156,414.75,415.25
2024-02-13 09:30:00-05:00,404.94000244140625,408.92999267578125,403.3900146484375,408.9100036621094
2024-02-13 10:30:00-05:00,408.8999938964844,410.0710144042969,408.2099914550781,408.8999938964844
2024-02-13 11:30:00-05:00,408.8800048828125,409.1700134277344,406.8699951171875,407.239990234375
2024-02-13 12:30:00-05:00,407.2449951171875,408.32000732421875,406.760009765625,407.45001220703125
2024-02-13 13:30:00-05:00,407.42999267578125,407.5299987792969,404.7300109863281,405.33990478515625
2024-02-13 14:30:00-05:00,405.29998779296875,405.82989501953125,404.55999755859375,405.3299865722656
2024-02-13 15:30:00-05:00,405.3699951171875,406.80999755859375,405.0199890136719,406.54998779296875
2024-02-14 09:30:00-05:00,408.07000732421875,408.7699890136719,404.57000732421875,406.8900146484375
2024-02-14 10:30:00-05:00,406.9200134277344,407.17999267578125,405.4700012207031,406.70001220703125
2024-02-14 11:30:00-05:00,406.70001220703125,407.1499938964844,405.0299987792969,407.1199951171875
2024-02-14 12:30:00-05:00,407.1199951171875,407.57000732421875,406.1099853515625,406.7200012207031
2024-02-14 13:30:00-05:00,406.75,407.82000732421875,405.92999267578125,406.8099060058594
2024-02-14 14:30:00-05:00,406.8299865722656,408.3399963378906,406.75,408.260009765625
2024-02-14 15:30:00-05:00,408.2900085449219,409.8399963378906,407.7799987792969,409.20001220703125
2024-02-15 09:30:00-05:00,408.1400146484375,409.1300048828125,404.70001220703125,404.8298034667969
2024-02-15 10:30:00-05:00,404.8699951171875,406.3550109863281,404.2900085449219,404.9599914550781
2024-02-15 11:30:00-05:00,404.9800109863281,405.8399963378906,404.32000732421875,405.80999755859375
2024-02-15 12:30:00-05:00,405.8299865722656,406.17999267578125,405.1300048828125,406.0249938964844
2024-02-15 13:30:00-05:00,406.04998779296875,406.260009765625,404.8399963378906,405.7300109863281
2024-02-15 14:30:00-05:00,405.739990234375,406.5,405.5400085449219,406.3800048828125
2024-02-15 15:30:00-05:00,406.3800048828125,407.20001220703125,405.5899963378906,406.6499938964844
2024-02-16 09:30:00-05:00,407.75,408.2900085449219,403.5299987792969,404.739990234375
2024-02-16 10:30:00-05:00,404.739990234375,406.5199890136719,404.1300048828125,405.74090576171875
2024-02-16 11:30:00-05:00,405.7799987792969,406.3500061035156,405.1600036621094,406.07000732421875
2024-02-16 12:30:00-05:00,406.05999755859375,406.2049865722656,404.7550048828125,405.125
2024-02-16 13:30:00-05:00,405.1400146484375,407.45001220703125,405.1000061035156,407.25
2024-02-16 14:30:00-05:00,407.2699890136719,407.3399963378906,404.2900085449219,404.42999267578125
2024-02-16 15:30:00-05:00,404.42999267578125,404.6600036621094,403.44000244140625,404.05999755859375
2024-02-20 09:30:00-05:00,403.42999267578125,404.489990234375,398.5899963378906,399.2200012207031
2024-02-20 10:30:00-05:00,399.2200012207031,402.17999267578125,398.010009765625,401.8599853515625
2024-02-20 11:30:00-05:00,401.8399963378906,401.8399963378906,398.9599914550781,399.04998779296875
2024-02-20 12:30:00-05:00,399.0400085449219,400.95001220703125,398.4800109863281,399.6600036621094
2024-02-20 13:30:00-05:00,399.6221008300781,401.14990234375,399.54998779296875,400.989990234375
2024-02-20 14:30:00-05:00,400.9700012207031,402.7799987792969,400.5799865722656,401.6606140136719
2024-02-20 15:30:00-05:00,401.69000244140625,402.989990234375,400.2300109863281,402.92999267578125
2024-02-21 09:30:00-05:00,399.3999938964844,400.4700012207031,397.2200012207031,399.4100036621094
2024-02-21 10:30:00-05:00,399.3800048828125,400.7099914550781,398.7300109863281,399.80999755859375
2024-02-21 11:30:00-05:00,399.80999755859375,400.1600036621094,399.0199890136719,399.2900085449219
2024-02-21 12:30:00-05:00,399.29998779296875,400.0,398.6099853515625,399.0350036621094
2024-02-21 13:30:00-05:00,399.0799865722656,399.9800109863281,398.1300964355469,398.6000061035156
2024-02-21 14:30:00-05:00,398.5299987792969,399.0,397.55999755859375,398.5799865722656
2024-02-21 15:30:00-05:00,398.6000061035156,402.2900085449219,398.6000061035156,402.1700134277344
2024-02-22 09:30:00-05:00,409.6099853515625,412.8299865722656,408.57000732421875,411.55999755859375
2024-02-22 10:30:00-05:00,411.54998779296875,412.2099914550781,409.30999755859375,409.760009765625
2024-02-22 11:30:00-05:00,409.7699890136719,410.1400146484375,408.6400146484375,409.54998779296875
2024-02-22 12:30:00-05:00,409.57000732421875,410.2349853515625,409.04998779296875,410.2049865722656
2024-02-22 13:30:00-05:00,410.2200012207031,411.6700134277344,410.1099853515625,411.6000061035156
2024-02-22 14:30:00-05:00,411.6099853515625,411.8399963378906,410.45001220703125,411.43798828125
2024-02-22 15:30:00-05:00,411.44000244140625,412.05999755859375,411.04998779296875,411.6300048828125
2024-02-23 09:30:00-05:00,415.6700134277344,415.8599853515625,412.30999755859375,412.9800109863281
2024-02-23 10:30:00-05:00,412.989990234375,412.989990234375,410.0899963378906,410.7300109863281
2024-02-23 11:30:00-05:00,410.7699890136719,410.8599853515625,409.05010986328125,409.4599914550781
2024-02-23 12:30:00-05:00,409.4549865722656,410.3699951171875,408.9700012207031,410.1099853515625
2024-02-23 13:30:00-05:00,410.1099853515625,410.5799865722656,409.75,409.8699951171875
2024-02-23 14:30:00-05:00,409.8900146484375,410.7799987792969,409.5299987792969,410.1199951171875
2024-02-23 15:30:00-05:00,410.135009765625,410.8500061035156,409.8399963378906,410.32000732421875
2024-02-26 09:30:00-05:00,411.5,412.1600036621094,408.29998779296875,409.3999938964844
2024-02-26 10:30:00-05:00,409.4399108886719,410.1000061035156,408.010009765625,408.3900146484375
2024-02-26 11:30:00-05:00,408.4049987792969,409.6000061035156,408.2900085449219,409.29998779296875
2024-02-26 12:30:00-05:00,409.2900085449219,409.5400085449219,408.510009765625,408.8800048828125
2024-02-26 13:30:00-05:00,408.8900146484375,409.4599914550781,408.29998779296875,409.2348937988281
2024-02-26 14:30:00-05:00,409.2300109863281,409.45001220703125,407.82000732421875,407.9798889160156
2024-02-26 15:30:00-05:00,407.9849853515625,408.20001220703125,407.3599853515625,407.4800109863281
2024-02-27 09:30:00-05:00,407.5,407.9800109863281,405.3999938964844,406.55999755859375
2024-02-27 10:30:00-05:00,406.526611328125,407.510009765625,405.260009765625,405.2749938964844
2024-02-27 11:30:00-05:00,405.2749938964844,406.1199951171875,404.69000244140625,404.8900146484375
2024-02-27 12:30:00-05:00,404.9200134277344,405.114990234375,403.8500061035156,404.5780029296875
2024-02-27 13:30:00-05:00,404.57000732421875,407.2300109863281,404.4386901855469,407.2099914550781
2024-02-27 14:30:00-05:00,407.2099914550781,407.45001220703125,406.05999755859375,406.9101867675781
2024-02-27 15:30:00-05:00,406.8900146484375,407.8500061035156,406.260009765625,407.54998779296875
2024-02-28 09:30:00-05:00,408.17498779296875,409.29998779296875,405.3200988769531,406.8800048828125
2024-02-28 10:30:00-05:00,406.88690185546875,407.80999755859375,406.3713073730469,407.6099853515625
2024-02-28 11:30:00-05:00,407.6499938964844,407.94000244140625,406.57000732421875,406.70001220703125
2024-02-28 12:30:00-05:00,406.70001220703125,407.3399963378906,406.010009765625,407.17999267578125
2024-02-28 13:30:00-05:00,407.20001220703125,407.7900085449219,406.7900085449219,406.80999755859375
2024-02-28 14:30:00-05:00,406.7900085449219,407.92999267578125,406.2099914550781,407.8994140625
2024-02-28 15:30:00-05:00,407.8800048828125,407.9849853515625,406.9800109863281,407.739990234375
2024-02-29 09:30:00-05:00,408.6099853515625,410.2049865722656,407.739990234375,408.3299865722656
2024-02-29 10:30:00-05:00,408.3599853515625,408.82000732421875,407.42999267578125,407.8299865722656
2024-02-29 11:30:00-05:00,407.7900085449219,408.3599853515625,405.9200134277344,407.8500061035156
2024-02-29 12:30:00-05:00,407.8699951171875,409.6199951171875,407.8503112792969,409.3500061035156
2024-02-29 13:30:00-05:00,409.3599853515625,410.2200012207031,409.0199890136719,409.489990234375
2024-02-29 14:30:00-05:00,409.4800109863281,410.6899108886719,409.28009033203125,410.6300048828125
2024-02-29 15:30:00-05:00,410.6300048828125,414.20001220703125,410.239990234375,413.4200134277344
2024-03-01 09:30:00-05:00,411.6650085449219,414.96820068359375,411.6199951171875,412.6000061035156
2024-03-01 10:30:00-05:00,412.6000061035156,413.44989013671875,411.6000061035156,413.1099853515625
2024-03-01 11:30:00-05:00,412.94000244140625,413.68499755859375,412.0,413.5299987792969
2024-03-01 12:30:00-05:00,413.5400085449219,415.1000061035156,413.1650085449219,414.91009521484375
2024-03-01 13:30:00-05:00,414.8999938964844,415.739990234375,414.6700134277344,415.5899963378906
2024-03-01 14:30:00-05:00,415.6000061035156,415.8699951171875,414.489990234375,415.7149963378906
2024-03-01 15:30:00-05:00,415.7149963378906,415.8299865722656,415.010009765625,415.55999755859375
2024-03-04 09:30:00-05:00,413.2322082519531,417.3500061035156,412.32000732421875,414.4700012207031
2024-03-04 10:30:00-05:00,414.4601135253906,415.92999267578125,414.3500061035156,415.8450012207031
2024-03-04 11:30:00-05:00,415.8699951171875,416.54998779296875,415.42999267578125,416.3599853515625
2024-03-04 12:30:00-05:00,416.3699951171875,416.4599914550781,414.8999938964844,415.6099853515625
2024-03-04 13:30:00-05:00,415.6300048828125,415.9100036621094,414.6000061035156,414.8800048828125
2024-03-04 14:30:00-05:00,414.9100036621094,415.80999755859375,414.5899963378906,415.23199462890625
2024-03-04 15:30:00-05:00,415.20001220703125,415.510009765625,414.5799865722656,414.8599853515625
2024-03-05 09:30:00-05:00,413.0,413.0,404.6700134277344,405.25
2024-03-05 10:30:00-05:00,405.239990234375,405.239990234375,402.1199951171875,404.8800048828125
2024-03-05 11:30:00-05:00,403.7200012207031,404.70001220703125,402.9263000488281,404.4150085449219
2024-03-05 12:30:00-05:00,404.44000244140625,404.57000732421875,402.1449890136719,402.6000061035156
2024-03-05 13:30:00-05:00,402.55999755859375,402.8500061035156,401.2491149902344,402.0950012207031
2024-03-05 14:30:00-05:00,402.1000061035156,402.260009765625,400.6400146484375,400.7699890136719
2024-03-05 15:30:00-05:00,400.7799987792969,402.8500061035156,400.74200439453125,402.8500061035156
2024-03-06 09:30:00-05:00,404.0,404.3900146484375,398.3900146484375,399.9397888183594
2024-03-06 10:30:00-05:00,399.9200134277344,403.489990234375,399.82000732421875,403.2200012207031
2024-03-06 11:30:00-05:00,403.25,405.1600036621094,402.9200134277344,404.5400085449219
2024-03-06 12:30:00-05:00,404.5299987792969,404.9800109863281,403.55999755859375,404.2699890136719
2024-03-06 13:30:00-05:00,404.29998779296875,404.44500732421875,401.35198974609375,402.8999938964844
2024-03-06 14:30:00-05:00,402.95361328125,403.2099914550781,400.4200134277344,400.9200134277344
2024-03-06 15:30:00-05:00,400.9844970703125,402.82000732421875,400.7099914550781,402.29998779296875
2024-03-07 09:30:00-05:00,406.1199951171875,406.760009765625,402.239990234375,406.42999267578125
2024-03-07 10:30:00-05:00,406.489990234375,408.3299865722656,405.7294006347656,408.0129089355469
2024-03-07 11:30:00-05:00,408.010009765625,408.80999755859375,407.5,408.1499938964844
2024-03-07 12:30:00-05:00,408.1300048828125,408.80999755859375,407.67999267578125,408.56500244140625
2024-03-07 13:30:00-05:00,408.57000732421875,409.7799987792969,408.3599853515625,408.94000244140625
2024-03-07 14:30:00-05:00,408.92999267578125,409.25,407.6600036621094,408.3599853515625
2024-03-07 15:30:00-05:00,408.3299865722656,409.5,408.22198486328125,409.0
2024-03-08 09:30:00-05:00,407.42999267578125,410.4200134277344,406.6300048828125,410.04998779296875
2024-03-08 10:30:00-05:00,410.07501220703125,410.1600036621094,407.40008544921875,408.0
2024-03-08 11:30:00-05:00,407.9100036621094,408.909912109375,406.5299987792969,408.0199890136719
2024-03-08 12:30:00-05:00,408.04998779296875,408.1099853515625,404.55010986328125,404.8900146484375
2024-03-08 13:30:00-05:00,404.79998779296875,406.57000732421875,404.3299865722656,406.364990234375
2024-03-08 14:30:00-05:00,406.3800048828125,407.7200012207031,405.6510009765625,405.739990234375
2024-03-08 15:30:00-05:00,405.7099914550781,406.75,405.4154968261719,406.1700134277344
2024-03-11 09:30:00-04:00,404.0,404.20001220703125,401.260009765625,402.82000732421875
2024-03-11 10:30:00-04:00,402.8500061035156,404.5899963378906,402.6000061035156,402.7099914550781
2024-03-11 11:30:00-04:00,402.760009765625,404.0199890136719,402.0899963378906,403.0299987792969
2024-03-11 12:30:00-04:00,403.05999755859375,404.6300048828125,402.9601135253906,404.5574951171875
2024-03-11 13:30:00-04:00,404.6000061035156,405.0,403.5,404.6650085449219
2024-03-11 14:30:00-04:00,404.69000244140625,405.67999267578125,404.29998779296875,404.8800048828125
2024-03-11 15:30:00-04:00,404.8900146484375,405.30999755859375,404.0899963378906,404.5799865722656
2024-03-12 09:30:00-04:00,407.6199951171875,413.42999267578125,406.7900085449219,413.20001220703125
2024-03-12 10:30:00-04:00,413.2200012207031,414.45001220703125,412.6199951171875,413.6000061035156
2024-03-12 11:30:00-04:00,413.6300048828125,414.2099914550781,412.55999755859375,413.239990234375
2024-03-12 12:30:00-04:00,413.25,414.0199890136719,411.6000061035156,413.631591796875
2024-03-12 13:30:00-04:00,413.6099853515625,415.2799987792969,413.5899963378906,415.2799987792969
2024-03-12 14:30:00-04:00,415.2749938964844,415.489990234375,414.16009521484375,415.19000244140625
2024-03-12 15:30:00-04:00,415.19000244140625,415.57000732421875,414.67999267578125,415.260009765625
2024-03-13 09:30:00-04:00,418.1000061035156,418.17999267578125,411.45001220703125,412.7998962402344
2024-03-13 10:30:00-04:00,412.75,415.2869873046875,412.67999267578125,414.260009765625
2024-03-13 11:30:00-04:00,414.239990234375,415.239990234375,413.739990234375,414.8900146484375
2024-03-13 12:30:00-04:00,414.94000244140625,416.10308837890625,414.6400146484375,415.45001220703125
2024-03-13 13:30:00-04:00,415.4700012207031,416.44000244140625,415.2200012207031,416.2998962402344
2024-03-13 14:30:00-04:00,416.29998779296875,416.6300048828125,413.9100036621094,414.54998779296875
2024-03-13 15:30:00-04:00,414.510009765625,416.0,414.3500061035156,415.2099914550781
2024-03-14 09:30:00-04:00,420.239990234375,426.0899963378906,417.989990234375,426.0813903808594
2024-03-14 10:30:00-04:00,426.0799865722656,427.82000732421875,424.55999755859375,426.7200012207031
2024-03-14 11:30:00-04:00,426.760009765625,426.9700012207031,423.6199951171875,424.989990234375
2024-03-14 12:30:00-04:00,425.010009765625,425.5799865722656,422.7101135253906,423.8399963378906
2024-03-14 13:30:00-04:00,423.7799987792969,426.8299865722656,423.2806091308594,426.1499938964844
2024-03-14 14:30:00-04:00,426.1300048828125,427.17999267578125,422.9212951660156,423.2699890136719
2024-03-14 15:30:00-04:00,423.2807922363281,425.5,422.6300048828125,425.489990234375
2024-03-15 09:30:00-04:00,419.2749938964844,422.6000061035156,415.760009765625,417.53009033203125
2024-03-15 10:30:00-04:00,417.5849914550781,419.29998779296875,416.1300048828125,416.8399963378906
2024-03-15 11:30:00-04:00,416.82000732421875,417.0,413.8299865722656,414.08880615234375
2024-03-15 12:30:00-04:00,414.0697021484375,414.6600036621094,412.7900085449219,414.1000061035156
2024-03-15 13:30:00-04:00,414.1000061035156,415.4599914550781,414.0633850097656,414.6195068359375
2024-03-15 14:30:00-04:00,414.6099853515625,417.02630615234375,414.5799865722656,416.7001037597656
2024-03-15 15:30:00-04:00,416.75,417.2799072265625,415.9800109863281,416.4219970703125
2024-03-18 09:30:00-04:00,414.2300109863281,420.7300109863281,413.7900085449219,419.68499755859375
2024-03-18 10:30:00-04:00,419.8299865722656,420.2799987792969,418.1300048828125,418.8999938964844
2024-03-18 11:30:00-04:00,418.8900146484375,419.55999755859375,417.67999267578125,419.1400146484375
2024-03-18 12:30:00-04:00,419.1300048828125,419.1300048828125,417.6099853515625,418.5899963378906
2024-03-18 13:30:00-04:00,418.6000061035156,419.3500061035156,417.1700134277344,419.3240051269531
2024-03-18 14:30:00-04:00,419.3004150390625,419.69500732421875,418.0199890136719,419.29998779296875
2024-03-18 15:30:00-04:00,419.2749938964844,419.54998779296875,416.92999267578125,417.3699951171875
2024-03-19 09:30:00-04:00,418.0400085449219,419.7300109863281,415.54998779296875,418.7799987792969
2024-03-19 10:30:00-04:00,418.739990234375,421.30499267578125,418.622314453125,421.07000732421875
2024-03-19 11:30:00-04:00,421.1000061035156,421.66558837890625,420.2846984863281,421.17498779296875
2024-03-19 12:30:00-04:00,421.20001220703125,421.6000061035156,420.1099853515625,420.7699890136719
2024-03-19 13:30:00-04:00,420.7900085449219,421.010009765625,419.1050109863281,419.489990234375
2024-03-19 14:30:00-04:00,419.5,420.0799865722656,419.0899963378906,419.7900085449219
2024-03-19 15:30:00-04:00,419.69000244140625,421.54998779296875,419.6000061035156,421.3800048828125
2024-03-20 09:30:00-04:00,422.25,422.82000732421875,420.8399963378906,422.1300048828125
2024-03-20 10:30:00-04:00,422.125,422.7900085449219,420.6600036621094,422.56500244140625
2024-03-20 11:30:00-04:00,422.54998779296875,423.1400146484375,421.70001220703125,423.0299987792969
2024-03-20 12:30:00-04:00,423.0,423.3800048828125,422.1099853515625,422.20001220703125
2024-03-20 13:30:00-04:00,422.2300109863281,424.92999267578125,421.0299987792969,424.8369140625
2024-03-20 14:30:00-04:00,424.9150085449219,425.9599914550781,423.1400146484375,425.3500061035156
2024-03-20 15:30:00-04:00,425.3999938964844,425.57501220703125,423.7099914550781,425.1700134277344
2024-03-21 09:30:00-04:00,429.8500061035156,430.81988525390625,427.9599914550781,428.0
2024-03-21 10:30:00-04:00,428.010009765625,429.0299987792969,427.1719970703125,428.0
2024-03-21 11:30:00-04:00,428.0,430.5350036621094,427.8500061035156,430.1400146484375
2024-03-21 12:30:00-04:00,430.17999267578125,430.4100036621094,428.9700012207031,429.1300048828125
2024-03-21 13:30:00-04:00,429.04998779296875,429.8399963378906,428.6300048828125,429.74749755859375
2024-03-21 14:30:00-04:00,429.7699890136719,429.9100036621094,428.760009765625,429.3550109863281
2024-03-21 15:30:00-04:00,429.3800048828125,429.92999267578125,429.07000732421875,429.3699951171875
2024-03-22 09:30:00-04:00,429.69000244140625,429.69000244140625,427.17999267578125,427.8399963378906
2024-03-22 10:30:00-04:00,427.90008544921875,428.30999755859375,426.4024963378906,426.489990234375
2024-03-22 11:30:00-04:00,426.5,427.4079895019531,426.07000732421875,427.05999755859375
2024-03-22 12:30:00-04:00,427.0899963378906,429.1000061035156,426.5899963378906,428.5
2024-03-22 13:30:00-04:00,428.4700012207031,429.8599853515625,428.3599853515625,429.68609619140625
2024-03-22 14:30:00-04:00,429.70001220703125,429.7799987792969,428.07000732421875,428.44000244140625
2024-03-22 15:30:00-04:00,428.44000244140625,429.70001220703125,428.3528137207031,428.67999267578125
2024-03-25 09:30:00-04:00,425.0,427.4100036621094,421.6148986816406,424.3399963378906
2024-03-25 10:30:00-04:00,424.375,425.32000732421875,424.1099853515625,424.63690185546875
2024-03-25 11:30:00-04:00,424.62939453125,425.2200012207031,424.2699890136719,424.5299987792969
2024-03-25 12:30:00-04:00,424.510009765625,424.6400146484375,423.7099914550781,423.7149963378906
2024-03-25 13:30:00-04:00,423.7099914550781,423.989990234375,423.0950012207031,423.83740234375
2024-03-25 14:30:00-04:00,423.8500061035156,424.3949890136719,423.67999267578125,423.75
2024-03-25 15:30:00-04:00,423.739990234375,423.89990234375,422.32000732421875,422.8900146484375
2024-03-26 09:30:00-04:00,425.5050048828125,425.9800109863281,422.8999938964844,424.4346923828125
2024-03-26 10:30:00-04:00,424.4100036621094,424.7099914550781,423.67999267578125,424.0
2024-03-26 11:30:00-04:00,424.0,425.06500244140625,423.3599853515625,423.6650085449219
2024-03-26 12:30:00-04:00,423.7200012207031,423.869384765625,422.20001220703125,422.7200012207031
2024-03-26 13:30:00-04:00,422.739990234375,423.09991455078125,422.5400085449219,422.92889404296875
2024-03-26 14:30:00-04:00,422.9200134277344,423.70001220703125,422.4599914550781,423.1099853515625
2024-03-26 15:30:00-04:00,423.1600036621094,423.17059326171875,421.3800048828125,421.8800048828125
2024-03-27 09:30:00-04:00,424.20001220703125,424.3999938964844,420.27349853515625,420.8057861328125
2024-03-27 10:30:00-04:00,420.7699890136719,421.3800048828125,419.6659851074219,419.69000244140625
2024-03-27 11:30:00-04:00,419.70001220703125,420.5400085449219,419.2799987792969,420.0299987792969
2024-03-27 12:30:00-04:00,420.04998779296875,420.4599914550781,419.30999755859375,420.0
2024-03-27 13:30:00-04:00,419.9949951171875,420.2900085449219,419.3800048828125,420.010009765625
2024-03-27 14:30:00-04:00,420.0400085449219,420.29998779296875,419.010009765625,420.20001220703125
2024-03-27 15:30:00-04:00,420.2099914550781,422.04998779296875,419.9549865722656,421.4700012207031
2024-03-28 09:30:00-04:00,421.04998779296875,421.7499084472656,419.1400146484375,420.55999755859375
2024-03-28 10:30:00-04:00,420.6199951171875,421.760009765625,420.4700012207031,420.92999267578125
2024-03-28 11:30:00-04:00,420.94000244140625,421.1347961425781,419.82000732421875,420.37249755859375
2024-03-28 12:30:00-04:00,420.3800048828125,420.3900146484375,419.7049865722656,420.04998779296875
2024-03-28 13:30:00-04:00,420.04998779296875,420.70001220703125,419.90008544921875,420.6099853515625
2024-03-28 14:30:00-04:00,420.6549987792969,421.6000061035156,420.1719970703125,421.2950134277344
2024-03-28 15:30:00-04:00,421.31500244140625,421.8699951171875,419.9200134277344,420.0299987792969
2024-04-01 09:30:00-04:00,423.94500732421875,427.8900146484375,423.17999267578125,424.80999755859375
2024-04-01 10:30:00-04:00,424.8399963378906,425.3599853515625,422.6400146484375,423.92999267578125
2024-04-01 11:30:00-04:00,423.94000244140625,424.8399963378906,423.1099853515625,423.7799987792969
2024-04-01 12:30:00-04:00,423.75,423.9750061035156,422.55999755859375,422.9849853515625
2024-04-01 13:30:00-04:00,423.04998779296875,423.18499755859375,422.2200012207031,422.93499755859375
2024-04-01 14:30:00-04:00,422.93499755859375,423.8500061035156,422.70001220703125,422.9601135253906
2024-04-01 15:30:00-04:00,422.9800109863281,425.1499938964844,422.9599914550781,424.5400085449219
2024-04-02 09:30:00-04:00,420.1579895019531,421.6400146484375,417.8420104980469,419.06500244140625
2024-04-02 10:30:00-04:00,418.9949951171875,421.2699890136719,418.9949951171875,420.9100036621094
2024-04-02 11:30:00-04:00,420.8949890136719,421.6300048828125,420.2799987792969,420.86138916015625
2024-04-02 12:30:00-04:00,420.8599853515625,422.05999755859375,420.57000732421875,421.9599914550781
2024-04-02 13:30:00-04:00,422.0,422.3800048828125,421.3500061035156,421.42999267578125
2024-04-02 14:30:00-04:00,421.45001220703125,422.1700134277344,421.0,421.6000061035156
2024-04-02 15:30:00-04:00,421.5950012207031,422.2099914550781,421.0899963378906,421.4599914550781
2024-04-03 09:30:00-04:00,419.9599914550781,422.8299865722656,419.0849914550781,422.6600036621094
2024-04-03 10:30:00-04:00,422.7300109863281,423.2200012207031,422.2799987792969,422.94000244140625
2024-04-03 11:30:00-04:00,422.92999267578125,423.25,421.8800048828125,422.760009765625
2024-04-03 12:30:00-04:00,422.7099914550781,422.8399963378906,421.3883056640625,422.32000732421875
2024-04-03 13:30:00-04:00,422.3599853515625,422.989990234375,422.2300109863281,422.7650146484375
2024-04-03 14:30:00-04:00,422.7099914550781,422.8299865722656,419.95001220703125,420.5299987792969
2024-04-03 15:30:00-04:00,420.5299987792969,421.6499938964844,419.79998779296875,420.489990234375
2024-04-04 09:30:00-04:00,424.989990234375,427.5799865722656,423.32000732421875,425.7200927734375
2024-04-04 10:30:00-04:00,425.70001220703125,426.79998779296875,425.1300048828125,426.5
2024-04-04 11:30:00-04:00,426.4800109863281,427.6700134277344,426.1510009765625,427.5299987792969
2024-04-04 12:30:00-04:00,427.54998779296875,428.6700134277344,427.44000244140625,427.7099914550781
2024-04-04 13:30:00-04:00,427.7200012207031,427.80999755859375,423.0,423.1600036621094
2024-04-04 14:30:00-04:00,423.0299987792969,423.07000732421875,419.5201110839844,419.6098937988281
2024-04-04 15:30:00-04:00,419.5799865722656,419.989990234375,417.57000732421875,417.8999938964844
2024-04-05 09:30:00-04:00,420.0,422.7099914550781,418.32000732421875,421.82501220703125
2024-04-05 10:30:00-04:00,421.8599853515625,424.3999938964844,421.239990234375,424.3800048828125
2024-04-05 11:30:00-04:00,424.32000732421875,426.28759765625,423.9671936035156,425.55999755859375
2024-04-05 12:30:00-04:00,425.6166076660156,426.489990234375,425.0299987792969,425.6499938964844
2024-04-05 13:30:00-04:00,425.6700134277344,425.9200134277344,423.3999938964844,424.2950134277344
2024-04-05 14:30:00-04:00,424.4100036621094,425.0849914550781,423.760009765625,424.8399963378906
2024-04-05 15:30:00-04:00,424.8399963378906,426.510009765625,424.8399963378906,425.3599853515625
2024-04-08 09:30:00-04:00,425.052001953125,426.7900085449219,423.29998779296875,426.70001220703125
2024-04-08 10:30:00-04:00,426.6600036621094,427.2799987792969,425.6099853515625,425.8399963378906
2024-04-08 11:30:00-04:00,425.82000732421875,425.82000732421875,423.3599853515625,424.20001220703125
2024-04-08 12:30:00-04:00,424.20001220703125,424.9599914550781,424.1000061035156,424.6000061035156
2024-04-08 13:30:00-04:00,424.6000061035156,424.9100036621094,423.6400146484375,424.68499755859375
2024-04-08 14:30:00-04:00,424.6820983886719,425.7900085449219,424.44000244140625,425.7699890136719
2024-04-08 15:30:00-04:00,425.7533874511719,426.2250061035156,424.4700012207031,424.6600036621094
2024-04-09 09:30:00-04:00,426.4599914550781,427.7300109863281,424.5299987792969,425.1700134277344
2024-04-09 10:30:00-04:00,425.20001220703125,425.20001220703125,421.6300048828125,422.9800109863281
2024-04-09 11:30:00-04:00,423.0050048828125,424.6282043457031,422.80999755859375,424.364990234375
2024-04-09 12:30:00-04:00,424.3699951171875,424.7099914550781,423.3999938964844,424.3500061035156
2024-04-09 13:30:00-04:00,424.3299865722656,424.79998779296875,423.42999267578125,423.5799865722656
2024-04-09 14:30:00-04:00,423.6099853515625,425.239990234375,422.4700012207031,425.1400146484375
2024-04-09 15:30:00-04:00,425.25,426.5,424.1499938964844,426.3290100097656
2024-04-10 09:30:00-04:00,422.2099914550781,424.0299987792969,420.3016052246094,420.6400146484375
2024-04-10 10:30:00-04:00,420.6400146484375,422.4800109863281,419.7099914550781,421.0
2024-04-10 11:30:00-04:00,421.0400085449219,421.1300048828125,419.760009765625,420.5350036621094
2024-04-10 12:30:00-04:00,420.5950012207031,422.8699951171875,419.9949951171875,421.7749938964844
2024-04-10 13:30:00-04:00,421.739990234375,422.6199951171875,420.2200012207031,421.69000244140625
2024-04-10 14:30:00-04:00,421.79998779296875,426.2799987792969,421.0299987792969,422.1099853515625
2024-04-10 15:30:00-04:00,422.1700134277344,423.7550048828125,421.2900085449219,423.1300048828125
2024-04-11 09:30:00-04:00,425.82000732421875,426.70001220703125,422.3599853515625,423.8099060058594
2024-04-11 10:30:00-04:00,423.70001220703125,424.9100036621094,423.57000732421875,424.24920654296875
2024-04-11 11:30:00-04:00,424.2300109863281,426.42999267578125,424.20001220703125,425.760009765625
2024-04-11 12:30:00-04:00,425.68499755859375,427.5,424.6300048828125,427.1600036621094
2024-04-11 13:30:00-04:00,427.17999267578125,429.1300048828125,426.95001220703125,428.8699951171875
2024-04-11 14:30:00-04:00,428.88031005859375,429.3699951171875,428.3800048828125,428.5899963378906
2024-04-11 15:30:00-04:00,428.54998779296875,428.94000244140625,427.7900085449219,427.8699951171875
2024-04-12 09:30:00-04:00,424.0,425.1794128417969,422.3169860839844,422.5299987792969
2024-04-12 10:30:00-04:00,422.489990234375,423.70001220703125,420.739990234375,423.6499938964844
2024-04-12 11:30:00-04:00,423.6700134277344,424.42999267578125,422.32000732421875,422.5950012207031
2024-04-12 12:30:00-04:00,422.614990234375,422.7749938964844,419.7699890136719,420.05999755859375
2024-04-12 13:30:00-04:00,420.0400085449219,422.1199951171875,419.7799987792969,421.8699951171875
2024-04-12 14:30:00-04:00,421.8817138671875,422.2099914550781,420.8450012207031,421.44000244140625
2024-04-12 15:30:00-04:00,421.4700012207031,422.2449951171875,421.1499938964844,422.1199951171875
2024-04-15 09:30:00-04:00,426.54998779296875,426.82000732421875,422.30999755859375,423.0899963378906
2024-04-15 10:30:00-04:00,423.1199951171875,423.6600036621094,421.9599914550781,422.7099914550781
2024-04-15 11:30:00-04:00,422.75,423.239990234375,420.5,420.6099853515625
2024-04-15 12:30:00-04:00,420.5976867675781,420.69000244140625,416.1000061035156,416.17498779296875
2024-04-15 13:30:00-04:00,416.1600036621094,416.19000244140625,413.9800109863281,414.70001220703125
2024-04-15 14:30:00-04:00,414.625,415.7699890136719,413.42999267578125,414.3999938964844
2024-04-15 15:30:00-04:00,414.4599914550781,414.7099914550781,413.489990234375,413.5799865722656
2024-04-16 09:30:00-04:00,414.4599914550781,417.644287109375,413.7301025390625,415.5199890136719
2024-04-16 10:30:00-04:00,415.3999938964844,417.05999755859375,415.0,416.7300109863281
2024-04-16 11:30:00-04:00,416.70001220703125,417.2799072265625,415.489990234375,416.05999755859375
2024-04-16 12:30:00-04:00,416.0249938964844,416.7900085449219,415.5799865722656,416.07000732421875
2024-04-16 13:30:00-04:00,416.1553955078125,418.3999938964844,414.6000061035156,415.0660095214844
2024-04-16 14:30:00-04:00,414.989990234375,417.6600036621094,414.9700012207031,416.9800109863281
2024-04-16 15:30:00-04:00,416.9649963378906,416.9649963378906,414.2200012207031,414.5
2024-04-17 09:30:00-04:00,417.5950012207031,418.8800048828125,414.5199890136719,415.8399963378906
2024-04-17 10:30:00-04:00,415.7914123535156,416.1000061035156,413.2900085449219,413.2950134277344
2024-04-17 11:30:00-04:00,413.2900085449219,414.760009765625,410.8800048828125,411.5
2024-04-17 12:30:00-04:00,411.489990234375,413.2300109863281,410.3299865722656,413.0
2024-04-17 13:30:00-04:00,412.9150085449219,413.2200012207031,411.9599914550781,412.69000244140625
2024-04-17 14:30:00-04:00,412.7300109863281,414.5,411.31500244140625,411.8999938964844
2024-04-17 15:30:00-04:00,411.8800048828125,413.1600036621094,411.510009765625,411.739990234375
2024-04-18 09:30:00-04:00,410.4849853515625,411.489990234375,407.0899963378906,407.94989013671875
2024-04-18 10:30:00-04:00,407.9130859375,411.6499938964844,407.8500061035156,410.68499755859375
2024-04-18 11:30:00-04:00,410.70001220703125,411.8800048828125,409.1499938964844,409.4585876464844
2024-04-18 12:30:00-04:00,409.45001220703125,409.5899963378906,406.3999938964844,407.5400085449219
2024-04-18 13:30:00-04:00,407.57000732421875,407.7099914550781,405.239990234375,405.760009765625
2024-04-18 14:30:00-04:00,405.80499267578125,406.1600036621094,404.79150390625,405.1400146484375
2024-04-18 15:30:00-04:00,405.17999267578125,405.67999267578125,404.0299987792969,404.1499938964844
2024-04-19 09:30:00-04:00,404.0299987792969,405.4800109863281,399.3999938964844,400.489990234375
2024-04-19 10:30:00-04:00,400.3999938964844,402.839111328125,400.2699890136719,401.3599853515625
2024-04-19 11:30:00-04:00,401.32000732421875,401.739990234375,398.2200012207031,398.2900085449219
2024-04-19 12:30:00-04:00,398.3299865722656,400.30999755859375,398.0610046386719,399.239990234375
2024-04-19 13:30:00-04:00,399.1700134277344,402.1499938964844,399.07000732421875,399.79998779296875
2024-04-19 14:30:00-04:00,399.7951965332031,400.3500061035156,398.45001220703125,399.3900146484375
2024-04-19 15:30:00-04:00,399.3900146484375,399.8500061035156,397.7699890136719,399.1099853515625
2024-04-22 09:30:00-04:00,400.18798828125,402.5,397.6000061035156,397.7650146484375
2024-04-22 10:30:00-04:00,397.79998779296875,399.1199951171875,395.75,397.989990234375
2024-04-22 11:30:00-04:00,397.989990234375,399.3599853515625,397.8999938964844,398.98651123046875
2024-04-22 12:30:00-04:00,398.95001220703125,399.92840576171875,398.5299987792969,399.92840576171875
2024-04-22 13:30:00-04:00,399.9100036621094,402.5799865722656,399.79998779296875,402.3900146484375
2024-04-22 14:30:00-04:00,402.3999938964844,402.8399963378906,401.3399963378906,401.4200134277344
2024-04-22 15:30:00-04:00,401.3800048828125,401.8999938964844,399.9700012207031,400.82000732421875
2024-04-23 09:30:00-04:00,404.25,407.79998779296875,403.05999755859375,407.3999938964844
2024-04-23 10:30:00-04:00,407.42999267578125,408.20001220703125,405.8399963378906,406.5799865722656
2024-04-23 11:30:00-04:00,406.6000061035156,407.6720886230469,406.17999267578125,407.3999938964844
2024-04-23 12:30:00-04:00,407.3900146484375,407.4700012207031,406.20001220703125,407.0393981933594
2024-04-23 13:30:00-04:00,407.0,407.8919982910156,406.95001220703125,407.4750061035156
2024-04-23 14:30:00-04:00,407.4750061035156,407.6299133300781,406.57000732421875,407.0299987792969
2024-04-23 15:30:00-04:00,407.0199890136719,407.7200012207031,406.7799987792969,407.4809875488281
2024-04-24 09:30:00-04:00,409.55999755859375,412.4599914550781,408.70001220703125,408.8900146484375
2024-04-24 10:30:00-04:00,408.8900146484375,409.6449890136719,408.07000732421875,408.1099853515625
2024-04-24 11:30:00-04:00,408.17999267578125,408.6199951171875,406.8800048828125,407.6199951171875
2024-04-24 12:30:00-04:00,407.57000732421875,408.7900085449219,406.7799987792969,408.7099914550781
2024-04-24 13:30:00-04:00,408.760009765625,410.1199951171875,408.4700012207031,408.6300048828125
2024-04-24 14:30:00-04:00,408.6400146484375,409.4993896484375,407.5400085449219,409.0899963378906
2024-04-24 15:30:00-04:00,409.1300048828125,409.64068603515625,408.7099914550781,408.8599853515625
2024-04-25 09:30:00-04:00,394.0899963378906,395.0,388.0354919433594,394.1050109863281
2024-04-25 10:30:00-04:00,394.07000732421875,394.39990234375,390.3999938964844,392.3992004394531
2024-04-25 11:30:00-04:00,392.3900146484375,394.7799987792969,391.79998779296875,394.45001220703125
2024-04-25 12:30:00-04:00,394.45001220703125,396.56500244140625,394.25,395.92999267578125
2024-04-25 13:30:00-04:00,395.9100036621094,399.6885070800781,395.760009765625,397.2300109863281
2024-04-25 14:30:00-04:00,397.2349853515625,399.2099914550781,396.0199890136719,399.2099914550781
2024-04-25 15:30:00-04:00,399.2149963378906,399.889892578125,397.989990234375,399.510009765625
2024-04-26 09:30:00-04:00,412.4100036621094,413.0,405.7601013183594,409.9100036621094
2024-04-26 10:30:00-04:00,409.9049987792969,412.0899963378906,408.30999755859375,408.8900146484375
2024-04-26 11:30:00-04:00,408.8900146484375,410.1099853515625,408.3299865722656,408.67999267578125
2024-04-26 12:30:00-04:00,408.67999267578125,409.7749938964844,408.1449890136719,409.3500061035156
2024-04-26 13:30:00-04:00,409.3699951171875,410.20001220703125,408.1199951171875,408.5423889160156
2024-04-26 14:30:00-04:00,408.5400085449219,409.69000244140625,408.0899963378906,409.6099853515625
2024-04-26 15:30:00-04:00,409.6099853515625,409.6600036621094,406.0899963378906,406.1400146484375
2024-04-29 09:30:00-04:00,404.6177978515625,406.32000732421875,399.19000244140625,401.1549987792969
2024-04-29 10:30:00-04:00,401.19000244140625,402.6300048828125,400.2900085449219,400.4649963378906
2024-04-29 11:30:00-04:00,400.4700012207031,401.3699951171875,400.1034851074219,401.20001220703125
2024-04-29 12:30:00-04:00,401.20001220703125,401.6795959472656,400.6300048828125,401.0299987792969
2024-04-29 13:30:00-04:00,401.0199890136719,402.1600036621094,400.8999938964844,401.11029052734375
2024-04-29 14:30:00-04:00,401.0899963378906,401.17999267578125,399.20001220703125,401.010009765625
2024-04-29 15:30:00-04:00,401.0150146484375,402.2799987792969,401.0,402.2099914550781
2024-04-30 09:30:00-04:00,401.489990234375,402.1502990722656,398.55999755859375,398.7900085449219
2024-04-30 10:30:00-04:00,398.7900085449219,399.67999267578125,396.6600036621094,396.79998779296875
2024-04-30 11:30:00-04:00,396.7799987792969,397.5820007324219,396.400390625,396.9100036621094
2024-04-30 12:30:00-04:00,396.92999267578125,396.92999267578125,394.79998779296875,395.42498779296875
2024-04-30 13:30:00-04:00,395.42999267578125,396.1099853515625,394.20001220703125,394.2149963378906
2024-04-30 14:30:00-04:00,394.2099914550781,394.6700134277344,393.20001220703125,393.70709228515625
2024-04-30 15:30:00-04:00,393.7099914550781,393.9700012207031,389.1700134277344,389.2749938964844
2024-05-01 09:30:00-04:00,392.44000244140625,394.29998779296875,390.30999755859375,393.625
2024-05-01 10:30:00-04:00,393.6600036621094,395.6260070800781,393.3966064453125,394.6037902832031
2024-05-01 11:30:00-04:00,394.5400085449219,394.9100036621094,392.6600036621094,393.6700134277344
2024-05-01 12:30:00-04:00,393.6600036621094,395.0320129394531,393.239990234375,394.9100036621094
2024-05-01 13:30:00-04:00,394.8999938964844,396.7408142089844,394.24359130859375,396.6300048828125
2024-05-01 14:30:00-04:00,396.6300048828125,401.71990966796875,395.3432922363281,400.8299865722656
2024-05-01 15:30:00-04:00,400.82000732421875,400.82000732421875,394.79998779296875,394.8999938964844
2024-05-02 09:30:00-04:00,397.6600036621094,399.92999267578125,394.8999938964844,396.2799987792969
2024-05-02 10:30:00-04:00,396.3143005371094,397.6099853515625,394.9150085449219,397.07000732421875
2024-05-02 11:30:00-04:00,397.0799865722656,397.44000244140625,395.1387023925781,395.70001220703125
2024-05-02 12:30:00-04:00,395.70001220703125,397.0799865722656,394.6514892578125,397.0199890136719
2024-05-02 13:30:00-04:00,396.9599914550781,397.7300109863281,396.0899963378906,397.5299987792969
2024-05-02 14:30:00-04:00,397.55999755859375,398.7099914550781,397.3699951171875,398.3299865722656
2024-05-02 15:30:00-04:00,398.30999755859375,398.4383850097656,397.1300048828125,397.94000244140625
2024-05-03 09:30:00-04:00,402.0,406.57989501953125,401.8599853515625,405.7200012207031
2024-05-03 10:30:00-04:00,405.7099914550781,406.44000244140625,404.739990234375,405.4100036621094
2024-05-03 11:30:00-04:00,405.4649963378906,406.67999267578125,405.4100036621094,406.1123962402344
2024-05-03 12:30:00-04:00,406.0799865722656,406.5299987792969,405.5400085449219,405.85931396484375
2024-05-03 13:30:00-04:00,405.80999755859375,406.57000732421875,405.5799865722656,406.3078918457031
2024-05-03 14:30:00-04:00,406.2699890136719,406.8699951171875,405.989990234375,406.5400085449219
2024-05-03 15:30:00-04:00,406.5369873046875,407.1499938964844,406.1099853515625,406.8399963378906
2024-05-06 09:30:00-04:00,408.70001220703125,409.4200134277344,406.4700012207031,408.19500732421875
2024-05-06 10:30:00-04:00,408.3500061035156,409.8999938964844,406.6600036621094,409.489990234375
2024-05-06 11:30:00-04:00,409.510009765625,410.2200012207031,409.3599853515625,410.010009765625
2024-05-06 12:30:00-04:00,410.010009765625,410.8299865722656,409.6499938964844,410.44500732421875
2024-05-06 13:30:00-04:00,410.3800048828125,412.45001220703125,410.3800048828125,412.239990234375
2024-05-06 14:30:00-04:00,412.260009765625,412.55999755859375,411.8800048828125,412.1600036621094
2024-05-06 15:30:00-04:00,412.1300048828125,413.9200134277344,411.79998779296875,413.6400146484375
2024-05-07 09:30:00-04:00,413.6099853515625,414.59991455078125,411.510009765625,411.7049865722656
2024-05-07 10:30:00-04:00,411.7099914550781,413.1697082519531,411.70001220703125,412.489990234375
2024-05-07 11:30:00-04:00,412.53021240234375,413.159912109375,412.1600036621094,412.3500061035156
2024-05-07 12:30:00-04:00,412.3841857910156,412.3962097167969,411.4219970703125,412.2650146484375
2024-05-07 13:30:00-04:00,412.239990234375,412.4299011230469,410.79998779296875,410.8999938964844
2024-05-07 14:30:00-04:00,410.8599853515625,410.9700012207031,409.80999755859375,409.93499755859375
2024-05-07 15:30:00-04:00,409.9750061035156,410.4700012207031,409.0899963378906,409.1700134277344
2024-05-08 09:30:00-04:00,407.67999267578125,410.9800109863281,406.71319580078125,410.739990234375
2024-05-08 10:30:00-04:00,410.75,412.2300109863281,410.360107421875,412.13299560546875
2024-05-08 11:30:00-04:00,412.1000061035156,412.2298889160156,411.2300109863281,411.4100036621094
2024-05-08 12:30:00-04:00,411.4700012207031,411.5199890136719,410.55499267578125,410.9601135253906
2024-05-08 13:30:00-04:00,411.0,411.9700012207031,410.92999267578125,411.2300109863281
2024-05-08 14:30:00-04:00,411.2749938964844,411.4700012207031,410.6476135253906,410.6549987792969
2024-05-08 15:30:00-04:00,410.6600036621094,410.94000244140625,409.8800048828125,410.4700012207031
2024-05-09 09:30:00-04:00,410.5899963378906,411.32000732421875,409.1000061035156,410.7250061035156
2024-05-09 10:30:00-04:00,410.75,412.5799865722656,410.739990234375,412.5097961425781
2024-05-09 11:30:00-04:00,412.5299987792969,412.7200012207031,410.95001220703125,411.0249938964844
2024-05-09 12:30:00-04:00,411.0226135253906,412.0798034667969,410.7001037597656,412.0096130371094
2024-05-09 13:30:00-04:00,412.0150146484375,412.1300048828125,411.29998779296875,411.8800048828125
2024-05-09 14:30:00-04:00,411.8700866699219,412.6000061035156,411.8351135253906,412.28021240234375
2024-05-09 15:30:00-04:00,412.239990234375,412.54998779296875,412.0,412.2900085449219
2024-05-10 09:30:00-04:00,412.989990234375,415.3800048828125,411.79998779296875,413.2200012207031
2024-05-10 10:30:00-04:00,413.30999755859375,414.0797119140625,412.7214050292969,413.80499267578125
2024-05-10 11:30:00-04:00,413.8299865722656,414.1199035644531,412.6499938964844,413.80999755859375
2024-05-10 12:30:00-04:00,413.80999755859375,414.6400146484375,413.739990234375,414.010009765625
2024-05-10 13:30:00-04:00,414.0299987792969,414.8500061035156,413.6199951171875,414.67999267578125
2024-05-10 14:30:00-04:00,414.69000244140625,415.1099853515625,414.1199951171875,414.7489929199219
2024-05-10 15:30:00-04:00,414.75,415.1300048828125,414.30999755859375,414.6400146484375
2024-05-13 09:30:00-04:00,418.3479919433594,418.3479919433594,410.82501220703125,413.1199951171875
2024-05-13 10:30:00-04:00,413.1199951171875,414.0400085449219,412.42950439453125,413.8550109863281
2024-05-13 11:30:00-04:00,413.8500061035156,415.3699951171875,413.3999938964844,415.2799987792969
2024-05-13 12:30:00-04:00,415.2900085449219,415.70001220703125,413.3299865722656,414.8006896972656
2024-05-13 13:30:00-04:00,414.8500061035156,415.2699890136719,413.9100036621094,414.4200134277344
2024-05-13 14:30:00-04:00,414.4649963378906,414.5,413.6510009765625,414.0450134277344
2024-05-13 15:30:00-04:00,414.0439147949219,414.2300109863281,413.3800048828125,413.75
2024-05-14 09:30:00-04:00,412.29998779296875,415.54998779296875,411.54998779296875,415.4800109863281
2024-05-14 10:30:00-04:00,415.510009765625,415.55999755859375,413.7806091308594,414.55999755859375
2024-05-14 11:30:00-04:00,414.5199890136719,414.5299987792969,412.1600036621094,412.2200012207031
2024-05-14 12:30:00-04:00,412.20001220703125,413.3399963378906,411.9302978515625,413.32000732421875
2024-05-14 13:30:00-04:00,413.3399963378906,415.3399963378906,413.2799987792969,415.17999267578125
2024-05-14 14:30:00-04:00,415.1852111816406,417.489990234375,415.0,416.95001220703125
2024-05-14 15:30:00-04:00,416.8999938964844,417.19000244140625,416.3999938964844,416.4200134277344
2024-05-15 09:30:00-04:00,417.8999938964844,420.45001220703125,417.2699890136719,419.3900146484375
2024-05-15 10:30:00-04:00,419.45001220703125,421.29998779296875,418.9800109863281,421.2550048828125
2024-05-15 11:30:00-04:00,421.2799987792969,422.0849914550781,420.69000244140625,421.42999267578125
2024-05-15 12:30:00-04:00,421.4200134277344,422.6099853515625,421.1000061035156,422.57000732421875
2024-05-15 13:30:00-04:00,422.5509948730469,423.6700134277344,422.239990234375,423.5400085449219
2024-05-15 14:30:00-04:00,423.5799865722656,423.80999755859375,423.05999755859375,423.4100036621094
2024-05-15 15:30:00-04:00,423.3999938964844,423.57000732421875,422.55999755859375,423.1499938964844
2024-05-16 09:30:00-04:00,421.8999938964844,425.4200134277344,421.7699890136719,423.8550109863281
2024-05-16 10:30:00-04:00,423.95001220703125,424.760009765625,423.07501220703125,424.125
2024-05-16 11:30:00-04:00,424.1400146484375,424.80999755859375,422.1300048828125,422.3949890136719
2024-05-16 12:30:00-04:00,422.42999267578125,422.80499267578125,421.7300109863281,421.9200134277344
2024-05-16 13:30:00-04:00,421.92498779296875,422.4100036621094,421.3999938964844,421.6499938964844
2024-05-16 14:30:00-04:00,421.625,422.30999755859375,421.5199890136719,421.6300048828125
2024-05-16 15:30:00-04:00,421.6199951171875,421.7637023925781,420.3500061035156,420.92999267578125
2024-05-17 09:30:00-04:00,422.1700134277344,422.9200134277344,418.0249938964844,419.7250061035156
2024-05-17 10:30:00-04:00,419.72039794921875,420.4800109863281,418.4049987792969,419.55999755859375
2024-05-17 11:30:00-04:00,419.6167907714844,419.7200012207031,419.1390075683594,419.3320007324219
2024-05-17 12:30:00-04:00,419.3222961425781,419.375,418.3299865722656,419.08990478515625
2024-05-17 13:30:00-04:00,419.1000061035156,419.6199951171875,418.1300048828125,418.74029541015625
2024-05-17 14:30:00-04:00,418.7099914550781,420.2900085449219,418.70001220703125,420.1650085449219
2024-05-17 15:30:00-04:00,420.1499938964844,420.4200134277344,419.4700012207031,420.239990234375
2024-05-20 09:30:00-04:00,420.0,426.75,419.989990234375,424.9100036621094
2024-05-20 10:30:00-04:00,424.92999267578125,425.67999267578125,423.7200012207031,424.4800109863281
2024-05-20 11:30:00-04:00,424.4960021972656,425.1199951171875,424.4599914550781,425.0799865722656
2024-05-20 12:30:00-04:00,425.0400085449219,425.8299865722656,424.3900146484375,424.69000244140625
2024-05-20 13:30:00-04:00,424.69000244140625,425.04998779296875,423.8500061035156,424.93499755859375
2024-05-20 14:30:00-04:00,424.9200134277344,425.1000061035156,424.2200012207031,424.9599914550781
2024-05-20 15:30:00-04:00,424.9599914550781,425.4800109863281,424.43701171875,425.42999267578125
2024-05-21 09:30:00-04:00,426.82501220703125,428.82000732421875,424.8500061035156,428.7699890136719
2024-05-21 10:30:00-04:00,428.7900085449219,430.4800109863281,428.6099853515625,429.6700134277344
2024-05-21 11:30:00-04:00,429.6499938964844,432.9700012207031,429.4757080078125,430.510009765625
2024-05-21 12:30:00-04:00,430.5,430.5599060058594,429.35009765625,430.2956848144531
2024-05-21 13:30:00-04:00,430.29998779296875,430.91448974609375,429.2099914550781,429.29998779296875
2024-05-21 14:30:00-04:00,429.32000732421875,429.8900146484375,428.70001220703125,428.92999267578125
2024-05-21 15:30:00-04:00,428.9150085449219,430.07000732421875,428.75,429.07000732421875
2024-05-22 09:30:00-04:00,430.0899963378906,432.4100036621094,430.0299987792969,431.9100036621094
2024-05-22 10:30:00-04:00,431.8999938964844,432.1499938964844,430.6000061035156,431.2699890136719
2024-05-22 11:30:00-04:00,431.260009765625,431.32000732421875,429.7699890136719,429.85888671875
2024-05-22 12:30:00-04:00,429.8799133300781,430.7427062988281,429.3900146484375,430.6328125
2024-05-22 13:30:00-04:00,430.5899963378906,430.59991455078125,427.67999267578125,427.80499267578125
2024-05-22 14:30:00-04:00,427.7699890136719,428.4200134277344,427.1300048828125,428.17999267578125
2024-05-22 15:30:00-04:00,428.1700134277344,430.6300048828125,427.5299987792969,430.54998779296875
2024-05-23 09:30:00-04:00,433.0,433.6000061035156,429.7900085449219,431.6700134277344
2024-05-23 10:30:00-04:00,431.70001220703125,432.75,430.6000061035156,431.864990234375
2024-05-23 11:30:00-04:00,431.92498779296875,432.1199951171875,431.1499938964844,432.05450439453125
2024-05-23 12:30:00-04:00,432.0400085449219,432.1000061035156,429.6099853515625,430.10211181640625
2024-05-23 13:30:00-04:00,430.1000061035156,430.1000061035156,426.80999755859375,427.08050537109375
2024-05-23 14:30:00-04:00,426.9800109863281,427.239990234375,425.42401123046875,425.9700012207031
2024-05-23 15:30:00-04:00,425.9750061035156,427.3399963378906,425.8599853515625,427.1499938964844
2024-05-24 09:30:00-04:00,427.2099914550781,427.4100036621094,424.4100036621094,427.010009765625
2024-05-24 10:30:00-04:00,427.02789306640625,429.6600036621094,426.8699951171875,429.25
2024-05-24 11:30:00-04:00,429.2900085449219,430.33209228515625,428.8599853515625,430.1099853515625
2024-05-24 12:30:00-04:00,430.1300048828125,430.4700012207031,429.3500061035156,430.2699890136719
2024-05-24 13:30:00-04:00,430.239990234375,431.05499267578125,429.82000732421875,430.409912109375
2024-05-24 14:30:00-04:00,430.3949890136719,430.5242004394531,429.1600036621094,429.82000732421875
2024-05-24 15:30:00-04:00,429.82000732421875,430.4403076171875,429.5299987792969,430.1300048828125
2024-05-28 09:30:00-04:00,429.8500061035156,430.82000732421875,426.62799072265625,428.45001220703125
2024-05-28 10:30:00-04:00,428.3800048828125,429.32000732421875,427.7701110839844,428.44000244140625
2024-05-28 11:30:00-04:00,428.4599914550781,428.9482116699219,427.9800109863281,428.9100036621094
2024-05-28 12:30:00-04:00,428.8900146484375,429.31781005859375,428.4100036621094,429.0599060058594
2024-05-28 13:30:00-04:00,429.0350036621094,429.3500061035156,428.42498779296875,428.7200012207031
2024-05-28 14:30:00-04:00,428.7200012207031,429.5899963378906,427.9200134277344,428.8299865722656
2024-05-28 15:30:00-04:00,428.82000732421875,430.4599914550781,428.52978515625,430.32000732421875
2024-05-29 09:30:00-04:00,425.82000732421875,430.4100036621094,425.75,430.1400146484375
2024-05-29 10:30:00-04:00,430.1700134277344,430.69000244140625,428.67999267578125,429.239990234375
2024-05-29 11:30:00-04:00,429.260009765625,430.4049987792969,429.0400085449219,430.2799987792969
2024-05-29 12:30:00-04:00,430.2799987792969,430.94000244140625,429.69000244140625,430.1935119628906
2024-05-29 13:30:00-04:00,430.1495056152344,430.54998779296875,429.5400085449219,430.1050109863281
2024-05-29 14:30:00-04:00,430.04998779296875,430.38470458984375,429.32000732421875,430.0
2024-05-29 15:30:00-04:00,429.9800109863281,429.9800109863281,428.5799865722656,429.510009765625
2024-05-30 09:30:00-04:00,424.0419921875,424.19000244140625,417.75,420.2699890136719
2024-05-30 10:30:00-04:00,420.2699890136719,420.3299865722656,417.6000061035156,419.1499938964844
2024-05-30 11:30:00-04:00,419.1499938964844,420.2699890136719,419.0,419.135009765625
2024-05-30 12:30:00-04:00,419.1449890136719,420.239990234375,419.05999755859375,419.5450134277344
2024-05-30 13:30:00-04:00,419.55999755859375,419.6600036621094,417.95001220703125,418.1449890136719
2024-05-30 14:30:00-04:00,418.1199951171875,418.3699951171875,416.30999755859375,416.7084045410156
2024-05-30 15:30:00-04:00,416.7300109863281,416.8500061035156,414.239990234375,414.6400146484375
2024-05-31 09:30:00-04:00,416.4100036621094,416.6300048828125,410.04998779296875,410.19000244140625
2024-05-31 10:30:00-04:00,410.1499938964844,410.2300109863281,406.05999755859375,406.8299865722656
2024-05-31 11:30:00-04:00,406.7900085449219,407.2300109863281,404.5199890136719,405.4599914550781
2024-05-31 12:30:00-04:00,405.45001220703125,407.0799865722656,404.8699951171875,406.6099853515625
2024-05-31 13:30:00-04:00,406.614990234375,406.8599853515625,405.29998779296875,405.4125061035156
2024-05-31 14:30:00-04:00,405.4100036621094,407.92999267578125,405.2200012207031,407.3299865722656
2024-05-31 15:30:00-04:00,407.2699890136719,415.7300109863281,406.7799987792969,415.3074951171875
2024-06-03 09:30:00-04:00,415.5799865722656,416.4100036621094,412.69000244140625,414.1499938964844
2024-06-03 10:30:00-04:00,414.0799865722656,415.0400085449219,411.25,412.4624938964844
2024-06-03 11:30:00-04:00,412.44000244140625,412.79998779296875,408.92340087890625,409.0899963378906
2024-06-03 12:30:00-04:00,409.1000061035156,410.9700012207031,408.92999267578125,410.9100036621094
2024-06-03 13:30:00-04:00,410.9100036621094,412.3999938964844,410.6400146484375,410.7998962402344
2024-06-03 14:30:00-04:00,410.9599914550781,412.25,410.67999267578125,411.8299865722656
2024-06-03 15:30:00-04:00,411.8800048828125,413.7099914550781,411.33740234375,413.6499938964844
2024-06-04 09:30:00-04:00,412.0799865722656,412.79888916015625,409.67498779296875,412.54998779296875
2024-06-04 10:30:00-04:00,412.5400085449219,413.42999267578125,411.5,412.20989990234375
2024-06-04 11:30:00-04:00,412.1199951171875,412.59271240234375,411.6099853515625,412.39990234375
2024-06-04 12:30:00-04:00,412.3500061035156,413.54998779296875,412.260009765625,413.4700012207031
2024-06-04 13:30:00-04:00,413.5,415.3699951171875,412.9159851074219,415.21038818359375
2024-06-04 14:30:00-04:00,415.25,415.2900085449219,412.9700012207031,414.2699890136719
2024-06-04 15:30:00-04:00,414.32000732421875,416.44000244140625,413.9700012207031,416.07000732421875
2024-06-05 09:30:00-04:00,417.80999755859375,418.6650085449219,416.29998779296875,418.1000061035156
2024-06-05 10:30:00-04:00,418.17999267578125,420.8299865722656,418.17999267578125,420.54998779296875
2024-06-05 11:30:00-04:00,420.5899963378906,421.73980712890625,420.11419677734375,421.6700134277344
2024-06-05 12:30:00-04:00,421.63751220703125,423.3500061035156,421.5899963378906,422.860107421875
2024-06-05 13:30:00-04:00,422.885009765625,423.32501220703125,422.4200134277344,423.010009765625
2024-06-05 14:30:00-04:00,423.0119934082031,423.6199951171875,422.75,422.7900085449219
2024-06-05 15:30:00-04:00,422.7749938964844,424.0799865722656,422.1199951171875,424.0400085449219
2024-06-06 09:30:00-04:00,424.0,425.30999755859375,422.5899963378906,423.44000244140625
2024-06-06 10:30:00-04:00,423.3949890136719,423.4800109863281,421.29998779296875,421.3999938964844
2024-06-06 11:30:00-04:00,421.364990234375,423.17999267578125,420.5799865722656,422.9800109863281
2024-06-06 12:30:00-04:00,423.0350036621094,423.5299987792969,422.3999938964844,423.0950012207031
2024-06-06 13:30:00-04:00,423.1000061035156,423.4700012207031,422.0199890136719,423.2898864746094
2024-06-06 14:30:00-04:00,423.2900085449219,423.7200012207031,422.80999755859375,423.6400146484375
2024-06-06 15:30:00-04:00,423.6400146484375,424.70001220703125,423.260009765625,424.489990234375
2024-06-07 09:30:00-04:00,426.20001220703125,426.20001220703125,423.7850036621094,424.1000061035156
2024-06-07 10:30:00-04:00,424.0400085449219,425.8800048828125,423.6700134277344,425.0
2024-06-07 11:30:00-04:00,425.0,425.5150146484375,424.5799865722656,425.260009765625
2024-06-07 12:30:00-04:00,425.2699890136719,426.2799987792969,424.54998779296875,425.7950134277344
2024-06-07 13:30:00-04:00,425.8399963378906,426.2300109863281,423.7200012207031,424.8900146484375
2024-06-07 14:30:00-04:00,424.8999938964844,425.1741027832031,423.45001220703125,424.3599853515625
2024-06-07 15:30:00-04:00,424.32000732421875,424.510009765625,423.04998779296875,423.82000732421875
2024-06-10 09:30:00-04:00,424.7300109863281,427.8396911621094,423.8900146484375,427.29998779296875
2024-06-10 10:30:00-04:00,427.2850036621094,427.3599853515625,426.1698913574219,426.90008544921875
2024-06-10 11:30:00-04:00,426.9700012207031,427.6700134277344,426.3190002441406,426.4800109863281
2024-06-10 12:30:00-04:00,426.4700012207031,426.489990234375,425.5,425.7228088378906
2024-06-10 13:30:00-04:00,425.70001220703125,426.9590148925781,425.4997863769531,426.3500061035156
2024-06-10 14:30:00-04:00,426.3599853515625,428.0400085449219,426.05999755859375,426.9599914550781
2024-06-10 15:30:00-04:00,426.9549865722656,428.05999755859375,426.5799865722656,427.8699951171875
2024-06-11 09:30:00-04:00,425.7799987792969,427.4200134277344,425.25,427.3399963378906
2024-06-11 10:30:00-04:00,427.3500061035156,428.3800048828125,427.17999267578125,428.05999755859375
2024-06-11 11:30:00-04:00,428.0400085449219,428.7900085449219,427.3500061035156,427.5899963378906
2024-06-11 12:30:00-04:00,427.54998779296875,429.0107116699219,427.2059020996094,428.2300109863281
2024-06-11 13:30:00-04:00,428.2149963378906,430.6400146484375,428.20001220703125,430.57000732421875
2024-06-11 14:30:00-04:00,430.56500244140625,431.9599914550781,430.3399963378906,431.4949951171875
2024-06-11 15:30:00-04:00,431.4750061035156,432.82000732421875,430.7799987792969,432.6600036621094
2024-06-12 09:30:00-04:00,435.32000732421875,438.54998779296875,433.25,437.8349914550781
2024-06-12 10:30:00-04:00,437.8399963378906,438.6000061035156,437.0299987792969,438.2300109863281
2024-06-12 11:30:00-04:00,438.260009765625,439.5299987792969,438.0299987792969,438.3800048828125
2024-06-12 12:30:00-04:00,438.4100036621094,440.4200134277344,438.05999755859375,439.80621337890625
2024-06-12 13:30:00-04:00,439.7950134277344,440.6099853515625,437.8599853515625,439.3399963378906
2024-06-12 14:30:00-04:00,439.3500061035156,443.3999938964844,438.42999267578125,440.239990234375
2024-06-12 15:30:00-04:00,440.260009765625,442.2799987792969,439.6400146484375,441.0
2024-06-13 09:30:00-04:00,440.3299865722656,443.05999755859375,439.3699951171875,441.9549865722656
2024-06-13 10:30:00-04:00,441.92999267578125,443.32000732421875,441.7449951171875,442.989990234375
2024-06-13 11:30:00-04:00,442.98419189453125,443.3900146484375,439.80499267578125,439.94000244140625
2024-06-13 12:30:00-04:00,439.8900146484375,441.8999938964844,439.6603088378906,441.20001220703125
2024-06-13 13:30:00-04:00,441.2099914550781,441.5,440.375,441.1099853515625
2024-06-13 14:30:00-04:00,441.1199951171875,441.2900085449219,440.21099853515625,440.9150085449219
2024-06-13 15:30:00-04:00,440.8999938964844,442.1300048828125,440.8399963378906,441.3999938964844
2024-06-14 09:30:00-04:00,438.4200134277344,442.1773986816406,436.72100830078125,441.32989501953125
2024-06-14 10:30:00-04:00,441.3399963378906,442.9700012207031,440.67999267578125,441.9200134277344
2024-06-14 11:30:00-04:00,441.92498779296875,443.1376037597656,441.0194091796875,442.5950012207031
2024-06-14 12:30:00-04:00,442.6300048828125,442.7499084472656,441.82000732421875,442.55999755859375
2024-06-14 13:30:00-04:00,442.55999755859375,443.010009765625,441.5899963378906,442.3599853515625
2024-06-14 14:30:00-04:00,442.3800048828125,442.70001220703125,441.6300048828125,442.17999267578125
2024-06-14 15:30:00-04:00,442.17999267578125,442.7200012207031,441.5,442.54998779296875
2024-06-17 09:30:00-04:00,442.44000244140625,444.2799987792969,440.7200012207031,442.8385009765625
2024-06-17 10:30:00-04:00,442.8399963378906,445.20001220703125,441.7701110839844,443.95001220703125
2024-06-17 11:30:00-04:00,443.9700012207031,445.4100036621094,443.6300048828125,445.3999938964844
2024-06-17 12:30:00-04:00,445.4049987792969,447.98651123046875,445.0304870605469,447.9100036621094
2024-06-17 13:30:00-04:00,447.9200134277344,450.69000244140625,447.79998779296875,449.42999267578125
2024-06-17 14:30:00-04:00,449.44000244140625,450.9280090332031,448.57000732421875,450.6029968261719
2024-06-17 15:30:00-04:00,450.6000061035156,450.614990234375,448.0849914550781,448.3900146484375
2024-06-18 09:30:00-04:00,449.7200012207031,450.1400146484375,446.42889404296875,446.9100036621094
2024-06-18 10:30:00-04:00,446.94000244140625,447.07000732421875,444.8900146484375,445.8999938964844
2024-06-18 11:30:00-04:00,445.8599853515625,447.69000244140625,445.7001037597656,446.95001220703125
2024-06-18 12:30:00-04:00,446.9700012207031,447.7799987792969,446.6099853515625,447.760009765625
2024-06-18 13:30:00-04:00,447.7799987792969,447.8999938964844,445.6300048828125,445.9049987792969
2024-06-18 14:30:00-04:00,445.8900146484375,446.45001220703125,445.1700134277344,446.2900085449219
2024-06-18 15:30:00-04:00,446.2900085449219,446.9100036621094,446.0799865722656,446.4200134277344
2024-06-20 09:30:00-04:00,446.29998779296875,446.5299987792969,441.2799987792969,442.6099853515625
2024-06-20 10:30:00-04:00,442.6099853515625,444.2850036621094,442.4599914550781,444.1828918457031
2024-06-20 11:30:00-04:00,444.1650085449219,445.82000732421875,443.5400085449219,443.5400085449219
2024-06-20 12:30:00-04:00,443.5,445.4700012207031,442.9599914550781,444.70001220703125
2024-06-20 13:30:00-04:00,444.69000244140625,445.2200012207031,443.9200134277344,444.9634094238281
2024-06-20 14:30:00-04:00,444.9800109863281,445.2799987792969,443.8038024902344,445.0932922363281
2024-06-20 15:30:00-04:00,445.1000061035156,446.0400085449219,444.2099914550781,445.7850036621094
2024-06-21 09:30:00-04:00,447.135009765625,450.389892578125,446.57000732421875,447.114990234375
2024-06-21 10:30:00-04:00,447.17999267578125,448.4526062011719,446.510009765625,447.64068603515625
2024-06-21 11:30:00-04:00,447.6549987792969,449.5856018066406,447.5,449.5
2024-06-21 12:30:00-04:00,449.5199890136719,449.7799987792969,448.41009521484375,448.5849914550781
2024-06-21 13:30:00-04:00,448.5,449.3999938964844,448.0899963378906,449.25048828125
2024-06-21 14:30:00-04:00,449.25,449.4800109863281,448.5899963378906,448.6449890136719
2024-06-21 15:30:00-04:00,448.6600036621094,450.54998779296875,448.5299987792969,449.7799987792969
2024-06-24 09:30:00-04:00,449.79998779296875,452.75,446.4100036621094,449.95001220703125
2024-06-24 10:30:00-04:00,449.8599853515625,450.7320861816406,448.1700134277344,449.989990234375
2024-06-24 11:30:00-04:00,450.06500244140625,450.4599914550781,449.0799865722656,449.5199890136719
2024-06-24 12:30:00-04:00,449.45001220703125,449.8500061035156,448.43670654296875,448.6600036621094
2024-06-24 13:30:00-04:00,448.6499938964844,448.9599914550781,447.7200012207031,448.135009765625
2024-06-24 14:30:00-04:00,448.19500732421875,448.70001220703125,447.8699951171875,448.2699890136719
2024-06-24 15:30:00-04:00,448.2699890136719,448.70001220703125,447.3299865722656,447.6099853515625
2024-06-25 09:30:00-04:00,448.0299987792969,449.3999938964844,446.75,448.94000244140625
2024-06-25 10:30:00-04:00,448.9700012207031,450.1199951171875,448.5400085449219,449.510009765625
2024-06-25 11:30:00-04:00,449.4949951171875,450.29998779296875,448.92999267578125,449.3599853515625
2024-06-25 12:30:00-04:00,449.385009765625,449.75,448.7200012207031,449.55999755859375
2024-06-25 13:30:00-04:00,449.510009765625,450.2900085449219,449.3500061035156,450.2699890136719
2024-06-25 14:30:00-04:00,450.29998779296875,450.7300109863281,449.5899963378906,450.7300109863281
2024-06-25 15:30:00-04:00,450.69000244140625,451.4200134277344,450.07000732421875,450.8599853515625
2024-06-26 09:30:00-04:00,448.9949951171875,451.6899108886719,448.19000244140625,450.9400939941406
2024-06-26 10:30:00-04:00,451.010009765625,453.5885009765625,450.9949951171875,453.0707092285156
2024-06-26 11:30:00-04:00,453.1000061035156,453.57000732421875,452.20001220703125,452.7300109863281
2024-06-26 12:30:00-04:00,452.7250061035156,453.1099853515625,451.34991455078125,451.8301086425781
2024-06-26 13:30:00-04:00,451.80999755859375,452.1830139160156,451.32000732421875,451.5683898925781
2024-06-26 14:30:00-04:00,451.5799865722656,452.05999755859375,450.8699951171875,451.42999267578125
2024-06-26 15:30:00-04:00,451.4049987792969,452.5899963378906,450.8800048828125,452.1199951171875
2024-06-27 09:30:00-04:00,452.1499938964844,456.1600036621094,451.7699890136719,456.04998779296875
2024-06-27 10:30:00-04:00,456.07000732421875,456.07000732421875,454.26800537109375,454.67999267578125
2024-06-27 11:30:00-04:00,454.67999267578125,454.67999267578125,452.8699951171875,454.15020751953125
2024-06-27 12:30:00-04:00,454.1499938964844,454.20001220703125,453.2799987792969,454.00421142578125
2024-06-27 13:30:00-04:00,454.02099609375,454.5492858886719,452.6134948730469,452.8699951171875
2024-06-27 14:30:00-04:00,452.9100036621094,453.1600036621094,451.8800048828125,452.31500244140625
2024-06-27 15:30:00-04:00,452.2900085449219,453.2200012207031,452.20001220703125,452.8599853515625
2024-06-28 09:30:00-04:00,453.06500244140625,455.3800048828125,451.6050109863281,454.1900939941406
2024-06-28 10:30:00-04:00,454.2041931152344,455.1600036621094,452.510009765625,452.9700012207031
2024-06-28 11:30:00-04:00,452.95001220703125,454.05999755859375,452.18499755859375,452.875
2024-06-28 12:30:00-04:00,452.82000732421875,454.19000244140625,452.1400146484375,453.5
2024-06-28 13:30:00-04:00,453.54998779296875,454.12969970703125,452.79998779296875,452.82000732421875
2024-06-28 14:30:00-04:00,452.8500061035156,453.32000732421875,452.260009765625,452.760009765625
2024-06-28 15:30:00-04:00,452.760009765625,453.1449890136719,446.4100036621094,447.69000244140625
2024-07-01 09:30:00-04:00,448.6099853515625,451.510009765625,445.6600036621094,451.5
2024-07-01 10:30:00-04:00,451.4949951171875,452.377197265625,450.19000244140625,451.9700012207031
2024-07-01 11:30:00-04:00,451.96990966796875,454.30999755859375,451.2699890136719,453.8999938964844
2024-07-01 12:30:00-04:00,453.8900146484375,454.7699890136719,452.92010498046875,453.19500732421875
2024-07-01 13:30:00-04:00,453.19891357421875,454.3699951171875,452.8800048828125,452.8949890136719
2024-07-01 14:30:00-04:00,452.8900146484375,454.3399963378906,452.57501220703125,454.0199890136719
2024-07-01 15:30:00-04:00,454.0450134277344,457.3699951171875,454.0199890136719,456.6400146484375
2024-07-02 09:30:00-04:00,453.13751220703125,457.94989013671875,453.1130065917969,456.69000244140625
2024-07-02 10:30:00-04:00,456.7200012207031,457.70001220703125,455.8500061035156,456.8399963378906
2024-07-02 11:30:00-04:00,456.82000732421875,457.0249938964844,454.8599853515625,455.69000244140625
2024-07-02 12:30:00-04:00,455.6600036621094,457.8699951171875,455.3500061035156,457.75
2024-07-02 13:30:00-04:00,457.7300109863281,459.19000244140625,457.3699951171875,458.5849914550781
2024-07-02 14:30:00-04:00,458.55999755859375,459.07000732421875,458.0799865722656,458.8999938964844
2024-07-02 15:30:00-04:00,458.8800048828125,459.5899963378906,458.5899963378906,459.4200134277344
2024-07-03 09:30:00-04:00,459.1936950683594,460.4800109863281,457.8800048828125,458.0299987792969
2024-07-03 10:30:00-04:00,458.0799865722656,460.7799072265625,458.0050048828125,460.17498779296875
2024-07-03 11:30:00-04:00,460.17498779296875,460.3900146484375,458.7099914550781,459.55499267578125
2024-07-05 09:30:00-04:00,459.6600036621094,467.05999755859375,458.9649963378906,465.9700012207031
2024-07-05 10:30:00-04:00,466.0,466.2200012207031,464.1700134277344,465.20001220703125
2024-07-05 11:30:00-04:00,465.2699890136719,467.0,465.1000061035156,466.95001220703125
2024-07-05 12:30:00-04:00,466.8900146484375,468.0616149902344,466.3789978027344,467.8299865722656
2024-07-05 13:30:00-04:00,467.82501220703125,468.3500061035156,466.75,467.1596984863281
2024-07-05 14:30:00-04:00,467.1449890136719,467.70989990234375,466.9200134277344,467.3487854003906
2024-07-05 15:30:00-04:00,467.339111328125,467.9800109863281,466.989990234375,467.3900146484375
2024-07-08 09:30:00-04:00,466.54998779296875,467.70001220703125,464.4599914550781,465.631103515625
2024-07-08 10:30:00-04:00,465.6650085449219,466.07000732421875,464.55010986328125,466.05999755859375
2024-07-08 11:30:00-04:00,466.0450134277344,466.8500061035156,465.2699890136719,465.5150146484375
2024-07-08 12:30:00-04:00,465.4700012207031,465.7398986816406,465.0400085449219,465.54998779296875
2024-07-08 13:30:00-04:00,465.54998779296875,466.0,464.8599853515625,465.92498779296875
2024-07-08 14:30:00-04:00,465.8999938964844,465.8999938964844,465.07000732421875,465.4949951171875
2024-07-08 15:30:00-04:00,465.4599914550781,466.5299987792969,464.760009765625,466.2900085449219
2024-07-09 09:30:00-04:00,467.0,467.2099914550781,463.45001220703125,464.17999267578125
2024-07-09 10:30:00-04:00,464.20001220703125,464.2300109863281,462.2200012207031,463.32501220703125
2024-07-09 11:30:00-04:00,463.3500061035156,463.6549987792969,460.8299865722656,461.2200012207031
2024-07-09 12:30:00-04:00,461.239990234375,461.25,459.30999755859375,459.75
2024-07-09 13:30:00-04:00,459.7200012207031,460.45001220703125,459.130615234375,459.1650085449219
2024-07-09 14:30:00-04:00,459.17999267578125,460.052001953125,458.9100036621094,459.2349853515625
2024-07-09 15:30:00-04:00,459.2099914550781,459.587890625,458.0,459.5299987792969
2024-07-10 09:30:00-04:00,461.2049865722656,463.2898864746094,458.8999938964844,462.9800109863281
2024-07-10 10:30:00-04:00,463.0400085449219,463.6199951171875,459.6300048828125,461.04998779296875
2024-07-10 11:30:00-04:00,461.07000732421875,461.7699890136719,459.9100036621094,461.5202941894531
2024-07-10 12:30:00-04:00,461.54998779296875,465.1000061035156,461.4200134277344,463.0199890136719
2024-07-10 13:30:00-04:00,463.0,464.489990234375,462.67999267578125,464.07501220703125
2024-07-10 14:30:00-04:00,464.1600036621094,465.25,463.75,464.0400085449219
2024-07-10 15:30:00-04:00,464.04998779296875,466.4599914550781,463.91009521484375,466.3800048828125
2024-07-11 09:30:00-04:00,462.7300109863281,464.7799987792969,455.5799865722656,455.8900146484375
2024-07-11 10:30:00-04:00,455.80999755859375,456.760009765625,451.8999938964844,452.57000732421875
2024-07-11 11:30:00-04:00,452.5249938964844,454.6499938964844,451.54998779296875,454.42999267578125
2024-07-11 12:30:00-04:00,454.3699951171875,456.2799987792969,454.1099853515625,455.364990234375
2024-07-11 13:30:00-04:00,455.3399963378906,455.3500061035156,452.4800109863281,454.1199951171875
2024-07-11 14:30:00-04:00,454.0899963378906,455.3399963378906,453.9599914550781,454.6650085449219
2024-07-11 15:30:00-04:00,454.69000244140625,455.8999938964844,454.0899963378906,454.7099914550781
2024-07-12 09:30:00-04:00,454.32501220703125,454.3900146484375,450.6449890136719,453.54998779296875
2024-07-12 10:30:00-04:00,453.5400085449219,454.864990234375,453.42498779296875,454.6077880859375
2024-07-12 11:30:00-04:00,454.6099853515625,454.9599914550781,452.75,453.80999755859375
2024-07-12 12:30:00-04:00,453.82000732421875,454.94000244140625,453.44000244140625,454.7950134277344
2024-07-12 13:30:00-04:00,454.7799987792969,456.3349914550781,454.6000061035156,455.2799987792969
2024-07-12 14:30:00-04:00,455.32000732421875,456.30999755859375,454.989990234375,456.04998779296875
2024-07-12 15:30:00-04:00,456.0450134277344,456.1098937988281,452.1000061035156,453.760009765625
2024-07-15 09:30:00-04:00,453.4200134277344,456.25,452.25,454.3900146484375
2024-07-15 10:30:00-04:00,454.3900146484375,457.260009765625,454.2099914550781,455.55999755859375
2024-07-15 11:30:00-04:00,455.5799865722656,456.07000732421875,451.42999267578125,452.8699951171875
2024-07-15 12:30:00-04:00,452.8500061035156,453.7699890136719,452.2200012207031,452.25
2024-07-15 13:30:00-04:00,452.2200012207031,453.05999755859375,451.44000244140625,453.05999755859375
2024-07-15 14:30:00-04:00,453.07000732421875,454.3699951171875,452.9200134277344,454.1099853515625
2024-07-15 15:30:00-04:00,454.1400146484375,454.2900085449219,451.6499938964844,454.0400085449219
2024-07-16 09:30:00-04:00,454.2200012207031,454.29998779296875,447.6960144042969,448.3699951171875
2024-07-16 10:30:00-04:00,448.3699951171875,450.02899169921875,447.25,448.8500061035156
2024-07-16 11:30:00-04:00,448.875,449.25,447.1099853515625,447.739990234375
2024-07-16 12:30:00-04:00,447.7699890136719,448.7998962402344,447.2300109863281,447.3900146484375
2024-07-16 13:30:00-04:00,447.3800048828125,448.05999755859375,446.6600036621094,447.8699951171875
2024-07-16 14:30:00-04:00,447.8299865722656,449.6824035644531,447.7699890136719,449.55999755859375
2024-07-16 15:30:00-04:00,449.5054931640625,450.1099853515625,449.1400146484375,449.489990234375
2024-07-17 09:30:00-04:00,442.42999267578125,444.3299865722656,440.010009765625,441.1300048828125
2024-07-17 10:30:00-04:00,441.0400085449219,442.239990234375,439.17999267578125,441.1700134277344
2024-07-17 11:30:00-04:00,441.25,441.5199890136719,440.1499938964844,440.44000244140625
2024-07-17 12:30:00-04:00,440.44000244140625,442.1499938964844,439.94000244140625,441.92999267578125
2024-07-17 13:30:00-04:00,441.87249755859375,444.6600036621094,441.3500061035156,444.1449890136719
2024-07-17 14:30:00-04:00,444.03009033203125,444.8500061035156,442.8500061035156,444.29010009765625
2024-07-17 15:30:00-04:00,444.29998779296875,444.29998779296875,442.6400146484375,443.54998779296875
2024-07-18 09:30:00-04:00,444.3399963378906,444.6499938964844,438.54998779296875,439.7889099121094
2024-07-18 10:30:00-04:00,439.760009765625,439.760009765625,435.92999267578125,436.1700134277344
2024-07-18 11:30:00-04:00,436.1700134277344,437.04998779296875,434.3999938964844,435.7650146484375
2024-07-18 12:30:00-04:00,435.7300109863281,437.760009765625,435.25,437.37969970703125
2024-07-18 13:30:00-04:00,437.4150085449219,438.8699951171875,436.6700134277344,438.1824951171875
2024-07-18 14:30:00-04:00,438.19000244140625,438.57000732421875,436.739990234375,438.3699951171875
2024-07-18 15:30:00-04:00,438.3599853515625,441.010009765625,438.04998779296875,440.3800048828125
2024-07-19 09:30:00-04:00,433.1199951171875,441.1400146484375,432.0,438.19500732421875
2024-07-19 10:30:00-04:00,438.19000244140625,440.260009765625,437.40008544921875,437.7099914550781
2024-07-19 11:30:00-04:00,437.67999267578125,438.739990234375,436.45001220703125,437.6199951171875
2024-07-19 12:30:00-04:00,437.559814453125,437.7200012207031,435.6300048828125,435.989990234375
2024-07-19 13:30:00-04:00,435.95001220703125,437.2699890136719,435.8583068847656,436.25
2024-07-19 14:30:00-04:00,436.2850036621094,438.3599853515625,435.8949890136719,437.6499938964844
2024-07-19 15:30:00-04:00,437.6300048828125,437.7799987792969,435.9700012207031,437.0899963378906
2024-07-22 09:30:00-04:00,441.75,443.8999938964844,440.1499938964844,443.7200012207031
2024-07-22 10:30:00-04:00,443.7550048828125,444.5799865722656,439.7300109863281,440.0451965332031
2024-07-22 11:30:00-04:00,440.0299072265625,441.0799865722656,438.9125061035156,440.55999755859375
2024-07-22 12:30:00-04:00,440.5400085449219,443.1098937988281,440.5400085449219,442.30999755859375
2024-07-22 13:30:00-04:00,442.3299865722656,444.57000732421875,442.2900085449219,443.9800109863281
2024-07-22 14:30:00-04:00,443.9700012207031,444.4910888671875,442.7099914550781,443.1600036621094
2024-07-22 15:30:00-04:00,443.125,444.04998779296875,442.5849914550781,442.8599853515625
2024-07-23 09:30:00-04:00,444.0,447.7900085449219,443.25,446.1300048828125
2024-07-23 10:30:00-04:00,446.1449890136719,448.3900146484375,444.17999267578125,447.9599914550781
2024-07-23 11:30:00-04:00,447.91400146484375,448.010009765625,444.3301086425781,445.06500244140625
2024-07-23 12:30:00-04:00,445.0199890136719,445.3999938964844,443.4800109863281,444.57000732421875
2024-07-23 13:30:00-04:00,444.5299987792969,445.3500061035156,443.8999938964844,444.3818054199219
2024-07-23 14:30:00-04:00,444.3999938964844,444.6050109863281,443.8800048828125,444.29998779296875
2024-07-23 15:30:00-04:00,444.2799987792969,444.9200134277344,443.1000061035156,444.80999755859375
2024-07-24 09:30:00-04:00,440.2200012207031,441.45001220703125,436.5799865722656,436.67498779296875
2024-07-24 10:30:00-04:00,436.6000061035156,437.0799865722656,431.0799865722656,431.99261474609375
2024-07-24 11:30:00-04:00,431.92999267578125,432.6700134277344,430.44000244140625,430.7500915527344
2024-07-24 12:30:00-04:00,430.73638916015625,431.30999755859375,428.9200134277344,429.9700012207031
2024-07-24 13:30:00-04:00,429.95001220703125,430.57391357421875,427.7300109863281,428.239990234375
2024-07-24 14:30:00-04:00,428.2099914550781,429.39349365234375,427.5849914550781,428.5899963378906
2024-07-24 15:30:00-04:00,428.57000732421875,429.8699951171875,427.7300109863281,428.94000244140625
2024-07-25 09:30:00-04:00,428.82501220703125,429.7850036621094,417.510009765625,421.1449890136719
2024-07-25 10:30:00-04:00,421.0799865722656,425.385009765625,420.5,423.7900085449219
2024-07-25 11:30:00-04:00,423.75,425.94000244140625,420.9800109863281,425.05999755859375
2024-07-25 12:30:00-04:00,425.07000732421875,427.2723083496094,424.3550109863281,425.010009765625
2024-07-25 13:30:00-04:00,425.0718994140625,425.3699951171875,422.3500061035156,423.260009765625
2024-07-25 14:30:00-04:00,423.2200012207031,423.5199890136719,420.2699890136719,422.0400085449219
2024-07-25 15:30:00-04:00,422.0,422.1400146484375,417.94000244140625,418.3999938964844
2024-07-26 09:30:00-04:00,418.19000244140625,424.260009765625,417.30999755859375,422.9800109863281
2024-07-26 10:30:00-04:00,423.0299987792969,424.2550048828125,420.1600036621094,423.4837951660156
2024-07-26 11:30:00-04:00,423.44000244140625,427.69989013671875,422.94000244140625,427.1300048828125
2024-07-26 12:30:00-04:00,427.2699890136719,428.9100036621094,426.95001220703125,428.6050109863281
2024-07-26 13:30:00-04:00,428.55999755859375,428.70001220703125,425.3900146484375,425.3900146484375
2024-07-26 14:30:00-04:00,425.3900146484375,426.0,424.07000732421875,425.4971923828125
2024-07-26 15:30:00-04:00,425.45001220703125,426.0,423.5,425.489990234375
2024-07-29 09:30:00-04:00,427.75,428.7799987792969,425.3399963378906,427.2699890136719
2024-07-29 10:30:00-04:00,427.2300109863281,428.1499938964844,424.9200134277344,425.8399963378906
2024-07-29 11:30:00-04:00,425.8500061035156,429.2099914550781,424.7041931152344,428.0150146484375
2024-07-29 12:30:00-04:00,428.0205993652344,429.75,428.0205993652344,428.2699890136719
2024-07-29 13:30:00-04:00,428.29998779296875,429.1000061035156,426.4700012207031,426.6300048828125
2024-07-29 14:30:00-04:00,426.5400085449219,428.0,426.1400146484375,427.6499938964844
2024-07-29 15:30:00-04:00,427.70001220703125,428.6099853515625,426.625,426.79998779296875
2024-07-30 09:30:00-04:00,427.6700134277344,429.0450134277344,425.0,427.3999938964844
2024-07-30 10:30:00-04:00,427.42999267578125,427.42999267578125,421.79998779296875,422.2699890136719
2024-07-30 11:30:00-04:00,422.2099914550781,422.9200134277344,418.739990234375,420.29998779296875
2024-07-30 12:30:00-04:00,420.2349853515625,420.30999755859375,417.360595703125,418.3599853515625
2024-07-30 13:30:00-04:00,418.3800048828125,421.8299865722656,417.92999267578125,420.7950134277344
2024-07-30 14:30:00-04:00,420.7900085449219,421.45001220703125,419.5610046386719,420.9599914550781
2024-07-30 15:30:00-04:00,420.95001220703125,425.19000244140625,420.3599853515625,422.4200134277344
2024-07-31 09:30:00-04:00,420.5899963378906,421.7749938964844,412.29998779296875,417.6000061035156
2024-07-31 10:30:00-04:00,417.6000061035156,419.0400085449219,414.92999267578125,417.8699951171875
2024-07-31 11:30:00-04:00,417.8599853515625,418.6700134277344,415.489990234375,415.7149963378906
2024-07-31 12:30:00-04:00,415.7099914550781,417.4200134277344,413.8599853515625,417.0050048828125
2024-07-31 13:30:00-04:00,417.010009765625,420.1199951171875,415.79998779296875,418.45001220703125
2024-07-31 14:30:00-04:00,418.42401123046875,421.2099914550781,415.94000244140625,416.20001220703125
2024-07-31 15:30:00-04:00,416.2200012207031,419.0,415.54998779296875,418.2799987792969
2024-08-01 09:30:00-04:00,420.7850036621094,427.4599914550781,418.2099914550781,424.17498779296875
2024-08-01 10:30:00-04:00,424.2250061035156,425.7699890136719,418.8999938964844,418.95001220703125
2024-08-01 11:30:00-04:00,418.92999267578125,421.0299987792969,416.6600036621094,419.25
2024-08-01 12:30:00-04:00,419.260009765625,419.8999938964844,416.9419860839844,418.0849914550781
2024-08-01 13:30:00-04:00,418.135009765625,418.2749938964844,413.090087890625,414.4189147949219
2024-08-01 14:30:00-04:00,414.3599853515625,415.92999267578125,413.8699951171875,415.18499755859375
2024-08-01 15:30:00-04:00,415.1700134277344,418.1600036621094,414.260009765625,417.05999755859375
2024-08-02 09:30:00-04:00,412.7449951171875,415.0,404.3399963378906,407.0799865722656
2024-08-02 10:30:00-04:00,407.0,408.3999938964844,404.44000244140625,405.3299865722656
2024-08-02 11:30:00-04:00,405.3550109863281,408.6400146484375,404.8800048828125,406.39080810546875
2024-08-02 12:30:00-04:00,406.30999755859375,408.0199890136719,405.0,405.70001220703125
2024-08-02 13:30:00-04:00,405.64990234375,407.1300048828125,404.67999267578125,407.0887145996094
2024-08-02 14:30:00-04:00,407.0299987792969,407.8500061035156,405.4949951171875,407.739990234375
2024-08-02 15:30:00-04:00,407.7449951171875,409.0199890136719,405.92999267578125,408.489990234375
2024-08-05 09:30:00-04:00,388.8399963378906,397.42498779296875,387.0,394.42999267578125
2024-08-05 10:30:00-04:00,394.4100036621094,400.0,394.3800048828125,399.0799865722656
2024-08-05 11:30:00-04:00,399.0199890136719,401.0400085449219,397.0899963378906,400.7900085449219
2024-08-05 12:30:00-04:00,400.760009765625,400.760009765625,396.32000732421875,397.2099914550781
2024-08-05 13:30:00-04:00,397.30999755859375,398.4599914550781,393.7799987792969,394.6600036621094
2024-08-05 14:30:00-04:00,394.61920166015625,396.039306640625,393.1650085449219,395.5169982910156
2024-08-05 15:30:00-04:00,395.57000732421875,396.01239013671875,393.260009765625,395.2300109863281
2024-08-06 09:30:00-04:00,400.2349853515625,403.2200012207031,398.5050048828125,401.8949890136719
2024-08-06 10:30:00-04:00,401.92498779296875,404.9800109863281,401.1099853515625,401.239990234375
2024-08-06 11:30:00-04:00,401.18499755859375,405.5799865722656,401.1600036621094,403.9949951171875
2024-08-06 12:30:00-04:00,404.04998779296875,405.6700134277344,403.2200012207031,403.739990234375
2024-08-06 13:30:00-04:00,403.82000732421875,404.3900146484375,402.989990234375,404.3367919921875
2024-08-06 14:30:00-04:00,404.3399963378906,404.7799987792969,400.8399963378906,401.8699951171875
2024-08-06 15:30:00-04:00,401.92999267578125,402.125,399.2300109863281,399.42999267578125
2024-08-07 09:30:00-04:00,408.635009765625,410.04998779296875,406.92999267578125,408.45001220703125
2024-08-07 10:30:00-04:00,408.4200134277344,409.4991149902344,406.5,407.2200012207031
2024-08-07 11:30:00-04:00,407.25,407.6600036621094,403.3900146484375,404.75
2024-08-07 12:30:00-04:00,404.7449951171875,404.8399963378906,400.0899963378906,401.1700134277344
2024-08-07 13:30:00-04:00,401.17498779296875,402.1000061035156,399.20001220703125,400.05999755859375
2024-08-07 14:30:00-04:00,399.9800109863281,401.04998779296875,398.260009765625,400.1217956542969
2024-08-07 15:30:00-04:00,400.0,400.7099914550781,397.4700012207031,398.20001220703125
2024-08-08 09:30:00-04:00,402.3999938964844,405.67999267578125,399.9407043457031,405.44500732421875
2024-08-08 10:30:00-04:00,405.44500732421875,405.8599853515625,402.32000732421875,403.2250061035156
2024-08-08 11:30:00-04:00,403.2300109863281,404.75,402.1000061035156,402.79400634765625
2024-08-08 12:30:00-04:00,402.79998779296875,404.0799865722656,401.1700134277344,403.7986145019531
2024-08-08 13:30:00-04:00,403.94000244140625,405.57000732421875,403.7799987792969,404.3500061035156
2024-08-08 14:30:00-04:00,404.3599853515625,405.25,401.4700012207031,401.489990234375
2024-08-08 15:30:00-04:00,401.6000061035156,403.30999755859375,400.25,403.0199890136719
2024-08-09 09:30:00-04:00,404.0,406.0,403.1499938964844,403.9100036621094
2024-08-09 10:30:00-04:00,403.79998779296875,406.1600036621094,402.26239013671875,404.1650085449219
2024-08-09 11:30:00-04:00,404.29998779296875,405.54998779296875,403.4100036621094,403.67999267578125
2024-08-09 12:30:00-04:00,403.6499938964844,407.5799865722656,403.6499938964844,407.5799865722656
2024-08-09 13:30:00-04:00,407.614990234375,408.0199890136719,406.0,406.4700012207031
2024-08-09 14:30:00-04:00,406.43499755859375,407.07000732421875,405.9599914550781,406.2200012207031
2024-08-09 15:30:00-04:00,406.2250061035156,407.1899108886719,405.75,406.0199890136719
2024-08-12 09:30:00-04:00,407.239990234375,408.32000732421875,404.243408203125,405.79998779296875
2024-08-12 10:30:00-04:00,405.760009765625,408.135009765625,404.3500061035156,405.3915100097656
2024-08-12 11:30:00-04:00,405.3699951171875,408.760009765625,405.17999267578125,407.8417053222656
2024-08-12 12:30:00-04:00,407.83929443359375,408.19000244140625,405.29998779296875,406.7919921875
2024-08-12 13:30:00-04:00,406.7998962402344,407.2250061035156,405.510009765625,405.7799987792969
2024-08-12 14:30:00-04:00,405.75,406.3598937988281,405.20001220703125,405.5
2024-08-12 15:30:00-04:00,405.5,406.9599914550781,405.1400146484375,406.9200134277344
2024-08-13 09:30:00-04:00,410.0799865722656,412.8599853515625,409.5799865722656,410.6000061035156
2024-08-13 10:30:00-04:00,410.5899963378906,413.7699890136719,409.92999267578125,413.2799987792969
2024-08-13 11:30:00-04:00,413.15899658203125,413.8999938964844,412.6000061035156,413.3800964355469
2024-08-13 12:30:00-04:00,413.3599853515625,414.95001220703125,413.1300048828125,414.32501220703125
2024-08-13 13:30:00-04:00,414.3900146484375,414.76239013671875,412.8500061035156,414.2799987792969
2024-08-13 14:30:00-04:00,414.2699890136719,414.8399963378906,413.6700134277344,413.8799133300781
2024-08-13 15:30:00-04:00,413.8293151855469,414.0899963378906,412.5199890136719,413.9599914550781
2024-08-14 09:30:00-04:00,414.79998779296875,416.6369934082031,413.489990234375,414.2749938964844
2024-08-14 10:30:00-04:00,414.19000244140625,416.283203125,412.4455871582031,416.283203125
2024-08-14 11:30:00-04:00,416.3299865722656,417.55999755859375,415.24420166015625,415.8599853515625
2024-08-14 12:30:00-04:00,415.875,416.7099914550781,415.1099853515625,416.42999267578125
2024-08-14 13:30:00-04:00,416.4200134277344,417.0382995605469,415.7349853515625,416.1600036621094
2024-08-14 14:30:00-04:00,416.1300048828125,416.5954895019531,415.1400146484375,415.66900634765625
2024-08-14 15:30:00-04:00,415.65478515625,417.7200012207031,415.54998779296875,416.6199951171875
2024-08-15 09:30:00-04:00,419.25,420.9360046386719,417.6600036621094,419.8691101074219
2024-08-15 10:30:00-04:00,419.8299865722656,419.8999938964844,417.95001220703125,418.7349853515625
2024-08-15 11:30:00-04:00,418.7300109863281,420.54998779296875,418.44000244140625,420.05499267578125
2024-08-15 12:30:00-04:00,420.1000061035156,420.135009765625,418.5400085449219,419.114990234375
2024-08-15 13:30:00-04:00,419.1199951171875,420.260009765625,419.1199951171875,420.0329895019531
2024-08-15 14:30:00-04:00,420.0400085449219,420.17999267578125,419.4700012207031,419.9800109863281
2024-08-15 15:30:00-04:00,419.9599914550781,421.1099853515625,419.1199951171875,421.1000061035156
2024-08-16 09:30:00-04:00,420.8500061035156,421.3399963378906,417.29998779296875,417.8500061035156
2024-08-16 10:30:00-04:00,417.82000732421875,418.5400085449219,417.30999755859375,417.95001220703125
2024-08-16 11:30:00-04:00,418.0,419.45001220703125,417.6700134277344,419.1401062011719
2024-08-16 12:30:00-04:00,419.1499938964844,419.67498779296875,418.9800109863281,419.5
2024-08-16 13:30:00-04:00,419.510009765625,419.67999267578125,418.4100036621094,418.9100036621094
2024-08-16 14:30:00-04:00,418.94000244140625,419.1400146484375,418.5199890136719,418.8299865722656
2024-08-16 15:30:00-04:00,418.8999938964844,419.2200012207031,418.3299865722656,418.5400085449219
2024-08-19 09:30:00-04:00,419.07000732421875,419.8699951171875,416.4700012207031,417.80999755859375
2024-08-19 10:30:00-04:00,417.7749938964844,418.70001220703125,417.05999755859375,417.9700012207031
2024-08-19 11:30:00-04:00,417.9649963378906,418.17999267578125,417.0899963378906,418.125
2024-08-19 12:30:00-04:00,418.1499938964844,419.20001220703125,417.9700012207031,418.57000732421875
2024-08-19 13:30:00-04:00,418.57000732421875,419.5,418.44000244140625,419.4200134277344
2024-08-19 14:30:00-04:00,419.44989013671875,420.6000061035156,419.3599853515625,419.6400146484375
2024-08-19 15:30:00-04:00,419.6000061035156,421.6099853515625,419.4700012207031,421.5799865722656
2024-08-20 09:30:00-04:00,421.8999938964844,423.6549987792969,421.6400146484375,422.54998779296875
2024-08-20 10:30:00-04:00,422.57000732421875,423.3550109863281,421.82000732421875,422.0130920410156
2024-08-20 11:30:00-04:00,421.9100036621094,423.0899963378906,421.8699951171875,423.0799865722656
2024-08-20 12:30:00-04:00,423.06500244140625,423.9927978515625,422.8999938964844,423.7650146484375
2024-08-20 13:30:00-04:00,423.739990234375,425.8599853515625,423.42999267578125,425.239990234375
2024-08-20 14:30:00-04:00,425.239990234375,425.510009765625,424.30999755859375,424.30999755859375
2024-08-20 15:30:00-04:00,424.3096923828125,425.44000244140625,424.2650146484375,424.8699951171875
2024-08-21 09:30:00-04:00,424.1499938964844,425.04998779296875,422.6199951171875,424.2149963378906
2024-08-21 10:30:00-04:00,424.1401062011719,426.3999938964844,422.9602966308594,423.81500244140625
2024-08-21 11:30:00-04:00,423.80499267578125,423.80499267578125,421.7200012207031,423.05999755859375
2024-08-21 12:30:00-04:00,423.04998779296875,424.07000732421875,423.0,423.9750061035156
2024-08-21 13:30:00-04:00,423.989990234375,424.5450134277344,423.3800048828125,424.17999267578125
2024-08-21 14:30:00-04:00,424.2699890136719,424.5599060058594,422.75750732421875,423.2305908203125
2024-08-21 15:30:00-04:00,423.2300109863281,424.2200012207031,422.8800048828125,424.1000061035156
2024-08-22 09:30:00-04:00,424.3599853515625,426.7799987792969,423.4599914550781,423.80010986328125
2024-08-22 10:30:00-04:00,423.7900085449219,423.7900085449219,419.19000244140625,419.2749938964844
2024-08-22 11:30:00-04:00,419.2276916503906,420.0804138183594,417.6000061035156,419.9314880371094
2024-08-22 12:30:00-04:00,419.92999267578125,420.2099914550781,416.3900146484375,416.45330810546875
2024-08-22 13:30:00-04:00,416.44000244140625,416.69000244140625,414.6400146484375,416.54730224609375
2024-08-22 14:30:00-04:00,416.57000732421875,416.6600036621094,414.6700134277344,414.8299865722656
2024-08-22 15:30:00-04:00,414.9100036621094,416.32000732421875,414.6099853515625,415.6199951171875
2024-08-23 09:30:00-04:00,416.9800109863281,419.260009765625,416.2799987792969,418.17999267578125
2024-08-23 10:30:00-04:00,418.19000244140625,418.30999755859375,412.9200134277344,415.5090026855469
2024-08-23 11:30:00-04:00,415.6000061035156,416.80999755859375,412.3999938964844,412.8500061035156
2024-08-23 12:30:00-04:00,412.8599853515625,414.70989990234375,412.0899963378906,414.50048828125
2024-08-23 13:30:00-04:00,414.54998779296875,415.5299987792969,414.260009765625,414.69500732421875
2024-08-23 14:30:00-04:00,414.6600036621094,416.3045959472656,414.07000732421875,416.2099914550781
2024-08-23 15:30:00-04:00,416.2749938964844,417.1400146484375,414.94000244140625,416.5799865722656
2024-08-26 09:30:00-04:00,416.75,417.2799072265625,413.82000732421875,414.20001220703125
2024-08-26 10:30:00-04:00,414.17498779296875,415.1300048828125,412.1400146484375,414.57000732421875
2024-08-26 11:30:00-04:00,414.45001220703125,414.4549865722656,412.9949951171875,413.9800109863281
2024-08-26 12:30:00-04:00,413.9800109863281,414.3399963378906,413.239990234375,413.45001220703125
2024-08-26 13:30:00-04:00,413.4898986816406,413.739990234375,411.3399963378906,412.7799987792969
2024-08-26 14:30:00-04:00,412.7099914550781,413.6199035644531,412.6499938964844,413.239990234375
2024-08-26 15:30:00-04:00,413.2699890136719,413.6300048828125,412.32501220703125,413.6099853515625
2024-08-27 09:30:00-04:00,413.0,414.0899963378906,410.25,414.0799865722656
2024-08-27 10:30:00-04:00,414.05999755859375,414.3599853515625,411.4200134277344,411.4200134277344
2024-08-27 11:30:00-04:00,411.4100036621094,412.20001220703125,410.4700012207031,412.1300048828125
2024-08-27 12:30:00-04:00,412.1199951171875,412.75,411.2200012207031,412.710693359375
2024-08-27 13:30:00-04:00,412.7300109863281,414.0199890136719,412.7200012207031,413.94000244140625
2024-08-27 14:30:00-04:00,413.9649963378906,414.2099914550781,413.2099914550781,413.6889953613281
2024-08-27 15:30:00-04:00,413.57501220703125,414.0799865722656,413.0,413.8500061035156
2024-08-28 09:30:00-04:00,415.0,415.0,411.44000244140625,412.4200134277344
2024-08-28 10:30:00-04:00,412.4100036621094,412.6549987792969,407.7349853515625,409.17730712890625
2024-08-28 11:30:00-04:00,409.08099365234375,409.57000732421875,408.260009765625,409.010009765625
2024-08-28 12:30:00-04:00,408.9800109863281,410.54998779296875,408.9599914550781,409.95001220703125
2024-08-28 13:30:00-04:00,409.989990234375,410.3999938964844,407.30999755859375,408.6000061035156
2024-08-28 14:30:00-04:00,408.6000061035156,410.7300109863281,408.3299865722656,410.5459899902344
2024-08-28 15:30:00-04:00,410.54998779296875,411.79998779296875,410.1400146484375,410.5
2024-08-29 09:30:00-04:00,414.4949951171875,422.01800537109375,414.4949951171875,419.7786865234375
2024-08-29 10:30:00-04:00,419.864990234375,421.6199951171875,418.9200134277344,419.3949890136719
2024-08-29 11:30:00-04:00,419.385009765625,420.0299987792969,418.57000732421875,419.32000732421875
2024-08-29 12:30:00-04:00,419.31500244140625,420.3299865722656,417.9200134277344,418.1650085449219
2024-08-29 13:30:00-04:00,418.1700134277344,418.2582092285156,415.0578918457031,415.42498779296875
2024-08-29 14:30:00-04:00,415.3949890136719,415.3949890136719,412.69000244140625,413.9100036621094
2024-08-29 15:30:00-04:00,413.9150085449219,414.67999267578125,411.92999267578125,413.1400146484375
2024-08-30 09:30:00-04:00,415.8360900878906,417.3900146484375,414.19000244140625,415.95001220703125
2024-08-30 10:30:00-04:00,415.94000244140625,416.8399963378906,413.95001220703125,415.3146057128906
2024-08-30 11:30:00-04:00,415.239990234375,415.4800109863281,412.8500061035156,412.9649963378906
2024-08-30 12:30:00-04:00,413.04010009765625,414.6700134277344,412.1300048828125,413.6000061035156
2024-08-30 13:30:00-04:00,413.5899963378906,413.989990234375,412.19000244140625,412.9700012207031
2024-08-30 14:30:00-04:00,413.0199890136719,414.55999755859375,412.9599914550781,414.29010009765625
2024-08-30 15:30:00-04:00,414.31500244140625,417.45001220703125,413.67999267578125,417.1400146484375
2024-09-03 09:30:00-04:00,417.989990234375,419.8800048828125,415.3399963378906,417.6000061035156
2024-09-03 10:30:00-04:00,417.5050048828125,417.5050048828125,412.5299987792969,413.3599853515625
2024-09-03 11:30:00-04:00,413.3699951171875,413.7099914550781,411.2699890136719,411.5050048828125
2024-09-03 12:30:00-04:00,411.489990234375,412.0299987792969,410.8550109863281,411.70001220703125
2024-09-03 13:30:00-04:00,411.69000244140625,411.7650146484375,408.8900146484375,409.42999267578125
2024-09-03 14:30:00-04:00,409.4200134277344,410.5299987792969,409.4100036621094,409.7875061035156
2024-09-03 15:30:00-04:00,409.80999755859375,409.9700012207031,407.0299987792969,409.5400085449219
2024-09-04 09:30:00-04:00,405.27740478515625,408.2200012207031,404.3699951171875,408.2200012207031
2024-09-04 10:30:00-04:00,408.239990234375,411.239990234375,407.8349914550781,409.20001220703125
2024-09-04 11:30:00-04:00,409.2049865722656,409.94000244140625,408.6400146484375,409.760009765625
2024-09-04 12:30:00-04:00,409.739990234375,410.739990234375,407.9800109863281,408.1499938964844
2024-09-04 13:30:00-04:00,408.1650085449219,409.69000244140625,408.0799865722656,409.4100036621094
2024-09-04 14:30:00-04:00,409.3999938964844,409.7062072753906,408.3299865722656,409.6099853515625
2024-09-04 15:30:00-04:00,409.614990234375,410.9200134277344,408.7099914550781,408.7699890136719
2024-09-05 09:30:00-04:00,408.0,413.0899963378906,407.75,411.989990234375
2024-09-05 10:30:00-04:00,412.0799865722656,413.1000061035156,407.44000244140625,407.6499938964844
2024-09-05 11:30:00-04:00,407.627685546875,407.95001220703125,406.1300048828125,407.45001220703125
2024-09-05 12:30:00-04:00,407.4649963378906,407.69000244140625,406.260009765625,406.2950134277344
2024-09-05 13:30:00-04:00,406.2699890136719,409.4150085449219,406.239990234375,408.2300109863281
2024-09-05 14:30:00-04:00,408.239990234375,409.0299987792969,406.3399963378906,407.718505859375
2024-09-05 15:30:00-04:00,407.7149963378906,408.6499938964844,406.9700012207031,408.3599853515625
2024-09-06 09:30:00-04:00,409.8999938964844,410.6499938964844,405.7099914550781,405.7099914550781
2024-09-06 10:30:00-04:00,405.739990234375,406.0,401.9200134277344,402.6199951171875
2024-09-06 11:30:00-04:00,402.6600036621094,403.760009765625,401.4620056152344,401.6099853515625
2024-09-06 12:30:00-04:00,401.67498779296875,403.8999938964844,401.5799865722656,402.5199890136719
2024-09-06 13:30:00-04:00,402.489990234375,402.5400085449219,401.0799865722656,401.5199890136719
2024-09-06 14:30:00-04:00,401.4599914550781,402.6600036621094,400.79998779296875,401.9100036621094
2024-09-06 15:30:00-04:00,401.8999938964844,402.6499938964844,401.0,401.7200012207031
2024-09-09 09:30:00-04:00,407.239990234375,408.5,404.0,404.30999755859375
2024-09-09 10:30:00-04:00,404.29010009765625,404.3800048828125,402.1600036621094,403.29998779296875
2024-09-09 11:30:00-04:00,403.2950134277344,405.5400085449219,403.1099853515625,405.430908203125
2024-09-09 12:30:00-04:00,405.40899658203125,405.94000244140625,404.5799865722656,405.20001220703125
2024-09-09 13:30:00-04:00,405.1736145019531,405.42999267578125,402.9700012207031,403.32000732421875
2024-09-09 14:30:00-04:00,403.29998779296875,403.92999267578125,402.8299865722656,403.5
2024-09-09 15:30:00-04:00,403.5,405.9100036621094,403.3900146484375,405.7200012207031
2024-09-10 09:30:00-04:00,408.17999267578125,416.3299865722656,407.70001220703125,415.2699890136719
2024-09-10 10:30:00-04:00,415.2850036621094,415.4599914550781,411.9100036621094,413.6400146484375
2024-09-10 11:30:00-04:00,413.6400146484375,414.06500244140625,408.79998779296875,409.80999755859375
2024-09-10 12:30:00-04:00,409.7799987792969,412.25750732421875,409.3999938964844,411.57000732421875
2024-09-10 13:30:00-04:00,411.5700988769531,412.82000732421875,411.5700988769531,412.2900085449219
2024-09-10 14:30:00-04:00,412.2950134277344,412.7699890136719,411.8349914550781,412.1499938964844
2024-09-10 15:30:00-04:00,412.1400146484375,414.739990234375,411.8599853515625,414.2300109863281
2024-09-11 09:30:00-04:00,414.5,417.0,411.8399963378906,411.9100036621094
2024-09-11 10:30:00-04:00,411.9599914550781,412.1499938964844,409.5799865722656,411.6000061035156
2024-09-11 11:30:00-04:00,411.5799865722656,416.0,411.19000244140625,415.9599914550781
2024-09-11 12:30:00-04:00,415.989990234375,417.239990234375,415.340087890625,417.05999755859375
2024-09-11 13:30:00-04:00,417.0899963378906,420.1199951171875,417.0199890136719,419.92999267578125
2024-09-11 14:30:00-04:00,419.9549865722656,421.489990234375,419.79998779296875,421.39300537109375
2024-09-11 15:30:00-04:00,421.3999938964844,423.989990234375,420.3699951171875,422.94000244140625
2024-09-12 09:30:00-04:00,423.0,423.1000061035156,420.1499938964844,421.5799865722656
2024-09-12 10:30:00-04:00,421.6099853515625,422.25,420.0,420.5299987792969
2024-09-12 11:30:00-04:00,420.5299987792969,421.1400146484375,419.7699890136719,421.1400146484375
2024-09-12 12:30:00-04:00,421.0802917480469,424.1700134277344,420.79998779296875,423.9599914550781
2024-09-12 13:30:00-04:00,423.989990234375,427.2650146484375,423.9739990234375,427.17999267578125
2024-09-12 14:30:00-04:00,427.1300048828125,427.36920166015625,424.260009765625,426.2300109863281
2024-09-12 15:30:00-04:00,426.2099914550781,427.1499938964844,425.3999938964844,427.0899963378906
2024-09-13 09:30:00-04:00,426.0,428.739990234375,425.8500061035156,427.2900085449219
2024-09-13 10:30:00-04:00,427.29998779296875,429.0,426.5414123535156,428.4700012207031
2024-09-13 11:30:00-04:00,428.5307922363281,429.489990234375,428.0799865722656,428.5723876953125
2024-09-13 12:30:00-04:00,428.55499267578125,431.5097961425781,428.5450134277344,431.2900085449219
2024-09-13 13:30:00-04:00,431.2900085449219,431.82000732421875,430.10009765625,430.4599914550781
2024-09-13 14:30:00-04:00,430.4800109863281,430.8999938964844,429.67999267578125,430.70269775390625
2024-09-13 15:30:00-04:00,430.739990234375,431.21990966796875,430.3500061035156,430.57000732421875
2024-09-16 09:30:00-04:00,430.5899963378906,433.3949890136719,428.2200012207031,431.1499938964844
2024-09-16 10:30:00-04:00,431.1300048828125,431.8599853515625,428.9200134277344,431.07000732421875
2024-09-16 11:30:00-04:00,431.06500244140625,431.17999267578125,428.82000732421875,429.73699951171875
2024-09-16 12:30:00-04:00,429.7001037597656,430.32000732421875,429.1499938964844,429.94000244140625
2024-09-16 13:30:00-04:00,429.95001220703125,431.7099914550781,429.8900146484375,430.8999938964844
2024-09-16 14:30:00-04:00,430.87799072265625,430.87799072265625,430.05029296875,430.54998779296875
2024-09-16 15:30:00-04:00,430.55499267578125,431.6199951171875,430.5400085449219,431.44000244140625
2024-09-17 09:30:00-04:00,438.92999267578125,441.8500061035156,436.3299865722656,437.6600036621094
2024-09-17 10:30:00-04:00,437.6099853515625,439.19000244140625,435.7699890136719,435.79998779296875
2024-09-17 11:30:00-04:00,435.7843017578125,436.1499938964844,432.82000732421875,434.0199890136719
2024-09-17 12:30:00-04:00,434.010009765625,435.010009765625,432.30450439453125,434.9150085449219
2024-09-17 13:30:00-04:00,434.8699951171875,435.6449890136719,433.1499938964844,435.3699951171875
2024-09-17 14:30:00-04:00,435.364990234375,435.6050109863281,434.0638122558594,434.6000061035156
2024-09-17 15:30:00-04:00,434.5400085449219,435.19000244140625,434.1600036621094,435.1600036621094
2024-09-18 09:30:00-04:00,434.4150085449219,434.69000244140625,431.3800048828125,432.18560791015625
2024-09-18 10:30:00-04:00,432.0356140136719,432.79998779296875,431.29998779296875,431.90008544921875
2024-09-18 11:30:00-04:00,431.94500732421875,432.55999755859375,430.45001220703125,432.55010986328125
2024-09-18 12:30:00-04:00,432.57000732421875,432.9197998046875,431.6300048828125,432.55999755859375
2024-09-18 13:30:00-04:00,432.6300048828125,436.0299987792969,431.20001220703125,434.5450134277344
2024-09-18 14:30:00-04:00,434.5350036621094,435.44000244140625,431.1199951171875,434.4200134277344
2024-09-18 15:30:00-04:00,434.4200134277344,434.80999755859375,430.45001220703125,430.75
2024-09-19 09:30:00-04:00,440.0,441.25,436.95001220703125,439.5799865722656
2024-09-19 10:30:00-04:00,439.55999755859375,440.0299987792969,437.2900085449219,439.3500061035156
2024-09-19 11:30:00-04:00,439.3500061035156,439.8299865722656,438.6199951171875,439.3999938964844
2024-09-19 12:30:00-04:00,439.3900146484375,439.7699890136719,438.07000732421875,438.3399963378906
2024-09-19 13:30:00-04:00,438.3500061035156,439.8800048828125,437.80999755859375,438.94000244140625
2024-09-19 14:30:00-04:00,438.92999267578125,439.6000061035156,438.4400939941406,438.9800109863281
2024-09-19 15:30:00-04:00,438.9849853515625,439.32000732421875,437.7099914550781,438.67999267578125
2024-09-20 09:30:00-04:00,437.2200012207031,439.2099914550781,435.69000244140625,435.8349914550781
2024-09-20 10:30:00-04:00,435.82000732421875,436.44940185546875,434.2200012207031,434.77069091796875
2024-09-20 11:30:00-04:00,434.7049865722656,437.510009765625,434.6700134277344,437.2950134277344
2024-09-20 12:30:00-04:00,437.25,437.92999267578125,436.69000244140625,436.8900146484375
2024-09-20 13:30:00-04:00,436.8999938964844,437.4700012207031,436.0899963378906,436.2200012207031
2024-09-20 14:30:00-04:00,436.17999267578125,437.04998779296875,435.5400085449219,436.2799987792969
2024-09-20 15:30:00-04:00,436.2900085449219,437.9200134277344,435.1499938964844,435.2300109863281
2024-09-23 09:30:00-04:00,434.1499938964844,435.0,430.3888854980469,434.4599914550781
2024-09-23 10:30:00-04:00,434.6000061035156,435.8999938964844,433.79998779296875,435.5950012207031
2024-09-23 11:30:00-04:00,435.5899963378906,436.4599914550781,434.04998779296875,434.54010009765625
2024-09-23 12:30:00-04:00,434.6199951171875,434.7200012207031,432.5458984375,432.989990234375
2024-09-23 13:30:00-04:00,433.0,434.15899658203125,432.9501037597656,433.6449890136719
2024-09-23 14:30:00-04:00,433.6000061035156,434.42999267578125,433.4200134277344,433.9200134277344
2024-09-23 15:30:00-04:00,433.9800109863281,434.3312072753906,433.114990234375,433.3699951171875
2024-09-24 09:30:00-04:00,433.0,433.3190002441406,426.6300048828125,426.8500061035156
2024-09-24 10:30:00-04:00,426.8699951171875,429.7300109863281,426.1365966796875,429.127197265625
2024-09-24 11:30:00-04:00,429.2099914550781,430.53961181640625,428.2699890136719,429.8949890136719
2024-09-24 12:30:00-04:00,429.8399963378906,430.3599853515625,428.82000732421875,428.9700012207031
2024-09-24 13:30:00-04:00,428.989990234375,429.5,428.2488098144531,428.3599853515625
2024-09-24 14:30:00-04:00,428.2442932128906,429.20001220703125,427.5899963378906,428.95001220703125
2024-09-24 15:30:00-04:00,428.95001220703125,429.4100036621094,428.2799987792969,429.30999755859375
2024-09-25 09:30:00-04:00,429.0,431.67999267578125,428.760009765625,430.5199890136719
2024-09-25 10:30:00-04:00,430.3999938964844,431.7200012207031,430.1817932128906,431.7200012207031
2024-09-25 11:30:00-04:00,431.6700134277344,433.1189880371094,431.18011474609375,431.8999938964844
2024-09-25 12:30:00-04:00,431.8900146484375,432.29998779296875,430.7099914550781,432.1499938964844
2024-09-25 13:30:00-04:00,432.1000061035156,432.55999755859375,430.95001220703125,431.75
2024-09-25 14:30:00-04:00,431.70001220703125,432.2598876953125,431.2200012207031,431.94000244140625
2024-09-25 15:30:00-04:00,431.94500732421875,432.2799987792969,431.42999267578125,432.0400085449219
2024-09-26 09:30:00-04:00,432.7200012207031,433.3900146484375,430.6700134277344,430.81500244140625
2024-09-26 10:30:00-04:00,430.8299865722656,431.55999755859375,429.75,430.4700012207031
2024-09-26 11:30:00-04:00,430.42999267578125,431.5199890136719,429.7349853515625,430.0199890136719
2024-09-26 12:30:00-04:00,430.04010009765625,430.3800048828125,429.1300048828125,429.65008544921875
2024-09-26 13:30:00-04:00,429.6499938964844,430.8399963378906,429.5199890136719,430.4800109863281
2024-09-26 14:30:00-04:00,430.44000244140625,430.82000732421875,429.70001220703125,430.70001220703125
2024-09-26 15:30:00-04:00,430.70001220703125,431.6000061035156,430.5,431.30999755859375
2024-09-27 09:30:00-04:00,431.0,431.8299865722656,429.8999938964844,431.2149963378906
2024-09-27 10:30:00-04:00,431.2200012207031,431.3399963378906,429.9800109863281,430.2099914550781
2024-09-27 11:30:00-04:00,430.260009765625,430.260009765625,427.4700012207031,428.58819580078125
2024-09-27 12:30:00-04:00,428.57000732421875,429.57000732421875,428.32000732421875,428.7850036621094
2024-09-27 13:30:00-04:00,428.7699890136719,430.13720703125,428.6000061035156,428.6199951171875
2024-09-27 14:30:00-04:00,428.67999267578125,429.2099914550781,427.8999938964844,428.8599853515625
2024-09-27 15:30:00-04:00,428.8599853515625,429.1099853515625,427.5400085449219,428.0299987792969
2024-09-30 09:30:00-04:00,426.625,429.32000732421875,425.57000732421875,426.6199951171875
2024-09-30 10:30:00-04:00,426.6700134277344,427.92498779296875,425.80999755859375,427.9219970703125
2024-09-30 11:30:00-04:00,428.1520080566406,428.9100036621094,426.9200134277344,428.64990234375
2024-09-30 12:30:00-04:00,428.6300048828125,428.7499084472656,427.2550048828125,427.4599914550781
2024-09-30 13:30:00-04:00,427.5350036621094,428.25,425.3699951171875,425.9200134277344
2024-09-30 14:30:00-04:00,425.82000732421875,427.6400146484375,425.67999267578125,427.2049865722656
2024-09-30 15:30:00-04:00,427.17999267578125,430.3500061035156,427.0199890136719,430.3399963378906
2024-10-01 09:30:00-04:00,427.67999267578125,428.1300048828125,420.44940185546875,421.1000061035156
2024-10-01 10:30:00-04:00,421.1300048828125,421.8900146484375,418.82501220703125,420.0307922363281
2024-10-01 11:30:00-04:00,420.05499267578125,422.3599853515625,419.75,421.82000732421875
2024-10-01 12:30:00-04:00,421.79998779296875,421.9700012207031,419.5899963378906,420.04998779296875
2024-10-01 13:30:00-04:00,419.9949951171875,423.6199951171875,419.94000244140625,423.55938720703125
2024-10-01 14:30:00-04:00,423.5799865722656,423.7300109863281,422.2699890136719,422.67999267578125
2024-10-01 15:30:00-04:00,422.6600036621094,422.9700012207031,420.30999755859375,420.7300109863281
2024-10-02 09:30:00-04:00,422.5899963378906,422.7699890136719,416.7099914550781,419.0799865722656
2024-10-02 10:30:00-04:00,419.1300048828125,419.3349914550781,417.6099853515625,418.92999267578125
2024-10-02 11:30:00-04:00,418.8900146484375,419.3999938964844,417.9599914550781,419.17999267578125
2024-10-02 12:30:00-04:00,419.1400146484375,419.1400146484375,417.010009765625,418.20001220703125
2024-10-02 13:30:00-04:00,418.1600036621094,418.7298889160156,417.20001220703125,417.7300109863281
2024-10-02 14:30:00-04:00,417.7349853515625,418.9599914550781,417.4800109863281,418.8800048828125
2024-10-02 15:30:00-04:00,418.8999938964844,418.92999267578125,417.0299987792969,417.1199951171875
2024-10-03 09:30:00-04:00,417.8599853515625,419.5498962402344,415.76129150390625,416.31878662109375
2024-10-03 10:30:00-04:00,416.17999267578125,418.2200012207031,415.8999938964844,416.7699890136719
2024-10-03 11:30:00-04:00,416.7799987792969,418.0,416.7550048828125,417.4599914550781
2024-10-03 12:30:00-04:00,417.42999267578125,417.42999267578125,414.29998779296875,415.5350036621094
2024-10-03 13:30:00-04:00,415.45001220703125,417.0400085449219,415.2145080566406,416.164306640625
2024-10-03 14:30:00-04:00,416.1700134277344,416.3399963378906,414.989990234375,415.260009765625
2024-10-03 15:30:00-04:00,415.260009765625,417.05999755859375,415.1659851074219,416.5400085449219
2024-10-04 09:30:00-04:00,418.0350036621094,419.75,415.1099853515625,415.4263000488281
2024-10-04 10:30:00-04:00,415.5299987792969,418.1700134277344,414.9700012207031,416.14849853515625
2024-10-04 11:30:00-04:00,416.22601318359375,418.0,415.82080078125,417.7250061035156
2024-10-04 12:30:00-04:00,417.7099914550781,418.9898986816406,417.55029296875,418.1400146484375
2024-10-04 13:30:00-04:00,418.04998779296875,418.3299865722656,416.79998779296875,417.92999267578125
2024-10-04 14:30:00-04:00,417.92999267578125,418.1600036621094,417.04998779296875,417.1199951171875
2024-10-04 15:30:00-04:00,417.1099853515625,417.6600036621094,416.0,416.0199890136719
2024-10-07 09:30:00-04:00,416.0,417.1099853515625,414.20001220703125,415.82000732421875
2024-10-07 10:30:00-04:00,415.8299865722656,416.3699951171875,414.69000244140625,415.3699951171875
2024-10-07 11:30:00-04:00,415.44000244140625,415.6199951171875,413.9599914550781,414.42498779296875
2024-10-07 12:30:00-04:00,414.42999267578125,414.4599914550781,413.0813903808594,413.3599853515625
2024-10-07 13:30:00-04:00,413.3500061035156,413.6650085449219,412.3599853515625,412.3900146484375
2024-10-07 14:30:00-04:00,412.3699951171875,412.3900146484375,409.19000244140625,410.2073974609375
2024-10-07 15:30:00-04:00,410.20001220703125,410.2900085449219,409.0,409.6600036621094
2024-10-08 09:30:00-04:00,410.69500732421875,413.989990234375,408.19000244140625,412.9599914550781
2024-10-08 10:30:00-04:00,412.989990234375,414.8500061035156,412.8500061035156,413.54998779296875
2024-10-08 11:30:00-04:00,413.57000732421875,414.71990966796875,413.3500061035156,414.2650146484375
2024-10-08 12:30:00-04:00,414.21600341796875,414.7200012207031,412.2699890136719,412.8800048828125
2024-10-08 13:30:00-04:00,412.92498779296875,413.5299987792969,412.6000061035156,413.510009765625
2024-10-08 14:30:00-04:00,413.5199890136719,414.4049987792969,413.3399963378906,413.90020751953125
2024-10-08 15:30:00-04:00,413.8858947753906,415.6499938964844,413.8299865722656,414.7799987792969
2024-10-09 09:30:00-04:00,415.8599853515625,417.5,414.29998779296875,416.7898864746094
2024-10-09 10:30:00-04:00,416.7301025390625,419.6499938964844,416.5299987792969,419.1400146484375
2024-10-09 11:30:00-04:00,419.2099914550781,420.3800048828125,417.8699951171875,418.590087890625
2024-10-09 12:30:00-04:00,418.6499938964844,418.84991455078125,417.3399963378906,418.5198974609375
2024-10-09 13:30:00-04:00,418.4599914550781,418.5400085449219,416.6000061035156,417.79998779296875
2024-10-09 14:30:00-04:00,417.79998779296875,417.8599853515625,416.9599914550781,417.4700012207031
2024-10-09 15:30:00-04:00,417.45001220703125,418.2200012207031,417.3500061035156,417.4599914550781
2024-10-10 09:30:00-04:00,415.2250061035156,416.25,413.1499938964844,415.1300048828125
2024-10-10 10:30:00-04:00,415.125,416.0799865722656,413.8900146484375,415.989990234375
2024-10-10 11:30:00-04:00,415.9696044921875,417.3500061035156,415.4100036621094,416.6449890136719
2024-10-10 12:30:00-04:00,416.625,416.8599853515625,415.5,416.135009765625
2024-10-10 13:30:00-04:00,416.1600036621094,416.260009765625,414.70001220703125,415.31500244140625
2024-10-10 14:30:00-04:00,415.30999755859375,415.54998779296875,414.71759033203125,415.3399963378906
2024-10-10 15:30:00-04:00,415.30499267578125,416.260009765625,415.29998779296875,415.84100341796875
2024-10-11 09:30:00-04:00,415.9100036621094,417.1086120605469,413.2699890136719,416.8599853515625
2024-10-11 10:30:00-04:00,416.8299865722656,417.1098937988281,414.80010986328125,415.30999755859375
2024-10-11 11:30:00-04:00,415.3500061035156,415.9800109863281,413.3200988769531,413.8500061035156
2024-10-11 12:30:00-04:00,413.82501220703125,414.69000244140625,413.3503112792969,414.67999267578125
2024-10-11 13:30:00-04:00,414.69000244140625,415.3725891113281,414.4200134277344,415.2200012207031
2024-10-11 14:30:00-04:00,415.260009765625,416.1654968261719,414.7701110839844,416.1499938964844
2024-10-11 15:30:00-04:00,416.1199951171875,416.510009765625,415.6300048828125,416.3900146484375
2024-10-14 09:30:00-04:00,417.8500061035156,424.0400085449219,417.5199890136719,423.5950012207031
2024-10-14 10:30:00-04:00,423.5899963378906,423.7200012207031,419.1600036621094,419.42999267578125
2024-10-14 11:30:00-04:00,419.2601013183594,420.7799987792969,419.010009765625,419.9826965332031
2024-10-14 12:30:00-04:00,420.0,420.5400085449219,419.8399963378906,420.44000244140625
2024-10-14 13:30:00-04:00,420.4649963378906,420.6650085449219,419.29998779296875,419.8999938964844
2024-10-14 14:30:00-04:00,419.8999938964844,420.70001220703125,419.8699951171875,420.3299865722656
2024-10-14 15:30:00-04:00,420.29998779296875,421.30999755859375,419.0,419.1000061035156
2024-10-15 09:30:00-04:00,422.17999267578125,422.4800109863281,418.04998779296875,418.1099853515625
2024-10-15 10:30:00-04:00,418.0299987792969,418.1499938964844,415.260009765625,416.69000244140625
2024-10-15 11:30:00-04:00,416.6700134277344,417.3297119140625,415.6400146484375,416.5400085449219
2024-10-15 12:30:00-04:00,416.6199951171875,417.9599914550781,416.54010009765625,416.92999267578125
2024-10-15 13:30:00-04:00,416.8999938964844,417.7547912597656,416.635009765625,417.489990234375
2024-10-15 14:30:00-04:00,417.4700012207031,417.6499938964844,416.3599853515625,417.0899963378906
2024-10-15 15:30:00-04:00,417.1199951171875,418.9049987792969,416.45001220703125,418.7799987792969
2024-10-16 09:30:00-04:00,415.0199890136719,415.8399963378906,410.4800109863281,413.3299865722656
2024-10-16 10:30:00-04:00,413.29998779296875,415.3999938964844,412.3450012207031,415.3800048828125
2024-10-16 11:30:00-04:00,415.3800048828125,415.82000732421875,414.0400085449219,414.9849853515625
2024-10-16 12:30:00-04:00,414.989990234375,416.0,414.6000061035156,414.760009765625
2024-10-16 13:30:00-04:00,414.70001220703125,416.1000061035156,414.2500915527344,415.92999267578125
2024-10-16 14:30:00-04:00,415.8299865722656,416.0899963378906,415.3800048828125,415.7250061035156
2024-10-16 15:30:00-04:00,415.739990234375,416.3599853515625,415.260009765625,416.1300048828125
2024-10-17 09:30:00-04:00,422.5,422.5,416.25030517578125,417.79998779296875
2024-10-17 10:30:00-04:00,417.7900085449219,417.90008544921875,415.6000061035156,417.5953063964844
2024-10-17 11:30:00-04:00,417.6300048828125,418.8500061035156,416.8999938964844,417.8999938964844
2024-10-17 12:30:00-04:00,417.8599853515625,418.29998779296875,417.29998779296875,417.5997009277344
2024-10-17 13:30:00-04:00,417.6000061035156,418.1398010253906,415.59619140625,416.0
2024-10-17 14:30:00-04:00,416.04180908203125,417.6700134277344,415.7500915527344,416.7300109863281
2024-10-17 15:30:00-04:00,416.7200012207031,417.1098937988281,416.3800048828125,416.7200012207031
2024-10-18 09:30:00-04:00,417.2250061035156,419.64898681640625,416.70001220703125,417.5130920410156
2024-10-18 10:30:00-04:00,417.5199890136719,418.2781982421875,416.2702941894531,418.2598876953125
2024-10-18 11:30:00-04:00,418.2349853515625,418.7300109863281,416.2601013183594,416.69189453125
2024-10-18 12:30:00-04:00,416.7200012207031,417.760009765625,416.5639953613281,417.3599853515625
2024-10-18 13:30:00-04:00,417.3900146484375,418.07000732421875,416.8999938964844,417.8565979003906
2024-10-18 14:30:00-04:00,417.8900146484375,417.989990234375,417.1000061035156,417.7900085449219
2024-10-18 15:30:00-04:00,417.7850036621094,418.2200012207031,417.20001220703125,418.1700134277344
2024-10-21 09:30:00-04:00,416.1199951171875,418.1000061035156,415.3999938964844,417.0745849609375
2024-10-21 10:30:00-04:00,417.06500244140625,417.1300048828125,413.80999755859375,413.95001220703125
2024-10-21 11:30:00-04:00,413.95001220703125,415.42999267578125,413.79998779296875,415.1499938964844
2024-10-21 12:30:00-04:00,415.18499755859375,416.6099853515625,415.18499755859375,416.35400390625
2024-10-21 13:30:00-04:00,416.3949890136719,417.33428955078125,416.3299865722656,416.68499755859375
2024-10-21 14:30:00-04:00,416.70001220703125,417.6600036621094,416.6199951171875,417.3949890136719
2024-10-21 15:30:00-04:00,417.3800048828125,418.9599914550781,417.0,418.8299865722656
2024-10-22 09:30:00-04:00,419.0,428.3800048828125,418.04791259765625,428.07000732421875
2024-10-22 10:30:00-04:00,428.1400146484375,429.4200134277344,426.04998779296875,426.2099914550781
2024-10-22 11:30:00-04:00,426.20001220703125,427.5400085449219,425.7300109863281,425.92999267578125
2024-10-22 12:30:00-04:00,425.92999267578125,427.7900085449219,425.760009765625,427.3500061035156
2024-10-22 13:30:00-04:00,427.3900146484375,430.57000732421875,427.1600036621094,429.69500732421875
2024-10-22 14:30:00-04:00,429.7200012207031,429.7898864746094,428.6579895019531,429.1600036621094
2024-10-22 15:30:00-04:00,429.1199951171875,429.9049987792969,427.3999938964844,427.4599914550781
2024-10-23 09:30:00-04:00,430.8550109863281,431.0799865722656,426.70001220703125,429.05999755859375
2024-10-23 10:30:00-04:00,429.05999755859375,430.5899963378906,427.94000244140625,428.0
2024-10-23 11:30:00-04:00,428.0,429.4800109863281,427.1199951171875,427.38531494140625
2024-10-23 12:30:00-04:00,427.3800048828125,427.5899963378906,424.6130065917969,425.139404296875
2024-10-23 13:30:00-04:00,425.0899963378906,425.0899963378906,422.5299987792969,423.42999267578125
2024-10-23 14:30:00-04:00,423.3999938964844,425.0199890136719,423.0899963378906,424.54998779296875
2024-10-23 15:30:00-04:00,424.5400085449219,425.57000732421875,424.1099853515625,424.6199951171875
2024-10-24 09:30:00-04:00,425.32501220703125,425.9501953125,423.20001220703125,424.1700134277344
2024-10-24 10:30:00-04:00,424.1199951171875,425.17999267578125,423.7106018066406,424.45001220703125
2024-10-24 11:30:00-04:00,424.42999267578125,424.8299865722656,422.3999938964844,423.6400146484375
2024-10-24 12:30:00-04:00,423.6300048828125,425.2200012207031,423.6300048828125,424.6549987792969
2024-10-24 13:30:00-04:00,424.6099853515625,424.92999267578125,423.5899963378906,424.31500244140625
2024-10-24 14:30:00-04:00,424.3599853515625,425.25,423.8699951171875,424.8999938964844
2024-10-24 15:30:00-04:00,424.94000244140625,425.239990234375,424.49200439453125,424.67999267578125
2024-10-25 09:30:00-04:00,426.8999938964844,432.489990234375,426.6000061035156,431.0000915527344
2024-10-25 10:30:00-04:00,431.0,431.7997131347656,430.2799987792969,430.7749938964844
2024-10-25 11:30:00-04:00,430.8190002441406,430.93231201171875,429.4772033691406,430.6838073730469
2024-10-25 12:30:00-04:00,430.6617126464844,430.7850036621094,428.4100036621094,428.47021484375
2024-10-25 13:30:00-04:00,428.4100036621094,428.8599853515625,426.9700012207031,428.6499938964844
2024-10-25 14:30:00-04:00,428.69000244140625,429.30499267578125,427.80999755859375,428.49249267578125
2024-10-25 15:30:00-04:00,428.510009765625,428.6000061035156,427.4200134277344,428.32000732421875
2024-10-28 09:30:00-04:00,431.6549987792969,431.94000244140625,428.1499938964844,429.8301086425781
2024-10-28 10:30:00-04:00,429.8550109863281,430.80999755859375,428.0299987792969,429.0400085449219
2024-10-28 11:30:00-04:00,429.0249938964844,429.2099914550781,428.0899963378906,428.4949951171875
2024-10-28 12:30:00-04:00,428.4800109863281,428.7300109863281,427.010498046875,427.56500244140625
2024-10-28 13:30:00-04:00,427.6050109863281,428.09228515625,427.3599853515625,427.4800109863281
2024-10-28 14:30:00-04:00,427.4999084472656,427.5400085449219,426.739990234375,427.3500061035156
2024-10-28 15:30:00-04:00,427.3450012207031,427.44000244140625,426.3399963378906,426.7099914550781
2024-10-29 09:30:00-04:00,427.9700012207031,429.2799987792969,425.80010986328125,428.2222900390625
2024-10-29 10:30:00-04:00,428.25,430.1799011230469,428.0799865722656,429.5299987792969
2024-10-29 11:30:00-04:00,429.489990234375,430.6600036621094,429.3811950683594,430.0199890136719
2024-10-29 12:30:00-04:00,430.0199890136719,432.2099914550781,429.57000732421875,431.1700134277344
2024-10-29 13:30:00-04:00,431.2331848144531,432.4399108886719,430.7300109863281,432.3999938964844
2024-10-29 14:30:00-04:00,432.4049987792969,433.1700134277344,432.0299987792969,433.05999755859375
2024-10-29 15:30:00-04:00,433.0400085449219,433.1700134277344,431.7099914550781,431.9700012207031
2024-10-30 09:30:00-04:00,437.43499755859375,438.5,432.5799865722656,437.8699951171875
2024-10-30 10:30:00-04:00,437.8525085449219,438.2900085449219,435.6401062011719,436.7898864746094
2024-10-30 11:30:00-04:00,436.7900085449219,437.17999267578125,435.4100036621094,436.32989501953125
2024-10-30 12:30:00-04:00,436.31500244140625,437.5899963378906,436.239990234375,437.42498779296875
2024-10-30 13:30:00-04:00,437.3999938964844,437.45001220703125,434.0899963378906,434.5299987792969
2024-10-30 14:30:00-04:00,434.5400085449219,435.3598937988281,434.25,434.9200134277344
2024-10-30 15:30:00-04:00,434.92498779296875,435.3699951171875,432.2300109863281,433.6300048828125
2024-10-31 09:30:00-04:00,415.9599914550781,416.06500244140625,407.3900146484375,407.739990234375
2024-10-31 10:30:00-04:00,407.69000244140625,409.1499938964844,406.29998779296875,407.92999267578125
2024-10-31 11:30:00-04:00,407.92999267578125,409.3800048828125,406.8900146484375,408.8999938964844
2024-10-31 12:30:00-04:00,408.875,410.889892578125,408.2699890136719,408.869384765625
2024-10-31 13:30:00-04:00,408.8599853515625,409.3599853515625,407.8500061035156,408.5450134277344
2024-10-31 14:30:00-04:00,408.57000732421875,410.9150085449219,408.0799865722656,409.9200134277344
2024-10-31 15:30:00-04:00,409.9100036621094,411.2200012207031,406.29998779296875,406.3299865722656
2024-11-01 09:30:00-04:00,409.010009765625,411.95001220703125,407.5,411.8800048828125
2024-11-01 10:30:00-04:00,411.8800048828125,415.1300048828125,411.42999267578125,414.94000244140625
2024-11-01 11:30:00-04:00,415.0,415.5,413.5199890136719,413.6600036621094
2024-11-01 12:30:00-04:00,413.7049865722656,414.95001220703125,412.75,414.5120849609375
2024-11-01 13:30:00-04:00,414.5199890136719,414.5599060058594,411.3599853515625,412.0799865722656
2024-11-01 14:30:00-04:00,412.0,412.8500061035156,411.5899963378906,411.6050109863281
2024-11-01 15:30:00-04:00,411.5899963378906,411.7499084472656,409.8399963378906,410.010009765625
2024-11-04 09:30:00-05:00,409.8550109863281,410.2200012207031,405.57501220703125,409.7749938964844
2024-11-04 10:30:00-05:00,409.7799987792969,410.4100036621094,408.0899963378906,408.0899963378906
2024-11-04 11:30:00-05:00,408.07000732421875,408.2449951171875,405.8699951171875,407.0849914550781
2024-11-04 12:30:00-05:00,407.125,408.07989501953125,406.57000732421875,407.57000732421875
2024-11-04 13:30:00-05:00,407.57501220703125,408.3999938964844,407.42010498046875,407.8800048828125
2024-11-04 14:30:00-05:00,407.8699951171875,408.3638000488281,407.3800048828125,407.4700012207031
2024-11-04 15:30:00-05:00,407.4700012207031,408.8299865722656,406.92999267578125,408.6600036621094
2024-11-05 09:30:00-05:00,408.3299865722656,413.5299987792969,408.0799865722656,412.4949951171875
2024-11-05 10:30:00-05:00,412.4800109863281,413.94000244140625,411.3858947753906,413.5899963378906
2024-11-05 11:30:00-05:00,413.5863952636719,414.8999938964844,412.80010986328125,414.2850036621094
2024-11-05 12:30:00-05:00,414.30999755859375,414.70001220703125,411.7699890136719,411.7799987792969
2024-11-05 13:30:00-05:00,411.7850036621094,412.1499938964844,410.9599914550781,411.3252868652344
2024-11-05 14:30:00-05:00,411.31500244140625,412.3550109863281,411.04998779296875,412.0
2024-11-05 15:30:00-05:00,411.9700012207031,412.3500061035156,410.75,411.4800109863281
2024-11-06 09:30:00-05:00,412.42999267578125,419.989990234375,410.5199890136719,419.94000244140625
2024-11-06 10:30:00-05:00,419.9100036621094,420.3900146484375,415.260009765625,415.7300109863281
2024-11-06 11:30:00-05:00,415.8800048828125,416.6628112792969,414.7799987792969,415.739990234375
2024-11-06 12:30:00-05:00,415.75,417.0,415.54998779296875,416.9649963378906
2024-11-06 13:30:00-05:00,417.0,419.0400085449219,416.9849853515625,418.9150085449219
2024-11-06 14:30:00-05:00,418.92999267578125,420.0899963378906,418.810791015625,419.510009765625
2024-11-06 15:30:00-05:00,419.5,420.42999267578125,419.05499267578125,420.2099914550781
2024-11-07 09:30:00-05:00,421.1199951171875,423.17999267578125,419.8800048828125,422.78009033203125
2024-11-07 10:30:00-05:00,422.7799987792969,425.6282043457031,421.67999267578125,425.5400085449219
2024-11-07 11:30:00-05:00,425.5599060058594,426.4200134277344,424.0801086425781,424.6210021972656
2024-11-07 12:30:00-05:00,424.6099853515625,424.8822021484375,423.7699890136719,424.8599853515625
2024-11-07 13:30:00-05:00,424.82000732421875,425.760009765625,423.80999755859375,425.1697998046875
2024-11-07 14:30:00-05:00,425.2300109863281,426.739990234375,424.7300109863281,426.260009765625
2024-11-07 15:30:00-05:00,426.32501220703125,426.8500061035156,424.6300048828125,425.510009765625
2024-11-08 09:30:00-05:00,425.39599609375,426.5,423.8800048828125,424.1499938964844
2024-11-08 10:30:00-05:00,424.17999267578125,424.8699951171875,423.0581970214844,423.67999267578125
2024-11-08 11:30:00-05:00,423.69500732421875,424.3699951171875,422.1499938964844,422.43499755859375
2024-11-08 12:30:00-05:00,422.4200134277344,423.1700134277344,421.8500061035156,422.4649963378906
2024-11-08 13:30:00-05:00,422.489990234375,423.909912109375,422.4700012207031,423.5849914550781
2024-11-08 14:30:00-05:00,423.55999755859375,424.0799865722656,422.7650146484375,422.78021240234375
2024-11-08 15:30:00-05:00,422.80999755859375,422.95989990234375,421.7799987792969,422.92999267578125
2024-11-11 09:30:00-05:00,422.56500244140625,424.80999755859375,420.2200012207031,420.3450012207031
2024-11-11 10:30:00-05:00,420.3500061035156,421.1889953613281,416.0,417.17999267578125
2024-11-11 11:30:00-05:00,417.25,419.1600036621094,416.9599914550781,418.8299865722656
2024-11-11 12:30:00-05:00,418.79998779296875,418.82000732421875,416.69000244140625,418.79998779296875
2024-11-11 13:30:00-05:00,418.79998779296875,419.9200134277344,418.69000244140625,419.34210205078125
2024-11-11 14:30:00-05:00,419.3756103515625,419.6400146484375,418.7301025390625,418.8550109863281
2024-11-11 15:30:00-05:00,418.8550109863281,418.8900146484375,417.1099853515625,418.19000244140625
2024-11-12 09:30:00-05:00,418.25,420.58990478515625,417.2099914550781,418.989990234375
2024-11-12 10:30:00-05:00,418.9800109863281,420.42999267578125,418.75,419.5199890136719
2024-11-12 11:30:00-05:00,419.9100036621094,421.3511962890625,419.3800048828125,421.0950012207031
2024-11-12 12:30:00-05:00,421.05999755859375,421.760009765625,419.6549987792969,421.760009765625
2024-11-12 13:30:00-05:00,421.739990234375,423.5899963378906,421.67999267578125,423.25
2024-11-12 14:30:00-05:00,423.30999755859375,424.4399108886719,422.8999938964844,423.552001953125
2024-11-12 15:30:00-05:00,423.489990234375,424.44000244140625,422.6600036621094,423.1300048828125
2024-11-13 09:30:00-05:00,421.29998779296875,422.4700012207031,418.2099914550781,419.1499938964844
2024-11-13 10:30:00-05:00,419.17999267578125,422.8999938964844,419.1499938964844,422.7699890136719
2024-11-13 11:30:00-05:00,422.760009765625,427.1300048828125,422.364013671875,426.69000244140625
2024-11-13 12:30:00-05:00,426.739990234375,428.8999938964844,426.6499938964844,428.3915100097656
2024-11-13 13:30:00-05:00,428.3800048828125,429.32501220703125,426.77099609375,427.2200012207031
2024-11-13 14:30:00-05:00,427.2398986816406,427.46240234375,424.8905029296875,425.1000061035156
2024-11-13 15:30:00-05:00,425.1099853515625,425.63848876953125,423.7099914550781,425.3399963378906
2024-11-14 09:30:00-05:00,424.79998779296875,428.0299987792969,423.75,426.0
2024-11-14 10:30:00-05:00,425.9599914550781,427.30999755859375,424.6512145996094,425.6449890136719
2024-11-14 11:30:00-05:00,425.6549987792969,427.82000732421875,425.6300048828125,427.5199890136719
2024-11-14 12:30:00-05:00,427.5199890136719,428.1600036621094,420.0,426.5199890136719
2024-11-14 13:30:00-05:00,426.5899963378906,427.6000061035156,426.0033874511719,427.1700134277344
2024-11-14 14:30:00-05:00,427.1700134277344,427.70001220703125,425.95001220703125,426.0350036621094
2024-11-14 15:30:00-05:00,426.0350036621094,427.7300109863281,425.8500061035156,426.7300109863281
2024-11-15 09:30:00-05:00,420.25,422.79998779296875,417.3100891113281,417.64990234375
2024-11-15 10:30:00-05:00,417.7049865722656,418.0350036621094,416.1600036621094,416.839599609375
2024-11-15 11:30:00-05:00,416.79998779296875,417.17498779296875,414.22589111328125,415.1700134277344
2024-11-15 12:30:00-05:00,415.1600036621094,415.409912109375,413.6400146484375,415.05999755859375
2024-11-15 13:30:00-05:00,415.05999755859375,415.3999938964844,413.8901062011719,414.0299987792969
2024-11-15 14:30:00-05:00,414.0050048828125,415.3500061035156,413.8399963378906,414.7344970703125
2024-11-15 15:30:00-05:00,414.7099914550781,415.70001220703125,414.19000244140625,414.80999755859375
2024-11-18 09:30:00-05:00,414.8699951171875,417.46990966796875,412.1000061035156,417.43499755859375
2024-11-18 10:30:00-05:00,417.3999938964844,418.4036865234375,416.3900146484375,416.3900146484375
2024-11-18 11:30:00-05:00,416.3800048828125,417.0,414.9150085449219,415.0470886230469
2024-11-18 12:30:00-05:00,415.07501220703125,416.32000732421875,414.70001220703125,415.63641357421875
2024-11-18 13:30:00-05:00,415.70001220703125,416.20111083984375,414.8399963378906,416.0
2024-11-18 14:30:00-05:00,416.0350036621094,416.7449951171875,415.6700134277344,415.739990234375
2024-11-18 15:30:00-05:00,415.7550048828125,416.0849914550781,415.2099914550781,415.75
2024-11-19 09:30:00-05:00,413.6474914550781,414.0,411.54998779296875,413.1199951171875
2024-11-19 10:30:00-05:00,413.0899963378906,413.9599914550781,412.67999267578125,413.9200134277344
2024-11-19 11:30:00-05:00,413.94000244140625,415.3900146484375,413.81500244140625,415.1000061035156
2024-11-19 12:30:00-05:00,415.1499938964844,416.7200012207031,415.05999755859375,416.57000732421875
2024-11-19 13:30:00-05:00,416.5400085449219,417.94000244140625,416.4700012207031,416.5249938964844
2024-11-19 14:30:00-05:00,416.5400085449219,416.8900146484375,415.4599914550781,416.8380126953125
2024-11-19 15:30:00-05:00,416.81500244140625,417.80999755859375,416.7101135253906,417.6300048828125
2024-11-20 09:30:00-05:00,416.8699951171875,417.0849914550781,410.5799865722656,411.2749938964844
2024-11-20 10:30:00-05:00,411.2749938964844,413.57989501953125,411.17999267578125,413.2099914550781
2024-11-20 11:30:00-05:00,413.2300109863281,416.2200012207031,413.0640869140625,414.0198974609375
2024-11-20 12:30:00-05:00,413.95001220703125,414.6499938964844,413.1990051269531,414.32000732421875
2024-11-20 13:30:00-05:00,414.30999755859375,414.32000732421875,413.0400085449219,413.3399963378906
2024-11-20 14:30:00-05:00,413.30999755859375,414.54998779296875,413.1099853515625,414.5400085449219
2024-11-20 15:30:00-05:00,414.57000732421875,416.260009765625,414.54998779296875,415.3699951171875
2024-11-21 09:30:00-05:00,419.5,419.7799987792969,411.010009765625,411.2078857421875
2024-11-21 10:30:00-05:00,411.114990234375,415.5989990234375,410.2886962890625,415.5150146484375
2024-11-21 11:30:00-05:00,415.5400085449219,415.5799865722656,411.7799987792969,414.239990234375
2024-11-21 12:30:00-05:00,414.25,415.94000244140625,414.20001220703125,415.45001220703125
2024-11-21 13:30:00-05:00,415.45001220703125,415.9800109863281,412.3500061035156,412.82501220703125
2024-11-21 14:30:00-05:00,412.82501220703125,413.989990234375,412.5299987792969,413.760009765625
2024-11-21 15:30:00-05:00,413.760009765625,414.4800109863281,412.79998779296875,412.82501220703125
2024-11-22 09:30:00-05:00,411.364990234375,415.5950012207031,411.05999755859375,411.9599914550781
2024-11-22 10:30:00-05:00,412.05389404296875,413.8999938964844,411.7593078613281,413.04998779296875
2024-11-22 11:30:00-05:00,412.92999267578125,414.5799865722656,412.2799987792969,414.1073913574219
2024-11-22 12:30:00-05:00,414.1600036621094,415.239990234375,413.3299865722656,414.53009033203125
2024-11-22 13:30:00-05:00,414.5849914550781,415.20001220703125,414.3500061035156,414.5799865722656
2024-11-22 14:30:00-05:00,414.56500244140625,415.2587890625,414.0,414.5303039550781
2024-11-22 15:30:00-05:00,414.5299987792969,417.3999938964844,414.05999755859375,416.8299865722656
2024-11-25 09:30:00-05:00,418.19000244140625,421.05999755859375,414.8900146484375,415.69000244140625
2024-11-25 10:30:00-05:00,415.635009765625,416.75,414.95001220703125,416.5
2024-11-25 11:30:00-05:00,416.489990234375,417.29998779296875,415.1700134277344,415.3699951171875
2024-11-25 12:30:00-05:00,415.3800048828125,416.7998962402344,414.864990234375,416.6300048828125
2024-11-25 13:30:00-05:00,416.6400146484375,417.1689147949219,415.95001220703125,416.3399963378906
2024-11-25 14:30:00-05:00,416.3399963378906,416.9200134277344,416.010009765625,416.57501220703125
2024-11-25 15:30:00-05:00,416.6099853515625,419.3299865722656,416.5199890136719,418.7799987792969
2024-11-26 09:30:00-05:00,419.5849914550781,425.2900085449219,418.92999267578125,424.7074890136719
2024-11-26 10:30:00-05:00,424.7650146484375,427.25,424.7099914550781,425.4100036621094
2024-11-26 11:30:00-05:00,425.4100036621094,426.4599914550781,425.1400146484375,425.4800109863281
2024-11-26 12:30:00-05:00,425.4750061035156,426.95001220703125,425.42999267578125,426.1099853515625
2024-11-26 13:30:00-05:00,426.1099853515625,427.0,426.1000061035156,426.3900146484375
2024-11-26 14:30:00-05:00,426.3999938964844,428.3299865722656,426.2699890136719,428.29998779296875
2024-11-26 15:30:00-05:00,428.29998779296875,429.0414123535156,427.4700012207031,427.6700134277344
2024-11-27 09:30:00-05:00,425.1050109863281,427.2298889160156,424.1400146484375,425.55499267578125
2024-11-27 10:30:00-05:00,425.5741882324219,426.0899963378906,422.989990234375,424.57501220703125
2024-11-27 11:30:00-05:00,424.5299987792969,425.0050048828125,423.2799987792969,423.8699951171875
2024-11-27 12:30:00-05:00,423.8599853515625,424.20001220703125,423.1700134277344,423.75
2024-11-27 13:30:00-05:00,423.7300109863281,424.6499938964844,423.70001220703125,424.3785095214844
2024-11-27 14:30:00-05:00,424.3500061035156,424.8999938964844,423.69500732421875,423.8677978515625
2024-11-27 15:30:00-05:00,423.82000732421875,424.3999938964844,422.0199890136719,422.9100036621094
2024-11-29 09:30:00-05:00,420.0299987792969,421.6199951171875,417.79998779296875,421.53338623046875
2024-11-29 10:30:00-05:00,421.55999755859375,423.5400085449219,421.45001220703125,423.0249938964844
2024-11-29 11:30:00-05:00,423.1099853515625,424.7831115722656,422.7250061035156,424.25
2024-12-02 09:30:00-05:00,421.5400085449219,430.67999267578125,421.30999755859375,430.5799865722656
2024-12-02 10:30:00-05:00,430.6058044433594,432.7099914550781,430.1199951171875,430.2959899902344
2024-12-02 11:30:00-05:00,430.3349914550781,431.7699890136719,429.760009765625,430.92498779296875
2024-12-02 12:30:00-05:00,430.9599914550781,431.3500061035156,430.2449951171875,430.7409973144531
2024-12-02 13:30:00-05:00,430.739990234375,431.7298889160156,430.3999938964844,431.2900085449219
2024-12-02 14:30:00-05:00,431.2900085449219,431.94000244140625,431.0,431.57000732421875
2024-12-02 15:30:00-05:00,431.6099853515625,431.69000244140625,430.04998779296875,430.9700012207031
2024-12-03 09:30:00-05:00,429.8399963378906,432.4700012207031,428.6000061035156,429.6600036621094
2024-12-03 10:30:00-05:00,429.6099853515625,431.9898986816406,429.510009765625,431.3949890136719
2024-12-03 11:30:00-05:00,431.44000244140625,431.739990234375,429.9287109375,430.0899963378906
2024-12-03 12:30:00-05:00,430.07501220703125,430.6700134277344,429.5805969238281,429.9949951171875
2024-12-03 13:30:00-05:00,429.989990234375,430.6700134277344,427.739990234375,429.55999755859375
2024-12-03 14:30:00-05:00,429.6000061035156,430.55999755859375,429.42999267578125,430.52740478515625
2024-12-03 15:30:00-05:00,430.5400085449219,431.5,430.44000244140625,431.1400146484375
2024-12-04 09:30:00-05:00,432.9150085449219,439.5450134277344,432.6300048828125,438.1199951171875
2024-12-04 10:30:00-05:00,438.114990234375,439.66668701171875,437.15130615234375,437.4549865722656
2024-12-04 11:30:00-05:00,437.44500732421875,437.7200012207031,436.3299865722656,437.5
2024-12-04 12:30:00-05:00,437.5150146484375,437.70001220703125,436.55999755859375,437.2300109863281
2024-12-04 13:30:00-05:00,437.1700134277344,438.1400146484375,436.0899963378906,437.94000244140625
2024-12-04 14:30:00-05:00,437.94000244140625,438.6199951171875,437.6099853515625,437.67999267578125
2024-12-04 15:30:00-05:00,437.6600036621094,438.3699951171875,436.8900146484375,437.3299865722656
2024-12-05 09:30:00-05:00,437.9200134277344,439.94000244140625,436.1709899902344,438.0
2024-12-05 10:30:00-05:00,438.1099853515625,439.8800048828125,437.8645935058594,439.6400146484375
2024-12-05 11:30:00-05:00,439.6650085449219,443.79998779296875,439.2900085449219,442.8450012207031
2024-12-05 12:30:00-05:00,442.8399963378906,444.6600036621094,442.3599853515625,443.3800048828125
2024-12-05 13:30:00-05:00,443.375,444.43499755859375,442.340087890625,442.9901123046875
2024-12-05 14:30:00-05:00,443.04998779296875,443.5,442.1000061035156,442.42401123046875
2024-12-05 15:30:00-05:00,442.42999267578125,443.760009765625,441.989990234375,442.6300048828125
2024-12-06 09:30:00-05:00,442.0,446.1000061035156,442.0,444.82000732421875
2024-12-06 10:30:00-05:00,444.8550109863281,444.8550109863281,442.6499938964844,444.31500244140625
2024-12-06 11:30:00-05:00,444.32501220703125,444.6700134277344,441.7702941894531,442.9700012207031
2024-12-06 12:30:00-05:00,443.010009765625,443.8799133300781,442.2099914550781,443.2799987792969
2024-12-06 13:30:00-05:00,443.3500061035156,443.760009765625,443.010009765625,443.05999755859375
2024-12-06 14:30:00-05:00,443.0409851074219,444.6300048828125,442.95001220703125,444.2749938964844
2024-12-06 15:30:00-05:00,444.2699890136719,444.7699890136719,443.3599853515625,443.5199890136719
2024-12-09 09:30:00-05:00,443.0,445.12811279296875,440.5,443.7349853515625
2024-12-09 10:30:00-05:00,443.6700134277344,447.5899963378906,443.5400085449219,447.06500244140625
2024-12-09 11:30:00-05:00,447.0400085449219,448.32000732421875,445.5549011230469,447.2699890136719
2024-12-09 12:30:00-05:00,447.2650146484375,447.2799987792969,445.78009033203125,446.1600036621094
2024-12-09 13:30:00-05:00,446.1099853515625,447.20001220703125,445.7699890136719,446.0950012207031
2024-12-09 14:30:00-05:00,446.1400146484375,446.5,445.07000732421875,446.0299987792969
2024-12-09 15:30:00-05:00,446.0400085449219,446.5,444.8999938964844,445.8999938964844
2024-12-10 09:30:00-05:00,444.5,449.6199951171875,443.8699951171875,448.2101135253906
2024-12-10 10:30:00-05:00,448.2099914550781,449.29998779296875,446.04998779296875,446.4649963378906
2024-12-10 11:30:00-05:00,446.4549865722656,447.7099914550781,445.54998779296875,447.0249938964844
2024-12-10 12:30:00-05:00,447.0249938964844,447.5,444.8599853515625,446.0
2024-12-10 13:30:00-05:00,446.0350036621094,446.0555114746094,443.510009765625,443.9200134277344
2024-12-10 14:30:00-05:00,443.9150085449219,444.25,441.6000061035156,441.8900146484375
2024-12-10 15:30:00-05:00,441.8999938964844,443.6000061035156,441.69000244140625,443.489990234375
2024-12-11 09:30:00-05:00,444.04998779296875,448.3900146484375,444.04998779296875,447.5299987792969
2024-12-11 10:30:00-05:00,447.5899963378906,450.3500061035156,447.5899963378906,449.8999938964844
2024-12-11 11:30:00-05:00,449.8900146484375,450.0400085449219,449.0000915527344,449.47479248046875
2024-12-11 12:30:00-05:00,449.4648132324219,449.62939453125,448.6700134277344,449.1499938964844
2024-12-11 13:30:00-05:00,449.1600036621094,449.92999267578125,448.5201110839844,448.6400146484375
2024-12-11 14:30:00-05:00,448.67999267578125,449.3599853515625,447.85009765625,449.08709716796875
2024-12-11 15:30:00-05:00,449.0199890136719,449.7200012207031,448.7749938964844,449.0
2024-12-12 09:30:00-05:00,449.55499267578125,453.8999938964844,449.2200012207031,453.0
2024-12-12 10:30:00-05:00,453.0,456.164794921875,452.8200988769531,454.54998779296875
2024-12-12 11:30:00-05:00,454.6099853515625,455.239990234375,452.8500061035156,454.1596984863281
2024-12-12 12:30:00-05:00,454.1549987792969,454.75,453.35009765625,453.95001220703125
2024-12-12 13:30:00-05:00,453.87860107421875,454.0299987792969,452.10009765625,452.3550109863281
2024-12-12 14:30:00-05:00,452.3546142578125,452.69000244140625,451.30010986328125,451.552490234375
2024-12-12 15:30:00-05:00,451.57000732421875,452.1700134277344,449.1300048828125,449.4750061035156
2024-12-13 09:30:00-05:00,448.25,451.42999267578125,447.8999938964844,448.68499755859375
2024-12-13 10:30:00-05:00,448.7200012207031,449.7300109863281,446.82000732421875,447.125
2024-12-13 11:30:00-05:00,447.135009765625,447.8500061035156,446.1199951171875,446.2449951171875
2024-12-13 12:30:00-05:00,446.2099914550781,447.44000244140625,445.5799865722656,447.4291076660156
2024-12-13 13:30:00-05:00,447.4150085449219,447.9750061035156,446.9797058105469,447.1400146484375
2024-12-13 14:30:00-05:00,447.1202087402344,447.9200134277344,446.95001220703125,447.4599914550781
2024-12-13 15:30:00-05:00,447.4599914550781,448.2499084472656,446.9200134277344,447.260009765625
2024-12-16 09:30:00-05:00,446.635009765625,449.1499938964844,445.2799987792969,446.3949890136719
2024-12-16 10:30:00-05:00,446.3900146484375,448.6400146484375,445.8500061035156,448.07501220703125
2024-12-16 11:30:00-05:00,448.0400085449219,448.5799865722656,446.54998779296875,447.95001220703125
2024-12-16 12:30:00-05:00,447.9800109863281,449.6099853515625,447.6099853515625,449.1300048828125
2024-12-16 13:30:00-05:00,449.1300048828125,449.88629150390625,448.54998779296875,449.7799987792969
2024-12-16 14:30:00-05:00,449.7950134277344,451.8800048828125,449.43011474609375,451.760009765625
2024-12-16 15:30:00-05:00,451.79998779296875,452.1614074707031,450.090087890625,451.7099914550781
2024-12-17 09:30:00-05:00,451.1050109863281,452.79998779296875,449.57000732421875,451.7900085449219
2024-12-17 10:30:00-05:00,451.82000732421875,454.7264099121094,451.2807922363281,453.614990234375
2024-12-17 11:30:00-05:00,453.55999755859375,455.2799987792969,453.510009765625,454.3550109863281
2024-12-17 12:30:00-05:00,454.42999267578125,454.8900146484375,453.1700134277344,453.7300109863281
2024-12-17 13:30:00-05:00,453.6700134277344,454.260009765625,453.1449890136719,453.7300109863281
2024-12-17 14:30:00-05:00,453.7300109863281,454.5400085449219,453.30010986328125,453.9200134277344
2024-12-17 15:30:00-05:00,453.9599914550781,455.25,453.7749938964844,454.4800109863281
2024-12-18 09:30:00-05:00,451.3999938964844,452.30999755859375,446.159912109375,450.3699951171875
2024-12-18 10:30:00-05:00,450.3699951171875,452.25,449.2799987792969,452.114990234375
2024-12-18 11:30:00-05:00,452.114990234375,452.6199951171875,451.5,451.5799865722656
2024-12-18 12:30:00-05:00,451.54998779296875,452.6499938964844,451.2889099121094,451.5434875488281
2024-12-18 13:30:00-05:00,451.5400085449219,451.9800109863281,448.2528076171875,448.2900085449219
2024-12-18 14:30:00-05:00,448.3800048828125,448.9700012207031,442.67999267578125,443.20001220703125
2024-12-18 15:30:00-05:00,443.1449890136719,443.82000732421875,437.0199890136719,437.25
2024-12-19 09:30:00-05:00,441.6199951171875,442.96929931640625,438.3299865722656,441.0799865722656
2024-12-19 10:30:00-05:00,440.8500061035156,442.6499938964844,439.8500061035156,442.2799987792969
2024-12-19 11:30:00-05:00,442.07000732421875,443.18341064453125,439.8299865722656,439.8819885253906
2024-12-19 12:30:00-05:00,439.8999938964844,440.8399963378906,438.92999267578125,440.12451171875
2024-12-19 13:30:00-05:00,440.18499755859375,440.739990234375,439.5,440.04998779296875
2024-12-19 14:30:00-05:00,440.0085144042969,440.0367126464844,437.4700012207031,438.5849914550781
2024-12-19 15:30:00-05:00,438.55999755859375,439.1499938964844,436.3299865722656,437.1000061035156
2024-12-20 09:30:00-05:00,433.0050048828125,434.4200134277344,428.6300048828125,434.31500244140625
2024-12-20 10:30:00-05:00,434.3450012207031,440.3299865722656,434.0799865722656,440.25
2024-12-20 11:30:00-05:00,440.2300109863281,443.7203063964844,440.1400146484375,443.3500061035156
2024-12-20 12:30:00-05:00,443.3900146484375,443.4649963378906,439.4800109863281,439.55999755859375
2024-12-20 13:30:00-05:00,439.54998779296875,440.2799987792969,438.2200012207031,439.4150085449219
2024-12-20 14:30:00-05:00,439.42999267578125,440.1199951171875,436.2900085449219,436.7799987792969
2024-12-20 15:30:00-05:00,436.8349914550781,437.9049987792969,434.8399963378906,436.9700012207031
2024-12-23 09:30:00-05:00,436.69000244140625,437.6499938964844,433.54010009765625,433.760009765625
2024-12-23 10:30:00-05:00,433.7799987792969,434.6695861816406,432.9100036621094,433.70001220703125
2024-12-23 11:30:00-05:00,433.70001220703125,434.92999267578125,432.8299865722656,433.9800109863281
2024-12-23 12:30:00-05:00,434.0400085449219,435.3544921875,433.8800048828125,435.2850036621094
2024-12-23 13:30:00-05:00,435.2550048828125,436.4599914550781,435.1499938964844,435.7300109863281
2024-12-23 14:30:00-05:00,435.67999267578125,436.14959716796875,433.6499938964844,434.12750244140625
2024-12-23 15:30:00-05:00,434.1075134277344,436.30999755859375,434.0050048828125,435.2200012207031
2024-12-24 09:30:00-05:00,434.7200012207031,437.6000061035156,434.19000244140625,437.2699890136719
2024-12-24 10:30:00-05:00,437.2550048828125,438.6700134277344,437.1400146484375,437.5299987792969
2024-12-24 11:30:00-05:00,437.4700012207031,438.625,437.3699951171875,438.5299987792969
2024-12-26 09:30:00-05:00,439.0799865722656,440.9200134277344,436.6300048828125,438.1907043457031
2024-12-26 10:30:00-05:00,438.239990234375,439.1400146484375,437.340087890625,438.7900085449219
2024-12-26 11:30:00-05:00,438.67999267578125,439.9093933105469,438.67999267578125,438.9938049316406
2024-12-26 12:30:00-05:00,439.0199890136719,439.57000732421875,438.0299987792969,439.1549987792969
2024-12-26 13:30:00-05:00,439.1449890136719,439.2699890136719,438.5614013671875,439.0
2024-12-26 14:30:00-05:00,438.9800109863281,439.9700012207031,438.9200134277344,439.55999755859375
2024-12-26 15:30:00-05:00,439.54998779296875,439.7799987792969,438.0799865722656,438.1199951171875
2024-12-27 09:30:00-05:00,434.9100036621094,435.2200012207031,427.3599853515625,428.3399963378906
2024-12-27 10:30:00-05:00,428.2300109863281,429.75,427.45001220703125,429.68499755859375
2024-12-27 11:30:00-05:00,429.69000244140625,429.9164123535156,426.5249938964844,426.8410949707031
2024-12-27 12:30:00-05:00,426.8349914550781,428.4800109863281,426.3500061035156,428.2749938964844
2024-12-27 13:30:00-05:00,428.2699890136719,430.3299865722656,428.2001037597656,429.82000732421875
2024-12-27 14:30:00-05:00,429.8699951171875,430.7749938964844,428.80999755859375,429.2063903808594
2024-12-27 15:30:00-05:00,429.1499938964844,430.989990234375,428.7300109863281,430.70001220703125
2024-12-30 09:30:00-05:00,426.05999755859375,426.1099853515625,421.8999938964844,423.260009765625
2024-12-30 10:30:00-05:00,423.3302917480469,425.7900085449219,423.25,425.19000244140625
2024-12-30 11:30:00-05:00,425.19000244140625,426.5899963378906,424.9700012207031,426.5400085449219
2024-12-30 12:30:00-05:00,426.5794982910156,427.5299987792969,425.5000915527344,426.1099853515625
2024-12-30 13:30:00-05:00,426.0799865722656,427.29998779296875,425.9150085449219,426.6000061035156
2024-12-30 14:30:00-05:00,426.55499267578125,427.42999267578125,426.05499267578125,426.135009765625
2024-12-30 15:30:00-05:00,426.1499938964844,426.9599914550781,424.82000732421875,424.82000732421875
2024-12-31 09:30:00-05:00,426.1000061035156,426.7300109863281,424.2049865722656,425.20001220703125
2024-12-31 10:30:00-05:00,425.1199951171875,425.6050109863281,422.8500061035156,423.4812927246094
2024-12-31 11:30:00-05:00,423.32000732421875,423.95001220703125,422.260009765625,422.3299865722656
2024-12-31 12:30:00-05:00,422.3471984863281,423.8599853515625,421.7099914550781,421.92999267578125
2024-12-31 13:30:00-05:00,421.9049987792969,422.9455871582031,421.54998779296875,422.0199890136719
2024-12-31 14:30:00-05:00,421.989990234375,423.19000244140625,421.6000061035156,423.19000244140625
2024-12-31 15:30:00-05:00,423.1600036621094,423.3900146484375,420.6600036621094,421.2909851074219
2025-01-02 09:30:00-05:00,425.5299987792969,426.07000732421875,422.260009765625,423.19000244140625
2025-01-02 10:30:00-05:00,423.1199951171875,423.364990234375,420.3299865722656,421.4800109863281
2025-01-02 11:30:00-05:00,421.489990234375,422.3599853515625,418.05999755859375,418.3399963378906
2025-01-02 12:30:00-05:00,418.2200012207031,418.31878662109375,414.8500061035156,416.2300109863281
2025-01-02 13:30:00-05:00,416.20001220703125,417.32000732421875,414.9599914550781,417.07000732421875
2025-01-02 14:30:00-05:00,416.95001220703125,418.5299987792969,416.30999755859375,418.19000244140625
2025-01-02 15:30:00-05:00,418.25,418.95001220703125,417.8699951171875,418.69000244140625
2025-01-03 09:30:00-05:00,421.0820007324219,423.739990234375,420.1499938964844,420.9200134277344
2025-01-03 10:30:00-05:00,420.9100036621094,422.0899963378906,419.55010986328125,421.40301513671875
2025-01-03 11:30:00-05:00,421.3599853515625,422.6549987792969,421.07000732421875,421.07000732421875
2025-01-03 12:30:00-05:00,421.1099853515625,422.67999267578125,420.95001220703125,422.6549987792969
2025-01-03 13:30:00-05:00,422.67999267578125,423.8800048828125,422.2809143066406,423.510009765625
2025-01-03 14:30:00-05:00,423.6000061035156,424.0199890136719,422.44500732421875,422.6600036621094
2025-01-03 15:30:00-05:00,422.6300048828125,423.8800048828125,421.6000061035156,423.3500061035156
2025-01-06 09:30:00-05:00,428.0799865722656,434.32000732421875,426.7699890136719,432.64849853515625
2025-01-06 10:30:00-05:00,432.6474914550781,432.82000732421875,430.95001220703125,431.875
2025-01-06 11:30:00-05:00,431.875,432.19000244140625,430.1400146484375,430.3699951171875
2025-01-06 12:30:00-05:00,430.3299865722656,430.6199951171875,427.6606140136719,428.0050048828125
2025-01-06 13:30:00-05:00,428.0050048828125,428.3381042480469,425.5,427.0060119628906
2025-01-06 14:30:00-05:00,427.0400085449219,427.125,425.8500061035156,426.6199951171875
2025-01-06 15:30:00-05:00,426.6300048828125,428.0799865722656,426.57000732421875,428.07000732421875
2025-01-07 09:30:00-05:00,429.42999267578125,430.6499938964844,427.1549987792969,428.7900085449219
2025-01-07 10:30:00-05:00,428.6499938964844,428.7900085449219,425.20001220703125,426.08990478515625
2025-01-07 11:30:00-05:00,426.0,427.8500061035156,423.35009765625,423.5899963378906
2025-01-07 12:30:00-05:00,423.57000732421875,424.5267028808594,422.760009765625,424.1700134277344
2025-01-07 13:30:00-05:00,424.1650085449219,424.6400146484375,422.94000244140625,424.4599914550781
2025-01-07 14:30:00-05:00,424.4599914550781,424.58990478515625,421.95001220703125,422.090087890625
2025-01-07 15:30:00-05:00,422.1199951171875,422.8699951171875,420.79998779296875,422.489990234375
2025-01-08 09:30:00-05:00,423.8800048828125,426.9700012207031,422.7900085449219,425.9100036621094
2025-01-08 10:30:00-05:00,425.8399963378906,426.5,424.3399963378906,424.739990234375
2025-01-08 11:30:00-05:00,424.7699890136719,425.80999755859375,421.55999755859375,421.79998779296875
2025-01-08 12:30:00-05:00,421.80999755859375,424.5799865722656,421.5400085449219,424.239990234375
2025-01-08 13:30:00-05:00,424.239990234375,425.3299865722656,422.7799987792969,425.0675048828125
2025-01-08 14:30:00-05:00,425.010009765625,425.010009765625,423.04998779296875,424.23089599609375
2025-01-08 15:30:00-05:00,424.2300109863281,425.1400146484375,423.6000061035156,424.70001220703125
2025-01-10 09:30:00-05:00,424.6099853515625,424.69500732421875,415.0199890136719,417.864990234375
2025-01-10 10:30:00-05:00,417.864990234375,419.889892578125,415.0299987792969,417.5400085449219
2025-01-10 11:30:00-05:00,417.4599914550781,418.3450012207031,416.1499938964844,418.2799987792969
2025-01-10 12:30:00-05:00,418.32000732421875,422.75,418.1400146484375,422.05999755859375
2025-01-10 13:30:00-05:00,422.2099914550781,423.32000732421875,420.760009765625,421.6700134277344
2025-01-10 14:30:00-05:00,421.739990234375,421.739990234375,420.0799865722656,420.1600036621094
2025-01-10 15:30:00-05:00,420.25,420.75,418.79998779296875,418.8999938964844
2025-01-13 09:30:00-05:00,415.2300109863281,418.5,413.8299865722656,414.3349914550781
2025-01-13 10:30:00-05:00,414.3349914550781,416.0799865722656,413.3009948730469,413.5
2025-01-13 11:30:00-05:00,413.44000244140625,414.6293029785156,412.3399963378906,414.2250061035156
2025-01-13 12:30:00-05:00,414.2250061035156,415.70001220703125,413.8599853515625,415.0
2025-01-13 13:30:00-05:00,415.0849914550781,416.0899963378906,414.1200866699219,416.07000732421875
2025-01-13 14:30:00-05:00,416.0299987792969,417.04998779296875,415.7900085449219,416.1199951171875
2025-01-13 15:30:00-05:00,416.1600036621094,417.6300048828125,415.9599914550781,417.2300109863281
2025-01-14 09:30:00-05:00,417.80999755859375,419.739990234375,416.6099853515625,416.91009521484375
2025-01-14 10:30:00-05:00,416.989990234375,417.95001220703125,415.2699890136719,415.739990234375
2025-01-14 11:30:00-05:00,415.7799987792969,416.2598876953125,414.160888671875,415.0400085449219
2025-01-14 12:30:00-05:00,414.9750061035156,416.5,413.9100036621094,416.20001220703125
2025-01-14 13:30:00-05:00,416.1600036621094,417.793212890625,415.95001220703125,417.0
2025-01-14 14:30:00-05:00,417.0299987792969,417.48260498046875,410.7200012207031,411.9549865722656
2025-01-14 15:30:00-05:00,411.8999938964844,415.75,411.489990234375,415.67999267578125
2025-01-15 09:30:00-05:00,419.1300048828125,425.5,418.2650146484375,425.2749938964844
2025-01-15 10:30:00-05:00,425.30999755859375,427.4200134277344,424.739990234375,426.2850036621094
2025-01-15 11:30:00-05:00,426.2200012207031,426.3059997558594,424.3699951171875,425.2200012207031
2025-01-15 12:30:00-05:00,425.1600036621094,426.44989013671875,424.6099853515625,425.6700134277344
2025-01-15 13:30:00-05:00,425.6803894042969,426.67498779296875,425.25,426.5899963378906
2025-01-15 14:30:00-05:00,426.6499938964844,428.1422119140625,426.54998779296875,427.7699890136719
2025-01-15 15:30:00-05:00,427.7655029296875,427.7655029296875,426.0899963378906,426.260009765625
2025-01-16 09:30:00-05:00,428.69500732421875,429.489990234375,425.0263977050781,426.135009765625
2025-01-16 10:30:00-05:00,426.0899963378906,428.2200012207031,425.8699951171875,427.07000732421875
2025-01-16 11:30:00-05:00,427.07501220703125,427.44000244140625,426.0299987792969,427.3601989746094
2025-01-16 12:30:00-05:00,427.3500061035156,427.5899963378906,426.25,426.3500061035156
2025-01-16 13:30:00-05:00,426.3349914550781,427.44000244140625,425.11419677734375,427.0379943847656
2025-01-16 14:30:00-05:00,427.07000732421875,428.0799865722656,426.57000732421875,426.7550048828125
2025-01-16 15:30:00-05:00,426.7099914550781,427.010009765625,424.3900146484375,424.5400085449219
2025-01-17 09:30:00-05:00,434.0899963378906,434.3900146484375,428.1700134277344,429.18499755859375
2025-01-17 10:30:00-05:00,429.1650085449219,429.989990234375,428.4800109863281,429.8949890136719
2025-01-17 11:30:00-05:00,429.93499755859375,430.7699890136719,428.54998779296875,430.6499938964844
2025-01-17 12:30:00-05:00,430.67999267578125,432.20001220703125,430.4200134277344,431.9837951660156
2025-01-17 13:30:00-05:00,431.93780517578125,431.989990234375,428.80999755859375,430.1023864746094
2025-01-17 14:30:00-05:00,430.1050109863281,430.7699890136719,429.5350036621094,430.2850036621094
2025-01-17 15:30:00-05:00,430.2300109863281,431.19000244140625,428.3900146484375,428.9100036621094
2025-01-21 09:30:00-05:00,430.0400085449219,430.7900085449219,425.5950012207031,428.4700012207031
2025-01-21 10:30:00-05:00,428.4200134277344,428.9399108886719,427.010009765625,428.010009765625
2025-01-21 11:30:00-05:00,428.0039978027344,428.95001220703125,427.7099914550781,428.55999755859375
2025-01-21 12:30:00-05:00,428.55999755859375,430.89990234375,428.54998779296875,429.3599853515625
2025-01-21 13:30:00-05:00,429.3599853515625,429.5199890136719,427.4200134277344,429.260009765625
2025-01-21 14:30:00-05:00,429.2349853515625,429.239990234375,427.5104064941406,429.04998779296875
2025-01-21 15:30:00-05:00,429.0249938964844,429.1178894042969,427.8599853515625,428.6199951171875
2025-01-22 09:30:00-05:00,437.4700012207031,441.8999938964844,436.0,439.7650146484375
2025-01-22 10:30:00-05:00,439.7650146484375,443.29998779296875,439.69000244140625,442.5400085449219
2025-01-22 11:30:00-05:00,442.5799865722656,445.95001220703125,442.3299865722656,444.760009765625
2025-01-22 12:30:00-05:00,444.739990234375,445.7900085449219,443.95001220703125,444.2950134277344
2025-01-22 13:30:00-05:00,444.30999755859375,445.8399963378906,443.6499938964844,445.55999755859375
2025-01-22 14:30:00-05:00,445.55999755859375,445.8900146484375,444.5799865722656,445.42999267578125
2025-01-22 15:30:00-05:00,445.42999267578125,447.2699890136719,444.8599853515625,446.1600036621094
2025-01-23 09:30:00-05:00,442.0,444.4800109863281,441.5047912597656,443.17010498046875
2025-01-23 10:30:00-05:00,443.19000244140625,443.8800048828125,442.25,443.5539855957031
2025-01-23 11:30:00-05:00,443.5994873046875,444.1400146484375,442.7799987792969,443.1000061035156
2025-01-23 12:30:00-05:00,443.07000732421875,443.25,442.4302978515625,443.114990234375
2025-01-23 13:30:00-05:00,443.1400146484375,444.5,443.1199951171875,444.3099060058594
2025-01-23 14:30:00-05:00,444.32000732421875,445.67999267578125,444.2850036621094,445.1098937988281
2025-01-23 15:30:00-05:00,445.0899963378906,446.739990234375,444.7200012207031,446.70001220703125
2025-01-24 09:30:00-05:00,445.1600036621094,445.93560791015625,442.5,443.7318115234375
2025-01-24 10:30:00-05:00,443.70001220703125,446.3218078613281,443.6600036621094,446.2950134277344
2025-01-24 11:30:00-05:00,446.2950134277344,446.6499938964844,444.4800109863281,444.82000732421875
2025-01-24 12:30:00-05:00,444.85321044921875,445.1199951171875,443.7099914550781,443.94000244140625
2025-01-24 13:30:00-05:00,443.9700012207031,444.1408996582031,441.70001220703125,442.42999267578125
2025-01-24 14:30:00-05:00,442.42498779296875,442.8800048828125,441.8999938964844,442.67999267578125
2025-01-24 15:30:00-05:00,442.70001220703125,444.2900085449219,442.6050109863281,443.9800109863281
2025-01-27 09:30:00-05:00,424.2099914550781,431.2099914550781,423.8800048828125,431.1499938964844
2025-01-27 10:30:00-05:00,431.1499938964844,433.9599914550781,426.5899963378906,427.3999938964844
2025-01-27 11:30:00-05:00,427.2699890136719,428.4800109863281,426.260009765625,427.3800048828125
2025-01-27 12:30:00-05:00,427.3800048828125,429.8999938964844,426.75,429.4150085449219
2025-01-27 13:30:00-05:00,429.3949890136719,434.7900085449219,429.32000732421875,434.4100036621094
2025-01-27 14:30:00-05:00,434.44000244140625,434.7900085449219,432.5000915527344,434.32000732421875
2025-01-27 15:30:00-05:00,434.3399963378906,435.19000244140625,433.5299987792969,434.57000732421875
2025-01-28 09:30:00-05:00,434.6000061035156,443.010009765625,431.42498779296875,442.2650146484375
2025-01-28 10:30:00-05:00,442.3299865722656,442.8500061035156,439.93499755859375,442.0
2025-01-28 11:30:00-05:00,442.0,444.70001220703125,441.5,444.5899963378906
2025-01-28 12:30:00-05:00,444.5950012207031,446.6300048828125,444.17498779296875,446.1700134277344
2025-01-28 13:30:00-05:00,446.0799865722656,446.95001220703125,445.0700988769531,446.8599853515625
2025-01-28 14:30:00-05:00,446.80999755859375,448.3800048828125,446.3999938964844,446.6300048828125
2025-01-28 15:30:00-05:00,446.6199951171875,447.9200134277344,445.67999267578125,447.0199890136719
2025-01-29 09:30:00-05:00,446.69000244140625,446.8800048828125,440.3999938964844,441.989990234375
2025-01-29 10:30:00-05:00,442.0199890136719,443.489990234375,441.4576110839844,442.4186096191406
2025-01-29 11:30:00-05:00,442.4119873046875,445.0899963378906,442.2569885253906,443.5902099609375
2025-01-29 12:30:00-05:00,443.6449890136719,444.2799987792969,440.9100036621094,443.0
2025-01-29 13:30:00-05:00,443.1549987792969,443.239990234375,441.510009765625,442.06500244140625
2025-01-29 14:30:00-05:00,441.989990234375,445.5,441.95001220703125,444.9754943847656
2025-01-29 15:30:00-05:00,444.9700012207031,445.17999267578125,441.6300048828125,441.7900085449219
2025-01-30 09:30:00-05:00,418.4800109863281,422.8599853515625,414.1700134277344,415.2298889160156
2025-01-30 10:30:00-05:00,415.2200012207031,416.92999267578125,413.1600036621094,415.25
2025-01-30 11:30:00-05:00,415.2749938964844,417.0899963378906,414.3500061035156,414.5044860839844
2025-01-30 12:30:00-05:00,414.510009765625,416.1199951171875,414.2699890136719,415.7200012207031
2025-01-30 13:30:00-05:00,415.7200012207031,416.44000244140625,414.25,415.2099914550781
2025-01-30 14:30:00-05:00,415.260009765625,416.0799865722656,414.9599914550781,415.9682922363281
2025-01-30 15:30:00-05:00,416.0,417.0400085449219,414.0700988769531,414.8599853515625
2025-01-31 09:30:00-05:00,418.7300109863281,420.67999267578125,416.54998779296875,417.38739013671875
2025-01-31 10:30:00-05:00,417.3869934082031,418.1300048828125,415.92999267578125,416.1449890136719
2025-01-31 11:30:00-05:00,416.1300048828125,418.6000061035156,415.2300109863281,418.5299987792969
2025-01-31 12:30:00-05:00,418.55499267578125,419.1700134277344,417.2701110839844,417.54998779296875
2025-01-31 13:30:00-05:00,417.489990234375,417.9599914550781,415.8999938964844,416.43438720703125
2025-01-31 14:30:00-05:00,416.4049987792969,417.010009765625,415.05999755859375,416.1400146484375
2025-01-31 15:30:00-05:00,416.1600036621094,417.25,414.9100036621094,414.9700012207031
2025-02-03 09:30:00-05:00,411.760009765625,414.7200012207031,408.6700134277344,411.67498779296875
2025-02-03 10:30:00-05:00,411.6499938964844,413.6499938964844,411.1099853515625,411.79998779296875
2025-02-03 11:30:00-05:00,411.7850036621094,412.55999755859375,410.3699951171875,411.69000244140625
2025-02-03 12:30:00-05:00,411.6499938964844,413.3999938964844,410.54998779296875,413.0299987792969
2025-02-03 13:30:00-05:00,413.0899963378906,415.4100036621094,413.0,415.05999755859375
2025-02-03 14:30:00-05:00,415.0899963378906,415.19500732421875,413.1000061035156,413.5849914550781
2025-02-03 15:30:00-05:00,413.6099853515625,414.2799987792969,410.7699890136719,411.010009765625
2025-02-04 09:30:00-05:00,412.1700134277344,413.44000244140625,409.760009765625,413.17999267578125
2025-02-04 10:30:00-05:00,413.1700134277344,413.9198913574219,412.239990234375,413.1300048828125
2025-02-04 11:30:00-05:00,413.1400146484375,413.625,411.0,411.05999755859375
2025-02-04 12:30:00-05:00,411.07000732421875,411.79998779296875,410.6600036621094,411.7550048828125
2025-02-04 13:30:00-05:00,411.739990234375,412.6600036621094,411.28009033203125,412.497802734375
2025-02-04 14:30:00-05:00,412.4599914550781,412.8800048828125,411.8900146484375,411.9599914550781
2025-02-04 15:30:00-05:00,411.94500732421875,412.92999267578125,411.3599853515625,412.30999755859375
2025-02-05 09:30:00-05:00,411.635009765625,413.70001220703125,410.4200134277344,411.6400146484375
2025-02-05 10:30:00-05:00,411.57501220703125,412.7200012207031,411.1199951171875,412.6199951171875
2025-02-05 11:30:00-05:00,412.625,413.8269958496094,412.42010498046875,413.0690002441406
2025-02-05 12:30:00-05:00,413.07000732421875,413.239990234375,411.7699890136719,412.0400085449219
2025-02-05 13:30:00-05:00,412.05999755859375,413.5,411.9649963378906,412.989990234375
2025-02-05 14:30:00-05:00,412.92999267578125,413.30560302734375,412.6527099609375,413.0559997558594
2025-02-05 15:30:00-05:00,413.07000732421875,413.5,412.0,413.2799987792969
2025-02-06 09:30:00-05:00,414.385009765625,418.04998779296875,414.0899963378906,417.0400085449219
2025-02-06 10:30:00-05:00,417.05999755859375,418.20001220703125,416.3999938964844,417.6642150878906
2025-02-06 11:30:00-05:00,417.635009765625,417.6400146484375,415.9088134765625,415.9949951171875
2025-02-06 12:30:00-05:00,416.0,417.2499084472656,415.760009765625,416.0849914550781
2025-02-06 13:30:00-05:00,416.1000061035156,416.3699951171875,415.3800048828125,415.8829040527344
2025-02-06 14:30:00-05:00,415.9200134277344,415.9200134277344,413.2900085449219,414.8829040527344
2025-02-06 15:30:00-05:00,414.9599914550781,415.9800109863281,414.1000061035156,415.9100036621094
2025-02-07 09:30:00-05:00,416.4800109863281,418.6499938964844,412.6099853515625,412.6099853515625
2025-02-07 10:30:00-05:00,412.6000061035156,413.6700134277344,410.6559143066406,411.3399963378906
2025-02-07 11:30:00-05:00,411.3599853515625,411.6600036621094,409.55999755859375,410.18011474609375
2025-02-07 12:30:00-05:00,410.17999267578125,411.3399963378906,410.17999267578125,410.7099914550781
2025-02-07 13:30:00-05:00,410.69439697265625,411.1419982910156,408.2799987792969,408.2850036621094
2025-02-07 14:30:00-05:00,408.2699890136719,409.159912109375,408.1000061035156,408.875
2025-02-07 15:30:00-05:00,408.8599853515625,410.3500061035156,408.80999755859375,409.760009765625
2025-02-10 09:30:00-05:00,413.68499755859375,414.5199890136719,411.7300109863281,414.19000244140625
2025-02-10 10:30:00-05:00,414.1300048828125,415.46240234375,414.0199890136719,415.0857849121094
2025-02-10 11:30:00-05:00,415.1199951171875,415.1199951171875,412.05999755859375,412.07501220703125
2025-02-10 12:30:00-05:00,412.0899963378906,413.04998779296875,411.8699951171875,412.79998779296875
2025-02-10 13:30:00-05:00,412.81500244140625,413.0899963378906,411.8800048828125,412.05999755859375
2025-02-10 14:30:00-05:00,412.08380126953125,412.4599914550781,410.9200134277344,411.4949951171875
2025-02-10 15:30:00-05:00,411.4800109863281,412.6000061035156,411.3500061035156,412.2099914550781
2025-02-11 09:30:00-05:00,409.6400146484375,412.4895935058594,409.29998779296875,412.20001220703125
2025-02-11 10:30:00-05:00,412.2099914550781,412.36419677734375,410.5400085449219,410.54998779296875
2025-02-11 11:30:00-05:00,410.5845031738281,411.1400146484375,409.54998779296875,410.28790283203125
2025-02-11 12:30:00-05:00,410.3299865722656,410.55999755859375,409.54998779296875,409.9800109863281
2025-02-11 13:30:00-05:00,409.9549865722656,410.71990966796875,409.8999938964844,410.55999755859375
2025-02-11 14:30:00-05:00,410.5950012207031,411.8999938964844,410.42999267578125,411.650390625
2025-02-11 15:30:00-05:00,411.6300048828125,411.8299865722656,411.0199890136719,411.54998779296875
2025-02-12 09:30:00-05:00,407.8800048828125,409.6099853515625,404.3673095703125,409.02349853515625
2025-02-12 10:30:00-05:00,409.0199890136719,409.9307861328125,407.20001220703125,407.57501220703125
2025-02-12 11:30:00-05:00,407.635009765625,409.5799865722656,407.635009765625,409.230712890625
2025-02-12 12:30:00-05:00,409.2099914550781,410.75,408.95001220703125,410.3392028808594
2025-02-12 13:30:00-05:00,410.3299865722656,410.3760070800781,409.32000732421875,409.4507141113281
2025-02-12 14:30:00-05:00,409.4750061035156,410.3999938964844,408.1499938964844,408.2099914550781
2025-02-12 15:30:00-05:00,408.2099914550781,409.1300048828125,408.04998779296875,408.95001220703125
2025-02-13 09:30:00-05:00,407.0320129394531,409.0,406.3599853515625,407.9700012207031
2025-02-13 10:30:00-05:00,407.9649963378906,410.4100036621094,407.7900085449219,408.6400146484375
2025-02-13 11:30:00-05:00,408.614990234375,408.9479064941406,407.5799865722656,408.2850036621094
2025-02-13 12:30:00-05:00,408.30499267578125,408.5,407.4849853515625,408.0799865722656
2025-02-13 13:30:00-05:00,408.0799865722656,409.75,407.64080810546875,409.67010498046875
2025-02-13 14:30:00-05:00,409.6700134277344,411.0,409.6600036621094,410.7127990722656
2025-02-13 15:30:00-05:00,410.67999267578125,410.7900085449219,409.8599853515625,410.5199890136719
2025-02-14 09:30:00-05:00,407.6499938964844,408.7099914550781,406.1700134277344,406.239990234375
2025-02-14 10:30:00-05:00,406.239990234375,407.989990234375,405.8963928222656,407.8207092285156
2025-02-14 11:30:00-05:00,407.8211975097656,408.32489013671875,407.41009521484375,407.5199890136719
2025-02-14 12:30:00-05:00,407.54998779296875,408.04998779296875,407.3949890136719,407.82000732421875
2025-02-14 13:30:00-05:00,407.79998779296875,408.7300109863281,407.5899963378906,407.7200012207031
2025-02-14 14:30:00-05:00,407.739990234375,407.94000244140625,406.69000244140625,406.8450012207031
2025-02-14 15:30:00-05:00,406.84930419921875,408.8299865722656,406.8111877441406,408.3299865722656
2025-02-18 09:30:00-05:00,408.19500732421875,410.59698486328125,407.8699951171875,408.05029296875
2025-02-18 10:30:00-05:00,408.0400085449219,409.28289794921875,407.7900085449219,408.92010498046875
2025-02-18 11:30:00-05:00,408.9700012207031,409.45001220703125,408.17999267578125,408.3349914550781
2025-02-18 12:30:00-05:00,408.3280029296875,408.9599914550781,407.6099853515625,408.0660095214844
2025-02-18 13:30:00-05:00,408.04998779296875,408.20001220703125,406.5,407.42999267578125
2025-02-18 14:30:00-05:00,407.489990234375,407.69580078125,406.9800109863281,407.5899963378906
2025-02-18 15:30:00-05:00,407.57000732421875,409.6400146484375,407.4649963378906,409.6400146484375
2025-02-19 09:30:00-05:00,408.3599853515625,409.92999267578125,407.739990234375,408.25
2025-02-19 10:30:00-05:00,408.2699890136719,411.84869384765625,408.010009765625,410.42919921875
2025-02-19 11:30:00-05:00,410.385009765625,411.55999755859375,409.9100036621094,410.4700012207031
2025-02-19 12:30:00-05:00,410.45001220703125,411.989990234375,410.2244873046875,411.56500244140625
2025-02-19 13:30:00-05:00,411.5899963378906,414.42999267578125,411.5899963378906,413.9573974609375
2025-02-19 14:30:00-05:00,413.9849853515625,415.3900146484375,413.8550109863281,414.5
2025-02-19 15:30:00-05:00,414.5849914550781,415.489990234375,414.260009765625,414.82000732421875
2025-02-20 09:30:00-05:00,415.5299987792969,417.3099060058594,412.5400085449219,416.1099853515625
2025-02-20 10:30:00-05:00,416.0899963378906,419.30999755859375,415.6400146484375,417.92010498046875
2025-02-20 11:30:00-05:00,418.04998779296875,418.3800048828125,415.70001220703125,417.6600036621094
2025-02-20 12:30:00-05:00,417.67999267578125,418.2200012207031,417.2200012207031,417.5495910644531
2025-02-20 13:30:00-05:00,417.5299987792969,417.9200134277344,416.3900146484375,417.6300048828125
2025-02-20 14:30:00-05:00,417.5950012207031,417.6000061035156,414.92999267578125,415.7900085449219
2025-02-20 15:30:00-05:00,415.7900085449219,416.2900085449219,415.260009765625,416.1300048828125
2025-02-21 09:30:00-05:00,417.3349914550781,418.0480041503906,412.8999938964844,413.2900085449219
2025-02-21 10:30:00-05:00,413.2300109863281,414.54901123046875,412.2699890136719,413.5400085449219
2025-02-21 11:30:00-05:00,413.5400085449219,414.2900085449219,412.7200012207031,413.2699890136719
2025-02-21 12:30:00-05:00,413.2900085449219,413.6700134277344,412.4599914550781,412.5299987792969
2025-02-21 13:30:00-05:00,412.5350036621094,412.56109619140625,409.0050048828125,409.0899963378906
2025-02-21 14:30:00-05:00,409.05999755859375,409.67999267578125,408.3599853515625,409.05999755859375
2025-02-21 15:30:00-05:00,409.05999755859375,409.4548034667969,407.8900146484375,408.1400146484375
2025-02-24 09:30:00-05:00,408.510009765625,409.3699951171875,399.32000732421875,399.7900085449219
2025-02-24 10:30:00-05:00,399.81500244140625,404.3900146484375,399.6600036621094,403.260009765625
2025-02-24 11:30:00-05:00,403.2699890136719,404.5450134277344,402.5,403.95001220703125
2025-02-24 12:30:00-05:00,403.9599914550781,404.9700012207031,403.7449951171875,404.6000061035156
2025-02-24 13:30:00-05:00,404.6300048828125,404.67999267578125,403.6400146484375,403.7900085449219
2025-02-24 14:30:00-05:00,403.7950134277344,405.3699951171875,403.739990234375,404.7300109863281
2025-02-24 15:30:00-05:00,404.760009765625,405.0950012207031,403.0299987792969,404.0799865722656
2025-02-25 09:30:00-05:00,401.1000061035156,401.9150085449219,397.69000244140625,398.489990234375
2025-02-25 10:30:00-05:00,398.4800109863281,400.82000732421875,397.8800048828125,397.8800048828125
2025-02-25 11:30:00-05:00,397.9200134277344,400.0,396.70001220703125,399.9515075683594
2025-02-25 12:30:00-05:00,399.8999938964844,400.4800109863281,398.20001220703125,398.2850036621094
2025-02-25 13:30:00-05:00,398.2875061035156,399.29998779296875,397.3299865722656,397.5350036621094
2025-02-25 14:30:00-05:00,397.5249938964844,399.2900085449219,397.010009765625,398.84149169921875
2025-02-25 15:30:00-05:00,398.864990234375,398.9800109863281,397.3800048828125,397.9949951171875
2025-02-26 09:30:00-05:00,398.010009765625,403.05999755859375,394.2449951171875,402.0199890136719
2025-02-26 10:30:00-05:00,402.1000061035156,403.44000244140625,402.0799865722656,402.7699890136719
2025-02-26 11:30:00-05:00,402.760009765625,403.6000061035156,402.3055114746094,402.739990234375
2025-02-26 12:30:00-05:00,402.739990234375,402.9700012207031,400.110107421875,400.1285095214844
2025-02-26 13:30:00-05:00,400.1000061035156,400.6499938964844,398.29998779296875,398.94000244140625
2025-02-26 14:30:00-05:00,398.8800048828125,399.5,398.239990234375,398.69189453125
2025-02-26 15:30:00-05:00,398.67999267578125,400.0,398.42999267578125,399.6408996582031
2025-02-27 09:30:00-05:00,401.2650146484375,405.739990234375,397.93011474609375,399.4849853515625
2025-02-27 10:30:00-05:00,399.44000244140625,400.39990234375,397.6300048828125,398.1300048828125
2025-02-27 11:30:00-05:00,398.1300048828125,398.6000061035156,396.6300048828125,397.7900085449219
2025-02-27 12:30:00-05:00,397.82000732421875,398.7449951171875,396.82000732421875,398.375
2025-02-27 13:30:00-05:00,398.3999938964844,398.55999755859375,395.9200134277344,396.01031494140625
2025-02-27 14:30:00-05:00,396.0400085449219,396.05999755859375,393.29998779296875,393.7950134277344
2025-02-27 15:30:00-05:00,393.80999755859375,394.44000244140625,392.2200012207031,392.5799865722656
2025-02-28 09:30:00-05:00,391.19000244140625,392.8999938964844,386.57550048828125,391.760009765625
2025-02-28 10:30:00-05:00,391.7300109863281,392.7300109863281,389.3999938964844,389.489990234375
2025-02-28 11:30:00-05:00,389.4599914550781,392.4599914550781,389.32000732421875,391.8500061035156
2025-02-28 12:30:00-05:00,391.8500061035156,391.8500061035156,389.3599853515625,391.2898864746094
2025-02-28 13:30:00-05:00,391.1700134277344,392.048095703125,389.5799865722656,390.8599853515625
2025-02-28 14:30:00-05:00,390.8550109863281,393.1199035644531,390.5675964355469,393.07000732421875
2025-02-28 15:30:00-05:00,393.07000732421875,397.6300048828125,391.57000732421875,397.1424865722656
2025-03-03 09:30:00-05:00,398.82000732421875,398.82000732421875,392.1449890136719,394.625
2025-03-03 10:30:00-05:00,394.614990234375,395.8500061035156,393.54998779296875,393.80999755859375
2025-03-03 11:30:00-05:00,393.7650146484375,395.2699890136719,393.0799865722656,394.9444885253906
2025-03-03 12:30:00-05:00,394.9599914550781,395.9800109863281,393.0400085449219,393.2099914550781
2025-03-03 13:30:00-05:00,393.16461181640625,394.3399963378906,392.1650085449219,393.4100036621094
2025-03-03 14:30:00-05:00,393.42498779296875,395.04998779296875,389.37188720703125,389.5899963378906
2025-03-03 15:30:00-05:00,389.5299987792969,390.3450012207031,386.1600036621094,388.5299987792969
2025-03-04 09:30:00-05:00,383.3500061035156,387.5299987792969,381.0,383.20001220703125
2025-03-04 10:30:00-05:00,383.1650085449219,385.7699890136719,383.06500244140625,384.18499755859375
2025-03-04 11:30:00-05:00,384.1700134277344,386.1000061035156,384.1311950683594,386.1000061035156
2025-03-04 12:30:00-05:00,386.0249938964844,387.25,384.2200012207031,385.4700012207031
2025-03-04 13:30:00-05:00,385.4599914550781,389.3699951171875,385.1650085449219,388.31640625
2025-03-04 14:30:00-05:00,388.4100036621094,392.5799865722656,388.1499938964844,391.8999938964844
2025-03-04 15:30:00-05:00,391.8500061035156,392.0264892578125,387.0799865722656,388.7200012207031
2025-03-05 09:30:00-05:00,389.3399963378906,393.17999267578125,388.80999755859375,391.5400085449219
2025-03-05 10:30:00-05:00,391.57501220703125,393.3599853515625,390.1300048828125,392.0492858886719
2025-03-05 11:30:00-05:00,392.0899963378906,394.7715148925781,390.32000732421875,394.7715148925781
2025-03-05 12:30:00-05:00,394.739990234375,397.1700134277344,394.30999755859375,395.5
2025-03-05 13:30:00-05:00,395.5400085449219,399.3587951660156,394.25,398.5400085449219
2025-03-05 14:30:00-05:00,398.5899963378906,401.6695861816406,397.44000244140625,400.8299865722656
2025-03-05 15:30:00-05:00,400.79998779296875,401.6700134277344,398.8800048828125,401.1300048828125
2025-03-06 09:30:00-05:00,394.2799987792969,402.1499938964844,393.29998779296875,401.2300109863281
2025-03-06 10:30:00-05:00,401.2200012207031,402.0400085449219,398.7799987792969,399.8999938964844
2025-03-06 11:30:00-05:00,399.885009765625,400.89990234375,395.19000244140625,395.6427917480469
2025-03-06 12:30:00-05:00,395.7200012207031,398.25,395.3070068359375,397.2300109863281
2025-03-06 13:30:00-05:00,397.20001220703125,397.5899963378906,394.8800048828125,395.3023986816406
2025-03-06 14:30:00-05:00,395.29998779296875,397.09991455078125,394.2300109863281,396.9200134277344
2025-03-06 15:30:00-05:00,396.8800048828125,397.9100036621094,394.95001220703125,397.0299987792969
2025-03-07 09:30:00-05:00,392.0899963378906,394.79998779296875,391.25,391.3900146484375
2025-03-07 10:30:00-05:00,391.385009765625,391.80999755859375,387.375,387.902587890625
2025-03-07 11:30:00-05:00,387.9700012207031,388.260009765625,385.5400085449219,387.7300109863281
2025-03-07 12:30:00-05:00,387.739990234375,391.1600036621094,387.1199951171875,390.1700134277344
2025-03-07 13:30:00-05:00,390.0400085449219,394.135009765625,389.80999755859375,393.6499938964844
2025-03-07 14:30:00-05:00,393.6600036621094,394.25,391.8901062011719,392.4200134277344
2025-03-07 15:30:00-05:00,392.3500061035156,394.239990234375,390.3500061035156,393.32000732421875
2025-03-10 09:30:00-04:00,385.8399963378906,386.3999938964844,383.29998779296875,384.95001220703125
2025-03-10 10:30:00-04:00,384.8900146484375,385.3500061035156,378.9100036621094,380.67999267578125
2025-03-10 11:30:00-04:00,380.7099914550781,382.3992919921875,380.2149963378906,381.92718505859375
2025-03-10 12:30:00-04:00,381.989990234375,382.6400146484375,379.8900146484375,380.5
2025-03-10 13:30:00-04:00,380.54998779296875,380.7200012207031,378.2200012207031,379.9100036621094
2025-03-10 14:30:00-04:00,379.9100036621094,380.23291015625,377.2300109863281,378.44500732421875
2025-03-10 15:30:00-04:00,378.4100036621094,380.79998779296875,378.4009094238281,380.239990234375
2025-03-11 09:30:00-04:00,379.0,383.8599853515625,378.6505126953125,383.0
2025-03-11 10:30:00-04:00,382.9599914550781,385.9599914550781,381.68011474609375,382.9407958984375
2025-03-11 11:30:00-04:00,382.95001220703125,383.8988952636719,379.5646057128906,381.17498779296875
2025-03-11 12:30:00-04:00,381.30499267578125,381.7900085449219,377.0299987792969,377.2099914550781
2025-03-11 13:30:00-04:00,377.1600036621094,382.54998779296875,377.055908203125,381.79998779296875
2025-03-11 14:30:00-04:00,381.81500244140625,385.3900146484375,381.2550048828125,383.1199951171875
2025-03-11 15:30:00-04:00,383.17999267578125,383.3599853515625,380.17999267578125,380.2200012207031
2025-03-12 09:30:00-04:00,382.85198974609375,384.8399963378906,379.4100036621094,380.489990234375
2025-03-12 10:30:00-04:00,380.4825134277344,382.1099853515625,378.9507141113281,381.5700988769531
2025-03-12 11:30:00-04:00,381.6499938964844,384.7536926269531,381.2900085449219,384.06500244140625
2025-03-12 12:30:00-04:00,384.1499938964844,385.21649169921875,382.8800048828125,384.1449890136719
2025-03-12 13:30:00-04:00,384.1199951171875,384.3800048828125,381.4599914550781,382.7850036621094
2025-03-12 14:30:00-04:00,382.82000732421875,385.0,380.6000061035156,383.2699890136719
2025-03-12 15:30:00-04:00,383.30499267578125,384.3500061035156,382.3894958496094,383.2799987792969
2025-03-13 09:30:00-04:00,383.1549987792969,385.3099060058594,380.0899963378906,382.4750061035156
2025-03-13 10:30:00-04:00,382.4917907714844,383.07000732421875,379.6700134277344,379.80999755859375
2025-03-13 11:30:00-04:00,379.7699890136719,380.5199890136719,378.6864013671875,379.2868957519531
2025-03-13 12:30:00-04:00,379.2749938964844,380.7200012207031,378.04998779296875,378.760009765625
2025-03-13 13:30:00-04:00,378.6700134277344,380.0150146484375,377.80010986328125,380.0150146484375
2025-03-13 14:30:00-04:00,380.010009765625,380.5050048828125,378.3599853515625,378.82000732421875
2025-03-13 15:30:00-04:00,378.82000732421875,379.0,377.45001220703125,378.8299865722656
2025-03-14 09:30:00-04:00,379.9200134277344,384.3900146484375,379.510009765625,381.5350036621094
2025-03-14 10:30:00-04:00,381.5350036621094,385.94000244140625,381.3999938964844,385.2349853515625
2025-03-14 11:30:00-04:00,385.2799987792969,387.3999938964844,385.07000732421875,386.18499755859375
2025-03-14 12:30:00-04:00,386.0950012207031,388.29998779296875,385.90350341796875,387.69000244140625
2025-03-14 13:30:00-04:00,387.66290283203125,387.9599914550781,386.7742919921875,387.05499267578125
2025-03-14 14:30:00-04:00,387.07000732421875,388.6099853515625,387.07000732421875,388.0899963378906
2025-03-14 15:30:00-04:00,388.125,389.7900085449219,387.94000244140625,388.4800109863281
2025-03-17 09:30:00-04:00,386.7699890136719,390.3106994628906,385.92999267578125,389.1449890136719
2025-03-17 10:30:00-04:00,389.04998779296875,389.44000244140625,386.739990234375,386.760009765625
2025-03-17 11:30:00-04:00,386.7699890136719,387.4200134277344,385.57000732421875,386.9599914550781
2025-03-17 12:30:00-04:00,387.0,388.59991455078125,386.9179992675781,388.30999755859375
2025-03-17 13:30:00-04:00,388.3900146484375,392.05999755859375,388.32501220703125,391.7815856933594
2025-03-17 14:30:00-04:00,391.739990234375,392.7049865722656,390.7799987792969,391.1922912597656
2025-03-17 15:30:00-04:00,391.1700134277344,391.8999938964844,388.5899963378906,388.7799987792969
2025-03-18 09:30:00-04:00,387.2799987792969,387.3699951171875,382.5,384.0
2025-03-18 10:30:00-04:00,383.95001220703125,384.1400146484375,382.2099914550781,382.5
2025-03-18 11:30:00-04:00,382.5400085449219,383.8599853515625,382.0199890136719,383.5950012207031
2025-03-18 12:30:00-04:00,383.5299987792969,383.5899963378906,381.1400146484375,382.3804931640625
2025-03-18 13:30:00-04:00,382.40399169921875,383.42999267578125,381.7601013183594,382.8999938964844
2025-03-18 14:30:00-04:00,383.0,383.8999938964844,382.5,383.0
2025-03-18 15:30:00-04:00,383.0299987792969,383.94000244140625,382.3699951171875,383.5799865722656
2025-03-19 09:30:00-04:00,385.5249938964844,387.9200134277344,384.0,387.1199951171875
2025-03-19 10:30:00-04:00,387.1400146484375,387.2300109863281,385.3999938964844,386.1499938964844
2025-03-19 11:30:00-04:00,386.125,387.9693908691406,385.9700012207031,387.17999267578125
2025-03-19 12:30:00-04:00,387.19000244140625,387.2550048828125,385.05010986328125,385.1499938964844
2025-03-19 13:30:00-04:00,385.1099853515625,387.0,384.6400146484375,385.6859130859375
2025-03-19 14:30:00-04:00,385.7200012207031,389.67999267578125,385.7200012207031,387.4599914550781
2025-03-19 15:30:00-04:00,387.4700012207031,388.9700012207031,387.010009765625,387.7900085449219
2025-03-20 09:30:00-04:00,385.7349853515625,391.5889892578125,383.2900085449219,390.8352966308594
2025-03-20 10:30:00-04:00,390.8550109863281,391.7850036621094,388.4200134277344,388.79998779296875
2025-03-20 11:30:00-04:00,388.6610107421875,388.94000244140625,386.69000244140625,386.82501220703125
2025-03-20 12:30:00-04:00,386.8299865722656,387.6099853515625,385.6449890136719,385.6449890136719
2025-03-20 13:30:00-04:00,385.6499938964844,387.1700134277344,384.7300109863281,384.8399963378906
2025-03-20 14:30:00-04:00,384.8299865722656,387.10980224609375,384.610107421875,385.8699951171875
2025-03-20 15:30:00-04:00,385.885009765625,388.1400146484375,385.6400146484375,386.80999755859375
2025-03-21 09:30:00-04:00,383.2449951171875,385.7799987792969,383.0,384.8500061035156
2025-03-21 10:30:00-04:00,384.79901123046875,385.1400146484375,383.6050109863281,383.9049987792969
2025-03-21 11:30:00-04:00,383.90411376953125,385.92999267578125,382.8500061035156,385.55999755859375
2025-03-21 12:30:00-04:00,385.5400085449219,386.20001220703125,384.45001220703125,384.7099914550781
2025-03-21 13:30:00-04:00,384.7300109863281,386.7200012207031,384.44000244140625,385.260009765625
2025-03-21 14:30:00-04:00,385.2641906738281,386.3099060058594,385.1099853515625,385.5150146484375
2025-03-21 15:30:00-04:00,385.489990234375,391.739990234375,385.1400146484375,391.30999755859375
2025-03-24 09:30:00-04:00,395.3999938964844,395.3999938964844,389.80999755859375,391.74200439453125
2025-03-24 10:30:00-04:00,391.739990234375,393.3399963378906,391.19171142578125,393.0458068847656
2025-03-24 11:30:00-04:00,393.0199890136719,393.4631042480469,392.3900146484375,392.57659912109375
2025-03-24 12:30:00-04:00,392.4800109863281,393.0,391.9100036621094,392.54998779296875
2025-03-24 13:30:00-04:00,392.5400085449219,392.70001220703125,391.6700134277344,392.0
2025-03-24 14:30:00-04:00,391.9949951171875,393.1499938964844,391.69000244140625,392.8699951171875
2025-03-24 15:30:00-04:00,392.8800048828125,393.7489929199219,392.2799987792969,392.9100036621094
2025-03-25 09:30:00-04:00,393.9150085449219,395.79998779296875,392.6400146484375,394.9934997558594
2025-03-25 10:30:00-04:00,394.92999267578125,396.3599853515625,394.14300537109375,395.4100036621094
2025-03-25 11:30:00-04:00,395.43499755859375,395.4599914550781,394.05999755859375,394.4049987792969
2025-03-25 12:30:00-04:00,394.3800048828125,394.8900146484375,393.0799865722656,394.5950012207031
2025-03-25 13:30:00-04:00,394.5899963378906,395.7300109863281,394.3999938964844,395.3399963378906
2025-03-25 14:30:00-04:00,395.3900146484375,395.4599914550781,393.3550109863281,393.9599914550781
2025-03-25 15:30:00-04:00,393.94000244140625,395.4200134277344,393.94000244140625,395.1000061035156
2025-03-26 09:30:00-04:00,395.010009765625,395.30999755859375,392.17999267578125,392.989990234375
2025-03-26 10:30:00-04:00,392.94000244140625,394.6099853515625,392.57000732421875,393.82501220703125
2025-03-26 11:30:00-04:00,393.80999755859375,394.18499755859375,392.1400146484375,392.80999755859375
2025-03-26 12:30:00-04:00,392.7799987792969,393.1239929199219,391.4700012207031,391.7200012207031
2025-03-26 13:30:00-04:00,391.6449890136719,391.67999267578125,389.8299865722656,390.30999755859375
2025-03-26 14:30:00-04:00,390.30999755859375,390.45001220703125,388.57000732421875,389.39630126953125
2025-03-26 15:30:00-04:00,389.4700012207031,390.5636901855469,389.2300109863281,389.82000732421875
2025-03-27 09:30:00-04:00,390.1300048828125,391.20001220703125,387.3999938964844,390.70001220703125
2025-03-27 10:30:00-04:00,390.7300109863281,391.19000244140625,389.6700134277344,390.6300048828125
2025-03-27 11:30:00-04:00,390.6300048828125,391.7900085449219,389.7099914550781,390.67999267578125
2025-03-27 12:30:00-04:00,390.7200012207031,391.43499755859375,389.4100036621094,389.82000732421875
2025-03-27 13:30:00-04:00,389.7799987792969,391.2300109863281,389.5950012207031,390.989990234375
2025-03-27 14:30:00-04:00,391.0050048828125,392.239990234375,390.8699951171875,392.0
2025-03-27 15:30:00-04:00,392.0141906738281,392.0141906738281,390.18109130859375,390.5299987792969
2025-03-28 09:30:00-04:00,388.0799865722656,389.1300048828125,384.1700134277344,384.32501220703125
2025-03-28 10:30:00-04:00,384.3299865722656,384.79730224609375,381.4700012207031,382.6199951171875
2025-03-28 11:30:00-04:00,382.56500244140625,383.0450134277344,380.54998779296875,380.664794921875
2025-03-28 12:30:00-04:00,380.614990234375,381.1134948730469,377.6000061035156,377.6400146484375
2025-03-28 13:30:00-04:00,377.6400146484375,379.619384765625,377.3999938964844,379.3699951171875
2025-03-28 14:30:00-04:00,379.3699951171875,379.6300048828125,377.4914855957031,377.74578857421875
2025-03-28 15:30:00-04:00,377.864990234375,379.5400085449219,376.92999267578125,378.82000732421875
2025-03-31 09:30:00-04:00,372.5350036621094,372.7518005371094,367.6300048828125,367.8340148925781
2025-03-31 10:30:00-04:00,367.7950134277344,369.9700012207031,367.239990234375,369.3399963378906
2025-03-31 11:30:00-04:00,369.2799987792969,372.0,368.9100036621094,371.989990234375
2025-03-31 12:30:00-04:00,371.98919677734375,372.42999267578125,369.67999267578125,371.2300109863281
2025-03-31 13:30:00-04:00,371.25,373.0400085449219,370.1199951171875,372.43499755859375
2025-03-31 14:30:00-04:00,372.43499755859375,374.0400085449219,371.5,372.8699951171875
2025-03-31 15:30:00-04:00,372.8800048828125,377.05999755859375,372.75,374.8699951171875
2025-04-01 09:30:00-04:00,374.6549987792969,378.67999267578125,373.2300109863281,377.5199890136719
2025-04-01 10:30:00-04:00,377.4750061035156,381.8900146484375,377.32379150390625,381.1099853515625
2025-04-01 11:30:00-04:00,381.1549987792969,382.32501220703125,380.0299987792969,380.80999755859375
2025-04-01 12:30:00-04:00,380.7799987792969,381.70001220703125,379.6499938964844,380.86590576171875
2025-04-01 13:30:00-04:00,380.82501220703125,381.260009765625,378.2799987792969,378.69000244140625
2025-04-01 14:30:00-04:00,378.7699890136719,380.9100036621094,378.6300048828125,380.42498779296875
2025-04-01 15:30:00-04:00,380.42498779296875,382.8500061035156,380.25,382.0799865722656
2025-04-02 09:30:00-04:00,377.9649963378906,382.4599914550781,376.6199951171875,381.4949951171875
2025-04-02 10:30:00-04:00,381.4700012207031,382.6700134277344,380.8800048828125,382.4599914550781
2025-04-02 11:30:00-04:00,382.3999938964844,383.2550048828125,380.239990234375,383.2550048828125
2025-04-02 12:30:00-04:00,383.2550048828125,385.0799865722656,382.19000244140625,383.9800109863281
2025-04-02 13:30:00-04:00,383.9649963378906,384.0199890136719,380.4200134277344,380.45001220703125
2025-04-02 14:30:00-04:00,380.3599853515625,382.44000244140625,380.260009765625,382.3500061035156
2025-04-02 15:30:00-04:00,382.364990234375,384.0299987792969,381.95001220703125,382.1099853515625
2025-04-03 09:30:00-04:00,374.7850036621094,375.989990234375,369.3500061035156,373.5249938964844
2025-04-03 10:30:00-04:00,373.489990234375,374.989990234375,371.2200012207031,374.1600036621094
2025-04-03 11:30:00-04:00,374.0400085449219,376.8800048828125,373.8158874511719,376.8450012207031
2025-04-03 12:30:00-04:00,376.8699951171875,377.45001220703125,375.7200012207031,375.760009765625
2025-04-03 13:30:00-04:00,375.75,377.10418701171875,375.02130126953125,375.4549865722656
2025-04-03 14:30:00-04:00,375.4750061035156,376.2300109863281,373.7799987792969,374.9100036621094
2025-04-03 15:30:00-04:00,374.9100036621094,375.7799987792969,373.3999938964844,373.7300109863281
2025-04-04 09:30:00-04:00,364.125,374.5899963378906,364.0,370.54791259765625
2025-04-04 10:30:00-04:00,370.50750732421875,372.8500061035156,365.510986328125,366.7749938964844
2025-04-04 11:30:00-04:00,366.7799987792969,370.3299865722656,364.20001220703125,364.6050109863281
2025-04-04 12:30:00-04:00,364.5,365.989990234375,362.8500061035156,364.502685546875
2025-04-04 13:30:00-04:00,364.5450134277344,366.67999267578125,362.25,362.6600036621094
2025-04-04 14:30:00-04:00,362.6943054199219,364.32000732421875,360.0899963378906,363.2699890136719
2025-04-04 15:30:00-04:00,363.2699890136719,365.8999938964844,359.489990234375,359.75
2025-04-07 09:30:00-04:00,350.3599853515625,370.9999084472656,344.7900085449219,355.25
2025-04-07 10:30:00-04:00,356.32000732421875,362.0899963378906,350.010009765625,352.9949951171875
2025-04-07 11:30:00-04:00,352.9049987792969,358.70001220703125,352.80999755859375,356.0249938964844
2025-04-07 12:30:00-04:00,355.92999267578125,359.3299865722656,352.1600036621094,359.1300048828125
2025-04-07 13:30:00-04:00,359.1300048828125,361.6400146484375,357.0299987792969,357.9200134277344
2025-04-07 14:30:00-04:00,357.9800109863281,361.0,355.0400085449219,355.2650146484375
2025-04-07 15:30:00-04:00,355.2650146484375,358.9100036621094,354.80999755859375,357.75
2025-04-08 09:30:00-04:00,368.2550048828125,373.6499938964844,366.8999938964844,372.1199951171875
2025-04-08 10:30:00-04:00,372.1199951171875,372.5199890136719,366.8699951171875,367.0050048828125
2025-04-08 11:30:00-04:00,367.0799865722656,369.239990234375,363.0,364.6265869140625
2025-04-08 12:30:00-04:00,364.69000244140625,365.0,358.1499938964844,358.4649963378906
2025-04-08 13:30:00-04:00,358.4649963378906,362.6400146484375,357.94000244140625,358.29998779296875
2025-04-08 14:30:00-04:00,358.3900146484375,361.3699951171875,353.0299987792969,355.90850830078125
2025-04-08 15:30:00-04:00,355.8699951171875,356.010009765625,350.25,355.57000732421875
2025-04-09 09:30:00-04:00,353.3800048828125,363.0647888183594,353.30999755859375,361.0450134277344
2025-04-09 10:30:00-04:00,361.0400085449219,362.29998779296875,357.3699951171875,361.0400085449219
2025-04-09 11:30:00-04:00,361.07000732421875,364.6700134277344,359.42999267578125,363.7499084472656
2025-04-09 12:30:00-04:00,363.68499755859375,384.70001220703125,362.9200134277344,379.05999755859375
2025-04-09 13:30:00-04:00,379.0899963378906,387.07000732421875,369.5,385.1199951171875
2025-04-09 14:30:00-04:00,385.135009765625,388.79998779296875,382.0899963378906,387.8399963378906
2025-04-09 15:30:00-04:00,387.7950134277344,393.2250061035156,387.5220031738281,390.42999267578125
2025-04-10 09:30:00-04:00,382.3699951171875,383.8999938964844,377.6099853515625,377.7699890136719
2025-04-10 10:30:00-04:00,377.7699890136719,381.24530029296875,377.0400085449219,377.54998779296875
2025-04-10 11:30:00-04:00,377.510009765625,378.04998779296875,367.82000732421875,369.572509765625
2025-04-10 12:30:00-04:00,369.4800109863281,377.8299865722656,369.010009765625,373.9949951171875
2025-04-10 13:30:00-04:00,373.9849853515625,379.8399963378906,373.2149963378906,379.5350036621094
2025-04-10 14:30:00-04:00,379.54998779296875,383.5299987792969,376.70001220703125,379.6000061035156
2025-04-10 15:30:00-04:00,379.6199951171875,383.1499938964844,377.3800048828125,381.1400146484375
2025-04-11 09:30:00-04:00,380.635009765625,386.0299987792969,378.8900146484375,379.5950012207031
2025-04-11 10:30:00-04:00,379.54998779296875,385.1199951171875,379.1600036621094,382.57000732421875
2025-04-11 11:30:00-04:00,382.44000244140625,387.54998779296875,382.1300048828125,386.2099914550781
2025-04-11 12:30:00-04:00,386.2099914550781,388.1000061035156,384.9949951171875,385.42999267578125
2025-04-11 13:30:00-04:00,385.510009765625,390.04998779296875,384.9599914550781,388.3500061035156
2025-04-11 14:30:00-04:00,388.3299865722656,389.7799987792969,387.8699951171875,388.3999938964844
2025-04-11 15:30:00-04:00,388.4800109863281,389.4599914550781,387.4599914550781,387.989990234375
2025-04-14 09:30:00-04:00,393.2200012207031,393.2200012207031,390.5199890136719,392.92999267578125
2025-04-14 10:30:00-04:00,392.9599914550781,394.6400146484375,388.610107421875,388.67999267578125
2025-04-14 11:30:00-04:00,388.7275085449219,389.7900085449219,384.5563049316406,385.80999755859375
2025-04-14 12:30:00-04:00,385.8500061035156,387.2799987792969,384.2099914550781,386.3299865722656
2025-04-14 13:30:00-04:00,386.3500061035156,388.7550048828125,385.5799865722656,388.4825134277344
2025-04-14 14:30:00-04:00,388.42999267578125,390.3118896484375,388.05999755859375,389.340087890625
2025-04-14 15:30:00-04:00,389.3500061035156,389.71990966796875,387.2149963378906,388.04998779296875
2025-04-15 09:30:00-04:00,388.5050048828125,391.8900146484375,385.8999938964844,386.8800048828125
2025-04-15 10:30:00-04:00,386.9100036621094,389.57000732421875,386.82000732421875,387.8800048828125
2025-04-15 11:30:00-04:00,387.82501220703125,388.7900085449219,386.3550109863281,388.3900146484375
2025-04-15 12:30:00-04:00,388.3450012207031,388.55999755859375,384.5,384.7900085449219
2025-04-15 13:30:00-04:00,384.79998779296875,386.0,384.5,385.67999267578125
2025-04-15 14:30:00-04:00,385.6700134277344,386.4200134277344,384.760009765625,385.489990234375
2025-04-15 15:30:00-04:00,385.4815979003906,386.2099914550781,384.2099914550781,385.60400390625
2025-04-16 09:30:00-04:00,380.4949951171875,381.6099853515625,375.8999938964844,378.635009765625
2025-04-16 10:30:00-04:00,378.6600036621094,380.06658935546875,377.7699890136719,379.6300048828125
2025-04-16 11:30:00-04:00,379.69000244140625,379.69000244140625,376.42999267578125,377.3550109863281
2025-04-16 12:30:00-04:00,377.30999755859375,377.75,376.25,377.489990234375
2025-04-16 13:30:00-04:00,377.510009765625,377.5400085449219,372.010009765625,373.1300048828125
2025-04-16 14:30:00-04:00,373.07000732421875,373.2099914550781,368.20001220703125,368.6400146484375
2025-04-16 15:30:00-04:00,368.6499938964844,372.20001220703125,368.4100036621094,371.6099853515625
2025-04-17 09:30:00-04:00,373.44000244140625,374.3215026855469,369.5899963378906,370.31500244140625
2025-04-17 10:30:00-04:00,370.3399963378906,372.4599914550781,368.625,370.3949890136719
2025-04-17 11:30:00-04:00,370.45001220703125,372.5299987792969,370.340087890625,371.8299865722656
2025-04-17 12:30:00-04:00,371.875,372.20001220703125,369.79998779296875,370.29998779296875
2025-04-17 13:30:00-04:00,370.3399963378906,371.9200134277344,370.3399963378906,370.5799865722656
2025-04-17 14:30:00-04:00,370.5799865722656,371.1600036621094,367.75,368.4100036621094
2025-04-17 15:30:00-04:00,368.4700012207031,369.010009765625,366.8900146484375,367.6000061035156
2025-04-21 09:30:00-04:00,363.1199951171875,364.4800109863281,359.55999755859375,360.239990234375
2025-04-21 10:30:00-04:00,360.2200012207031,361.5299987792969,359.44000244140625,359.54998779296875
2025-04-21 11:30:00-04:00,359.510009765625,359.760009765625,357.75,358.25689697265625
2025-04-21 12:30:00-04:00,358.20001220703125,359.69000244140625,358.17999267578125,358.5400085449219
2025-04-21 13:30:00-04:00,358.489990234375,358.95001220703125,356.8999938964844,357.3599853515625
2025-04-21 14:30:00-04:00,357.3900146484375,357.92999267578125,355.6737976074219,357.0450134277344
2025-04-21 15:30:00-04:00,357.0899963378906,359.75,357.0249938964844,359.1400146484375
2025-04-22 09:30:00-04:00,363.4200134277344,363.5,359.8601989746094,362.8599853515625
2025-04-22 10:30:00-04:00,362.4800109863281,365.1199951171875,362.32000732421875,364.2300109863281
2025-04-22 11:30:00-04:00,364.20001220703125,367.760009765625,363.7019958496094,367.43499755859375
2025-04-22 12:30:00-04:00,367.3948974609375,367.7200012207031,363.42999267578125,363.6449890136719
2025-04-22 13:30:00-04:00,363.6400146484375,365.9200134277344,362.7699890136719,365.5400085449219
2025-04-22 14:30:00-04:00,365.5400085449219,366.9100036621094,364.2699890136719,364.55859375
2025-04-22 15:30:00-04:00,364.4800109863281,367.3800048828125,364.25,366.739990234375
2025-04-23 09:30:00-04:00,376.29998779296875,379.9800109863281,375.2644958496094,378.8699951171875
2025-04-23 10:30:00-04:00,378.82000732421875,380.3900146484375,376.0,376.79998779296875
2025-04-23 11:30:00-04:00,376.8299865722656,377.1700134277344,373.6400146484375,375.0799865722656
2025-04-23 12:30:00-04:00,375.1099853515625,377.7699890136719,374.75,377.0
2025-04-23 13:30:00-04:00,377.04998779296875,378.0,375.82000732421875,375.9721984863281
2025-04-23 14:30:00-04:00,376.0199890136719,376.69000244140625,373.8299865722656,374.3299865722656
2025-04-23 15:30:00-04:00,374.2699890136719,375.7799987792969,373.0299987792969,374.04998779296875
2025-04-24 09:30:00-04:00,375.989990234375,383.0899963378906,375.19000244140625,382.9649963378906
2025-04-24 10:30:00-04:00,382.95001220703125,384.4599914550781,382.55999755859375,383.5849914550781
2025-04-24 11:30:00-04:00,383.6499938964844,385.1099853515625,382.73809814453125,384.5799865722656
2025-04-24 12:30:00-04:00,384.510009765625,385.17999267578125,383.70001220703125,385.05999755859375
2025-04-24 13:30:00-04:00,385.0718078613281,386.25,384.5400085449219,386.22918701171875
2025-04-24 14:30:00-04:00,386.2200012207031,387.5899963378906,385.79998779296875,385.79998779296875
2025-04-24 15:30:00-04:00,385.8598937988281,388.45001220703125,385.7799987792969,387.2699890136719
2025-04-25 09:30:00-04:00,387.0,389.2250061035156,384.6000061035156,386.1099853515625
2025-04-25 10:30:00-04:00,386.1199951171875,387.8900146484375,385.3699951171875,386.9849853515625
2025-04-25 11:30:00-04:00,387.0199890136719,388.20001220703125,386.2401123046875,388.17919921875
2025-04-25 12:30:00-04:00,387.8450012207031,390.8999938964844,387.6549987792969,390.55999755859375
2025-04-25 13:30:00-04:00,390.55999755859375,390.6499938964844,389.0199890136719,390.31500244140625
2025-04-25 14:30:00-04:00,390.260009765625,391.04998779296875,389.7900085449219,390.510009765625
2025-04-25 15:30:00-04:00,390.3699951171875,392.1600036621094,389.94000244140625,391.6199951171875
2025-04-28 09:30:00-04:00,391.6600036621094,392.0,387.6499938964844,389.44500732421875
2025-04-28 10:30:00-04:00,389.4750061035156,390.8900146484375,387.7300109863281,388.1700134277344
2025-04-28 11:30:00-04:00,388.1700134277344,388.8599853515625,386.70849609375,386.989990234375
2025-04-28 12:30:00-04:00,387.0400085449219,388.2799987792969,386.63800048828125,387.1400146484375
2025-04-28 13:30:00-04:00,387.1400146484375,391.0119934082031,386.95001220703125,390.92999267578125
2025-04-28 14:30:00-04:00,390.9599914550781,392.0,390.2300109863281,391.4700012207031
2025-04-28 15:30:00-04:00,391.5199890136719,392.739990234375,390.8900146484375,391.1600036621094
2025-04-29 09:30:00-04:00,391.29998779296875,394.8299865722656,390.3800048828125,393.57000732421875
2025-04-29 10:30:00-04:00,393.5799865722656,394.82000732421875,392.489990234375,393.1549987792969
2025-04-29 11:30:00-04:00,393.1650085449219,394.1300048828125,392.1199951171875,393.3999938964844
2025-04-29 12:30:00-04:00,393.4837951660156,393.7273864746094,391.3500061035156,392.6099853515625
2025-04-29 13:30:00-04:00,392.659912109375,394.20001220703125,392.510009765625,394.0799865722656
2025-04-29 14:30:00-04:00,394.0849914550781,394.4200134277344,393.3599853515625,394.0
2025-04-29 15:30:00-04:00,394.0,395.0,393.45001220703125,393.9800109863281
2025-04-30 09:30:00-04:00,390.30499267578125,390.30499267578125,384.44000244140625,388.5050048828125
2025-04-30 10:30:00-04:00,388.5050048828125,390.7699890136719,387.54998779296875,390.44000244140625
2025-04-30 11:30:00-04:00,390.44000244140625,391.0400085449219,389.2200012207031,389.3999938964844
2025-04-30 12:30:00-04:00,389.3900146484375,390.5299987792969,387.9800109863281,390.0400085449219
2025-04-30 13:30:00-04:00,390.0400085449219,392.82000732421875,389.80999755859375,390.5799865722656
2025-04-30 14:30:00-04:00,390.5799865722656,391.17498779296875,389.3999938964844,390.2200012207031
2025-04-30 15:30:00-04:00,390.239990234375,396.6499938964844,389.8900146484375,392.3999938964844
2025-05-01 09:30:00-04:00,431.1099853515625,436.989990234375,428.55999755859375,431.135009765625
2025-05-01 10:30:00-04:00,431.07000732421875,433.57000732421875,430.010009765625,432.25
2025-05-01 11:30:00-04:00,432.20001220703125,432.2900085449219,427.8275146484375,429.29998779296875
2025-05-01 12:30:00-04:00,429.2699890136719,430.3399963378906,427.6400146484375,429.0799865722656
2025-05-01 13:30:00-04:00,429.0950012207031,431.1400146484375,427.9649963378906,429.9114074707031
2025-05-01 14:30:00-04:00,429.9100036621094,431.8999938964844,429.79998779296875,429.989990234375
2025-05-01 15:30:00-04:00,429.989990234375,430.3800048828125,424.9200134277344,425.1300048828125
2025-05-02 09:30:00-04:00,431.7099914550781,439.44000244140625,429.9849853515625,437.8500061035156
2025-05-02 10:30:00-04:00,437.8900146484375,437.8999938964844,434.17999267578125,434.8999938964844
2025-05-02 11:30:00-04:00,434.9049987792969,438.19000244140625,433.9382019042969,437.1300048828125
2025-05-02 12:30:00-04:00,437.1300048828125,438.1700134277344,436.1099853515625,436.510009765625
2025-05-02 13:30:00-04:00,436.4700012207031,437.30999755859375,435.6300964355469,436.21051025390625
2025-05-02 14:30:00-04:00,436.19500732421875,436.7300109863281,434.7699890136719,435.68499755859375
2025-05-02 15:30:00-04:00,435.65960693359375,435.9700012207031,434.6000061035156,435.1000061035156
2025-05-05 09:30:00-04:00,432.7569885253906,437.1700134277344,432.1130065917969,435.0899963378906
2025-05-05 10:30:00-04:00,435.1942138671875,438.05999755859375,434.4700012207031,436.5
2025-05-05 11:30:00-04:00,436.5899963378906,439.3800048828125,436.385009765625,439.31500244140625
2025-05-05 12:30:00-04:00,439.28009033203125,439.5,438.6099853515625,438.885009765625
2025-05-05 13:30:00-04:00,438.8599853515625,439.01971435546875,437.75,437.7850036621094
2025-05-05 14:30:00-04:00,437.79998779296875,438.6499938964844,436.7699890136719,436.8500061035156
2025-05-05 15:30:00-04:00,436.8299865722656,437.6700134277344,435.1000061035156,436.0199890136719
2025-05-06 09:30:00-04:00,431.7900085449219,435.1000061035156,431.239990234375,434.8500061035156
2025-05-06 10:30:00-04:00,434.8900146484375,436.44940185546875,434.6000061035156,436.3399963378906
2025-05-06 11:30:00-04:00,436.3125,437.7300109863281,435.07000732421875,435.9652099609375
2025-05-06 12:30:00-04:00,435.9599914550781,436.8800048828125,435.55120849609375,435.8861083984375
2025-05-06 13:30:00-04:00,435.8500061035156,436.239990234375,434.3500061035156,435.75
2025-05-06 14:30:00-04:00,435.635009765625,436.0,434.57000732421875,435.4800109863281
2025-05-06 15:30:00-04:00,435.4800109863281,435.7699890136719,433.2200012207031,433.2900085449219
2025-05-07 09:30:00-04:00,433.8399963378906,435.7099914550781,432.3299865722656,435.2349853515625
2025-05-07 10:30:00-04:00,435.3699951171875,435.5199890136719,431.11029052734375,433.25048828125
2025-05-07 11:30:00-04:00,433.2550048828125,434.7200012207031,432.7699890136719,434.30499267578125
2025-05-07 12:30:00-04:00,434.3399963378906,436.19000244140625,434.2799987792969,435.635009765625
2025-05-07 13:30:00-04:00,435.6400146484375,435.8299865722656,432.1506042480469,433.4800109863281
2025-05-07 14:30:00-04:00,433.510009765625,436.29998779296875,432.9800109863281,433.8399963378906
2025-05-07 15:30:00-04:00,433.9200134277344,438.1199951171875,433.0,433.489990234375
2025-05-08 09:30:00-04:00,437.92999267578125,441.1000061035156,436.5,437.739990234375
2025-05-08 10:30:00-04:00,437.80999755859375,440.9689025878906,435.6600036621094,439.8900146484375
2025-05-08 11:30:00-04:00,440.0,443.489990234375,439.4599914550781,442.09649658203125
2025-05-08 12:30:00-04:00,442.04998779296875,443.6700134277344,441.81500244140625,443.5350036621094
2025-05-08 13:30:00-04:00,443.5400085449219,443.5899963378906,441.79998779296875,442.3299865722656
2025-05-08 14:30:00-04:00,442.2632141113281,443.375,441.2344970703125,442.1199951171875
2025-05-08 15:30:00-04:00,442.1700134277344,442.17999267578125,437.6700134277344,438.2510070800781
2025-05-09 09:30:00-04:00,440.2799987792969,440.5799865722656,436.9027099609375,437.2950134277344
2025-05-09 10:30:00-04:00,437.30999755859375,437.92999267578125,436.239990234375,437.3599853515625
2025-05-09 11:30:00-04:00,437.1499938964844,437.760009765625,435.8800048828125,436.45001220703125
2025-05-09 12:30:00-04:00,436.3699951171875,437.2799987792969,436.1499938964844,436.7799987792969
2025-05-09 13:30:00-04:00,436.7850036621094,438.2099914550781,436.45001220703125,437.9200134277344
2025-05-09 14:30:00-04:00,437.8900146484375,439.7200012207031,437.8299865722656,439.0400085449219
2025-05-09 15:30:00-04:00,439.0799865722656,439.4599914550781,438.42999267578125,438.8500061035156
2025-05-12 09:30:00-04:00,445.8999938964844,446.0400085449219,439.7799987792969,443.92999267578125
2025-05-12 10:30:00-04:00,443.94000244140625,444.4200134277344,442.4639892578125,443.7449951171875
2025-05-12 11:30:00-04:00,443.760009765625,444.29998779296875,442.7250061035156,444.0
2025-05-12 12:30:00-04:00,443.9601135253906,447.1400146484375,443.7820129394531,446.32000732421875
2025-05-12 13:30:00-04:00,446.32501220703125,448.0899963378906,446.32501220703125,447.8999938964844
2025-05-12 14:30:00-04:00,447.92498779296875,448.4100036621094,446.67401123046875,447.0
2025-05-12 15:30:00-04:00,447.0199890136719,449.29998779296875,445.8500061035156,449.1600036621094
2025-05-13 09:30:00-04:00,447.989990234375,450.6733093261719,445.3599853515625,448.7643127441406
2025-05-13 10:30:00-04:00,448.7799987792969,449.0950012207031,446.80999755859375,448.114990234375
2025-05-13 11:30:00-04:00,448.0799865722656,448.777587890625,447.2699890136719,447.80999755859375
2025-05-13 12:30:00-04:00,447.7699890136719,449.2200012207031,447.5610046386719,448.4949951171875
2025-05-13 13:30:00-04:00,448.5006103515625,449.30999755859375,447.3900146484375,447.3900146484375
2025-05-13 14:30:00-04:00,447.45001220703125,449.489990234375,447.3500061035156,449.3900146484375
2025-05-13 15:30:00-04:00,449.3900146484375,450.1549987792969,448.55999755859375,448.9100036621094
2025-05-14 09:30:00-04:00,448.2699890136719,453.739990234375,448.2300109863281,452.8599853515625
2025-05-14 10:30:00-04:00,452.9100036621094,453.8999938964844,451.6199951171875,452.69500732421875
2025-05-14 11:30:00-04:00,452.7099914550781,453.55999755859375,451.79998779296875,452.3399963378906
2025-05-14 12:30:00-04:00,452.3252868652344,452.5285949707031,450.0299987792969,450.7650146484375
2025-05-14 13:30:00-04:00,450.82000732421875,451.8500061035156,450.4028015136719,451.5400085449219
2025-05-14 14:30:00-04:00,451.5199890136719,452.6099853515625,450.9549865722656,451.2799987792969
2025-05-14 15:30:00-04:00,451.260009765625,453.29998779296875,451.239990234375,452.8999938964844
2025-05-15 09:30:00-04:00,450.7650146484375,454.25,450.43011474609375,453.6405029296875
2025-05-15 10:30:00-04:00,453.7200012207031,455.510009765625,452.2900085449219,454.9263000488281
2025-05-15 11:30:00-04:00,454.92999267578125,455.9800109863281,454.2200927734375,455.25799560546875
2025-05-15 12:30:00-04:00,455.25,456.19000244140625,454.75,456.029296875
2025-05-15 13:30:00-04:00,456.010009765625,456.04998779296875,452.69000244140625,453.5950012207031
2025-05-15 14:30:00-04:00,453.54010009765625,454.2099914550781,451.0899963378906,451.3599853515625
2025-05-15 15:30:00-04:00,451.4100036621094,453.6700134277344,451.4100036621094,453.04998779296875
2025-05-16 09:30:00-04:00,452.3550109863281,453.0,449.1700134277344,449.6199951171875
2025-05-16 10:30:00-04:00,449.57000732421875,450.3900146484375,448.7369079589844,449.7300109863281
2025-05-16 11:30:00-04:00,449.75,450.79998779296875,449.3949890136719,450.65008544921875
2025-05-16 12:30:00-04:00,450.7149963378906,450.8800048828125,449.79998779296875,450.5375061035156
2025-05-16 13:30:00-04:00,450.6300048828125,453.260009765625,450.5899963378906,452.8299865722656
2025-05-16 14:30:00-04:00,452.8800048828125,453.45001220703125,452.4710998535156,453.0
2025-05-16 15:30:00-04:00,452.9599914550781,454.3500061035156,451.7701110839844,454.260009765625
2025-05-19 09:30:00-04:00,453.3550109863281,458.6600036621094,453.3500061035156,455.7900085449219
2025-05-19 10:30:00-04:00,455.7099914550781,457.44000244140625,455.4200134277344,456.69000244140625
2025-05-19 11:30:00-04:00,456.6300048828125,458.1000061035156,456.6199951171875,458.07000732421875
2025-05-19 12:30:00-04:00,458.1000061035156,459.5849914550781,457.6369934082031,458.739990234375
2025-05-19 13:30:00-04:00,458.760009765625,459.3500061035156,457.82501220703125,458.05999755859375
2025-05-19 14:30:00-04:00,458.010009765625,458.7099914550781,457.6300048828125,458.07501220703125
2025-05-19 15:30:00-04:00,458.05999755859375,459.0799865722656,457.18609619140625,458.8599853515625
2025-05-20 09:30:00-04:00,455.5899963378906,457.05999755859375,454.3200988769531,455.510009765625
2025-05-20 10:30:00-04:00,455.44000244140625,456.7300109863281,455.0849914550781,456.2099914550781
2025-05-20 11:30:00-04:00,456.239990234375,456.67999267578125,455.69500732421875,456.5899963378906
2025-05-20 12:30:00-04:00,456.6099853515625,457.55999755859375,456.5899963378906,457.3550109863281
2025-05-20 13:30:00-04:00,457.3699951171875,457.4599914550781,455.010009765625,455.2799987792969
2025-05-20 14:30:00-04:00,455.260009765625,456.95001220703125,455.04998779296875,456.625
2025-05-20 15:30:00-04:00,456.6400146484375,458.3399963378906,456.5249938964844,458.3299865722656
2025-05-21 09:30:00-04:00,454.94000244140625,457.5,454.25,455.94500732421875
2025-05-21 10:30:00-04:00,456.0,457.2449951171875,455.239990234375,456.9150085449219
2025-05-21 11:30:00-04:00,456.9150085449219,457.7799987792969,456.4599914550781,456.9200134277344
2025-05-21 12:30:00-04:00,456.9700012207031,457.1600036621094,452.3699951171875,452.4549865722656
2025-05-21 13:30:00-04:00,452.45001220703125,454.8999938964844,451.8139953613281,453.7250061035156
2025-05-21 14:30:00-04:00,453.7250061035156,454.67999267578125,451.9316101074219,452.3500061035156
2025-05-21 15:30:00-04:00,452.4100036621094,454.0899963378906,452.3800048828125,452.3800048828125
2025-05-22 09:30:00-04:00,454.739990234375,460.2449951171875,454.1600036621094,457.80999755859375
2025-05-22 10:30:00-04:00,457.79998779296875,458.5,455.07440185546875,455.0899963378906
2025-05-22 11:30:00-04:00,455.04998779296875,456.875,454.8900146484375,456.3004150390625
2025-05-22 12:30:00-04:00,456.29998779296875,456.3500061035156,453.9100036621094,455.7449951171875
2025-05-22 13:30:00-04:00,455.7200012207031,456.760009765625,454.8800964355469,456.5
2025-05-22 14:30:00-04:00,456.4100036621094,457.1400146484375,455.80999755859375,456.5899963378906
2025-05-22 15:30:00-04:00,456.5740051269531,457.0,454.2001037597656,455.05999755859375
2025-05-23 09:30:00-04:00,449.760009765625,452.3599853515625,448.9100036621094,451.42999267578125
2025-05-23 10:30:00-04:00,451.4200134277344,452.0299987792969,449.93499755859375,450.7550048828125
2025-05-23 11:30:00-04:00,450.75,451.79998779296875,450.0452880859375,451.17498779296875
2025-05-23 12:30:00-04:00,451.1300048828125,452.989990234375,450.5458068847656,452.9100036621094
2025-05-23 13:30:00-04:00,452.9200134277344,453.69000244140625,452.18011474609375,452.25
2025-05-23 14:30:00-04:00,452.2900085449219,452.864990234375,451.19000244140625,451.5289001464844
2025-05-23 15:30:00-04:00,451.5050048828125,452.3699951171875,450.0,450.19000244140625
2025-05-27 09:30:00-04:00,456.4800109863281,460.20001220703125,456.114990234375,457.9700012207031
2025-05-27 10:30:00-04:00,457.989990234375,458.5400085449219,456.9801025390625,457.8771057128906
2025-05-27 11:30:00-04:00,457.8500061035156,458.8800048828125,457.2149963378906,458.2799987792969
2025-05-27 12:30:00-04:00,458.2699890136719,459.3900146484375,458.224609375,459.0799865722656
2025-05-27 13:30:00-04:00,459.0400085449219,459.8699951171875,458.6600036621094,459.631103515625
2025-05-27 14:30:00-04:00,459.6099853515625,459.9294128417969,459.0799865722656,459.42999267578125
2025-05-27 15:30:00-04:00,459.4599914550781,460.95001220703125,459.2200012207031,460.69000244140625
2025-05-28 09:30:00-04:00,461.2200012207031,462.5199890136719,459.3599853515625,459.6050109863281
2025-05-28 10:30:00-04:00,459.6000061035156,460.1300048828125,459.1300048828125,459.5199890136719
2025-05-28 11:30:00-04:00,459.510009765625,459.7048034667969,458.2976989746094,458.8591003417969
2025-05-28 12:30:00-04:00,458.8599853515625,458.9800109863281,457.739990234375,457.92498779296875
2025-05-28 13:30:00-04:00,457.8699951171875,458.572998046875,457.1343078613281,458.55499267578125
2025-05-28 14:30:00-04:00,458.55499267578125,458.8999938964844,456.94000244140625,457.8500061035156
2025-05-28 15:30:00-04:00,457.8299865722656,458.3900146484375,457.04998779296875,457.3800048828125
2025-05-29 09:30:00-04:00,461.510009765625,461.7200012207031,456.760009765625,458.7699890136719
2025-05-29 10:30:00-04:00,458.7300109863281,459.9100036621094,458.26031494140625,459.2699890136719
2025-05-29 11:30:00-04:00,459.2699890136719,459.45001220703125,455.31048583984375,458.54998779296875
2025-05-29 12:30:00-04:00,458.54449462890625,459.55999755859375,458.3999938964844,458.5372009277344
2025-05-29 13:30:00-04:00,458.55499267578125,458.8599853515625,457.2799987792969,457.510009765625
2025-05-29 14:30:00-04:00,457.5899963378906,458.6700134277344,457.5,458.07501220703125
2025-05-29 15:30:00-04:00,458.07000732421875,459.9700012207031,457.6199951171875,458.45001220703125
2025-05-30 09:30:00-04:00,459.7149963378906,460.2149963378906,457.60009765625,459.4150085449219
2025-05-30 10:30:00-04:00,459.4125061035156,459.4125061035156,458.3500061035156,459.1675109863281
2025-05-30 11:30:00-04:00,459.17498779296875,459.760009765625,456.1199951171875,456.4700012207031
2025-05-30 12:30:00-04:00,456.4800109863281,457.5799865722656,455.5400085449219,457.0899963378906
2025-05-30 13:30:00-04:00,457.1099853515625,459.16778564453125,456.64080810546875,458.75
2025-05-30 14:30:00-04:00,458.79998779296875,460.80419921875,458.4100036621094,460.57000732421875
2025-05-30 15:30:00-04:00,460.6099853515625,461.67999267578125,458.6700134277344,459.5899963378906
2025-06-02 09:30:00-04:00,457.0,461.1400146484375,456.8900146484375,460.635009765625
2025-06-02 10:30:00-04:00,460.6300048828125,461.44989013671875,459.94000244140625,460.57000732421875
2025-06-02 11:30:00-04:00,460.54998779296875,461.54998779296875,460.0350036621094,460.8500061035156
2025-06-02 12:30:00-04:00,460.8599853515625,462.05999755859375,460.5799865722656,460.9800109863281
2025-06-02 13:30:00-04:00,460.9700012207031,461.70001220703125,460.19000244140625,461.44500732421875
2025-06-02 14:30:00-04:00,461.4800109863281,461.9100036621094,461.1138000488281,461.6499938964844
2025-06-02 15:30:00-04:00,461.57000732421875,462.1099853515625,460.92999267578125,462.0199890136719
2025-06-03 09:30:00-04:00,461.4700012207031,464.114990234375,461.3500061035156,461.7799987792969
2025-06-03 10:30:00-04:00,461.82501220703125,462.82000732421875,460.8622131347656,462.3599853515625
2025-06-03 11:30:00-04:00,462.3699951171875,462.8999938964844,462.0,462.5
2025-06-03 12:30:00-04:00,462.5,463.25,462.4562072753906,463.0299987792969
2025-06-03 13:30:00-04:00,463.05999755859375,463.45001220703125,461.7850036621094,463.3900146484375
2025-06-03 14:30:00-04:00,463.4150085449219,463.6199951171875,462.989990234375,463.364990234375
2025-06-03 15:30:00-04:00,463.3399963378906,463.489990234375,462.6600036621094,463.1400146484375
2025-06-04 09:30:00-04:00,464.0,465.6400146484375,463.0201110839844,464.92010498046875
2025-06-04 10:30:00-04:00,464.9200134277344,465.1499938964844,463.7699890136719,464.63189697265625
2025-06-04 11:30:00-04:00,464.6600036621094,465.0899963378906,463.739990234375,463.760009765625
2025-06-04 12:30:00-04:00,463.739990234375,464.82000732421875,463.6650085449219,464.70001220703125
2025-06-04 13:30:00-04:00,464.69000244140625,465.1000061035156,464.1700134277344,464.760009765625
2025-06-04 14:30:00-04:00,464.760009765625,464.8599853515625,463.8699951171875,464.3599853515625
2025-06-04 15:30:00-04:00,464.3299865722656,464.54998779296875,463.2699890136719,463.8890075683594
2025-06-05 09:30:00-04:00,465.0,467.3599853515625,464.0299987792969,466.4049987792969
2025-06-05 10:30:00-04:00,466.3999938964844,467.86248779296875,464.510009765625,467.6400146484375
2025-06-05 11:30:00-04:00,467.6600036621094,468.7492980957031,467.239990234375,468.18499755859375
2025-06-05 12:30:00-04:00,468.18499755859375,468.4800109863281,466.24310302734375,467.2900085449219
2025-06-05 13:30:00-04:00,467.2900085449219,469.135009765625,466.4800109863281,468.96160888671875
2025-06-05 14:30:00-04:00,468.94500732421875,469.6499938964844,467.1099853515625,467.42999267578125
2025-06-05 15:30:00-04:00,467.5799865722656,469.3399963378906,466.7749938964844,467.6099853515625
2025-06-06 09:30:00-04:00,470.30999755859375,473.3349914550781,469.1300048828125,471.75
2025-06-06 10:30:00-04:00,471.7300109863281,472.3399963378906,469.7699890136719,470.6099853515625
2025-06-06 11:30:00-04:00,470.55999755859375,471.2250061035156,470.1000061035156,470.1700134277344
2025-06-06 12:30:00-04:00,470.1700134277344,470.7200012207031,468.80999755859375,470.5950012207031
2025-06-06 13:30:00-04:00,470.5799865722656,471.5400085449219,470.55999755859375,471.2300109863281
2025-06-06 14:30:00-04:00,471.2300109863281,471.8299865722656,470.3900146484375,470.44000244140625
2025-06-06 15:30:00-04:00,470.4200134277344,471.010009765625,470.0801086425781,470.1600036621094
2025-06-09 09:30:00-04:00,469.67999267578125,471.2250061035156,468.8999938964844,470.3699951171875
2025-06-09 10:30:00-04:00,470.4100036621094,471.0799865722656,469.7799987792969,470.1499938964844
2025-06-09 11:30:00-04:00,470.1600036621094,471.20001220703125,469.75,470.69000244140625
2025-06-09 12:30:00-04:00,470.7200012207031,472.5398864746094,470.62060546875,472.3999938964844
2025-06-09 13:30:00-04:00,472.375,473.1000061035156,472.29998779296875,472.89678955078125
2025-06-09 14:30:00-04:00,472.8900146484375,473.42999267578125,472.6200866699219,473.24749755859375
2025-06-09 15:30:00-04:00,473.239990234375,473.4200134277344,472.2349853515625,472.760009765625
2025-06-10 09:30:00-04:00,471.18499755859375,472.79998779296875,468.3301086425781,469.8699951171875
2025-06-10 10:30:00-04:00,469.8500061035156,469.89111328125,468.2850036621094,469.04998779296875
2025-06-10 11:30:00-04:00,469.0400085449219,469.57000732421875,466.9599914550781,469.5118103027344
2025-06-10 12:30:00-04:00,469.5150146484375,470.1708984375,469.26300048828125,469.4984130859375
2025-06-10 13:30:00-04:00,469.4849853515625,469.5,467.9100036621094,468.2250061035156
2025-06-10 14:30:00-04:00,468.2250061035156,470.6400146484375,468.20001220703125,470.25
2025-06-10 15:30:00-04:00,470.2650146484375,471.0299987792969,469.7099914550781,470.92999267578125
2025-06-11 09:30:00-04:00,470.1199951171875,474.9184875488281,469.6549987792969,474.6698913574219
2025-06-11 10:30:00-04:00,474.69061279296875,475.4599914550781,474.37420654296875,474.68499755859375
2025-06-11 11:30:00-04:00,474.7650146484375,474.9700012207031,473.239990234375,474.051513671875
2025-06-11 12:30:00-04:00,474.0899963378906,475.19000244140625,474.0199890136719,474.5715026855469
2025-06-11 13:30:00-04:00,474.6000061035156,474.7799987792969,470.95001220703125,471.8500061035156
2025-06-11 14:30:00-04:00,471.7900085449219,472.9700012207031,471.3299865722656,472.17999267578125
2025-06-11 15:30:00-04:00,472.1700134277344,473.0,471.69000244140625,472.8999938964844
2025-06-12 09:30:00-04:00,475.0199890136719,477.0199890136719,472.6199951171875,476.5199890136719
2025-06-12 10:30:00-04:00,476.5299987792969,478.0835876464844,475.760009765625,476.989990234375
2025-06-12 11:30:00-04:00,476.9800109863281,478.81500244140625,476.5799865722656,478.70001220703125
2025-06-12 12:30:00-04:00,478.5299987792969,479.989990234375,477.8349914550781,479.2868957519531
2025-06-12 13:30:00-04:00,479.29998779296875,480.1400146484375,479.1199951171875,479.4848937988281
2025-06-12 14:30:00-04:00,479.5,480.3999938964844,478.989990234375,479.739990234375
2025-06-12 15:30:00-04:00,479.7099914550781,479.7200012207031,477.989990234375,479.0299987792969
2025-06-13 09:30:00-04:00,476.17999267578125,479.17999267578125,475.1300048828125,475.2200012207031
2025-06-13 10:30:00-04:00,475.2300109863281,477.2200012207031,474.95001220703125,476.3949890136719
2025-06-13 11:30:00-04:00,476.375,478.0799865722656,475.7300109863281,477.1600036621094
2025-06-13 12:30:00-04:00,477.17498779296875,477.3500061035156,475.42999267578125,475.55999755859375
2025-06-13 13:30:00-04:00,475.510009765625,476.0400085449219,473.90179443359375,474.04998779296875
2025-06-13 14:30:00-04:00,474.0350036621094,474.7200012207031,472.79998779296875,474.2149963378906
2025-06-13 15:30:00-04:00,474.2349853515625,475.17999267578125,473.70001220703125,474.9599914550781
2025-06-16 09:30:00-04:00,475.2650146484375,480.6943054199219,475.0,480.0799865722656
2025-06-16 10:30:00-04:00,480.0801086425781,480.44000244140625,479.20001220703125,480.0199890136719
2025-06-16 11:30:00-04:00,479.9700012207031,480.64990234375,479.6300048828125,479.8299865722656
2025-06-16 12:30:00-04:00,479.82501220703125,480.3192138671875,479.3999938964844,480.1206970214844
2025-06-16 13:30:00-04:00,480.1700134277344,480.30999755859375,478.3800048828125,478.5799865722656
2025-06-16 14:30:00-04:00,478.61248779296875,479.0,477.7627868652344,478.5400085449219
2025-06-16 15:30:00-04:00,478.510009765625,479.3299865722656,477.9700012207031,479.04998779296875
2025-06-17 09:30:00-04:00,475.3949890136719,476.6099853515625,474.1000061035156,476.1499938964844
2025-06-17 10:30:00-04:00,476.12200927734375,477.1000061035156,475.4599914550781,476.8399963378906
2025-06-17 11:30:00-04:00,476.8399963378906,478.0400085449219,476.73480224609375,477.67999267578125
2025-06-17 12:30:00-04:00,477.6418151855469,478.7398986816406,476.614990234375,476.614990234375
2025-06-17 13:30:00-04:00,476.5899963378906,477.2699890136719,475.3900146484375,476.4350891113281
2025-06-17 14:30:00-04:00,476.3299865722656,477.6400146484375,475.9949951171875,477.56500244140625
2025-06-17 15:30:00-04:00,477.6099853515625,478.67999267578125,477.3299865722656,478.0400085449219
2025-06-18 09:30:00-04:00,478.0,478.6499938964844,474.4599914550781,478.364990234375
2025-06-18 10:30:00-04:00,478.3800048828125,479.4949951171875,477.30999755859375,478.80999755859375
2025-06-18 11:30:00-04:00,479.2200012207031,479.69000244140625,478.7799987792969,478.989990234375
2025-06-18 12:30:00-04:00,478.9700012207031,479.79998779296875,478.42999267578125,478.42999267578125
2025-06-18 13:30:00-04:00,478.4700012207031,480.3399963378906,477.9800109863281,479.31500244140625
2025-06-18 14:30:00-04:00,479.3100891113281,480.6700134277344,477.8500061035156,478.5400085449219
2025-06-18 15:30:00-04:00,478.5400085449219,481.0,478.3699951171875,480.239990234375
2025-06-20 09:30:00-04:00,482.1000061035156,483.44000244140625,479.1400146484375,479.6000061035156
2025-06-20 10:30:00-04:00,479.6199951171875,480.7300109863281,478.8999938964844,479.8699951171875
2025-06-20 11:30:00-04:00,479.8900146484375,481.010009765625,479.3900146484375,479.760009765625
2025-06-20 12:30:00-04:00,479.70001220703125,481.3599853515625,478.79998779296875,478.8599853515625
2025-06-20 13:30:00-04:00,478.80499267578125,479.1899108886719,478.1199951171875,478.7349853515625
2025-06-20 14:30:00-04:00,478.7950134277344,478.94000244140625,477.1499938964844,477.3500061035156
2025-06-20 15:30:00-04:00,477.3900146484375,478.7699890136719,476.8699951171875,477.2275085449219
2025-06-23 09:30:00-04:00,477.7200012207031,477.80499267578125,472.510009765625,475.6499938964844
2025-06-23 10:30:00-04:00,475.6499938964844,479.5400085449219,475.2699890136719,478.9849853515625
2025-06-23 11:30:00-04:00,478.9949951171875,481.5799865722656,478.9400939941406,480.6199951171875
2025-06-23 12:30:00-04:00,480.6000061035156,486.32000732421875,478.70001220703125,485.9049987792969
2025-06-23 13:30:00-04:00,486.0350036621094,487.75,485.79400634765625,486.7699890136719
2025-06-23 14:30:00-04:00,486.80999755859375,487.489990234375,485.1614990234375,486.4700012207031
2025-06-23 15:30:00-04:00,486.468505859375,487.09991455078125,485.45001220703125,485.9200134277344
2025-06-24 09:30:00-04:00,488.739990234375,489.6600036621094,486.7950134277344,487.5450134277344
2025-06-24 10:30:00-04:00,487.57000732421875,490.54998779296875,487.4599914550781,490.447509765625
2025-06-24 11:30:00-04:00,490.5199890136719,491.489990234375,489.94000244140625,490.70001220703125
2025-06-24 12:30:00-04:00,490.6600036621094,491.4100036621094,489.94000244140625,490.4700012207031
2025-06-24 13:30:00-04:00,490.45001220703125,491.8489990234375,490.4200134277344,491.239990234375
2025-06-24 14:30:00-04:00,491.2099914550781,491.2099914550781,490.3299865722656,490.8399963378906
2025-06-24 15:30:00-04:00,490.82000732421875,491.07000732421875,489.510009765625,490.1199951171875
2025-06-25 09:30:00-04:00,491.6099853515625,494.55560302734375,491.6099853515625,493.5350036621094
2025-06-25 10:30:00-04:00,493.6199951171875,493.9599914550781,492.44000244140625,492.5899963378906
2025-06-25 11:30:00-04:00,492.57000732421875,492.7650146484375,491.1499938964844,491.614990234375
2025-06-25 12:30:00-04:00,491.6300048828125,491.659912109375,490.1099853515625,490.6400146484375
2025-06-25 13:30:00-04:00,490.6099853515625,490.79998779296875,489.3900146484375,490.47979736328125
2025-06-25 14:30:00-04:00,490.4800109863281,491.5899963378906,490.0899963378906,491.1600036621094
2025-06-25 15:30:00-04:00,491.1300048828125,492.44000244140625,490.95001220703125,492.44000244140625
2025-06-26 09:30:00-04:00,492.9800109863281,496.9599914550781,492.92999267578125,495.25
2025-06-26 10:30:00-04:00,495.25,495.9100036621094,492.80999755859375,493.2449951171875
2025-06-26 11:30:00-04:00,493.2250061035156,494.6000061035156,493.0400085449219,493.8699951171875
2025-06-26 12:30:00-04:00,493.8699951171875,496.42999267578125,493.7799987792969,495.9107971191406
2025-06-26 13:30:00-04:00,495.9700012207031,497.79998779296875,495.9700012207031,497.69000244140625
2025-06-26 14:30:00-04:00,497.70001220703125,498.0299987792969,496.92999267578125,497.42999267578125
2025-06-26 15:30:00-04:00,497.3900146484375,497.9549865722656,496.5,497.30999755859375
2025-06-27 09:30:00-04:00,497.32501220703125,498.1700134277344,496.2099914550781,497.7200012207031
2025-06-27 10:30:00-04:00,497.75,498.05999755859375,496.30999755859375,497.92498779296875
2025-06-27 11:30:00-04:00,497.91558837890625,499.2900085449219,497.8399963378906,497.9700012207031
2025-06-27 12:30:00-04:00,497.9750061035156,498.3500061035156,497.1942138671875,497.4800109863281
2025-06-27 13:30:00-04:00,497.45001220703125,498.0299987792969,495.62469482421875,495.656005859375
2025-06-27 14:30:00-04:00,495.6600036621094,496.2300109863281,494.4642028808594,494.8900146484375
2025-06-27 15:30:00-04:00,494.92498779296875,496.67999267578125,493.0299987792969,495.8800048828125
2025-06-30 09:30:00-04:00,497.4100036621094,498.0,495.5899963378906,496.0577087402344
2025-06-30 10:30:00-04:00,496.07501220703125,497.5,495.3299865722656,497.38751220703125
2025-06-30 11:30:00-04:00,497.42999267578125,499.30999755859375,497.25,497.8299865722656
2025-06-30 12:30:00-04:00,497.81500244140625,498.760009765625,497.2699890136719,497.6794128417969
2025-06-30 13:30:00-04:00,497.67510986328125,498.3299865722656,496.9700012207031,498.0299987792969
2025-06-30 14:30:00-04:00,498.03070068359375,499.3800048828125,497.69000244140625,499.0450134277344
2025-06-30 15:30:00-04:00,499.0450134277344,500.760009765625,497.1600036621094,497.1600036621094
2025-07-01 09:30:00-04:00,496.4700012207031,498.04998779296875,495.6400146484375,497.1549987792969
2025-07-01 10:30:00-04:00,497.1300048828125,497.1400146484375,491.8299865722656,493.80499267578125
2025-07-01 11:30:00-04:00,493.7699890136719,493.95001220703125,490.9800109863281,491.8800048828125
2025-07-01 12:30:00-04:00,491.7799987792969,494.04998779296875,491.5899963378906,493.25421142578125
2025-07-01 13:30:00-04:00,493.2550048828125,493.3500061035156,492.2300109863281,492.54998779296875
2025-07-01 14:30:00-04:00,492.5400085449219,492.94000244140625,491.19000244140625,492.2900085449219
2025-07-01 15:30:00-04:00,492.2950134277344,493.0150146484375,491.80499267578125,492.0199890136719
2025-07-02 09:30:00-04:00,489.989990234375,493.5,488.70001220703125,491.7650146484375
2025-07-02 10:30:00-04:00,491.79998779296875,492.760009765625,491.1199951171875,491.94000244140625
2025-07-02 11:30:00-04:00,491.9599914550781,492.67999267578125,491.239990234375,492.1759948730469
2025-07-02 12:30:00-04:00,492.1499938964844,492.2099914550781,490.1510009765625,490.2349853515625
2025-07-02 13:30:00-04:00,490.2300109863281,490.5899963378906,489.8500061035156,490.07000732421875
2025-07-02 14:30:00-04:00,490.0400085449219,490.6000061035156,489.7200012207031,490.2099914550781
2025-07-02 15:30:00-04:00,490.20001220703125,492.0,490.0150146484375,490.9700012207031
2025-07-03 09:30:00-04:00,493.4949951171875,499.0398864746094,493.44000244140625,498.2762145996094
2025-07-03 10:30:00-04:00,498.30999755859375,499.67999267578125,497.5679931640625,498.42999267578125
2025-07-03 11:30:00-04:00,498.45001220703125,500.1199951171875,498.32470703125,498.9284973144531
2025-07-07 09:30:00-04:00,497.3800048828125,498.3900146484375,495.9826965332031,497.6050109863281
2025-07-07 10:30:00-04:00,497.6199951171875,498.125,496.9750061035156,497.8399963378906
2025-07-07 11:30:00-04:00,497.8450012207031,498.75,496.4512023925781,497.5899963378906
2025-07-07 12:30:00-04:00,497.57000732421875,498.010009765625,496.2749938964844,496.4599914550781
2025-07-07 13:30:00-04:00,496.44000244140625,497.4100036621094,495.2699890136719,495.2699890136719
2025-07-07 14:30:00-04:00,495.260009765625,497.25,495.2250061035156,496.6300964355469
2025-07-07 15:30:00-04:00,496.6449890136719,497.9700012207031,496.6449890136719,497.8299865722656
2025-07-08 09:30:00-04:00,497.4100036621094,498.1700134277344,495.55999755859375,495.95001220703125
2025-07-08 10:30:00-04:00,495.94500732421875,497.1199951171875,494.1099853515625,494.875
2025-07-08 11:30:00-04:00,494.8399963378906,496.25,494.54010009765625,496.0008850097656
2025-07-08 12:30:00-04:00,496.0000915527344,496.07000732421875,494.69000244140625,495.8599853515625
2025-07-08 13:30:00-04:00,495.989990234375,496.6400146484375,495.6000061035156,496.0274963378906
2025-07-08 14:30:00-04:00,496.05999755859375,496.29998779296875,495.6050109863281,496.05999755859375
2025-07-08 15:30:00-04:00,496.0400085449219,496.8999938964844,495.70001220703125,496.6600036621094
2025-07-09 09:30:00-04:00,500.1099853515625,506.7799987792969,500.0799865722656,504.55999755859375
2025-07-09 10:30:00-04:00,504.55999755859375,504.6099853515625,500.45001220703125,501.5299987792969
2025-07-09 11:30:00-04:00,501.489990234375,501.6199951171875,499.739990234375,501.0899963378906
2025-07-09 12:30:00-04:00,501.07000732421875,501.6698913574219,500.0,501.4700012207031
2025-07-09 13:30:00-04:00,501.4599914550781,503.1000061035156,501.2300109863281,502.7950134277344
2025-07-09 14:30:00-04:00,502.7699890136719,502.95001220703125,502.29998779296875,502.32000732421875
2025-07-09 15:30:00-04:00,502.3009033203125,503.5299987792969,502.1600036621094,503.4800109863281
2025-07-10 09:30:00-04:00,503.04998779296875,504.44000244140625,498.3500061035156,498.5400085449219
2025-07-10 10:30:00-04:00,498.5,500.4800109863281,497.75,500.06500244140625
2025-07-10 11:30:00-04:00,500.1499938964844,500.6400146484375,499.07000732421875,500.2749938964844
2025-07-10 12:30:00-04:00,500.2900085449219,501.0400085449219,499.54998779296875,500.9150085449219
2025-07-10 13:30:00-04:00,500.92498779296875,501.8099060058594,500.7300109863281,501.3900146484375
2025-07-10 14:30:00-04:00,501.4200134277344,502.0299987792969,501.0199890136719,501.54998779296875
2025-07-10 15:30:00-04:00,501.55999755859375,502.18499755859375,500.3999938964844,501.5199890136719
2025-07-11 09:30:00-04:00,498.4700012207031,502.3900146484375,497.82501220703125,501.5
2025-07-11 10:30:00-04:00,501.4700012207031,502.94000244140625,501.04998779296875,502.7900085449219
2025-07-11 11:30:00-04:00,502.760009765625,505.0299987792969,502.739990234375,504.7099914550781
2025-07-11 12:30:00-04:00,504.6700134277344,504.92999267578125,503.9549865722656,504.5450134277344
2025-07-11 13:30:00-04:00,504.5299987792969,504.6300048828125,503.2900085449219,504.2799987792969
2025-07-11 14:30:00-04:00,504.27410888671875,504.54998779296875,502.55999755859375,503.40289306640625
2025-07-11 15:30:00-04:00,503.3374938964844,504.0799865722656,503.07000732421875,503.1700134277344
2025-07-14 09:30:00-04:00,501.5150146484375,502.8900146484375,501.0299987792969,501.54998779296875
2025-07-14 10:30:00-04:00,501.5899963378906,503.9700012207031,501.1000061035156,502.9649963378906
2025-07-14 11:30:00-04:00,503.0299987792969,503.3800048828125,502.33270263671875,502.4800109863281
2025-07-14 12:30:00-04:00,502.4599914550781,503.07000732421875,502.1600036621094,502.7200012207031
2025-07-14 13:30:00-04:00,502.7300109863281,503.07000732421875,502.1671142578125,502.8999938964844
2025-07-14 14:30:00-04:00,502.9100036621094,503.45001220703125,502.5799865722656,502.9700012207031
2025-07-14 15:30:00-04:00,502.9200134277344,503.42999267578125,502.80010986328125,502.94000244140625
2025-07-15 09:30:00-04:00,503.010009765625,506.2900085449219,502.7900085449219,505.6499938964844
2025-07-15 10:30:00-04:00,505.67498779296875,507.2799987792969,504.3700866699219,507.2799987792969
2025-07-15 11:30:00-04:00,507.2503967285156,507.3900146484375,506.2200012207031,507.32000732421875
2025-07-15 12:30:00-04:00,507.34320068359375,507.7398986816406,506.2950134277344,506.8699951171875
2025-07-15 13:30:00-04:00,506.8599853515625,508.19000244140625,506.80999755859375,507.95001220703125
2025-07-15 14:30:00-04:00,507.95001220703125,508.29998779296875,506.25,506.5799865722656
2025-07-15 15:30:00-04:00,506.6000061035156,507.03948974609375,505.6300048828125,505.6300048828125
2025-07-16 09:30:00-04:00,505.0,505.5,502.32000732421875,503.7200012207031
2025-07-16 10:30:00-04:00,503.80999755859375,505.1499938964844,502.6400146484375,504.447509765625
2025-07-16 11:30:00-04:00,504.25,505.5,501.8900146484375,503.8900146484375
2025-07-16 12:30:00-04:00,503.864990234375,505.7300109863281,503.260009765625,505.45001220703125
2025-07-16 13:30:00-04:00,505.42999267578125,505.8399963378906,504.92999267578125,505.7699890136719
2025-07-16 14:30:00-04:00,505.8299865722656,506.3399963378906,505.5299987792969,505.82000732421875
2025-07-16 15:30:00-04:00,505.8019104003906,506.7200012207031,505.510009765625,505.5299987792969
2025-07-17 09:30:00-04:00,505.67999267578125,510.95001220703125,505.6199951171875,510.07501220703125
2025-07-17 10:30:00-04:00,510.0299987792969,512.3300170898438,509.9200134277344,511.8900146484375
2025-07-17 11:30:00-04:00,511.8949890136719,513.3699951171875,511.80999755859375,512.844970703125
2025-07-17 12:30:00-04:00,512.8499755859375,513.2999877929688,512.3499755859375,512.8175048828125
2025-07-17 13:30:00-04:00,512.780029296875,513.0,511.8800964355469,512.1436157226562
2025-07-17 14:30:00-04:00,512.1300048828125,512.3599853515625,511.44000244140625,512.0900268554688
2025-07-17 15:30:00-04:00,512.0700073242188,512.6021728515625,511.2799987792969,511.8500061035156
2025-07-18 09:30:00-04:00,514.47998046875,514.6400146484375,510.3299865722656,510.5350036621094
2025-07-18 10:30:00-04:00,510.5299987792969,511.45001220703125,509.5270080566406,510.3500061035156
2025-07-18 11:30:00-04:00,510.3616943359375,510.7749938964844,508.3299865722656,508.7650146484375
2025-07-18 12:30:00-04:00,508.7300109863281,511.0199890136719,508.43499755859375,510.9049987792969
2025-07-18 13:30:00-04:00,510.9700012207031,511.54998779296875,510.44000244140625,511.54150390625
2025-07-18 14:30:00-04:00,511.5400085449219,511.9599914550781,510.0486145019531,510.0799865722656
2025-07-18 15:30:00-04:00,510.0849914550781,510.7900085449219,509.1549987792969,509.9599914550781
2025-07-21 09:30:00-04:00,506.7049865722656,512.0700073242188,505.5899963378906,511.30999755859375
2025-07-21 10:30:00-04:00,511.3349914550781,512.0599975585938,509.989990234375,510.43499755859375
2025-07-21 11:30:00-04:00,510.43499755859375,510.80999755859375,509.79998779296875,510.3882141113281
2025-07-21 12:30:00-04:00,510.3575134277344,511.3699035644531,510.1600036621094,510.91009521484375
2025-07-21 13:30:00-04:00,510.93499755859375,511.0484924316406,509.9700012207031,510.5
2025-07-21 14:30:00-04:00,510.4949951171875,510.79998779296875,509.9800109863281,510.1199951171875
2025-07-21 15:30:00-04:00,510.1199951171875,510.260009765625,509.5,510.20001220703125
2025-07-22 09:30:00-04:00,510.95001220703125,511.20001220703125,507.42999267578125,508.9468994140625
2025-07-22 10:30:00-04:00,508.9200134277344,509.5892028808594,507.8999938964844,508.239990234375
2025-07-22 11:30:00-04:00,508.2200012207031,508.55999755859375,506.6499938964844,506.7699890136719
2025-07-22 12:30:00-04:00,506.7200012207031,507.7200012207031,506.3500061035156,507.55999755859375
2025-07-22 13:30:00-04:00,507.5899963378906,507.6400146484375,505.4599914550781,505.9993896484375
2025-07-22 14:30:00-04:00,505.9599914550781,506.4200134277344,505.6600036621094,505.92999267578125
2025-07-22 15:30:00-04:00,505.9100036621094,506.3299865722656,505.2699890136719,505.3900146484375
2025-07-23 09:30:00-04:00,506.5,506.7500915527344,500.70001220703125,502.6300048828125
2025-07-23 10:30:00-04:00,502.6300048828125,502.85931396484375,501.40289306640625,502.3949890136719
2025-07-23 11:30:00-04:00,502.3919982910156,505.5,502.1300048828125,503.30999755859375
2025-07-23 12:30:00-04:00,503.3399963378906,504.6199951171875,503.2427062988281,504.19940185546875
2025-07-23 13:30:00-04:00,504.1700134277344,505.75,504.1400146484375,505.3500061035156
2025-07-23 14:30:00-04:00,505.3699951171875,505.58441162109375,504.54998779296875,505.3949890136719
2025-07-23 15:30:00-04:00,505.385009765625,506.07000732421875,504.3999938964844,505.9700012207031
2025-07-24 09:30:00-04:00,509.43109130859375,510.5,507.29998779296875,508.8399963378906
2025-07-24 10:30:00-04:00,508.8800048828125,510.79998779296875,508.3500061035156,510.54998779296875
2025-07-24 11:30:00-04:00,510.5600891113281,512.4000244140625,510.5600891113281,511.67999267578125
2025-07-24 12:30:00-04:00,511.7215881347656,513.219970703125,511.4800109863281,512.6599731445312
2025-07-24 13:30:00-04:00,512.6599731445312,512.9199829101562,511.8900146484375,512.5900268554688
2025-07-24 14:30:00-04:00,512.6199951171875,512.6699829101562,511.3699951171875,511.6600036621094
2025-07-24 15:30:00-04:00,511.67999267578125,513.0999755859375,510.6499938964844,510.8500061035156
2025-07-25 09:30:00-04:00,512.4650268554688,512.8499755859375,510.35919189453125,512.5650024414062
2025-07-25 10:30:00-04:00,512.5700073242188,514.125,512.110107421875,514.02001953125
2025-07-25 11:30:00-04:00,514.0050048828125,514.5,513.0599975585938,514.405029296875
2025-07-25 12:30:00-04:00,514.4199829101562,515.4299926757812,513.6699829101562,515.3800048828125
2025-07-25 13:30:00-04:00,515.3699951171875,517.9000244140625,515.1900024414062,517.219970703125
2025-07-25 14:30:00-04:00,517.22998046875,518.2899780273438,516.5,516.510009765625
2025-07-25 15:30:00-04:00,516.5250244140625,516.8099975585938,513.125,513.77001953125
2025-07-28 09:30:00-04:00,514.0800170898438,515.0,512.3599853515625,514.0800170898438
2025-07-28 10:30:00-04:00,514.1199951171875,514.239990234375,511.55499267578125,512.6580200195312
2025-07-28 11:30:00-04:00,512.655029296875,512.8400268554688,511.7200012207031,512.1199951171875
2025-07-28 12:30:00-04:00,512.135009765625,512.4400024414062,511.1099853515625,511.1650085449219
2025-07-28 13:30:00-04:00,511.17498779296875,511.8800048828125,510.4599914550781,510.54998779296875
2025-07-28 14:30:00-04:00,510.5299987792969,510.8699951171875,510.135009765625,510.7900085449219
2025-07-28 15:30:00-04:00,510.8349914550781,512.52001953125,510.7099914550781,512.52001953125
2025-07-29 09:30:00-04:00,515.6900024414062,517.6199951171875,513.7301025390625,514.3099975585938
2025-07-29 10:30:00-04:00,514.344970703125,514.3900146484375,512.7025756835938,513.3200073242188
2025-07-29 11:30:00-04:00,513.3350219726562,514.72998046875,512.3900146484375,512.7999877929688
2025-07-29 12:30:00-04:00,512.7849731445312,513.8400268554688,512.1500244140625,512.8400268554688
2025-07-29 13:30:00-04:00,512.8499755859375,512.8800048828125,511.55999755859375,511.5849914550781
2025-07-29 14:30:00-04:00,511.5950012207031,512.7999877929688,511.5899963378906,512.280029296875
2025-07-29 15:30:00-04:00,512.2999877929688,512.9500122070312,511.7099914550781,512.9500122070312
2025-07-30 09:30:00-04:00,515.5599975585938,515.9500122070312,510.67138671875,513.2999877929688
2025-07-30 10:30:00-04:00,513.3900146484375,514.3198852539062,512.4324951171875,513.0599975585938
2025-07-30 11:30:00-04:00,513.0700073242188,513.5700073242188,512.4949951171875,513.239990234375
2025-07-30 12:30:00-04:00,513.3200073242188,513.4299926757812,512.6699829101562,512.9000244140625
2025-07-30 13:30:00-04:00,512.9000244140625,513.2999877929688,512.1699829101562,512.73681640625
2025-07-30 14:30:00-04:00,512.75,513.4299926757812,509.44000244140625,511.25
2025-07-30 15:30:00-04:00,511.239990234375,514.1799926757812,510.3699951171875,514.1799926757812
2025-07-31 09:30:00-04:00,555.2249755859375,555.4500122070312,535.6699829101562,537.7000732421875
2025-07-31 10:30:00-04:00,537.760009765625,538.969970703125,534.4099731445312,537.0
2025-07-31 11:30:00-04:00,537.0399780273438,537.697998046875,535.260009765625,536.4580078125
2025-07-31 12:30:00-04:00,536.4500122070312,537.14990234375,533.6649780273438,534.4967041015625
2025-07-31 13:30:00-04:00,534.510009765625,535.5,532.5401000976562,534.3699951171875
2025-07-31 14:30:00-04:00,534.2999877929688,534.8900146484375,532.2000122070312,532.2100219726562
2025-07-31 15:30:00-04:00,532.2449951171875,535.2000122070312,531.9000244140625,533.5650024414062
2025-08-01 09:30:00-04:00,535.3150024414062,535.7999877929688,526.8300170898438,527.9500122070312
2025-08-01 10:30:00-04:00,528.0,529.2498779296875,523.3001098632812,523.625
2025-08-01 11:30:00-04:00,523.625,524.8499755859375,522.6400146484375,524.280029296875
2025-08-01 12:30:00-04:00,524.219970703125,524.2593994140625,520.8599853515625,523.2849731445312
2025-08-01 13:30:00-04:00,523.239990234375,524.4299926757812,522.4000244140625,524.27001953125
2025-08-01 14:30:00-04:00,524.2750244140625,524.9749755859375,523.6400146484375,524.1300048828125
2025-08-01 15:30:00-04:00,524.0549926757812,525.8900146484375,523.219970703125,524.0
2025-08-04 09:30:00-04:00,528.1900024414062,536.4600219726562,528.135009765625,535.0468139648438
2025-08-04 10:30:00-04:00,535.0150146484375,536.8900146484375,533.1900024414062,533.6300048828125
2025-08-04 11:30:00-04:00,533.6500244140625,537.3099975585938,533.2999877929688,536.72998046875
2025-08-04 12:30:00-04:00,536.7899780273438,537.5399780273438,536.5599975585938,537.2999877929688
2025-08-04 13:30:00-04:00,537.3400268554688,538.25,536.6500244140625,537.510009765625
2025-08-04 14:30:00-04:00,537.5031127929688,537.7899780273438,534.9600219726562,535.0900268554688
2025-08-04 15:30:00-04:00,535.0750122070312,535.6799926757812,534.0800170898438,535.469970703125
2025-08-05 09:30:00-04:00,537.219970703125,537.219970703125,533.469970703125,534.0700073242188
2025-08-05 10:30:00-04:00,534.0599975585938,534.0700073242188,531.469970703125,532.3685302734375
2025-08-05 11:30:00-04:00,532.3099975585938,533.1900024414062,530.7000122070312,532.9400024414062
2025-08-05 12:30:00-04:00,532.9149780273438,533.1900024414062,531.280029296875,531.594970703125
2025-08-05 13:30:00-04:00,531.5750122070312,532.5549926757812,530.5,530.5599975585938
2025-08-05 14:30:00-04:00,530.5499877929688,530.5499877929688,528.3900146484375,529.0
2025-08-05 15:30:00-04:00,529.0,529.4299926757812,527.239990234375,527.719970703125
2025-08-06 09:30:00-04:00,530.8200073242188,531.7000122070312,525.0999755859375,526.3200073242188
2025-08-06 10:30:00-04:00,526.3200073242188,526.7899780273438,524.594970703125,525.6649780273438
2025-08-06 11:30:00-04:00,525.6500244140625,527.2000122070312,525.27001953125,526.7899780273438
2025-08-06 12:30:00-04:00,526.793212890625,526.8175048828125,525.25,525.8499755859375
2025-08-06 13:30:00-04:00,525.8400268554688,526.4199829101562,525.3200073242188,526.260009765625
2025-08-06 14:30:00-04:00,526.27001953125,526.739990234375,525.4000244140625,525.4600219726562
2025-08-06 15:30:00-04:00,525.4600219726562,525.5,524.030029296875,524.8400268554688
2025-08-07 09:30:00-04:00,526.5700073242188,528.030029296875,523.4500122070312,524.5800170898438
2025-08-07 10:30:00-04:00,524.530029296875,526.4229125976562,524.1950073242188,524.489990234375
2025-08-07 11:30:00-04:00,524.489990234375,524.85498046875,521.1500244140625,522.2949829101562
2025-08-07 12:30:00-04:00,522.27001953125,524.9400024414062,520.5700073242188,520.9600219726562
2025-08-07 13:30:00-04:00,520.9949951171875,521.3098754882812,517.5510864257812,518.697021484375
2025-08-07 14:30:00-04:00,518.6699829101562,519.4400024414062,518.2100219726562,519.2849731445312
2025-08-07 15:30:00-04:00,519.3099975585938,521.0999755859375,518.7899780273438,521.0999755859375
2025-08-08 09:30:00-04:00,522.5599975585938,524.6599731445312,522.1199951171875,522.9550170898438
2025-08-08 10:30:00-04:00,522.9550170898438,523.0800170898438,520.6900024414062,521.3300170898438
2025-08-08 11:30:00-04:00,521.3099975585938,521.6900024414062,519.4099731445312,521.0700073242188
2025-08-08 12:30:00-04:00,521.0635986328125,522.27001953125,520.9400024414062,521.9400024414062
2025-08-08 13:30:00-04:00,521.958984375,523.25,521.8800048828125,522.5800170898438
2025-08-08 14:30:00-04:00,522.5999755859375,522.77001953125,521.8986206054688,521.9749755859375
2025-08-08 15:30:00-04:00,521.989990234375,522.22998046875,520.1300048828125,522.1199951171875
2025-08-11 09:30:00-04:00,522.4600219726562,525.0999145507812,519.719970703125,522.9500122070312
2025-08-11 10:30:00-04:00,523.0,526.6900024414062,522.9000244140625,524.9400024414062
2025-08-11 11:30:00-04:00,524.9400024414062,527.5499877929688,524.0499877929688,526.9650268554688
2025-08-11 12:30:00-04:00,526.9650268554688,527.3200073242188,525.3800048828125,525.6400146484375
2025-08-11 13:30:00-04:00,525.5900268554688,526.0800170898438,522.4301147460938,522.5150146484375
2025-08-11 14:30:00-04:00,522.5499877929688,522.5800170898438,520.9199829101562,521.3599853515625
2025-08-11 15:30:00-04:00,521.3800048828125,522.0999755859375,520.22998046875,521.75
2025-08-12 09:30:00-04:00,523.8800048828125,527.5900268554688,522.7100219726562,526.1199951171875
2025-08-12 10:30:00-04:00,526.1950073242188,527.0499877929688,524.3499755859375,526.4249877929688
2025-08-12 11:30:00-04:00,526.52001953125,528.2000122070312,525.9299926757812,527.9299926757812
2025-08-12 12:30:00-04:00,527.9299926757812,529.0798950195312,527.25,528.1699829101562
2025-08-12 13:30:00-04:00,528.2000122070312,530.97998046875,527.6500244140625,530.0399780273438
2025-08-12 14:30:00-04:00,530.0800170898438,530.0900268554688,528.8800048828125,529.760009765625
2025-08-12 15:30:00-04:00,529.72998046875,530.7999267578125,529.0,529.4600219726562
2025-08-13 09:30:00-04:00,532.1849975585938,532.7000122070312,528.8906860351562,529.75
2025-08-13 10:30:00-04:00,529.77001953125,530.7050170898438,526.860107421875,527.3499755859375
2025-08-13 11:30:00-04:00,527.2899780273438,528.5999755859375,526.280029296875,526.35498046875
2025-08-13 12:30:00-04:00,526.3820190429688,526.3820190429688,524.4500122070312,525.2100219726562
2025-08-13 13:30:00-04:00,525.2150268554688,525.2211303710938,523.6500244140625,523.875
2025-08-13 14:30:00-04:00,523.885009765625,523.9199829101562,521.5700073242188,522.4000244140625
2025-08-13 15:30:00-04:00,522.4500122070312,522.5599975585938,519.3699951171875,520.6900024414062
2025-08-14 09:30:00-04:00,522.405029296875,524.369873046875,520.155029296875,523.4299926757812
2025-08-14 10:30:00-04:00,523.4299926757812,525.9498901367188,523.10009765625,523.10009765625
2025-08-14 11:30:00-04:00,523.1300048828125,524.510009765625,521.7999877929688,524.3825073242188
2025-08-14 12:30:00-04:00,524.4500122070312,525.0700073242188,523.8200073242188,524.0599975585938
2025-08-14 13:30:00-04:00,524.0399780273438,524.0399780273438,520.8300170898438,520.8900146484375
2025-08-14 14:30:00-04:00,520.8599853515625,522.0349731445312,520.1400146484375,521.4600219726562
2025-08-14 15:30:00-04:00,521.4400024414062,523.1300048828125,521.3200073242188,522.510009765625
2025-08-15 09:30:00-04:00,522.7000122070312,524.510009765625,520.8599853515625,523.14501953125
2025-08-15 10:30:00-04:00,523.1500244140625,523.4199829101562,521.3300170898438,522.9099731445312
2025-08-15 11:30:00-04:00,522.9199829101562,524.8536987304688,522.0900268554688,523.905029296875
2025-08-15 12:30:00-04:00,523.8800048828125,525.25,523.8499755859375,524.85498046875
2025-08-15 13:30:00-04:00,524.8619995117188,526.0999755859375,523.760009765625,523.989990234375
2025-08-15 14:30:00-04:00,523.989990234375,524.02001953125,522.39111328125,523.1400146484375
2025-08-15 15:30:00-04:00,523.1400146484375,523.375,519.0900268554688,520.1400146484375
2025-08-18 09:30:00-04:00,521.5850219726562,522.8200073242188,517.8900756835938,517.989990234375
2025-08-18 10:30:00-04:00,517.8499755859375,518.489990234375,516.5700073242188,516.677490234375
2025-08-18 11:30:00-04:00,516.6799926757812,517.3499755859375,515.7999877929688,517.1900024414062
2025-08-18 12:30:00-04:00,517.1876220703125,517.8494873046875,515.760009765625,516.3599853515625
2025-08-18 13:30:00-04:00,516.3499755859375,517.0,515.239990234375,516.0850219726562
2025-08-18 14:30:00-04:00,516.0800170898438,516.3499755859375,514.25,514.2999877929688
2025-08-18 15:30:00-04:00,514.3049926757812,517.3049926757812,514.02001953125,517.1400146484375
2025-08-19 09:30:00-04:00,515.0,515.1641235351562,510.9599914550781,511.2200012207031
2025-08-19 10:30:00-04:00,511.17498779296875,511.8699951171875,508.57000732421875,509.54010009765625
2025-08-19 11:30:00-04:00,509.54998779296875,510.9798889160156,509.20001220703125,510.4599914550781
2025-08-19 12:30:00-04:00,510.4176025390625,511.3299865722656,509.68011474609375,511.30499267578125
2025-08-19 13:30:00-04:00,511.2699890136719,511.9100036621094,510.1017150878906,510.70001220703125
2025-08-19 14:30:00-04:00,510.69000244140625,510.8699951171875,508.6499938964844,508.9700012207031
2025-08-19 15:30:00-04:00,508.989990234375,510.1199951171875,508.54998779296875,509.739990234375
2025-08-20 09:30:00-04:00,509.864990234375,510.9800109863281,506.2049865722656,507.3716125488281
2025-08-20 10:30:00-04:00,507.3800048828125,508.19000244140625,505.5,505.8299865722656
2025-08-20 11:30:00-04:00,505.885009765625,507.0,504.44000244140625,506.08538818359375
2025-08-20 12:30:00-04:00,506.0874938964844,506.5,504.739990234375,505.9200134277344
2025-08-20 13:30:00-04:00,505.8900146484375,507.6199951171875,504.8699951171875,505.3999938964844
2025-08-20 14:30:00-04:00,505.3800048828125,507.46551513671875,504.760009765625,507.0
2025-08-20 15:30:00-04:00,506.9800109863281,507.4100036621094,505.20001220703125,505.4599914550781
2025-08-21 09:30:00-04:00,503.69000244140625,507.6300048828125,502.7200927734375,507.5185852050781
2025-08-21 10:30:00-04:00,507.5199890136719,507.5199890136719,505.45001220703125,506.7799987792969
2025-08-21 11:30:00-04:00,506.75,507.139892578125,505.32000732421875,505.3900146484375
2025-08-21 12:30:00-04:00,505.42999267578125,505.75,503.8999938964844,504.4700012207031
2025-08-21 13:30:00-04:00,504.42999267578125,506.010009765625,504.4200134277344,505.2449951171875
2025-08-21 14:30:00-04:00,505.25,506.4599914550781,504.8500061035156,506.1199951171875
2025-08-21 15:30:00-04:00,506.1099853515625,506.17999267578125,504.1099853515625,504.1499938964844
2025-08-22 09:30:00-04:00,504.25,509.3699951171875,502.4100036621094,508.20001220703125
2025-08-22 10:30:00-04:00,508.2300109863281,510.7300109863281,508.1300048828125,508.2998962402344
2025-08-22 11:30:00-04:00,508.260009765625,509.4700012207031,506.3700866699219,506.94500732421875
2025-08-22 12:30:00-04:00,506.8900146484375,507.9280090332031,506.05999755859375,507.8599853515625
2025-08-22 13:30:00-04:00,507.86639404296875,508.55999755859375,507.3299865722656,507.8872985839844
2025-08-22 14:30:00-04:00,507.8999938964844,508.2550048828125,506.9100036621094,507.1050109863281
2025-08-22 15:30:00-04:00,507.1099853515625,507.8999938964844,505.760009765625,507.1000061035156
2025-08-25 09:30:00-04:00,506.6300048828125,508.1799011230469,504.5899963378906,507.2099914550781
2025-08-25 10:30:00-04:00,507.177490234375,508.19000244140625,506.7300109863281,507.3999938964844
2025-08-25 11:30:00-04:00,507.3699951171875,507.82000732421875,506.70001220703125,507.25
2025-08-25 12:30:00-04:00,507.2200012207031,507.4090881347656,505.7699890136719,505.79998779296875
2025-08-25 13:30:00-04:00,505.7950134277344,505.9100036621094,504.7799987792969,505.4949951171875
2025-08-25 14:30:00-04:00,505.5,505.57940673828125,504.5,505.239990234375
2025-08-25 15:30:00-04:00,505.2650146484375,505.4750061035156,504.1199951171875,504.3800048828125
2025-08-26 09:30:00-04:00,504.3550109863281,504.9778137207031,502.1099853515625,504.45001220703125
2025-08-26 10:30:00-04:00,504.4200134277344,504.44500732421875,502.5400085449219,502.70001220703125
2025-08-26 11:30:00-04:00,502.6234130859375,502.79998779296875,502.0899963378906,502.2900085449219
2025-08-26 12:30:00-04:00,502.2250061035156,502.260009765625,500.2300109863281,500.3800048828125
2025-08-26 13:30:00-04:00,500.4200134277344,500.56988525390625,498.6400146484375,498.82000732421875
2025-08-26 14:30:00-04:00,498.8299865722656,500.1000061035156,498.510009765625,499.8299865722656
2025-08-26 15:30:00-04:00,499.82000732421875,503.3500061035156,498.54998779296875,501.92999267578125
2025-08-27 09:30:00-04:00,502.0,504.1400146484375,499.8999938964844,504.1400146484375
2025-08-27 10:30:00-04:00,504.114990234375,505.1199951171875,503.5,504.5
2025-08-27 11:30:00-04:00,504.5199890136719,504.8399963378906,503.4549865722656,504.0299987792969
2025-08-27 12:30:00-04:00,504.05999755859375,505.6434020996094,503.9949951171875,505.3743896484375
2025-08-27 13:30:00-04:00,505.3999938964844,506.8399963378906,505.32000732421875,506.7250061035156
2025-08-27 14:30:00-04:00,506.7099914550781,506.77020263671875,504.91510009765625,505.9700012207031
2025-08-27 15:30:00-04:00,505.9775085449219,507.2900085449219,505.9750061035156,506.67999267578125
2025-08-28 09:30:00-04:00,507.05499267578125,510.2388000488281,505.5,506.0299987792969
2025-08-28 10:30:00-04:00,506.0450134277344,508.67999267578125,505.83221435546875,507.2300109863281
2025-08-28 11:30:00-04:00,507.2300109863281,509.010009765625,507.1499938964844,508.9700012207031
2025-08-28 12:30:00-04:00,508.9549865722656,509.0,507.5199890136719,508.625
2025-08-28 13:30:00-04:00,508.614990234375,509.3800048828125,508.0299987792969,509.125
2025-08-28 14:30:00-04:00,509.1671142578125,510.0,508.9700012207031,509.7200012207031
2025-08-28 15:30:00-04:00,509.70001220703125,510.8599853515625,509.3500061035156,509.6600036621094
2025-08-29 09:30:00-04:00,508.79998779296875,509.6000061035156,504.4914855957031,506.0799865722656
2025-08-29 10:30:00-04:00,505.9549865722656,508.3599853515625,505.6400146484375,508.1199951171875
2025-08-29 11:30:00-04:00,508.1300048828125,508.19500732421875,507.1199951171875,507.42999267578125
2025-08-29 12:30:00-04:00,507.42498779296875,508.79998779296875,507.2699890136719,508.0950012207031
2025-08-29 13:30:00-04:00,508.07000732421875,509.0,507.6099853515625,508.7300109863281
2025-08-29 14:30:00-04:00,508.7099914550781,509.010009765625,507.6499938964844,508.739990234375
2025-08-29 15:30:00-04:00,508.69000244140625,509.0,505.802001953125,506.9200134277344
2025-09-02 09:30:00-04:00,500.0,505.3500061035156,496.80999755859375,505.25
2025-09-02 10:30:00-04:00,505.2900085449219,505.42919921875,500.5,501.0400085449219
2025-09-02 11:30:00-04:00,501.0299987792969,501.6700134277344,500.30999755859375,500.9599914550781
2025-09-02 12:30:00-04:00,500.9649963378906,502.24200439453125,500.28179931640625,501.8599853515625
2025-09-02 13:30:00-04:00,501.8999938964844,503.07000732421875,501.3900146484375,501.3949890136719
2025-09-02 14:30:00-04:00,501.4100036621094,503.95001220703125,501.3904113769531,503.8500061035156
2025-09-02 15:30:00-04:00,503.8599853515625,505.9200134277344,503.5285949707031,505.0799865722656
2025-09-03 09:30:00-04:00,503.885009765625,507.7900085449219,503.04998779296875,504.70001220703125
2025-09-03 10:30:00-04:00,504.739990234375,507.0400085449219,504.69000244140625,505.2149963378906
2025-09-03 11:30:00-04:00,505.1700134277344,505.9299011230469,504.1199951171875,504.4800109863281
2025-09-03 12:30:00-04:00,504.497802734375,504.739990234375,503.5,504.05499267578125
2025-09-03 13:30:00-04:00,504.0400085449219,504.3999938964844,502.8299865722656,503.260009765625
2025-09-03 14:30:00-04:00,503.2099914550781,503.54998779296875,502.32000732421875,503.20001220703125
2025-09-03 15:30:00-04:00,503.20001220703125,505.54998779296875,503.20001220703125,505.3909912109375
2025-09-04 09:30:00-04:00,504.3500061035156,506.89990234375,503.1499938964844,505.4801940917969
2025-09-04 10:30:00-04:00,505.4599914550781,508.04998779296875,505.4599914550781,507.67498779296875
2025-09-04 11:30:00-04:00,507.7300109863281,507.739990234375,505.83441162109375,506.0
2025-09-04 12:30:00-04:00,506.0400085449219,507.0899963378906,505.9700012207031,506.75
2025-09-04 13:30:00-04:00,506.7449951171875,507.6730041503906,506.5899963378906,507.07000732421875
2025-09-04 14:30:00-04:00,507.1099853515625,508.1499938964844,506.55999755859375,506.614990234375
2025-09-04 15:30:00-04:00,506.6099853515625,507.9800109863281,506.30999755859375,507.9800109863281
2025-09-05 09:30:00-04:00,509.07000732421875,511.94000244140625,498.17999267578125,499.2099914550781
2025-09-05 10:30:00-04:00,499.1400146484375,499.6000061035156,494.5,497.114990234375
2025-09-05 11:30:00-04:00,497.11480712890625,497.739990234375,495.7799987792969,496.8450012207031
2025-09-05 12:30:00-04:00,496.864990234375,497.0104064941406,494.0,494.5450134277344
2025-09-05 13:30:00-04:00,494.54998779296875,495.31500244140625,492.8399963378906,494.6379089355469
2025-09-05 14:30:00-04:00,494.69000244140625,495.1205139160156,492.3699951171875,494.489990234375
2025-09-05 15:30:00-04:00,494.5,495.0400085449219,493.04998779296875,495.0152893066406
2025-09-08 09:30:00-04:00,498.1050109863281,500.6499938964844,495.0299987792969,500.6000061035156
2025-09-08 10:30:00-04:00,500.6000061035156,500.8599853515625,499.3900146484375,500.6600036621094
2025-09-08 11:30:00-04:00,500.635009765625,501.19500732421875,498.5,498.79998779296875
2025-09-08 12:30:00-04:00,498.79998779296875,498.918701171875,497.7799987792969,498.30999755859375
2025-09-08 13:30:00-04:00,498.30499267578125,498.5,497.510009765625,498.44000244140625
2025-09-08 14:30:00-04:00,498.4800109863281,498.5758972167969,497.2900085449219,497.3500061035156
2025-09-08 15:30:00-04:00,497.3475036621094,498.42999267578125,497.0,498.25
2025-09-09 09:30:00-04:00,501.3900146484375,502.25,499.44000244140625,500.9049987792969
2025-09-09 10:30:00-04:00,500.9700012207031,501.0950012207031,498.8299865722656,499.5150146484375
2025-09-09 11:30:00-04:00,499.4750061035156,500.1000061035156,498.3599853515625,498.6400146484375
2025-09-09 12:30:00-04:00,498.6099853515625,499.6099853515625,498.25,499.1400146484375
2025-09-09 13:30:00-04:00,499.1300048828125,499.4150085449219,498.5,498.6400146484375
2025-09-09 14:30:00-04:00,498.614990234375,499.2326965332031,498.05999755859375,498.1600036621094
2025-09-09 15:30:00-04:00,498.1499938964844,498.8599853515625,497.7099914550781,498.45001220703125
2025-09-10 09:30:00-04:00,502.9800109863281,503.2298889160156,496.739990234375,501.4735107421875
2025-09-10 10:30:00-04:00,501.4700012207031,502.94000244140625,498.5,500.7049865722656
2025-09-10 11:30:00-04:00,500.7049865722656,501.5466003417969,499.10009765625,499.2449951171875
2025-09-10 12:30:00-04:00,499.239990234375,501.3999938964844,498.8399963378906,499.7149963378906
2025-09-10 13:30:00-04:00,499.7149963378906,501.32000732421875,499.57000732421875,501.1000061035156
2025-09-10 14:30:00-04:00,501.1000061035156,501.88250732421875,499.07000732421875,499.38751220703125
2025-09-10 15:30:00-04:00,499.4100036621094,500.5799865722656,499.29998779296875,500.2099914550781
2025-09-11 09:30:00-04:00,502.260009765625,502.79998779296875,497.8800048828125,502.239990234375
2025-09-11 10:30:00-04:00,502.25,503.1700134277344,500.2200012207031,502.7900085449219
2025-09-11 11:30:00-04:00,502.67999267578125,503.1199951171875,500.8599853515625,502.2799987792969
2025-09-11 12:30:00-04:00,502.3500061035156,502.71990966796875,500.1000061035156,500.1499938964844
2025-09-11 13:30:00-04:00,500.1449890136719,500.8192138671875,499.6700134277344,499.9800109863281
2025-09-11 14:30:00-04:00,500.0,501.20001220703125,499.95001220703125,500.79998779296875
2025-09-11 15:30:00-04:00,500.79998779296875,502.260009765625,500.1700134277344,501.20001220703125
2025-09-12 09:30:00-04:00,504.1499938964844,508.33538818359375,503.868408203125,507.1400146484375
2025-09-12 10:30:00-04:00,507.2900085449219,511.2850036621094,507.151611328125,510.6708984375
2025-09-12 11:30:00-04:00,510.67999267578125,512.219970703125,510.1300964355469,511.893798828125
2025-09-12 12:30:00-04:00,511.8999938964844,512.5499877929688,511.284912109375,512.0250244140625
2025-09-12 13:30:00-04:00,512.0399780273438,512.2498779296875,510.67010498046875,511.30499267578125
2025-09-12 14:30:00-04:00,511.2699890136719,512.5,510.3399963378906,510.67999267578125
2025-09-12 15:30:00-04:00,510.6300048828125,511.06988525390625,509.8500061035156,509.8500061035156
2025-09-15 09:30:00-04:00,508.75,512.3699951171875,507.0,510.6499938964844
2025-09-15 10:30:00-04:00,510.7099914550781,514.2235107421875,510.20001220703125,512.4299926757812
2025-09-15 11:30:00-04:00,512.4758911132812,514.0,512.1900024414062,512.510009765625
2025-09-15 12:30:00-04:00,512.4249877929688,513.1331787109375,511.76251220703125,511.9800109863281
2025-09-15 13:30:00-04:00,511.93780517578125,513.3300170898438,511.3999938964844,513.1649780273438
2025-09-15 14:30:00-04:00,513.2000122070312,513.8499755859375,512.5401000976562,513.7100219726562
2025-09-15 15:30:00-04:00,513.7349853515625,515.4500122070312,513.6199951171875,515.4500122070312
2025-09-16 09:30:00-04:00,516.0,516.8599853515625,510.6000061035156,513.469970703125
2025-09-16 10:30:00-04:00,513.3099975585938,513.9500122070312,511.8900146484375,512.5700073242188
2025-09-16 11:30:00-04:00,512.5549926757812,513.6799926757812,512.1199951171875,513.2899780273438
2025-09-16 12:30:00-04:00,513.2650146484375,514.223388671875,512.6199951171875,513.54248046875
2025-09-16 13:30:00-04:00,513.5625,513.918212890625,511.3599853515625,511.43499755859375
2025-09-16 14:30:00-04:00,511.45001220703125,511.8699951171875,510.0,510.3900146484375
2025-09-16 15:30:00-04:00,510.4100036621094,510.5299987792969,508.6000061035156,509.14898681640625
2025-09-17 09:30:00-04:00,510.6400146484375,510.82000732421875,505.94000244140625,508.20849609375
2025-09-17 10:30:00-04:00,508.17181396484375,508.6300048828125,506.9599914550781,507.1099853515625
2025-09-17 11:30:00-04:00,507.0299987792969,508.6700134277344,506.8299865722656,508.6549987792969
2025-09-17 12:30:00-04:00,508.57000732421875,508.8500061035156,507.92999267578125,508.489990234375
2025-09-17 13:30:00-04:00,508.4800109863281,510.4200134277344,506.69000244140625,508.8699951171875
2025-09-17 14:30:00-04:00,508.9200134277344,511.20989990234375,506.5400085449219,510.82000732421875
2025-09-17 15:30:00-04:00,510.8399963378906,511.2900085449219,509.03009033203125,509.9100036621094
2025-09-18 09:30:00-04:00,511.489990234375,512.0,507.6600036621094,511.635009765625
2025-09-18 10:30:00-04:00,511.7650146484375,513.0700073242188,510.0199890136719,510.5199890136719
2025-09-18 11:30:00-04:00,510.5429992675781,510.7799072265625,507.875,508.8940124511719
2025-09-18 12:30:00-04:00,508.8901062011719,510.0899963378906,508.739990234375,509.2099914550781
2025-09-18 13:30:00-04:00,509.19500732421875,509.239990234375,507.8949890136719,508.1899108886719
2025-09-18 14:30:00-04:00,508.1700134277344,509.6510009765625,507.8789978027344,508.8013916015625
2025-09-18 15:30:00-04:00,508.7900085449219,508.9100036621094,508.0799865722656,508.42999267578125
2025-09-19 09:30:00-04:00,510.6099853515625,514.8800048828125,510.32000732421875,513.1099853515625
2025-09-19 10:30:00-04:00,513.030029296875,513.9550170898438,511.875,512.1900024414062
2025-09-19 11:30:00-04:00,512.2249755859375,513.3599853515625,511.32000732421875,512.8599853515625
2025-09-19 12:30:00-04:00,512.8521728515625,512.9600219726562,511.45001220703125,511.69000244140625
2025-09-19 13:30:00-04:00,511.69000244140625,511.7799987792969,510.3500061035156,510.69000244140625
2025-09-19 14:30:00-04:00,510.67999267578125,511.9399108886719,510.5397033691406,511.1700134277344
2025-09-19 15:30:00-04:00,511.19000244140625,519.2999877929688,510.8299865722656,518.0
2025-09-22 09:30:00-04:00,515.5900268554688,517.739990234375,512.5449829101562,514.5700073242188
2025-09-22 10:30:00-04:00,514.5750122070312,516.5999755859375,514.5399780273438,515.0349731445312
2025-09-22 11:30:00-04:00,515.1199951171875,515.5,512.5800170898438,514.5740966796875
2025-09-22 12:30:00-04:00,514.5999755859375,515.9459838867188,514.4450073242188,515.1400146484375
2025-09-22 13:30:00-04:00,515.0700073242188,515.2750244140625,514.4099731445312,515.0399780273438
2025-09-22 14:30:00-04:00,515.0599975585938,515.5650024414062,513.1900024414062,514.4349975585938
2025-09-22 15:30:00-04:00,514.4199829101562,514.780029296875,513.780029296875,514.3699951171875
2025-09-23 09:30:00-04:00,513.7999877929688,514.5599975585938,510.375,511.55499267578125
2025-09-23 10:30:00-04:00,511.6000061035156,511.75,510.8399963378906,510.9100036621094
2025-09-23 11:30:00-04:00,510.94000244140625,511.19000244140625,509.8399963378906,510.37921142578125
2025-09-23 12:30:00-04:00,510.30999755859375,511.3599853515625,509.07000732421875,509.94000244140625
2025-09-23 13:30:00-04:00,509.8900146484375,510.27178955078125,508.8901062011719,509.989990234375
2025-09-23 14:30:00-04:00,509.95001220703125,510.58990478515625,507.30999755859375,508.7650146484375
2025-09-23 15:30:00-04:00,508.79998779296875,509.8949890136719,508.6000061035156,509.6199951171875
2025-09-24 09:30:00-04:00,511.25,512.47998046875,507.2200012207031,510.04998779296875
2025-09-24 10:30:00-04:00,510.0299987792969,510.8900146484375,509.0400085449219,509.5849914550781
2025-09-24 11:30:00-04:00,509.6400146484375,509.760009765625,507.6199951171875,508.0783996582031
2025-09-24 12:30:00-04:00,508.1040954589844,508.4999084472656,506.9200134277344,508.010009765625
2025-09-24 13:30:00-04:00,508.07000732421875,508.30999755859375,507.1000061035156,508.04998779296875
2025-09-24 14:30:00-04:00,508.1000061035156,510.1700134277344,507.989990234375,509.21160888671875
2025-09-24 15:30:00-04:00,509.218994140625,510.5249938964844,509.0201110839844,509.9800109863281
2025-09-25 09:30:00-04:00,508.0,509.2699890136719,505.0400085449219,508.1600036621094
2025-09-25 10:30:00-04:00,508.20001220703125,510.010009765625,507.6780090332031,507.9849853515625
2025-09-25 11:30:00-04:00,508.07000732421875,509.05999755859375,507.9400939941406,508.0799865722656
2025-09-25 12:30:00-04:00,508.0799865722656,508.7200012207031,507.2019958496094,507.9700012207031
2025-09-25 13:30:00-04:00,507.95001220703125,508.0799865722656,506.5,506.82000732421875
2025-09-25 14:30:00-04:00,506.79998779296875,507.75,506.4200134277344,506.5199890136719
2025-09-25 15:30:00-04:00,506.510009765625,507.29998779296875,506.17498779296875,506.9599914550781
2025-09-26 09:30:00-04:00,508.25,513.9400024414062,507.17999267578125,508.3349914550781
2025-09-26 10:30:00-04:00,508.3349914550781,508.82000732421875,506.6199951171875,508.07000732421875
2025-09-26 11:30:00-04:00,508.1300048828125,508.739990234375,506.6700134277344,508.2699890136719
2025-09-26 12:30:00-04:00,508.2699890136719,509.7969970703125,508.1401062011719,509.4599914550781
2025-09-26 13:30:00-04:00,509.4700012207031,510.3891906738281,508.25,509.8599853515625
2025-09-26 14:30:00-04:00,509.8900146484375,511.8716125488281,509.8349914550781,511.6549987792969
2025-09-26 15:30:00-04:00,511.6700134277344,512.1199951171875,510.5299987792969,511.5480041503906
2025-09-29 09:30:00-04:00,510.0,516.844970703125,510.0,515.7349853515625
2025-09-29 10:30:00-04:00,515.6400146484375,515.6599731445312,512.4000244140625,512.969970703125
2025-09-29 11:30:00-04:00,513.0,515.4450073242188,512.9199829101562,515.260009765625
2025-09-29 12:30:00-04:00,515.25,515.7299194335938,514.39501953125,514.9600219726562
2025-09-29 13:30:00-04:00,515.0,515.0,513.97998046875,514.8800048828125
2025-09-29 14:30:00-04:00,514.8499755859375,515.02001953125,513.864990234375,514.739990234375
2025-09-29 15:30:00-04:00,514.719970703125,514.9199829101562,513.7750244140625,514.6799926757812
2025-09-30 09:30:00-04:00,512.75,513.7999877929688,509.6600036621094,513.0546875
2025-09-30 10:30:00-04:00,513.0499877929688,517.6300048828125,512.9099731445312,514.6500244140625
2025-09-30 11:30:00-04:00,514.6599731445312,516.7999877929688,514.530029296875,515.864990234375
2025-09-30 12:30:00-04:00,515.97998046875,516.010009765625,514.5750122070312,514.9600219726562
2025-09-30 13:30:00-04:00,514.9299926757812,516.97998046875,514.1900024414062,516.9530029296875
2025-09-30 14:30:00-04:00,516.9450073242188,518.030029296875,516.25,517.02001953125
2025-09-30 15:30:00-04:00,517.010009765625,518.0700073242188,516.4199829101562,517.9500122070312
2025-10-01 09:30:00-04:00,513.5,517.22998046875,511.69000244140625,512.625
2025-10-01 10:30:00-04:00,512.6599731445312,515.2899780273438,512.2899780273438,514.510009765625
2025-10-01 11:30:00-04:00,514.5800170898438,516.1199951171875,513.6500244140625,516.1099853515625
2025-10-01 12:30:00-04:00,516.10498046875,518.9000244140625,515.6300048828125,518.7249755859375
2025-10-01 13:30:00-04:00,518.7249755859375,519.5,517.2100219726562,518.8049926757812
2025-10-01 14:30:00-04:00,518.9199829101562,519.8699951171875,518.260009765625,518.7449951171875
2025-10-01 15:30:00-04:00,518.72998046875,520.5050048828125,518.344970703125,519.5999755859375
2025-10-02 09:30:00-04:00,517.6400146484375,521.5999755859375,516.5,516.9301147460938
2025-10-02 10:30:00-04:00,516.9299926757812,519.0999755859375,510.6791076660156,511.5350036621094
2025-10-02 11:30:00-04:00,511.5,514.5599975585938,510.7300109863281,513.8599853515625
2025-10-02 12:30:00-04:00,513.8648071289062,516.2000122070312,513.739990234375,515.760009765625
2025-10-02 13:30:00-04:00,515.7650146484375,517.5549926757812,515.6599731445312,517.3800048828125
2025-10-02 14:30:00-04:00,517.4149780273438,517.4299926757812,516.5800170898438,517.041015625
2025-10-02 15:30:00-04:00,517.0549926757812,517.0739135742188,515.0599975585938,515.6099853515625
2025-10-03 09:30:00-04:00,517.0999755859375,519.1300048828125,515.0,518.3150024414062
2025-10-03 10:30:00-04:00,518.2249755859375,520.0499877929688,518.2249755859375,519.6300048828125
2025-10-03 11:30:00-04:00,519.594970703125,520.4299926757812,519.2750244140625,520.14501953125
2025-10-03 12:30:00-04:00,520.14501953125,520.489990234375,518.030029296875,518.0549926757812
2025-10-03 13:30:00-04:00,518.030029296875,518.9500122070312,516.6749877929688,518.3699951171875
2025-10-03 14:30:00-04:00,518.375,518.41259765625,516.8800048828125,517.719970703125
2025-10-03 15:30:00-04:00,517.6900024414062,517.8200073242188,516.7650146484375,517.3499755859375
2025-10-06 09:30:00-04:00,518.9199829101562,524.25,518.3599853515625,522.6900024414062
2025-10-06 10:30:00-04:00,522.52001953125,524.5700073242188,522.4500122070312,523.7421264648438
2025-10-06 11:30:00-04:00,523.760009765625,525.3900146484375,523.3099975585938,523.4199829101562
2025-10-06 12:30:00-04:00,523.4249877929688,525.3499755859375,523.3400268554688,524.8674926757812
2025-10-06 13:30:00-04:00,524.8900146484375,530.0499877929688,524.760009765625,529.9450073242188
2025-10-06 14:30:00-04:00,529.9299926757812,530.6900024414062,528.5706176757812,528.760009765625
2025-10-06 15:30:00-04:00,528.77001953125,531.0,528.4199829101562,528.52001953125
2025-10-07 09:30:00-04:00,528.2849731445312,529.3699951171875,524.0599975585938,526.3250122070312
2025-10-07 10:30:00-04:00,526.2689819335938,527.5,524.0999755859375,524.7871704101562
2025-10-07 11:30:00-04:00,524.7000122070312,524.8342895507812,522.3040161132812,523.2949829101562
2025-10-07 12:30:00-04:00,523.3300170898438,524.4500122070312,521.8499755859375,522.4097290039062
2025-10-07 13:30:00-04:00,522.4099731445312,522.75,521.4650268554688,522.3499755859375
2025-10-07 14:30:00-04:00,522.3200073242188,524.260009765625,522.27001953125,523.780029296875
2025-10-07 15:30:00-04:00,523.7650146484375,524.5250244140625,523.5001220703125,523.969970703125
2025-10-08 09:30:00-04:00,523.0999755859375,526.9500122070312,523.0900268554688,525.1400146484375
2025-10-08 10:30:00-04:00,525.1699829101562,526.1300048828125,524.27001953125,525.030029296875
2025-10-08 11:30:00-04:00,525.0349731445312,525.1599731445312,523.8400268554688,524.14501953125
2025-10-08 12:30:00-04:00,524.1900024414062,524.8499755859375,523.6599731445312,524.2899780273438
2025-10-08 13:30:00-04:00,524.3165893554688,525.27001953125,523.5599975585938,524.5700073242188
2025-10-08 14:30:00-04:00,524.5850219726562,524.5850219726562,523.2700805664062,524.1304931640625
2025-10-08 15:30:00-04:00,524.1099853515625,525.3099975585938,523.885009765625,524.9000244140625
2025-10-09 09:30:00-04:00,523.780029296875,524.3250122070312,519.8900146484375,522.4000854492188
2025-10-09 10:30:00-04:00,522.052490234375,522.3499755859375,519.5700073242188,519.5700073242188
2025-10-09 11:30:00-04:00,519.2595825195312,520.0399780273438,518.4600219726562,519.6400146484375
2025-10-09 12:30:00-04:00,519.6099853515625,519.75,517.72998046875,518.8200073242188
2025-10-09 13:30:00-04:00,518.8099975585938,520.22998046875,518.8099975585938,520.22998046875
2025-10-09 14:30:00-04:00,519.8499755859375,520.4000244140625,519.010009765625,520.4000244140625
2025-10-09 15:30:00-04:00,521.1900024414062,522.1500244140625,521.0549926757812,522.0700073242188
2025-10-10 09:30:00-04:00,520.3499755859375,523.4099731445312,520.3499755859375,522.1124877929688
2025-10-10 10:30:00-04:00,520.8900146484375,521.25,516.6099853515625,516.8900146484375
2025-10-10 11:30:00-04:00,516.60498046875,517.6699829101562,515.0750122070312,515.6900024414062
2025-10-10 12:30:00-04:00,515.6699829101562,516.5,513.260009765625,514.5150146484375
2025-10-10 13:30:00-04:00,514.5180053710938,515.8800048828125,513.5499877929688,515.0700073242188
2025-10-10 14:30:00-04:00,515.0900268554688,515.6500244140625,512.3800048828125,513.0599975585938
2025-10-10 15:30:00-04:00,513.1300048828125,513.5499877929688,509.6300048828125,511.3599853515625
2025-10-13 09:30:00-04:00,516.4099731445312,516.4099731445312,512.7000122070312,515.0700073242188
2025-10-13 10:30:00-04:00,515.0,515.4799194335938,511.67999267578125,512.8400268554688
2025-10-13 11:30:00-04:00,513.0,514.344970703125,512.2999877929688,513.7901000976562
2025-10-13 12:30:00-04:00,513.8699951171875,514.6300048828125,512.9520874023438,513.2100219726562
2025-10-13 13:30:00-04:00,513.219970703125,514.5999755859375,512.1799926757812,514.1500244140625
2025-10-13 14:30:00-04:00,514.1483154296875,514.77001953125,513.0523071289062,514.030029296875
2025-10-13 15:30:00-04:00,513.9600219726562,514.9500122070312,513.4299926757812,513.969970703125
2025-10-14 09:30:00-04:00,509.8500061035156,510.69000244140625,506.0,510.69000244140625
2025-10-14 10:30:00-04:00,510.6791076660156,511.375,509.20001220703125,510.67840576171875
2025-10-14 11:30:00-04:00,510.6099853515625,512.8300170898438,510.2799987792969,512.6024780273438
2025-10-14 12:30:00-04:00,512.6599731445312,514.3582763671875,512.3800048828125,514.030029296875
2025-10-14 13:30:00-04:00,514.0,515.02001953125,513.8699951171875,514.5599975585938
2025-10-14 14:30:00-04:00,514.5599975585938,515.281982421875,513.4600219726562,513.52001953125
2025-10-14 15:30:00-04:00,513.4600219726562,514.010009765625,510.8800048828125,513.7100219726562
2025-10-15 09:30:00-04:00,514.5549926757812,517.1799926757812,513.6799926757812,515.9000244140625
2025-10-15 10:30:00-04:00,515.9500122070312,517.1300048828125,514.9099731445312,515.885009765625
2025-10-15 11:30:00-04:00,515.9149780273438,516.3599853515625,513.75,514.17138671875
2025-10-15 12:30:00-04:00,514.1799926757812,514.489990234375,510.0,511.05029296875
2025-10-15 13:30:00-04:00,511.010009765625,513.510009765625,510.9100036621094,513.1699829101562
2025-10-15 14:30:00-04:00,513.0399780273438,514.3900146484375,512.9849853515625,514.260009765625
2025-10-15 15:30:00-04:00,514.2000122070312,514.239990234375,511.1099853515625,513.739990234375
2025-10-16 09:30:00-04:00,512.72998046875,515.5900268554688,511.6499938964844,514.8800048828125
2025-10-16 10:30:00-04:00,514.969970703125,516.8499755859375,514.2000122070312,514.2800903320312
2025-10-16 11:30:00-04:00,514.2899780273438,515.0,512.1994018554688,512.2449951171875
2025-10-16 12:30:00-04:00,512.2999877929688,513.2150268554688,509.8900146484375,511.6449890136719
2025-10-16 13:30:00-04:00,511.67999267578125,512.1300048828125,508.1300048828125,508.79998779296875
2025-10-16 14:30:00-04:00,508.7799987792969,510.79998779296875,508.20001220703125,509.489990234375
2025-10-16 15:30:00-04:00,509.5,512.0999755859375,509.0400085449219,511.54998779296875
2025-10-17 09:30:00-04:00,509.0400085449219,512.655029296875,507.3299865722656,511.25
2025-10-17 10:30:00-04:00,511.4866027832031,511.5369873046875,509.0400085449219,509.7550048828125
2025-10-17 11:30:00-04:00,509.8399963378906,513.7999877929688,508.67999267578125,513.530029296875
2025-10-17 12:30:00-04:00,513.489990234375,514.365478515625,511.45001220703125,511.7799987792969
2025-10-17 13:30:00-04:00,511.760009765625,515.2979736328125,511.260009765625,514.97998046875
2025-10-17 14:30:00-04:00,514.967529296875,515.47998046875,514.0800170898438,515.2100219726562
2025-10-17 15:30:00-04:00,515.0900268554688,515.1174926757812,513.27001953125,513.510009765625
2025-10-20 09:30:00-04:00,514.635009765625,516.9099731445312,513.4400024414062,516.47998046875
2025-10-20 10:30:00-04:00,516.469970703125,518.7000122070312,515.97998046875,517.2423706054688
2025-10-20 11:30:00-04:00,517.280029296875,517.8035888671875,516.2999877929688,516.5700073242188
2025-10-20 12:30:00-04:00,516.5999755859375,517.7899780273438,516.0399780273438,517.5650024414062
2025-10-20 13:30:00-04:00,517.5700073242188,518.0899047851562,517.4299926757812,517.6400146484375
2025-10-20 14:30:00-04:00,517.5800170898438,517.6599731445312,515.7000122070312,516.344970703125
2025-10-20 15:30:00-04:00,516.3599853515625,517.1099853515625,516.0076904296875,516.8300170898438
2025-10-21 09:30:00-04:00,517.760009765625,518.6900024414062,514.75,514.85498046875
2025-10-21 10:30:00-04:00,514.85498046875,517.5599975585938,514.0999755859375,516.0499877929688
2025-10-21 11:30:00-04:00,516.0759887695312,516.2100219726562,515.5499877929688,515.72998046875
2025-10-21 12:30:00-04:00,515.72998046875,515.889892578125,513.0399780273438,514.2100219726562
2025-10-21 13:30:00-04:00,514.2349853515625,516.4400024414062,513.6400146484375,516.0150146484375
2025-10-21 14:30:00-04:00,516.0399780273438,517.6300048828125,515.8800048828125,517.1950073242188
2025-10-21 15:30:00-04:00,517.1599731445312,518.3499755859375,516.97998046875,517.739990234375
2025-10-22 09:30:00-04:00,521.1500244140625,524.2100219726562,519.0700073242188,523.4650268554688
2025-10-22 10:30:00-04:00,523.510009765625,525.219970703125,521.2000122070312,522.7100219726562
2025-10-22 11:30:00-04:00,522.6920166015625,524.1699829101562,522.0800170898438,523.0050048828125
2025-10-22 12:30:00-04:00,523.0599975585938,523.469970703125,520.0999755859375,520.5546264648438
2025-10-22 13:30:00-04:00,520.4600219726562,520.4600219726562,517.7100219726562,519.3300170898438
2025-10-22 14:30:00-04:00,519.3400268554688,520.1795043945312,518.9550170898438,520.010009765625
2025-10-22 15:30:00-04:00,520.030029296875,520.9754028320312,519.5999755859375,520.47998046875
2025-10-23 09:30:00-04:00,522.2999877929688,523.2000122070312,518.6300048828125,521.4050903320312
2025-10-23 10:30:00-04:00,521.3499755859375,523.2349853515625,521.2550048828125,523.158203125
2025-10-23 11:30:00-04:00,523.1699829101562,523.9500122070312,521.4500122070312,522.489990234375
2025-10-23 12:30:00-04:00,522.510009765625,523.1099853515625,521.6300048828125,522.0599975585938
2025-10-23 13:30:00-04:00,522.0900268554688,523.3150024414062,522.010009765625,523.1900024414062
2025-10-23 14:30:00-04:00,523.1699829101562,523.6199951171875,522.3499755859375,522.5700073242188
2025-10-23 15:30:00-04:00,522.489990234375,522.9299926757812,520.1400146484375,520.6749877929688
2025-10-24 09:30:00-04:00,522.489990234375,525.0499877929688,520.7100219726562,523.114990234375
2025-10-24 10:30:00-04:00,523.030029296875,523.780029296875,522.0,523.2050170898438
2025-10-24 11:30:00-04:00,523.2000122070312,523.9400024414062,522.1400146484375,523.9400024414062
2025-10-24 12:30:00-04:00,523.8800048828125,525.02001953125,523.3499755859375,523.7849731445312
2025-10-24 13:30:00-04:00,523.77001953125,525.0999755859375,523.6699829101562,524.8200073242188
2025-10-24 14:30:00-04:00,524.8400268554688,525.344970703125,524.6710815429688,524.85498046875
2025-10-24 15:30:00-04:00,524.8300170898438,525.260009765625,522.9500122070312,523.5
2025-10-27 09:30:00-04:00,531.7091064453125,533.7999267578125,529.010009765625,533.2249755859375
2025-10-27 10:30:00-04:00,533.260009765625,534.5800170898438,532.239990234375,532.6651000976562
2025-10-27 11:30:00-04:00,532.6475219726562,533.3800048828125,531.5999755859375,531.719970703125
2025-10-27 12:30:00-04:00,531.7601928710938,531.8300170898438,530.4450073242188,530.7949829101562
2025-10-27 13:30:00-04:00,530.8200073242188,532.5709838867188,530.701171875,532.52001953125
2025-10-27 14:30:00-04:00,532.5,533.6300048828125,532.2000122070312,532.8300170898438
2025-10-27 15:30:00-04:00,532.8101196289062,533.4400024414062,531.27001953125,531.4099731445312
2025-10-28 09:30:00-04:00,550.2899780273438,553.719970703125,542.4600219726562,545.6099853515625
2025-10-28 10:30:00-04:00,545.6016845703125,545.989990234375,542.1799926757812,543.3909912109375
2025-10-28 11:30:00-04:00,543.3699951171875,544.5399780273438,540.77001953125,542.5399780273438
2025-10-28 12:30:00-04:00,542.7000122070312,543.5139770507812,541.8300170898438,542.9400024414062
2025-10-28 13:30:00-04:00,542.969482421875,544.8499755859375,541.9299926757812,543.7708740234375
2025-10-28 14:30:00-04:00,543.7440185546875,545.5,543.1701049804688,544.6099853515625
2025-10-28 15:30:00-04:00,544.5999755859375,544.6597290039062,541.7999877929688,542.010009765625
2025-10-29 09:30:00-04:00,544.9400024414062,546.27001953125,537.1701049804688,538.1950073242188
2025-10-29 10:30:00-04:00,538.1699829101562,539.5700073242188,537.5,537.6300048828125
2025-10-29 11:30:00-04:00,537.5750122070312,539.4199829101562,536.7286987304688,538.405029296875
2025-10-29 12:30:00-04:00,538.405029296875,539.5798950195312,538.1300048828125,538.8300170898438
2025-10-29 13:30:00-04:00,538.6799926757812,539.9199829101562,537.9000244140625,539.8228149414062
2025-10-29 14:30:00-04:00,539.8400268554688,540.5499877929688,536.9500122070312,538.9000244140625
2025-10-29 15:30:00-04:00,538.8200073242188,543.1500244140625,538.1799926757812,542.5599975585938
2025-10-30 09:30:00-04:00,530.4949951171875,534.969970703125,524.1099853515625,528.52001953125
2025-10-30 10:30:00-04:00,528.489990234375,530.969970703125,524.1199951171875,525.27001953125
2025-10-30 11:30:00-04:00,525.344970703125,527.77001953125,522.1599731445312,526.655029296875
2025-10-30 12:30:00-04:00,526.6500244140625,527.4949951171875,524.5700073242188,526.8726196289062
2025-10-30 13:30:00-04:00,526.8499755859375,527.719970703125,522.8900146484375,523.6849975585938
2025-10-30 14:30:00-04:00,523.7100219726562,524.4500122070312,522.1199951171875,523.8200073242188
2025-10-30 15:30:00-04:00,523.8800048828125,526.6486206054688,523.280029296875,525.7899780273438
2025-10-31 09:30:00-04:00,528.8049926757812,529.3200073242188,515.0999755859375,518.0
2025-10-31 10:30:00-04:00,517.9199829101562,522.0,517.5,519.39501953125
2025-10-31 11:30:00-04:00,519.469970703125,520.4400024414062,515.9100952148438,517.6898803710938
2025-10-31 12:30:00-04:00,517.625,518.6395263671875,515.9201049804688,516.5
2025-10-31 13:30:00-04:00,516.5250244140625,518.4099731445312,515.9400024414062,517.1226806640625
2025-10-31 14:30:00-04:00,517.0999755859375,518.7999267578125,516.0800170898438,518.7100219726562
2025-10-31 15:30:00-04:00,518.6699829101562,519.6199951171875,517.0,517.8200073242188
2025-11-03 09:30:00-05:00,519.8049926757812,524.9600219726562,519.3099975585938,519.4600219726562
2025-11-03 10:30:00-05:00,519.4099731445312,520.3900146484375,518.3900146484375,518.6699829101562
2025-11-03 11:30:00-05:00,518.6500244140625,520.4400024414062,517.77001953125,518.6400146484375
2025-11-03 12:30:00-05:00,518.6400756835938,519.7999877929688,517.26171875,517.4450073242188
2025-11-03 13:30:00-05:00,517.4600219726562,517.8900146484375,516.0,516.2150268554688
2025-11-03 14:30:00-05:00,516.2000122070312,516.8800048828125,515.4199829101562,515.4400024414062
2025-11-03 15:30:00-05:00,515.4400024414062,517.1199951171875,514.5900268554688,517.0700073242188
2025-11-04 09:30:00-05:00,511.8299865722656,515.0900268554688,507.8399963378906,514.6300048828125
2025-11-04 10:30:00-05:00,514.5850219726562,515.5499877929688,513.239990234375,513.3200073242188
2025-11-04 11:30:00-05:00,513.280029296875,513.9400024414062,511.75,512.469970703125
2025-11-04 12:30:00-05:00,512.4401245117188,513.0700073242188,509.92999267578125,510.239990234375
2025-11-04 13:30:00-05:00,510.25,513.02001953125,510.2200012207031,512.3400268554688
2025-11-04 14:30:00-05:00,512.3400268554688,514.02001953125,511.4100036621094,513.7550048828125
2025-11-04 15:30:00-05:00,513.760009765625,514.989990234375,513.4000244140625,514.77001953125
2025-11-05 09:30:00-05:00,513.3200073242188,514.8300170898438,511.1099853515625,514.25
2025-11-05 10:30:00-05:00,514.280029296875,514.3150024414062,508.760009765625,510.1000061035156
2025-11-05 11:30:00-05:00,510.04998779296875,510.1000061035156,508.2200012207031,508.7300109863281
2025-11-05 12:30:00-05:00,508.7598876953125,509.6300048828125,508.2681884765625,508.8450012207031
2025-11-05 13:30:00-05:00,508.8399963378906,509.55999755859375,507.7793884277344,508.42999267578125
2025-11-05 14:30:00-05:00,508.4117126464844,508.4599914550781,507.5400085449219,507.80499267578125
2025-11-05 15:30:00-05:00,507.82000732421875,508.1499938964844,506.6050109863281,506.989990234375
2025-11-06 09:30:00-05:00,505.3599853515625,505.70001220703125,498.5,501.2650146484375
2025-11-06 10:30:00-05:00,501.3996887207031,501.44000244140625,495.80999755859375,498.1950988769531
2025-11-06 11:30:00-05:00,498.20001220703125,498.54998779296875,496.8500061035156,497.6700134277344
2025-11-06 12:30:00-05:00,497.6964111328125,498.3500061035156,496.45001220703125,497.6000061035156
2025-11-06 13:30:00-05:00,497.5799865722656,500.0,497.5799865722656,499.7099914550781
2025-11-06 14:30:00-05:00,499.69500732421875,500.67999267578125,498.5950012207031,498.82000732421875
2025-11-06 15:30:00-05:00,498.80999755859375,499.114990234375,496.1499938964844,497.3599853515625
2025-11-07 09:30:00-05:00,496.67999267578125,499.37701416015625,493.25,496.0284118652344
2025-11-07 10:30:00-05:00,496.05999755859375,496.82000732421875,493.8699951171875,495.19000244140625
2025-11-07 11:30:00-05:00,495.19000244140625,495.69000244140625,494.17999267578125,494.8550109863281
2025-11-07 12:30:00-05:00,494.81500244140625,495.5799865722656,493.6099853515625,495.57501220703125
2025-11-07 13:30:00-05:00,495.57501220703125,496.6400146484375,494.55999755859375,495.7699890136719
2025-11-07 14:30:00-05:00,495.7900085449219,497.4599914550781,495.1499938964844,496.7025146484375
2025-11-07 15:30:00-05:00,496.7300109863281,498.29998779296875,495.6099853515625,496.9200134277344
2025-11-10 09:30:00-05:00,499.8500061035156,506.489990234375,498.79998779296875,504.5
2025-11-10 10:30:00-05:00,504.5,504.6700134277344,501.5799865722656,502.07501220703125
2025-11-10 11:30:00-05:00,502.07501220703125,502.2098083496094,499.989990234375,501.3349914550781
2025-11-10 12:30:00-05:00,501.3714904785156,504.73431396484375,501.29998779296875,504.47198486328125
2025-11-10 13:30:00-05:00,504.510009765625,505.92999267578125,503.9599914550781,504.80010986328125
2025-11-10 14:30:00-05:00,504.8500061035156,506.7699890136719,504.8299865722656,505.80999755859375
2025-11-10 15:30:00-05:00,505.80999755859375,506.7099914550781,505.0199890136719,506.0
2025-11-11 09:30:00-05:00,504.79998779296875,506.20001220703125,502.6000061035156,504.7294921875
2025-11-11 10:30:00-05:00,504.7200012207031,504.82000732421875,502.3487854003906,503.45001220703125
2025-11-11 11:30:00-05:00,503.45001220703125,505.44000244140625,502.95001220703125,504.70001220703125
2025-11-11 12:30:00-05:00,504.7049865722656,506.7900085449219,504.3399963378906,506.6300048828125
2025-11-11 13:30:00-05:00,506.70001220703125,509.2013854980469,506.6116943359375,509.159912109375
2025-11-11 14:30:00-05:00,509.1499938964844,509.55999755859375,508.6400146484375,508.9200134277344
2025-11-11 15:30:00-05:00,508.9100036621094,509.6000061035156,508.0299987792969,508.82000732421875
2025-11-12 09:30:00-05:00,509.05999755859375,509.25,504.75,505.69500732421875
2025-11-12 10:30:00-05:00,505.7049865722656,505.760009765625,499.75,501.7049865722656
2025-11-12 11:30:00-05:00,501.69000244140625,502.5299987792969,499.1200866699219,501.9100036621094
2025-11-12 12:30:00-05:00,501.9100036621094,508.5,501.75,508.2300109863281
2025-11-12 13:30:00-05:00,508.239990234375,510.07000732421875,507.8500061035156,509.510009765625
2025-11-12 14:30:00-05:00,509.5400085449219,511.4700012207031,509.44000244140625,510.80499267578125
2025-11-12 15:30:00-05:00,510.80499267578125,511.6700134277344,510.2200012207031,511.3599853515625
2025-11-13 09:30:00-05:00,510.30999755859375,513.5,505.45001220703125,511.6535949707031
2025-11-13 10:30:00-05:00,511.6499938964844,512.9400024414062,509.2699890136719,509.9150085449219
2025-11-13 11:30:00-05:00,509.9700012207031,510.45001220703125,508.010009765625,509.7049865722656
2025-11-13 12:30:00-05:00,509.7799987792969,510.03729248046875,506.760009765625,506.92999267578125
2025-11-13 13:30:00-05:00,506.92999267578125,506.94000244140625,502.94000244140625,504.6400146484375
2025-11-13 14:30:00-05:00,504.6400146484375,504.9100036621094,501.2900085449219,502.7799987792969
2025-11-13 15:30:00-05:00,502.7900085449219,504.1449890136719,501.8309020996094,503.3699951171875
2025-11-14 09:30:00-05:00,498.2300109863281,506.2250061035156,497.44000244140625,505.41729736328125
2025-11-14 10:30:00-05:00,505.3699951171875,509.5,504.8999938964844,509.5
2025-11-14 11:30:00-05:00,509.510009765625,511.4100036621094,508.1199951171875,509.6400146484375
2025-11-14 12:30:00-05:00,509.6499938964844,509.89990234375,507.4100036621094,508.0101013183594
2025-11-14 13:30:00-05:00,508.010009765625,510.7799987792969,507.6199951171875,510.44000244140625
2025-11-14 14:30:00-05:00,510.4599914550781,511.6000061035156,509.6000061035156,510.05999755859375
2025-11-14 15:30:00-05:00,510.0400085449219,510.4035949707031,508.7099914550781,510.3890075683594
2025-11-17 09:30:00-05:00,508.44500732421875,512.1199951171875,506.1000061035156,507.4800109863281
2025-11-17 10:30:00-05:00,507.4993896484375,508.3699951171875,505.6000061035156,507.3299865722656
2025-11-17 11:30:00-05:00,507.32000732421875,510.79998779296875,507.2300109863281,510.31500244140625
2025-11-17 12:30:00-05:00,510.3299865722656,510.5299987792969,507.2850036621094,507.989990234375
2025-11-17 13:30:00-05:00,507.9599914550781,509.20001220703125,506.1099853515625,506.8900146484375
2025-11-17 14:30:00-05:00,506.8699951171875,507.260009765625,504.9200134277344,506.3299865722656
2025-11-17 15:30:00-05:00,506.3550109863281,507.7200012207031,505.989990234375,507.4800109863281
2025-11-18 09:30:00-05:00,495.0899963378906,502.9800109863281,492.5,493.5400085449219
2025-11-18 10:30:00-05:00,493.5400085449219,494.0,486.7799987792969,492.2300109863281
2025-11-18 11:30:00-05:00,492.2049865722656,494.44000244140625,488.6300048828125,488.84991455078125
2025-11-18 12:30:00-05:00,488.80499267578125,493.3299865722656,487.8999938964844,492.1300048828125
2025-11-18 13:30:00-05:00,492.1600036621094,493.4700012207031,491.6050109863281,493.0799865722656
2025-11-18 14:30:00-05:00,493.1300048828125,495.2699890136719,492.8100891113281,495.260009765625
2025-11-18 15:30:00-05:00,495.260009765625,495.7398986816406,493.5,493.79998779296875
2025-11-19 09:30:00-05:00,490.1000061035156,495.18719482421875,488.95001220703125,494.70001220703125
2025-11-19 10:30:00-05:00,494.68499755859375,494.8500061035156,487.8299865722656,489.1950988769531
2025-11-19 11:30:00-05:00,489.1099853515625,489.6099853515625,486.125,487.3713073730469
2025-11-19 12:30:00-05:00,487.3699951171875,487.3999938964844,484.20001220703125,486.20098876953125
2025-11-19 13:30:00-05:00,486.1499938964844,487.32000732421875,484.28009033203125,484.3399963378906
2025-11-19 14:30:00-05:00,484.32000732421875,487.8529968261719,482.8299865722656,487.5299987792969
2025-11-19 15:30:00-05:00,487.510009765625,488.6300048828125,485.7699890136719,486.9800109863281
2025-11-20 09:30:00-05:00,492.7099914550781,493.57000732421875,489.79998779296875,492.80999755859375
2025-11-20 10:30:00-05:00,492.82000732421875,493.1099853515625,485.9599914550781,486.6700134277344
2025-11-20 11:30:00-05:00,486.6000061035156,487.1449890136719,480.3599853515625,481.7699890136719
2025-11-20 12:30:00-05:00,481.7900085449219,483.3699951171875,479.19000244140625,482.0
2025-11-20 13:30:00-05:00,481.8999938964844,482.3500061035156,478.2900085449219,479.94500732421875
2025-11-20 14:30:00-05:00,479.9100036621094,480.6000061035156,478.3299865722656,478.9800109863281
2025-11-20 15:30:00-05:00,478.989990234375,479.42999267578125,476.05999755859375,478.2900085449219
2025-11-21 09:30:00-05:00,478.3900146484375,478.9200134277344,469.3599853515625,473.31500244140625
2025-11-21 10:30:00-05:00,473.2799987792969,474.0450134277344,468.2699890136719,471.0450134277344
2025-11-21 11:30:00-05:00,471.0639953613281,475.7699890136719,469.92999267578125,474.260009765625
2025-11-21 12:30:00-05:00,474.3800048828125,475.43499755859375,471.0,472.82000732421875
2025-11-21 13:30:00-05:00,472.82000732421875,476.8999938964844,472.6499938964844,476.57000732421875
2025-11-21 14:30:00-05:00,476.6099853515625,476.82000732421875,473.385009765625,473.3900146484375
2025-11-21 15:30:00-05:00,473.3900146484375,474.19000244140625,470.7074890136719,472.2200012207031
2025-11-24 09:30:00-05:00,475.0,476.17999267578125,468.0199890136719,472.4200134277344
2025-11-24 10:30:00-05:00,472.4599914550781,475.7200012207031,472.0,475.3299865722656
2025-11-24 11:30:00-05:00,475.375,476.8999938964844,474.6300048828125,475.80999755859375
2025-11-24 12:30:00-05:00,475.8450927734375,476.3800048828125,474.8900146484375,475.32000732421875
2025-11-24 13:30:00-05:00,475.2799987792969,475.3999938964844,473.8699951171875,474.1199951171875
2025-11-24 14:30:00-05:00,474.1440124511719,475.04998779296875,473.8299865722656,474.29998779296875
2025-11-24 15:30:00-05:00,474.2799987792969,476.510009765625,473.54998779296875,473.989990234375
2025-11-25 09:30:00-05:00,474.3949890136719,474.5,464.8918151855469,468.3800048828125
2025-11-25 10:30:00-05:00,468.3800048828125,472.3599853515625,468.3370056152344,472.1499938964844
2025-11-25 11:30:00-05:00,472.20001220703125,477.05999755859375,472.19000244140625,475.989990234375
2025-11-25 12:30:00-05:00,476.010009765625,477.20989990234375,475.4200134277344,476.7449951171875
2025-11-25 13:30:00-05:00,476.75,477.760009765625,476.19000244140625,476.3800048828125
2025-11-25 14:30:00-05:00,476.3840026855469,477.3799133300781,475.3949890136719,477.0885009765625
2025-11-25 15:30:00-05:00,477.1199951171875,478.9700012207031,476.739990234375,476.92999267578125
2025-11-26 09:30:00-05:00,486.04998779296875,487.9700012207031,481.2099914550781,483.239990234375
2025-11-26 10:30:00-05:00,483.30999755859375,487.0050048828125,483.29998779296875,486.7854919433594
2025-11-26 11:30:00-05:00,486.8399963378906,488.3030090332031,486.3299865722656,486.7900085449219
2025-11-26 12:30:00-05:00,486.8299865722656,487.82000732421875,485.6300048828125,486.83160400390625
2025-11-26 13:30:00-05:00,486.8299865722656,487.18499755859375,485.8500061035156,486.82000732421875
2025-11-26 14:30:00-05:00,486.9179992675781,487.67999267578125,485.5899963378906,487.25
2025-11-26 15:30:00-05:00,487.239990234375,487.6300048828125,485.0,485.489990234375
2025-11-28 09:30:00-05:00,487.5950012207031,491.79998779296875,486.6499938964844,490.5799865722656
2025-11-28 10:30:00-05:00,490.5799865722656,492.6300048828125,490.54998779296875,491.29998779296875
2025-11-28 11:30:00-05:00,491.3399963378906,492.4200134277344,490.8900146484375,491.1449890136719
2025-12-01 09:30:00-05:00,487.9599914550781,488.7591857910156,484.6474914550781,486.79998779296875
2025-12-01 10:30:00-05:00,486.7900085449219,489.0174865722656,485.7001037597656,488.30499267578125
2025-12-01 11:30:00-05:00,488.2900085449219,489.8598937988281,487.6600036621094,488.9100036621094
2025-12-01 12:30:00-05:00,488.8900146484375,489.3900146484375,488.4949951171875,488.6650085449219
2025-12-01 13:30:00-05:00,488.6700134277344,489.05999755859375,487.7699890136719,487.8599853515625
2025-12-01 14:30:00-05:00,487.8399963378906,487.94989013671875,486.760009765625,487.80999755859375
2025-12-01 15:30:00-05:00,487.80999755859375,488.1300048828125,485.6700134277344,486.8299865722656
2025-12-02 09:30:00-05:00,487.25,491.510009765625,486.32000732421875,490.5249938964844
2025-12-02 10:30:00-05:00,490.54998779296875,492.2799987792969,489.4512939453125,489.6000061035156
2025-12-02 11:30:00-05:00,489.5799865722656,493.4999084472656,489.0400085449219,493.2099914550781
2025-12-02 12:30:00-05:00,493.2149963378906,493.45001220703125,489.6700134277344,490.0899963378906
2025-12-02 13:30:00-05:00,490.07000732421875,490.6799011230469,489.1449890136719,489.8485107421875
2025-12-02 14:30:00-05:00,489.80999755859375,490.4800109863281,489.5799865722656,490.2300109863281
2025-12-02 15:30:00-05:00,490.2300109863281,490.82000732421875,488.5299987792969,490.05999755859375
2025-12-03 09:30:00-05:00,476.2900085449219,479.95989990234375,475.20001220703125,478.32000732421875
2025-12-03 10:30:00-05:00,478.32000732421875,484.239990234375,478.18109130859375,480.1300048828125
2025-12-03 11:30:00-05:00,480.07000732421875,482.42999267578125,479.4700012207031,482.4200134277344
2025-12-03 12:30:00-05:00,482.3999938964844,483.82989501953125,481.45001220703125,481.70001220703125
2025-12-03 13:30:00-05:00,481.7699890136719,481.9599914550781,480.239990234375,481.7300109863281
2025-12-03 14:30:00-05:00,481.7300109863281,483.19000244140625,481.635009765625,482.3299865722656
2025-12-03 15:30:00-05:00,482.3349914550781,482.4849853515625,477.55999755859375,477.739990234375
2025-12-04 09:30:00-05:00,479.1050109863281,481.3219909667969,476.6615905761719,478.0450134277344
2025-12-04 10:30:00-05:00,478.0450134277344,478.9898986816406,476.489990234375,478.17999267578125
2025-12-04 11:30:00-05:00,478.125,478.9999084472656,477.54998779296875,478.2799987792969
2025-12-04 12:30:00-05:00,478.2799987792969,480.1300048828125,477.3599853515625,478.9750061035156
2025-12-04 13:30:00-05:00,478.989990234375,479.1400146484375,476.70001220703125,477.2101135253906
2025-12-04 14:30:00-05:00,477.2799987792969,479.9700012207031,477.1300048828125,479.50799560546875
2025-12-04 15:30:00-05:00,479.5,480.9700012207031,479.2799987792969,480.82000732421875
2025-12-05 09:30:00-05:00,482.5,483.260009765625,480.3500061035156,483.125
2025-12-05 10:30:00-05:00,483.1300048828125,483.3999938964844,478.95001220703125,479.2763977050781
2025-12-05 11:30:00-05:00,479.2799987792969,480.5611877441406,478.8800964355469,480.3299865722656
2025-12-05 12:30:00-05:00,480.32501220703125,481.4200134277344,479.8599853515625,481.3599853515625
2025-12-05 13:30:00-05:00,481.3900146484375,482.07000732421875,481.10009765625,481.8299865722656
2025-12-05 14:30:00-05:00,481.8299865722656,482.17498779296875,481.4200134277344,481.94000244140625
2025-12-05 15:30:00-05:00,481.95001220703125,483.3399963378906,481.5199890136719,483.0299987792969
2025-12-08 09:30:00-05:00,484.885009765625,490.6199951171875,484.3800048828125,489.07720947265625
2025-12-08 10:30:00-05:00,489.07501220703125,492.29998779296875,488.3900146484375,491.489990234375
2025-12-08 11:30:00-05:00,491.5299987792969,491.6400146484375,490.5199890136719,490.6400146484375
2025-12-08 12:30:00-05:00,490.656005859375,492.05999755859375,490.1000061035156,490.8905029296875
2025-12-08 13:30:00-05:00,490.80999755859375,491.0474853515625,489.3800964355469,490.3900146484375
2025-12-08 14:30:00-05:00,490.3599853515625,490.3599853515625,489.31170654296875,489.8949890136719
2025-12-08 15:30:00-05:00,489.8900146484375,491.20001220703125,488.9700012207031,491.1199951171875
2025-12-09 09:30:00-05:00,491.0199890136719,491.94000244140625,488.5000915527344,490.4700012207031
2025-12-09 10:30:00-05:00,490.4700012207031,491.1300048828125,489.8399963378906,490.7200012207031
2025-12-09 11:30:00-05:00,490.7200012207031,492.1000061035156,489.95001220703125,489.95001220703125
2025-12-09 12:30:00-05:00,489.9800109863281,490.489990234375,489.5,490.3800048828125
2025-12-09 13:30:00-05:00,490.3800048828125,491.19000244140625,490.2200012207031,490.8900146484375
2025-12-09 14:30:00-05:00,490.8900146484375,491.3699951171875,489.9800109863281,490.9549865722656
2025-12-09 15:30:00-05:00,490.9549865722656,492.1000061035156,490.82000732421875,492.05999755859375
2025-12-10 09:30:00-05:00,484.0299987792969,484.25,478.6099853515625,480.3900146484375
2025-12-10 10:30:00-05:00,480.3999938964844,480.6000061035156,478.0899963378906,480.364990234375
2025-12-10 11:30:00-05:00,480.3999938964844,481.7699890136719,480.1099853515625,481.6000061035156
2025-12-10 12:30:00-05:00,481.6000061035156,482.412109375,476.8500061035156,477.2900085449219
2025-12-10 13:30:00-05:00,477.2799987792969,479.19000244140625,476.0400085449219,476.4700012207031
2025-12-10 14:30:00-05:00,476.4732971191406,479.6499938964844,475.0799865722656,478.05999755859375
2025-12-10 15:30:00-05:00,478.1099853515625,479.44000244140625,476.6499938964844,478.5215148925781
2025-12-11 09:30:00-05:00,476.55999755859375,482.1400146484375,475.8599853515625,480.3500061035156
2025-12-11 10:30:00-05:00,480.385009765625,481.2200012207031,478.92999267578125,478.951904296875
2025-12-11 11:30:00-05:00,478.95001220703125,481.5350036621094,478.9200134277344,480.66680908203125
2025-12-11 12:30:00-05:00,480.70001220703125,484.3299865722656,479.79998779296875,482.010009765625
2025-12-11 13:30:00-05:00,482.0350036621094,486.0299987792969,481.53009033203125,485.45001220703125
2025-12-11 14:30:00-05:00,485.4649963378906,485.7499084472656,484.29998779296875,484.3800048828125
2025-12-11 15:30:00-05:00,484.3949890136719,484.3949890136719,482.3236083984375,483.69000244140625
2025-12-12 09:30:00-05:00,479.82000732421875,482.45001220703125,478.3299865722656,478.44500732421875
2025-12-12 10:30:00-05:00,478.44000244140625,480.6000061035156,476.3599853515625,477.76849365234375
2025-12-12 11:30:00-05:00,477.69000244140625,478.7200012207031,476.8399963378906,477.7650146484375
2025-12-12 12:30:00-05:00,477.760009765625,479.4200134277344,477.1700134277344,478.8299865722656
2025-12-12 13:30:00-05:00,478.8500061035156,479.4150085449219,478.2300109863281,478.9501037597656
2025-12-12 14:30:00-05:00,478.9800109863281,479.2900085449219,477.7699890136719,478.2550048828125
2025-12-12 15:30:00-05:00,478.25,478.95001220703125,477.3500061035156,478.4700012207031
2025-12-15 09:30:00-05:00,480.0,480.1499938964844,472.5199890136719,473.0
2025-12-15 10:30:00-05:00,472.9949951171875,475.54998779296875,472.7950134277344,475.260009765625
2025-12-15 11:30:00-05:00,475.29998779296875,475.5199890136719,473.5,474.3999938964844
2025-12-15 12:30:00-05:00,474.4150085449219,475.1600036621094,473.20001220703125,473.6199951171875
2025-12-15 13:30:00-05:00,473.6199951171875,474.93231201171875,473.25,474.1000061035156
2025-12-15 14:30:00-05:00,474.1000061035156,474.69000244140625,473.5799865722656,474.61749267578125
2025-12-15 15:30:00-05:00,474.6600036621094,476.4800109863281,474.4150085449219,474.82000732421875
2025-12-16 09:30:00-05:00,471.9049987792969,475.19000244140625,470.8800048828125,474.010009765625
2025-12-16 10:30:00-05:00,474.010009765625,475.1199951171875,472.1099853515625,473.55499267578125
2025-12-16 11:30:00-05:00,473.5400085449219,475.3399963378906,472.9599914550781,474.32000732421875
2025-12-16 12:30:00-05:00,474.32000732421875,474.8999938964844,472.2699890136719,473.05999755859375
2025-12-16 13:30:00-05:00,473.0299987792969,476.0,473.0299987792969,475.2300109863281
2025-12-16 14:30:00-05:00,475.2099914550781,477.30499267578125,475.0784912109375,476.54998779296875
2025-12-16 15:30:00-05:00,476.54998779296875,477.8900146484375,476.0574951171875,476.239990234375
2025-12-17 09:30:00-05:00,476.9049987792969,478.5299987792969,475.3212890625,477.739990234375
2025-12-17 10:30:00-05:00,477.6700134277344,478.010009765625,475.42999267578125,477.1000061035156
2025-12-17 11:30:00-05:00,477.07000732421875,477.7598876953125,475.2200012207031,477.2550048828125
2025-12-17 12:30:00-05:00,477.25,478.9549865722656,476.7099914550781,478.54998779296875
2025-12-17 13:30:00-05:00,478.5315856933594,479.2099914550781,477.5799865722656,478.8349914550781
2025-12-17 14:30:00-05:00,478.82501220703125,479.8800048828125,478.0400085449219,478.19000244140625
2025-12-17 15:30:00-05:00,478.2200012207031,478.8399963378906,476.0,476.07501220703125
2025-12-18 09:30:00-05:00,478.19000244140625,485.3949890136719,477.8900146484375,484.739990234375
2025-12-18 10:30:00-05:00,484.739990234375,488.07501220703125,484.29058837890625,487.6499938964844
2025-12-18 11:30:00-05:00,487.6000061035156,489.6000061035156,484.19000244140625,484.927490234375
2025-12-18 12:30:00-05:00,484.9599914550781,487.1499938964844,484.7723083496094,486.4801025390625
2025-12-18 13:30:00-05:00,486.57000732421875,487.43548583984375,484.9700012207031,485.54998779296875
2025-12-18 14:30:00-05:00,485.5600891113281,485.6600036621094,483.3900146484375,484.5985107421875
2025-12-18 15:30:00-05:00,484.6099853515625,486.0199890136719,483.8500061035156,483.8800048828125
2025-12-19 09:30:00-05:00,487.3599853515625,487.8500061035156,482.95001220703125,485.5303039550781
2025-12-19 10:30:00-05:00,485.510009765625,486.7825012207031,484.1099853515625,485.1684875488281
2025-12-19 11:30:00-05:00,485.1499938964844,486.1299133300781,484.239990234375,485.875
2025-12-19 12:30:00-05:00,485.875,485.875,484.6499938964844,485.25
2025-12-19 13:30:00-05:00,485.2449951171875,485.3299865722656,484.0400085449219,484.2455139160156
2025-12-19 14:30:00-05:00,484.2550048828125,484.55999755859375,482.6050109863281,482.92999267578125
2025-12-19 15:30:00-05:00,482.9100036621094,487.1499938964844,482.489990234375,486.05999755859375
2025-12-22 09:30:00-05:00,486.1050109863281,488.7300109863281,482.69000244140625,484.6050109863281
2025-12-22 10:30:00-05:00,484.6199951171875,486.0899963378906,484.0474853515625,485.6495056152344
2025-12-22 11:30:00-05:00,485.6449890136719,486.5148010253906,484.92999267578125,485.8500061035156
2025-12-22 12:30:00-05:00,485.8399963378906,486.3299865722656,485.5824890136719,485.75
2025-12-22 13:30:00-05:00,485.75,486.2900085449219,485.42498779296875,485.8800048828125
2025-12-22 14:30:00-05:00,485.8699951171875,486.0,484.6600036621094,484.9700012207031
2025-12-22 15:30:00-05:00,484.9700012207031,485.3800048828125,484.3699951171875,484.8500061035156
2025-12-23 09:30:00-05:00,486.3599853515625,487.82989501953125,485.0199890136719,485.8949890136719
2025-12-23 10:30:00-05:00,485.8800048828125,487.1050109863281,485.7300109863281,486.80999755859375
2025-12-23 11:30:00-05:00,486.80999755859375,487.2900085449219,486.260009765625,486.6700134277344
2025-12-23 12:30:00-05:00,486.6600036621094,486.82000732421875,486.03009033203125,486.4800109863281
2025-12-23 13:30:00-05:00,486.4800109863281,487.27899169921875,486.25,487.0899963378906
2025-12-23 14:30:00-05:00,487.0849914550781,487.4700012207031,486.989990234375,487.2749938964844
2025-12-23 15:30:00-05:00,487.2650146484375,487.5,486.45001220703125,486.5
2025-12-24 09:30:00-05:00,486.0,487.9800109863281,484.8299865722656,487.7987976074219
2025-12-24 10:30:00-05:00,487.80999755859375,488.5347900390625,487.2699890136719,488.44000244140625
2025-12-24 11:30:00-05:00,488.45001220703125,489.1625061035156,488.25,488.6099853515625
2025-12-26 09:30:00-05:00,487.5,488.1199951171875,485.9599914550781,486.6199951171875
2025-12-26 10:30:00-05:00,486.6199951171875,487.3699951171875,486.3500061035156,487.34259033203125
2025-12-26 11:30:00-05:00,487.3399963378906,488.1000061035156,486.8999938964844,487.93499755859375
2025-12-26 12:30:00-05:00,487.8900146484375,487.92498779296875,486.24749755859375,486.79998779296875
2025-12-26 13:30:00-05:00,486.79998779296875,487.8900146484375,486.79998779296875,487.45001220703125
2025-12-26 14:30:00-05:00,487.45001220703125,487.6000061035156,486.8999938964844,487.2200012207031
2025-12-26 15:30:00-05:00,487.2300109863281,487.8800048828125,487.1099853515625,487.7850036621094
2025-12-29 09:30:00-05:00,484.75,488.3500061035156,484.75,487.3599853515625
2025-12-29 10:30:00-05:00,487.385009765625,488.0,485.3999938964844,485.7449951171875
2025-12-29 11:30:00-05:00,485.70001220703125,485.8998107910156,484.7300109863281,484.94000244140625
2025-12-29 12:30:00-05:00,484.94000244140625,485.69500732421875,484.739990234375,485.625
2025-12-29 13:30:00-05:00,485.6099853515625,486.3500061035156,485.1199951171875,486.3299865722656
2025-12-29 14:30:00-05:00,486.3599853515625,487.6099853515625,486.2699890136719,487.07000732421875
2025-12-29 15:30:00-05:00,487.07000732421875,487.31500244140625,486.3999938964844,487.10101318359375
2025-12-30 09:30:00-05:00,486.125,489.1400146484375,486.0911865234375,487.3800048828125
2025-12-30 10:30:00-05:00,487.3500061035156,489.6700134277344,487.0899963378906,488.5799865722656
2025-12-30 11:30:00-05:00,488.57501220703125,488.8598937988281,487.82000732421875,488.0799865722656
2025-12-30 12:30:00-05:00,488.0799865722656,488.57000732421875,487.95001220703125,488.2099914550781
2025-12-30 13:30:00-05:00,488.17999267578125,488.8599853515625,488.1700134277344,488.5498962402344
2025-12-30 14:30:00-05:00,488.55999755859375,488.6650085449219,487.3900146484375,487.80499267578125
2025-12-30 15:30:00-05:00,487.80499267578125,488.6600036621094,487.42999267578125,487.54998779296875
2025-12-31 09:30:00-05:00,487.760009765625,488.1400146484375,485.2300109863281,485.6549987792969
2025-12-31 10:30:00-05:00,485.6300048828125,485.70001220703125,484.2900085449219,485.2699890136719
2025-12-31 11:30:00-05:00,485.2799987792969,485.8999938964844,484.79998779296875,485.09600830078125
2025-12-31 12:30:00-05:00,485.0763854980469,485.8900146484375,484.9800109863281,485.8785095214844
2025-12-31 13:30:00-05:00,485.885009765625,486.69500732421875,485.7099914550781,485.7300109863281
2025-12-31 14:30:00-05:00,485.760009765625,485.80999755859375,483.30010986328125,483.5
2025-12-31 15:30:00-05:00,483.4800109863281,484.44000244140625,483.29998779296875,483.6499938964844
2026-01-02 09:30:00-05:00,484.0,484.6600036621094,474.8800048828125,475.364990234375
2026-01-02 10:30:00-05:00,475.32000732421875,476.79998779296875,472.4200134277344,473.15301513671875
2026-01-02 11:30:00-05:00,473.1199951171875,473.9200134277344,472.7099914550781,473.885009765625
2026-01-02 12:30:00-05:00,473.9049987792969,474.07000732421875,471.7799987792969,471.8599853515625
2026-01-02 13:30:00-05:00,471.8500061035156,472.79998779296875,470.1600036621094,472.5899963378906
2026-01-02 14:30:00-05:00,472.5799865722656,473.3399963378906,471.760009765625,472.5249938964844
2026-01-02 15:30:00-05:00,472.510009765625,473.0,471.2300109863281,472.92999267578125
2026-01-05 09:30:00-05:00,473.95001220703125,474.29998779296875,469.510009765625,473.06988525390625
2026-01-05 10:30:00-05:00,473.07000732421875,474.29998779296875,471.80999755859375,474.17999267578125
2026-01-05 11:30:00-05:00,474.1600036621094,476.0528869628906,474.12689208984375,475.3999938964844
2026-01-05 12:30:00-05:00,475.4049987792969,475.9599914550781,473.739990234375,474.82501220703125
2026-01-05 13:30:00-05:00,474.8299865722656,475.9200134277344,474.57000732421875,474.7200012207031
2026-01-05 14:30:00-05:00,474.69000244140625,474.8500061035156,473.3999938964844,473.7049865722656
2026-01-05 15:30:00-05:00,473.7124938964844,474.5,472.0400085449219,472.9200134277344
2026-01-06 09:30:00-05:00,473.7200012207031,473.95001220703125,469.75,471.69500732421875
2026-01-06 10:30:00-05:00,471.6700134277344,472.6449890136719,471.5199890136719,472.2149963378906
2026-01-06 11:30:00-05:00,472.2149963378906,473.1199951171875,471.1199951171875,472.7200012207031
2026-01-06 12:30:00-05:00,472.75,475.739990234375,472.7300109863281,474.17498779296875
2026-01-06 13:30:00-05:00,474.04998779296875,476.9812927246094,474.0105895996094,476.8500061035156
2026-01-06 14:30:00-05:00,476.42999267578125,477.8385009765625,476.17999267578125,477.20001220703125
2026-01-06 15:30:00-05:00,477.1570129394531,478.4800109863281,476.8699951171875,478.07000732421875
2026-01-07 09:30:00-05:00,479.55999755859375,485.1199951171875,477.95001220703125,483.4100036621094
2026-01-07 10:30:00-05:00,483.3800048828125,489.6994934082031,483.3599853515625,487.7300109863281
2026-01-07 11:30:00-05:00,487.7300109863281,488.80999755859375,486.79998779296875,488.2300109863281
2026-01-07 12:30:00-05:00,488.19000244140625,489.1650085449219,487.6600036621094,488.3200988769531
2026-01-07 13:30:00-05:00,488.3599853515625,488.8500061035156,485.2001037597656,485.489990234375
2026-01-07 14:30:00-05:00,485.4800109863281,485.5,484.1400146484375,484.55999755859375
2026-01-07 15:30:00-05:00,484.5199890136719,484.55999755859375,483.0199890136719,483.5
2026-01-08 09:30:00-05:00,482.0,482.6600036621094,475.8599853515625,478.6000061035156
2026-01-08 10:30:00-05:00,478.5400085449219,478.7300109863281,477.0264892578125,477.5899963378906
2026-01-08 11:30:00-05:00,477.5899963378906,478.95001220703125,476.4750061035156,477.6050109863281
2026-01-08 12:30:00-05:00,477.5899963378906,478.82000732421875,477.05999755859375,477.5849914550781
2026-01-08 13:30:00-05:00,477.55999755859375,477.9800109863281,476.1099853515625,476.7950134277344
2026-01-08 14:30:00-05:00,476.79180908203125,478.3399963378906,476.0799865722656,478.260009765625
2026-01-08 15:30:00-05:00,478.239990234375,478.8599853515625,477.5,478.0400085449219
2026-01-09 09:30:00-05:00,474.05999755859375,476.70001220703125,472.2001037597656,475.7799987792969
2026-01-09 10:30:00-05:00,475.7799987792969,476.75,473.6300964355469,476.4700012207031
2026-01-09 11:30:00-05:00,476.4800109863281,478.1000061035156,476.1199951171875,477.54998779296875
2026-01-09 12:30:00-05:00,477.5400085449219,477.82000732421875,475.875,476.8500061035156
2026-01-09 13:30:00-05:00,476.80999755859375,479.260009765625,476.7850036621094,478.44500732421875
2026-01-09 14:30:00-05:00,478.4800109863281,479.69000244140625,478.260009765625,479.5799865722656
2026-01-09 15:30:00-05:00,479.55999755859375,479.82000732421875,478.8900146484375,479.20001220703125
2026-01-12 09:30:00-05:00,476.6700134277344,480.9599914550781,475.6802978515625,478.5740966796875
2026-01-12 10:30:00-05:00,478.5813903808594,479.7200012207031,478.05999755859375,478.7856140136719
2026-01-12 11:30:00-05:00,478.7799987792969,479.8500061035156,478.1199951171875,478.4599914550781
2026-01-12 12:30:00-05:00,478.4599914550781,478.88751220703125,477.9700012207031,478.5299987792969
2026-01-12 13:30:00-05:00,478.510009765625,479.2900085449219,477.8699951171875,479.1400146484375
2026-01-12 14:30:00-05:00,479.1499938964844,480.6600036621094,479.04998779296875,479.239990234375
2026-01-12 15:30:00-05:00,479.2300109863281,479.2300109863281,476.70001220703125,477.19000244140625
2026-01-13 09:30:00-05:00,473.9700012207031,475.760009765625,467.6099853515625,468.239990234375
2026-01-13 10:30:00-05:00,468.239990234375,468.9700012207031,465.95001220703125,468.739990234375
2026-01-13 11:30:00-05:00,468.739990234375,471.2200012207031,468.3900146484375,469.7099914550781
2026-01-13 12:30:00-05:00,469.739990234375,470.08990478515625,467.29998779296875,468.7099914550781
2026-01-13 13:30:00-05:00,468.69000244140625,468.9800109863281,465.989990234375,466.8399963378906
2026-01-13 14:30:00-05:00,466.79998779296875,468.3999938964844,466.3999938964844,468.239990234375
2026-01-13 15:30:00-05:00,468.239990234375,471.0,467.42498779296875,470.7200012207031
2026-01-14 09:30:00-05:00,466.3450012207031,468.20001220703125,463.20001220703125,464.6925048828125
2026-01-14 10:30:00-05:00,464.67999267578125,465.1099853515625,461.19000244140625,463.9049987792969
2026-01-14 11:30:00-05:00,463.92999267578125,464.29168701171875,460.7300109863281,461.6199951171875
2026-01-14 12:30:00-05:00,461.5899963378906,462.5150146484375,460.25,460.5799865722656
2026-01-14 13:30:00-05:00,460.5907897949219,460.7398986816406,458.1000061035156,458.8299865722656
2026-01-14 14:30:00-05:00,458.8699951171875,459.0199890136719,457.17010498046875,458.30499267578125
2026-01-14 15:30:00-05:00,458.2900085449219,459.8599853515625,457.75,459.3800048828125
2026-01-15 09:30:00-05:00,464.1199951171875,464.1199951171875,457.8999938964844,458.8399963378906
2026-01-15 10:30:00-05:00,458.8349914550781,460.92999267578125,457.5299987792969,460.04998779296875
2026-01-15 11:30:00-05:00,460.0199890136719,461.3800048828125,459.6600036621094,459.9800109863281
2026-01-15 12:30:00-05:00,459.9543151855469,460.20001220703125,459.07000732421875,459.4700012207031
2026-01-15 13:30:00-05:00,459.45001220703125,459.54998779296875,456.70001220703125,456.80999755859375
2026-01-15 14:30:00-05:00,456.7900085449219,457.92999267578125,455.9100036621094,456.6361083984375
2026-01-15 15:30:00-05:00,456.6600036621094,456.95001220703125,456.0299987792969,456.9100036621094
2026-01-16 09:30:00-05:00,457.3699951171875,460.3599853515625,456.4800109863281,459.760009765625
2026-01-16 10:30:00-05:00,459.7560119628906,460.0299987792969,457.9800109863281,459.82000732421875
2026-01-16 11:30:00-05:00,459.8500061035156,462.29998779296875,459.7149963378906,460.6099853515625
2026-01-16 12:30:00-05:00,460.6099853515625,462.9200134277344,460.1199951171875,462.5199890136719
2026-01-16 13:30:00-05:00,462.489990234375,463.19000244140625,461.3800048828125,461.9599914550781
2026-01-16 14:30:00-05:00,461.94000244140625,462.7300109863281,461.07501220703125,461.2101135253906
2026-01-16 15:30:00-05:00,461.19000244140625,461.5599060058594,459.4200134277344,459.8699951171875
2026-01-20 09:30:00-05:00,451.42999267578125,454.6000061035156,449.2799987792969,453.25
2026-01-20 10:30:00-05:00,453.2300109863281,455.54998779296875,453.04998779296875,455.4750061035156
2026-01-20 11:30:00-05:00,455.5,456.79998779296875,453.9700012207031,454.4700012207031
2026-01-20 12:30:00-05:00,454.44000244140625,454.44000244140625,453.04998779296875,453.5799865722656
2026-01-20 13:30:00-05:00,453.5299987792969,453.69000244140625,452.489990234375,453.1000061035156
2026-01-20 14:30:00-05:00,453.05999755859375,455.1199951171875,452.67999267578125,454.7799987792969
2026-01-20 15:30:00-05:00,454.7799987792969,455.32000732421875,453.6099853515625,454.6600036621094
2026-01-21 09:30:00-05:00,450.56500244140625,452.0,448.04998779296875,450.20001220703125
2026-01-21 10:30:00-05:00,450.20001220703125,451.8699951171875,448.510009765625,448.510009765625
2026-01-21 11:30:00-05:00,448.510009765625,448.7998962402344,443.5,444.3349914550781
2026-01-21 12:30:00-05:00,444.29998779296875,444.3399963378906,439.2290954589844,440.7650146484375
2026-01-21 13:30:00-05:00,440.7300109863281,441.6499938964844,438.68499755859375,441.5899963378906
2026-01-21 14:30:00-05:00,441.6025085449219,447.5899963378906,441.5899963378906,443.6199951171875
2026-01-21 15:30:00-05:00,443.6037902832031,444.3599853515625,442.260009765625,444.20001220703125
2026-01-22 09:30:00-05:00,448.0400085449219,449.94000244140625,444.7349853515625,446.7900085449219
2026-01-22 10:30:00-05:00,447.1099853515625,449.19000244140625,446.19268798828125,449.1600036621094
2026-01-22 11:30:00-05:00,449.1650085449219,450.218505859375,448.5199890136719,449.9150085449219
2026-01-22 12:30:00-05:00,449.9100036621094,452.8399963378906,449.8900146484375,451.8900146484375
2026-01-22 13:30:00-05:00,451.8599853515625,452.32000732421875,450.8399963378906,451.7300109863281
2026-01-22 14:30:00-05:00,451.70001220703125,451.7900085449219,449.95001220703125,450.3949890136719
2026-01-22 15:30:00-05:00,450.3900146484375,451.489990234375,449.6600036621094,451.1499938964844
2026-01-23 09:30:00-05:00,451.8599853515625,463.7099914550781,450.6000061035156,463.12249755859375
2026-01-23 10:30:00-05:00,463.1300048828125,469.2799987792969,463.1300048828125,466.6932067871094
2026-01-23 11:30:00-05:00,466.6499938964844,470.16900634765625,465.6000061035156,469.8299865722656
2026-01-23 12:30:00-05:00,469.8299865722656,470.8900146484375,467.70001220703125,470.7049865722656
2026-01-23 13:30:00-05:00,470.7300109863281,471.1000061035156,467.9200134277344,469.5199890136719
2026-01-23 14:30:00-05:00,469.5350036621094,469.8599853515625,467.0400085449219,467.70001220703125
2026-01-23 15:30:00-05:00,467.69000244140625,468.6799011230469,465.6499938964844,465.92999267578125
2026-01-26 09:30:00-05:00,465.30499267578125,470.69000244140625,462.0,470.09320068359375
2026-01-26 10:30:00-05:00,470.0849914550781,472.70001220703125,469.4800109863281,472.2300109863281
2026-01-26 11:30:00-05:00,472.20001220703125,474.0899963378906,471.80999755859375,473.5299987792969
2026-01-26 12:30:00-05:00,473.5,473.9700012207031,472.489990234375,473.8900146484375
2026-01-26 13:30:00-05:00,473.8599853515625,474.25,472.1400146484375,472.6600036621094
2026-01-26 14:30:00-05:00,472.67999267578125,473.2799987792969,471.6700134277344,471.8999938964844
2026-01-26 15:30:00-05:00,471.8974914550781,472.92999267578125,469.95001220703125,470.3599853515625
2026-01-27 09:30:00-05:00,473.6449890136719,478.7200012207031,473.1600036621094,476.1099853515625
2026-01-27 10:30:00-05:00,476.0899963378906,479.79998779296875,475.8500061035156,479.19000244140625
2026-01-27 11:30:00-05:00,479.1700134277344,480.8900146484375,478.3599853515625,479.79998779296875
2026-01-27 12:30:00-05:00,479.79998779296875,481.4490051269531,479.739990234375,481.2149963378906
2026-01-27 13:30:00-05:00,481.2099914550781,482.8699951171875,480.75,482.0799865722656
2026-01-27 14:30:00-05:00,482.0898132324219,482.2300109863281,480.5199890136719,480.6000061035156
2026-01-27 15:30:00-05:00,480.5799865722656,481.3800048828125,480.20001220703125,480.5899963378906
2026-01-28 09:30:00-05:00,483.1300048828125,483.739990234375,479.2900085449219,481.0199890136719
2026-01-28 10:30:00-05:00,481.0,481.1300048828125,478.8500061035156,479.4432067871094
2026-01-28 11:30:00-05:00,479.42999267578125,480.1650085449219,478.0,478.67999267578125
2026-01-28 12:30:00-05:00,478.6549987792969,479.44000244140625,478.04998779296875,478.8349914550781
2026-01-28 13:30:00-05:00,478.8599853515625,481.6700134277344,478.82000732421875,480.6099853515625
2026-01-28 14:30:00-05:00,480.6549987792969,481.4700012207031,479.5,479.7900085449219
2026-01-28 15:30:00-05:00,479.7799987792969,483.3299865722656,479.2099914550781,481.7200012207031
2026-01-29 09:30:00-05:00,439.864990234375,442.29998779296875,423.92999267578125,426.3299865722656
2026-01-29 10:30:00-05:00,426.3699951171875,426.7200012207031,421.0199890136719,422.6499938964844
2026-01-29 11:30:00-05:00,422.6600036621094,425.3999938964844,422.54998779296875,424.78118896484375
2026-01-29 12:30:00-05:00,424.7699890136719,425.6700134277344,423.010009765625,423.94970703125
2026-01-29 13:30:00-05:00,423.9495849609375,424.8299865722656,423.010009765625,423.82000732421875
2026-01-29 14:30:00-05:00,423.79998779296875,427.5299987792969,423.1200866699219,427.31671142578125
2026-01-29 15:30:00-05:00,427.3450012207031,433.489990234375,427.20001220703125,433.4800109863281
2026-01-30 09:30:00-05:00,439.1700134277344,439.4700012207031,432.4100036621094,432.875
2026-01-30 10:30:00-05:00,432.8500061035156,434.510009765625,429.54998779296875,431.2500915527344
2026-01-30 11:30:00-05:00,431.2200012207031,432.6499938964844,429.3599853515625,432.07000732421875
2026-01-30 12:30:00-05:00,432.010009765625,432.6300048828125,430.3934020996094,431.1000061035156
2026-01-30 13:30:00-05:00,431.1000061035156,431.8900146484375,429.510009765625,431.05999755859375
2026-01-30 14:30:00-05:00,431.04998779296875,431.1792907714844,426.45001220703125,427.260009765625
2026-01-30 15:30:00-05:00,427.2699890136719,430.4200134277344,427.19000244140625,430.3900146484375
2026-02-02 09:30:00-05:00,430.2550048828125,430.7359924316406,424.5199890136719,427.760009765625
2026-02-02 10:30:00-05:00,427.7699890136719,428.17999267578125,425.739990234375,425.8399963378906
2026-02-02 11:30:00-05:00,425.7900085449219,426.25,424.20001220703125,424.8999938964844
2026-02-02 12:30:00-05:00,424.8999938964844,425.69000244140625,424.3800048828125,424.8900146484375
2026-02-02 13:30:00-05:00,424.8699951171875,425.0799865722656,423.7799987792969,423.95001220703125
2026-02-02 14:30:00-05:00,423.92999267578125,424.9200134277344,422.25,424.2200012207031
2026-02-02 15:30:00-05:00,424.2149963378906,424.79998779296875,423.1400146484375,423.30999755859375
2026-02-03 09:30:00-05:00,422.010009765625,422.010009765625,412.110107421875,412.30999755859375
2026-02-03 10:30:00-05:00,412.2283935546875,414.67999267578125,411.32000732421875,413.2200012207031
2026-02-03 11:30:00-05:00,413.25,413.55999755859375,411.05999755859375,411.13751220703125
2026-02-03 12:30:00-05:00,411.1199951171875,412.80999755859375,409.3699951171875,412.3500061035156
2026-02-03 13:30:00-05:00,412.29998779296875,412.3599853515625,409.4280090332031,410.92498779296875
2026-02-03 14:30:00-05:00,410.9599914550781,411.07989501953125,408.57000732421875,409.7099914550781
2026-02-03 15:30:00-05:00,409.6700134277344,411.3500061035156,409.0140075683594,411.2900085449219
2026-02-04 09:30:00-05:00,411.05999755859375,418.0899963378906,409.260009765625,417.9750061035156
2026-02-04 10:30:00-05:00,418.010009765625,418.0899963378906,414.0299987792969,416.5101013183594
2026-02-04 11:30:00-05:00,416.489990234375,416.5398864746094,413.1400146484375,413.29998779296875
2026-02-04 12:30:00-05:00,413.2900085449219,415.75,412.4501037597656,415.42999267578125
2026-02-04 13:30:00-05:00,415.4200134277344,418.32000732421875,414.8800048828125,417.4100036621094
2026-02-04 14:30:00-05:00,417.42999267578125,418.6700134277344,415.1400146484375,415.1600036621094
2026-02-04 15:30:00-05:00,415.1400146484375,415.8800048828125,412.67999267578125,414.2200012207031
2026-02-05 09:30:00-05:00,407.7699890136719,408.29998779296875,397.70001220703125,401.71051025390625
2026-02-05 10:30:00-05:00,401.67999267578125,404.70001220703125,399.1499938964844,404.3299865722656
2026-02-05 11:30:00-05:00,404.3800048828125,406.1698913574219,403.4599914550781,405.69000244140625
2026-02-05 12:30:00-05:00,405.760009765625,406.30999755859375,400.7300109863281,401.30999755859375
2026-02-05 13:30:00-05:00,401.32000732421875,402.2300109863281,397.80999755859375,397.8599853515625
2026-02-05 14:30:00-05:00,397.8299865722656,398.3999938964844,392.9100036621094,393.42498779296875
2026-02-05 15:30:00-05:00,393.4200134277344,394.5,392.3299865722656,393.6000061035156
2026-02-06 09:30:00-05:00,399.1650085449219,400.4299011230469,393.75,395.614990234375
2026-02-06 10:30:00-05:00,395.5799865722656,398.239990234375,392.9200134277344,397.43499755859375
2026-02-06 11:30:00-05:00,397.3999938964844,398.3800048828125,395.5299987792969,397.95001220703125
2026-02-06 12:30:00-05:00,397.95001220703125,401.30999755859375,397.0899963378906,399.4750061035156
2026-02-06 13:30:00-05:00,399.52630615234375,400.0899963378906,397.06500244140625,399.1400146484375
2026-02-06 14:30:00-05:00,399.1600036621094,400.0899963378906,398.9649963378906,399.6600036621094
2026-02-06 15:30:00-05:00,399.6300048828125,401.7900085449219,399.2799987792969,400.8500061035156
2026-02-09 09:30:00-05:00,404.79998779296875,410.8800048828125,400.8699951171875,409.9200134277344
2026-02-09 10:30:00-05:00,409.92498779296875,412.1600036621094,409.6099853515625,412.0150146484375
2026-02-09 11:30:00-05:00,412.0,412.8999938964844,411.45001220703125,412.2699890136719
2026-02-09 12:30:00-05:00,412.3299865722656,412.9200134277344,411.75,411.9849853515625
2026-02-09 13:30:00-05:00,411.9800109863281,414.55999755859375,411.8800048828125,414.4949951171875
2026-02-09 14:30:00-05:00,414.4949951171875,414.8900146484375,412.6499938964844,412.9800109863281
2026-02-09 15:30:00-05:00,412.9750061035156,414.489990234375,412.45001220703125,413.625
2026-02-10 09:30:00-05:00,419.6199951171875,423.67999267578125,414.739990234375,420.82501220703125
2026-02-10 10:30:00-05:00,420.7699890136719,422.6700134277344,419.44000244140625,420.2749938964844
2026-02-10 11:30:00-05:00,420.2799987792969,420.7799987792969,419.7099914550781,420.21990966796875
2026-02-10 12:30:00-05:00,420.20001220703125,420.44000244140625,416.05999755859375,416.1000061035156
2026-02-10 13:30:00-05:00,416.07000732421875,417.6200866699219,415.9580078125,416.68499755859375
2026-02-10 14:30:00-05:00,416.7300109863281,417.05999755859375,413.3800048828125,414.51361083984375
2026-02-10 15:30:00-05:00,414.4700012207031,414.968994140625,412.70001220703125,413.32000732421875
2026-02-11 09:30:00-05:00,416.093994140625,416.4599914550781,402.82000732421875,403.79998779296875
2026-02-11 10:30:00-05:00,403.82159423828125,405.6700134277344,402.3800048828125,402.39691162109375
2026-02-11 11:30:00-05:00,402.360107421875,404.1000061035156,401.010009765625,403.5799865722656
2026-02-11 12:30:00-05:00,403.57000732421875,404.489990234375,402.32000732421875,404.06500244140625
2026-02-11 13:30:00-05:00,404.06500244140625,405.6199951171875,403.739990234375,405.2699890136719
2026-02-11 14:30:00-05:00,405.2900085449219,405.32000732421875,403.6400146484375,403.9794921875
2026-02-11 15:30:00-05:00,403.9599914550781,405.19000244140625,403.02801513671875,404.20001220703125
2026-02-12 09:30:00-05:00,405.0,405.3399963378906,400.2300109863281,402.43499755859375
2026-02-12 10:30:00-05:00,402.44000244140625,402.8500061035156,398.010009765625,399.5400085449219
2026-02-12 11:30:00-05:00,399.55999755859375,402.93499755859375,398.4700012207031,402.42999267578125
2026-02-12 12:30:00-05:00,402.4150085449219,404.6000061035156,402.3299865722656,404.2699890136719
2026-02-12 13:30:00-05:00,404.2950134277344,406.20001220703125,403.6199951171875,405.2650146484375
2026-02-12 14:30:00-05:00,405.2650146484375,406.1499938964844,403.3299865722656,403.4700012207031
2026-02-12 15:30:00-05:00,403.5150146484375,404.1499938964844,400.69000244140625,401.8800048828125
2026-02-13 09:30:00-05:00,404.1700134277344,405.5400085449219,400.3299865722656,403.8949890136719
2026-02-13 10:30:00-05:00,403.8500061035156,404.94000244140625,398.05999755859375,399.6600036621094
2026-02-13 11:30:00-05:00,399.6499938964844,404.0350036621094,399.25,403.8500061035156
2026-02-13 12:30:00-05:00,403.8550109863281,404.8999938964844,402.8599853515625,404.55499267578125
2026-02-13 13:30:00-05:00,404.5400085449219,404.875,402.9100036621094,403.0299987792969
2026-02-13 14:30:00-05:00,402.9949951171875,403.6600036621094,400.5400085449219,400.7304992675781
2026-02-13 15:30:00-05:00,400.7200012207031,401.79998779296875,400.0799865722656,401.1600036621094
2026-02-17 09:30:00-05:00,399.2550048828125,400.05999755859375,394.5249938964844,396.8999938964844
2026-02-17 10:30:00-05:00,396.9599914550781,400.5199890136719,395.510009765625,398.8900146484375
2026-02-17 11:30:00-05:00,398.8599853515625,399.4800109863281,396.1600036621094,397.6000061035156
2026-02-17 12:30:00-05:00,397.5799865722656,397.69000244140625,394.70098876953125,396.9200134277344
2026-02-17 13:30:00-05:00,396.8800048828125,398.1400146484375,396.3399963378906,396.50189208984375
2026-02-17 14:30:00-05:00,396.5199890136719,397.7900085449219,396.3699951171875,396.3949890136719
2026-02-17 15:30:00-05:00,396.3900146484375,397.8699951171875,396.0,396.7900085449219
2026-02-18 09:30:00-05:00,398.20001220703125,400.92999267578125,396.32000732421875,399.82000732421875
2026-02-18 10:30:00-05:00,399.8900146484375,402.55999755859375,399.3999938964844,401.3800048828125
2026-02-18 11:30:00-05:00,401.3599853515625,402.1499938964844,400.7749938964844,401.1199951171875
2026-02-18 12:30:00-05:00,401.1000061035156,401.9100036621094,400.849609375,401.2200012207031
2026-02-18 13:30:00-05:00,401.2099914550781,401.42999267578125,399.7300109863281,400.5799865722656
2026-02-18 14:30:00-05:00,400.57000732421875,400.79998779296875,398.8699951171875,399.3699951171875
2026-02-18 15:30:00-05:00,399.3299865722656,400.5,399.3299865722656,399.5249938964844
2026-02-19 09:30:00-05:00,400.69000244140625,404.42999267578125,397.8800048828125,400.6000061035156
2026-02-19 10:30:00-05:00,400.6199951171875,401.6050109863281,399.79998779296875,400.0899963378906
2026-02-19 11:30:00-05:00,400.0799865722656,400.239990234375,398.3500061035156,399.07000732421875
2026-02-19 12:30:00-05:00,399.07501220703125,399.3299865722656,397.1000061035156,398.2023010253906
2026-02-19 13:30:00-05:00,398.18499755859375,398.489990234375,397.30999755859375,397.67999267578125
2026-02-19 14:30:00-05:00,397.67669677734375,397.82000732421875,396.6700134277344,397.260009765625
2026-02-19 15:30:00-05:00,397.239990234375,398.6499938964844,396.8999938964844,398.4100036621094
2026-02-20 09:30:00-05:00,396.1499938964844,399.2699890136719,395.1600036621094,396.80999755859375
2026-02-20 10:30:00-05:00,396.79998779296875,400.11590576171875,396.1600036621094,397.55999755859375
2026-02-20 11:30:00-05:00,397.5205993652344,399.760009765625,395.989990234375,396.864990234375
2026-02-20 12:30:00-05:00,396.8800048828125,397.8399963378906,396.2099914550781,396.9849853515625
2026-02-20 13:30:00-05:00,396.95001220703125,399.010009765625,396.5199890136719,396.8900146484375
2026-02-20 14:30:00-05:00,396.9100036621094,397.8699951171875,396.75,396.82000732421875
2026-02-20 15:30:00-05:00,396.80999755859375,397.8699951171875,396.5249938964844,397.25
2026-02-23 09:30:00-05:00,395.19000244140625,395.30999755859375,387.0899963378906,388.42999267578125
2026-02-23 10:30:00-05:00,388.3901062011719,389.239990234375,385.1000061035156,386.5610046386719
2026-02-23 11:30:00-05:00,386.5400085449219,386.95001220703125,385.20001220703125,386.44000244140625
2026-02-23 12:30:00-05:00,386.42999267578125,387.9800109863281,385.9200134277344,386.7850036621094
2026-02-23 13:30:00-05:00,386.7900085449219,387.5299987792969,386.04998779296875,386.1700134277344
2026-02-23 14:30:00-05:00,386.1809997558594,386.4700012207031,383.2099914550781,383.2731018066406
2026-02-23 15:30:00-05:00,383.260009765625,384.6400146484375,383.1000061035156,384.5199890136719
2026-02-24 09:30:00-05:00,384.1400146484375,389.3599853515625,381.739990234375,388.2250061035156
2026-02-24 10:30:00-05:00,388.21380615234375,388.260009765625,385.8800048828125,386.68499755859375
2026-02-24 11:30:00-05:00,386.68499755859375,387.1300048828125,385.6000061035156,386.44500732421875
2026-02-24 12:30:00-05:00,386.4200134277344,387.70989990234375,385.989990234375,386.3999938964844
2026-02-24 13:30:00-05:00,386.4100036621094,388.6099853515625,386.1700134277344,387.5050048828125
2026-02-24 14:30:00-05:00,387.4800109863281,388.5,387.1600036621094,388.159912109375
2026-02-24 15:30:00-05:00,388.1400146484375,389.2300109863281,387.9200134277344,389.0
2026-02-25 09:30:00-05:00,390.23748779296875,399.3999938964844,390.20001220703125,398.94000244140625
2026-02-25 10:30:00-05:00,398.93499755859375,400.25,396.5899963378906,397.489990234375
2026-02-25 11:30:00-05:00,397.50799560546875,398.1199951171875,396.4599914550781,397.3299865722656
2026-02-25 12:30:00-05:00,397.3599853515625,399.1000061035156,397.04998779296875,398.7349853515625
2026-02-25 13:30:00-05:00,398.760009765625,399.94000244140625,398.3900146484375,398.70001220703125
2026-02-25 14:30:00-05:00,398.7214050292969,400.9800109863281,397.94000244140625,400.9599914550781
2026-02-25 15:30:00-05:00,400.9599914550781,401.4700012207031,399.7200012207031,400.489990234375
2026-02-26 09:30:00-05:00,404.635009765625,407.489990234375,400.3663024902344,401.6700134277344
2026-02-26 10:30:00-05:00,401.70001220703125,404.1799011230469,399.69000244140625,400.9800109863281
2026-02-26 11:30:00-05:00,400.94000244140625,401.0799865722656,398.739990234375,400.8999938964844
2026-02-26 12:30:00-05:00,400.8900146484375,401.44989013671875,399.0849914550781,400.1700134277344
2026-02-26 13:30:00-05:00,400.07000732421875,402.7398986816406,400.07000732421875,401.2799987792969
2026-02-26 14:30:00-05:00,401.2799987792969,402.8999938964844,400.94000244140625,401.30999755859375
2026-02-26 15:30:00-05:00,401.2900085449219,402.0,401.05999755859375,401.80999755859375
2026-02-27 09:30:00-05:00,390.99249267578125,395.2699890136719,390.0,394.1499938964844
2026-02-27 10:30:00-05:00,394.0799865722656,396.79998779296875,393.6199951171875,393.8399963378906
2026-02-27 11:30:00-05:00,393.8900146484375,395.80780029296875,393.7749938964844,394.8399963378906
2026-02-27 12:30:00-05:00,394.8399963378906,395.42999267578125,393.3700866699219,394.1099853515625
2026-02-27 13:30:00-05:00,394.1000061035156,394.2439880371094,392.69000244140625,393.0299987792969
2026-02-27 14:30:00-05:00,393.05999755859375,394.9700012207031,392.4200134277344,393.80499267578125
2026-02-27 15:30:00-05:00,393.7900085449219,394.1199951171875,390.1499938964844,392.67999267578125
2026-03-02 09:30:00-05:00,392.760009765625,399.67999267578125,390.6300048828125,398.57000732421875
2026-03-02 10:30:00-05:00,398.5799865722656,400.1300048828125,396.8800048828125,397.08599853515625
2026-03-02 11:30:00-05:00,397.1000061035156,401.19000244140625,396.3100891113281,400.20001220703125
2026-03-02 12:30:00-05:00,400.20001220703125,400.70001220703125,399.4100036621094,400.2900085449219
2026-03-02 13:30:00-05:00,400.30999755859375,400.69000244140625,398.5,399.8500061035156
2026-03-02 14:30:00-05:00,399.8800048828125,399.9642028808594,397.20001220703125,397.239990234375
2026-03-02 15:30:00-05:00,397.260009765625,398.8800048828125,396.6199951171875,398.3900146484375
2026-03-03 09:30:00-05:00,393.1400146484375,399.17999267578125,392.67999267578125,393.7601013183594
2026-03-03 10:30:00-05:00,393.760009765625,400.42999267578125,393.739990234375,400.1282043457031
2026-03-03 11:30:00-05:00,400.0849914550781,402.3299865722656,399.1700134277344,401.9150085449219
2026-03-03 12:30:00-05:00,401.9150085449219,405.2799987792969,400.6549987792969,404.5899963378906
2026-03-03 13:30:00-05:00,404.58990478515625,406.70001220703125,404.1499938964844,405.7650146484375
2026-03-03 14:30:00-05:00,405.7799987792969,406.4200134277344,403.1400146484375,403.7250061035156
2026-03-03 15:30:00-05:00,403.7699890136719,404.5,402.7200012207031,403.7799987792969
2026-03-04 09:30:00-05:00,401.1619873046875,406.5834045410156,400.30999755859375,405.3214111328125
2026-03-04 10:30:00-05:00,405.375,405.7300109863281,403.1300048828125,405.6300048828125
2026-03-04 11:30:00-05:00,405.6300048828125,408.9599914550781,404.7300109863281,407.2699890136719
2026-03-04 12:30:00-05:00,407.30999755859375,410.489990234375,406.1099853515625,410.07000732421875
2026-03-04 13:30:00-05:00,410.0450134277344,411.0325927734375,408.6700134277344,409.0199890136719
2026-03-04 14:30:00-05:00,408.98699951171875,409.92999267578125,407.0299987792969,407.9831848144531
2026-03-04 15:30:00-05:00,407.9700012207031,408.17999267578125,405.0,405.0
2026-03-05 09:30:00-05:00,404.43499755859375,411.6099853515625,404.3999938964844,407.3599853515625
2026-03-05 10:30:00-05:00,407.4100036621094,408.67999267578125,405.489990234375,406.6449890136719
2026-03-05 11:30:00-05:00,406.6000061035156,411.6000061035156,406.4200134277344,409.2900085449219
2026-03-05 12:30:00-05:00,409.2900085449219,411.0799865722656,408.1199951171875,408.5400085449219
2026-03-05 13:30:00-05:00,408.5,409.739990234375,407.6000061035156,409.25
2026-03-05 14:30:00-05:00,409.1700134277344,410.5799865722656,407.8330078125,409.8999938964844
2026-03-05 15:30:00-05:00,409.92999267578125,411.30999755859375,409.0779113769531,410.7200012207031
2026-03-06 09:30:00-05:00,409.29998779296875,413.04998779296875,408.95001220703125,411.3500061035156
2026-03-06 10:30:00-05:00,411.32000732421875,412.9800109863281,409.4200134277344,412.07000732421875
2026-03-06 11:30:00-05:00,412.0270080566406,412.8699951171875,410.20001220703125,410.69000244140625
2026-03-06 12:30:00-05:00,410.7099914550781,411.1618957519531,408.7699890136719,409.7900085449219
2026-03-06 13:30:00-05:00,409.8299865722656,411.3599853515625,409.6499938964844,409.9305114746094
2026-03-06 14:30:00-05:00,409.8999938964844,411.5799865722656,409.239990234375,409.3349914550781
2026-03-06 15:30:00-05:00,409.3200988769531,410.1499938964844,408.5101013183594,408.6199951171875
2026-03-09 09:30:00-04:00,404.9150085449219,408.5,403.5,405.07000732421875
2026-03-09 10:30:00-04:00,405.05499267578125,409.1700134277344,404.6300048828125,408.5574951171875
2026-03-09 11:30:00-04:00,408.56500244140625,409.0448913574219,406.80999755859375,406.88238525390625
2026-03-09 12:30:00-04:00,406.94000244140625,407.79998779296875,405.04998779296875,405.17498779296875
2026-03-09 13:30:00-04:00,405.1300048828125,405.489990234375,404.45001220703125,405.010009765625
2026-03-09 14:30:00-04:00,404.9700012207031,407.927001953125,404.3999938964844,407.8900146484375
2026-03-09 15:30:00-04:00,407.885009765625,410.2099914550781,406.8699951171875,409.45001220703125
2026-03-10 09:30:00-04:00,410.0299987792969,410.20001220703125,402.94000244140625,404.4100036621094
2026-03-10 10:30:00-04:00,404.42999267578125,406.6600036621094,404.0299987792969,406.05999755859375
2026-03-10 11:30:00-04:00,406.04998779296875,407.3800048828125,405.20001220703125,407.260009765625
2026-03-10 12:30:00-04:00,407.29998779296875,407.94000244140625,405.8399963378906,406.3800048828125
2026-03-10 13:30:00-04:00,406.364990234375,406.3699951171875,404.1400146484375,405.6600036621094
2026-03-10 14:30:00-04:00,405.6400146484375,405.9599914550781,403.8800048828125,404.7001037597656
2026-03-10 15:30:00-04:00,404.70001220703125,405.95001220703125,404.260009765625,405.760009765625
2026-03-11 09:30:00-04:00,405.8399963378906,409.010009765625,403.30499267578125,404.45001220703125
2026-03-11 10:30:00-04:00,404.45001220703125,405.0,401.5899963378906,402.7300109863281
2026-03-11 11:30:00-04:00,402.8399963378906,403.614990234375,401.8800048828125,403.2799987792969
2026-03-11 12:30:00-04:00,403.25,404.4849853515625,403.0,404.25
2026-03-11 13:30:00-04:00,404.239990234375,404.3999938964844,402.0849914550781,403.635009765625
2026-03-11 14:30:00-04:00,403.6496887207031,404.5,403.2699890136719,403.79998779296875
2026-03-11 15:30:00-04:00,403.82501220703125,405.1549987792969,403.75,404.82000732421875
2026-03-12 09:30:00-04:00,404.8399963378906,405.7699890136719,401.81500244140625,403.5199890136719
2026-03-12 10:30:00-04:00,403.4849853515625,405.80999755859375,402.4132080078125,403.6499938964844
2026-03-12 11:30:00-04:00,403.6400146484375,405.2499084472656,402.67999267578125,404.9150085449219
2026-03-12 12:30:00-04:00,404.8599853515625,406.1199951171875,404.04998779296875,404.32000732421875
2026-03-12 13:30:00-04:00,404.3500061035156,404.8500061035156,402.6300964355469,403.04998779296875
2026-03-12 14:30:00-04:00,403.0299987792969,404.07000732421875,402.5950012207031,403.8399963378906
2026-03-12 15:30:00-04:00,403.8349914550781,403.9599914550781,401.7099914550781,401.8900146484375
2026-03-13 09:30:00-04:00,400.7200012207031,404.79998779296875,399.6300048828125,401.0199890136719
2026-03-13 10:30:00-04:00,401.1300048828125,402.5400085449219,397.5299987792969,397.8418884277344
2026-03-13 11:30:00-04:00,397.8299865722656,398.1899108886719,395.3999938964844,396.4649963378906
2026-03-13 12:30:00-04:00,396.45001220703125,396.7900085449219,394.8999938964844,396.5899963378906
2026-03-13 13:30:00-04:00,396.54998779296875,397.3800048828125,395.1499938964844,396.07000732421875
2026-03-13 14:30:00-04:00,396.07000732421875,396.57000732421875,394.510009765625,394.5899963378906
2026-03-13 15:30:00-04:00,394.572509765625,395.760009765625,394.25,395.6099853515625
2026-03-16 09:30:00-04:00,397.94500732421875,398.1400146484375,394.7900085449219,397.3240051269531
2026-03-16 10:30:00-04:00,397.3299865722656,398.07989501953125,396.1499938964844,397.70989990234375
2026-03-16 11:30:00-04:00,397.69500732421875,399.6098937988281,397.6700134277344,397.9800109863281
2026-03-16 12:30:00-04:00,397.9200134277344,399.5150146484375,397.6300048828125,398.81500244140625
2026-03-16 13:30:00-04:00,398.81500244140625,399.510009765625,397.6650085449219,398.8999938964844
2026-03-16 14:30:00-04:00,398.9200134277344,400.6300048828125,398.69000244140625,399.8450012207031
2026-03-16 15:30:00-04:00,399.80999755859375,400.04998779296875,398.760009765625,399.9599914550781
2026-03-17 09:30:00-04:00,400.135009765625,404.3999938964844,398.7799987792969,400.375
2026-03-17 10:30:00-04:00,400.3599853515625,400.54998779296875,398.4599914550781,399.07000732421875
2026-03-17 11:30:00-04:00,399.06500244140625,399.59130859375,397.7449951171875,398.56500244140625
2026-03-17 12:30:00-04:00,398.56500244140625,400.3599853515625,398.56500244140625,399.80999755859375
2026-03-17 13:30:00-04:00,399.82000732421875,399.9599914550781,398.6499938964844,398.7994079589844
2026-03-17 14:30:00-04:00,398.7699890136719,399.3599853515625,398.4599914550781,398.8136901855469
2026-03-17 15:30:00-04:00,398.8399963378906,399.739990234375,398.7149963378906,399.5
2026-03-18 09:30:00-04:00,397.0450134277344,398.0,394.4200134277344,394.614990234375
2026-03-18 10:30:00-04:00,394.5967102050781,396.0400085449219,394.3299865722656,395.75
2026-03-18 11:30:00-04:00,395.7200012207031,396.1600036621094,393.6600036621094,393.8299865722656
2026-03-18 12:30:00-04:00,393.79998779296875,393.9700012207031,392.42999267578125,392.739990234375
2026-03-18 13:30:00-04:00,392.760009765625,395.0,392.5400085449219,393.7250061035156
2026-03-18 14:30:00-04:00,393.7099914550781,393.80999755859375,391.7200012207031,392.32000732421875
2026-03-18 15:30:00-04:00,392.31561279296875,392.4599914550781,391.0,391.67498779296875
2026-03-19 09:30:00-04:00,390.0299987792969,392.489990234375,388.010009765625,388.7699890136719
2026-03-19 10:30:00-04:00,388.7850036621094,391.20001220703125,388.67498779296875,389.30999755859375
2026-03-19 11:30:00-04:00,389.30499267578125,390.1199951171875,388.7200012207031,388.95001220703125
2026-03-19 12:30:00-04:00,389.0,389.21990966796875,387.5101013183594,387.92999267578125
2026-03-19 13:30:00-04:00,387.95001220703125,388.4700012207031,387.5,387.6300048828125
2026-03-19 14:30:00-04:00,387.6300048828125,390.3659973144531,387.05999755859375,388.42999267578125
2026-03-19 15:30:00-04:00,388.4800109863281,389.45001220703125,387.7799987792969,388.87799072265625
2026-03-20 09:30:00-04:00,386.260009765625,387.0,382.260009765625,385.67999267578125
2026-03-20 10:30:00-04:00,385.6700134277344,385.864990234375,382.6300048828125,383.3999938964844
2026-03-20 11:30:00-04:00,383.3999938964844,385.3500061035156,383.2001037597656,384.6000061035156
2026-03-20 12:30:00-04:00,384.57501220703125,384.67999267578125,382.8500061035156,383.3699951171875
2026-03-20 13:30:00-04:00,383.29998779296875,383.57000732421875,382.0387878417969,382.4397888183594
2026-03-20 14:30:00-04:00,382.4599914550781,382.510009765625,381.32000732421875,382.0950012207031
2026-03-20 15:30:00-04:00,382.1099853515625,382.3699951171875,380.1199951171875,381.8699951171875
2026-03-23 09:30:00-04:00,383.9949951171875,387.2099914550781,383.5199890136719,385.489990234375
2026-03-23 10:30:00-04:00,385.489990234375,387.1499938964844,384.95001220703125,386.7250061035156
2026-03-23 11:30:00-04:00,386.75,386.9299011230469,382.3500061035156,382.5299987792969
2026-03-23 12:30:00-04:00,382.5,383.64990234375,381.67999267578125,382.32000732421875
2026-03-23 13:30:00-04:00,382.3399963378906,384.0150146484375,382.2200012207031,382.465087890625
2026-03-23 14:30:00-04:00,382.4649963378906,383.6400146484375,382.3599853515625,382.95001220703125
2026-03-23 15:30:00-04:00,382.95001220703125,384.07501220703125,382.8299865722656,382.9800109863281
2026-03-24 09:30:00-04:00,382.4100036621094,382.4700012207031,372.3999938964844,372.80999755859375
2026-03-24 10:30:00-04:00,372.80499267578125,376.1600036621094,372.2799987792969,373.5365905761719
2026-03-24 11:30:00-04:00,373.5400085449219,374.260009765625,372.1499938964844,373.95001220703125
2026-03-24 12:30:00-04:00,373.9150085449219,374.2300109863281,371.8500061035156,372.8299865722656
2026-03-24 13:30:00-04:00,372.8299865722656,374.2455139160156,372.4100036621094,373.9200134277344
2026-03-24 14:30:00-04:00,373.9100036621094,375.44000244140625,373.20001220703125,373.9700012207031
2026-03-24 15:30:00-04:00,373.9800109863281,374.260009765625,372.0,372.75
2026-03-25 09:30:00-04:00,376.9200134277344,377.05999755859375,372.6199951171875,373.739990234375
2026-03-25 10:30:00-04:00,373.75,374.19879150390625,369.739990234375,371.4150085449219
2026-03-25 11:30:00-04:00,371.4150085449219,371.57000732421875,369.9800109863281,370.875
2026-03-25 12:30:00-04:00,370.875,371.6600036621094,370.4200134277344,371.3900146484375
2026-03-25 13:30:00-04:00,371.3999938964844,371.510009765625,369.989990234375,370.0299987792969
2026-03-25 14:30:00-04:00,370.0400085449219,370.7300109863281,369.6300048828125,370.3900146484375
2026-03-25 15:30:00-04:00,370.3800048828125,371.3599853515625,370.04998779296875,371.0299987792969
2026-03-26 09:30:00-04:00,370.81500244140625,374.71990966796875,369.2900085449219,371.94000244140625
2026-03-26 10:30:00-04:00,371.95001220703125,372.3999938964844,369.54998779296875,369.9800109863281
2026-03-26 11:30:00-04:00,369.9800109863281,370.07000732421875,367.04998779296875,367.4200134277344
2026-03-26 12:30:00-04:00,367.4200134277344,368.55999755859375,367.0299987792969,368.44000244140625
2026-03-26 13:30:00-04:00,368.4200134277344,368.6499938964844,366.3900146484375,366.3900146484375
2026-03-26 14:30:00-04:00,366.4200134277344,366.7699890136719,365.2101135253906,365.54998779296875
2026-03-26 15:30:00-04:00,365.55999755859375,366.3699951171875,365.19000244140625,365.75
2026-03-27 09:30:00-04:00,362.0400085449219,362.42498779296875,356.5799865722656,358.3500061035156
2026-03-27 10:30:00-04:00,358.3550109863281,360.8299865722656,358.2900085449219,360.44500732421875
2026-03-27 11:30:00-04:00,360.44500732421875,360.9599914550781,359.1099853515625,359.9700012207031
2026-03-27 12:30:00-04:00,360.0,360.1400146484375,358.70001220703125,358.9367980957031
2026-03-27 13:30:00-04:00,358.9200134277344,359.4399108886719,358.20001220703125,358.7974853515625
2026-03-27 14:30:00-04:00,358.80499267578125,359.3299865722656,356.8999938964844,357.5
2026-03-27 15:30:00-04:00,357.510009765625,357.82000732421875,356.510009765625,356.6499938964844
2026-03-30 09:30:00-04:00,361.8949890136719,362.6499938964844,358.3699951171875,362.489990234375
2026-03-30 10:30:00-04:00,362.4700012207031,365.3500061035156,362.3900146484375,362.989990234375
2026-03-30 11:30:00-04:00,362.9700012207031,365.19000244140625,361.9700012207031,362.0
2026-03-30 12:30:00-04:00,362.0,362.30999755859375,359.1300048828125,359.7799987792969
2026-03-30 13:30:00-04:00,359.7850036621094,360.0299987792969,357.80999755859375,357.8900146484375
2026-03-30 14:30:00-04:00,357.8900146484375,360.239990234375,356.2799987792969,356.9750061035156
2026-03-30 15:30:00-04:00,356.989990234375,359.6099853515625,356.8299865722656,358.760009765625
2026-03-31 09:30:00-04:00,364.6300048828125,368.1499938964844,364.375,365.45001220703125
2026-03-31 10:30:00-04:00,365.4601135253906,365.55999755859375,363.07000732421875,364.2497863769531
2026-03-31 11:30:00-04:00,364.20001220703125,365.14990234375,363.6499938964844,365.04998779296875
2026-03-31 12:30:00-04:00,365.0450134277344,370.57000732421875,364.2950134277344,368.8800048828125
2026-03-31 13:30:00-04:00,368.8599853515625,370.1499938964844,368.0400085449219,369.8468017578125
2026-03-31 14:30:00-04:00,369.80999755859375,371.70001220703125,369.42999267578125,371.0899963378906
2026-03-31 15:30:00-04:00,371.1400146484375,372.8999938964844,369.75,370.1600036621094
2026-04-01 09:30:00-04:00,373.1600036621094,373.989990234375,368.20001220703125,371.510009765625
2026-04-01 10:30:00-04:00,371.5299987792969,372.5,370.1700134277344,371.2349853515625
2026-04-01 11:30:00-04:00,371.239990234375,372.8399963378906,370.75,372.6099853515625
2026-04-01 12:30:00-04:00,372.6400146484375,372.8800048828125,371.8800048828125,371.8900146484375
2026-04-01 13:30:00-04:00,371.90618896484375,372.0199890136719,368.94000244140625,369.05999755859375
2026-04-01 14:30:00-04:00,369.07501220703125,369.9100036621094,368.7250061035156,369.2850036621094
2026-04-01 15:30:00-04:00,369.2850036621094,369.7699890136719,368.8699951171875,369.45001220703125
2026-04-02 09:30:00-04:00,367.2049865722656,367.6099853515625,364.1499938964844,366.7049865722656
2026-04-02 10:30:00-04:00,366.69000244140625,371.2200012207031,366.54998779296875,370.80999755859375
2026-04-02 11:30:00-04:00,370.8500061035156,371.29998779296875,369.3949890136719,369.7471008300781
2026-04-02 12:30:00-04:00,369.7349853515625,371.8900146484375,369.4649963378906,371.5799865722656
2026-04-02 13:30:00-04:00,371.6000061035156,371.8399963378906,370.510009765625,371.0494079589844
2026-04-02 14:30:00-04:00,371.0199890136719,373.20001220703125,370.7250061035156,372.57989501953125
2026-04-02 15:30:00-04:00,372.55499267578125,373.6000061035156,372.0101013183594,373.5
2026-04-06 09:30:00-04:00,373.4599914550781,373.7300109863281,369.50140380859375,372.6499938964844
2026-04-06 10:30:00-04:00,372.70001220703125,372.989990234375,371.1400146484375,371.3699951171875
2026-04-06 11:30:00-04:00,371.3999938964844,372.0899963378906,370.8299865722656,372.0050048828125
2026-04-06 12:30:00-04:00,372.0,373.0,370.6900939941406,372.2650146484375
2026-04-06 13:30:00-04:00,372.25,373.6600036621094,371.4800109863281,372.92999267578125
2026-04-06 14:30:00-04:00,372.92498779296875,373.32000732421875,372.1199951171875,372.4100036621094
2026-04-06 15:30:00-04:00,372.3800048828125,373.1499938964844,371.7699890136719,372.8609924316406
2026-04-07 09:30:00-04:00,370.3450012207031,371.4800109863281,367.8999938964844,369.7349853515625
2026-04-07 10:30:00-04:00,369.7349853515625,370.0299987792969,366.57000732421875,368.114990234375
2026-04-07 11:30:00-04:00,368.114990234375,370.8599853515625,367.885009765625,370.7099914550781
2026-04-07 12:30:00-04:00,370.67999267578125,371.17999267578125,370.0799865722656,370.3172912597656
2026-04-07 13:30:00-04:00,370.3299865722656,371.7799987792969,370.0400085449219,370.24951171875
2026-04-07 14:30:00-04:00,370.260009765625,371.6099853515625,368.6499938964844,370.8500061035156
2026-04-07 15:30:00-04:00,370.8500061035156,372.45001220703125,370.2300109863281,372.2699890136719
2026-04-08 09:30:00-04:00,384.9800109863281,385.0,378.25,378.69500732421875
2026-04-08 10:30:00-04:00,378.7099914550781,379.4198913574219,376.95001220703125,377.42999267578125
2026-04-08 11:30:00-04:00,377.4800109863281,379.0,377.1099853515625,378.0299987792969
2026-04-08 12:30:00-04:00,378.0400085449219,378.7992858886719,376.489990234375,376.760009765625
2026-04-08 13:30:00-04:00,376.760009765625,376.9599914550781,373.8800048828125,374.3999938964844
2026-04-08 14:30:00-04:00,374.3999938964844,374.5,371.4100036621094,371.4700012207031
2026-04-08 15:30:00-04:00,371.45001220703125,374.45001220703125,371.42999267578125,374.29998779296875
2026-04-09 09:30:00-04:00,372.5,372.9599914550781,367.04998779296875,367.55999755859375
2026-04-09 10:30:00-04:00,367.5199890136719,369.864990234375,367.05999755859375,368.8699951171875
2026-04-09 11:30:00-04:00,368.885009765625,372.010009765625,368.3999938964844,371.30999755859375
2026-04-09 12:30:00-04:00,371.29998779296875,372.92999267578125,371.0450134277344,371.875
2026-04-09 13:30:00-04:00,371.8699951171875,372.8099060058594,368.8500061035156,369.57000732421875
2026-04-09 14:30:00-04:00,369.5893859863281,372.42999267578125,369.4200134277344,372.2699890136719
2026-04-09 15:30:00-04:00,372.2699890136719,373.5,372.010009765625,373.010009765625
2026-04-10 09:30:00-04:00,372.8999938964844,375.6400146484375,371.1000061035156,372.95001220703125
2026-04-10 10:30:00-04:00,372.9750061035156,374.2900085449219,371.66119384765625,372.17999267578125
2026-04-10 11:30:00-04:00,372.17999267578125,372.4200134277344,370.1499938964844,372.19000244140625
2026-04-10 12:30:00-04:00,372.2200012207031,372.2398986816406,370.87200927734375,370.92010498046875
2026-04-10 13:30:00-04:00,370.8900146484375,371.20001220703125,370.0299987792969,370.3599853515625
2026-04-10 14:30:00-04:00,370.3800048828125,371.7550048828125,370.05999755859375,371.4800109863281
2026-04-10 15:30:00-04:00,371.489990234375,371.70001220703125,370.5899963378906,370.8699951171875
2026-04-13 09:30:00-04:00,373.5299987792969,377.9100036621094,371.0199890136719,377.43499755859375
2026-04-13 10:30:00-04:00,377.4750061035156,380.55999755859375,375.9700012207031,380.3999938964844
2026-04-13 11:30:00-04:00,380.385009765625,381.57000732421875,379.2850036621094,381.4100036621094
2026-04-13 12:30:00-04:00,381.42498779296875,381.8800048828125,380.0450134277344,381.69000244140625
2026-04-13 13:30:00-04:00,381.697998046875,382.32000732421875,381.2099914550781,381.80999755859375
2026-04-13 14:30:00-04:00,381.81500244140625,382.6700134277344,381.590087890625,382.3500061035156
2026-04-13 15:30:00-04:00,382.3500061035156,384.5400085449219,382.25,384.3699951171875
2026-04-14 09:30:00-04:00,387.8399963378906,394.46990966796875,386.5199890136719,392.5538024902344
2026-04-14 10:30:00-04:00,392.53509521484375,393.5899963378906,390.40008544921875,391.6401062011719
2026-04-14 11:30:00-04:00,391.67999267578125,394.6199951171875,391.6600036621094,394.3299865722656
2026-04-14 12:30:00-04:00,394.32000732421875,394.6300048828125,393.4100036621094,394.1549987792969
2026-04-14 13:30:00-04:00,394.1600036621094,394.69000244140625,390.3140869140625,391.2550048828125
2026-04-14 14:30:00-04:00,391.27508544921875,392.42999267578125,390.92999267578125,392.2850036621094
2026-04-14 15:30:00-04:00,392.2799987792969,393.7200012207031,392.1404113769531,393.1099853515625
2026-04-15 09:30:00-04:00,397.8500061035156,406.8800048828125,396.7300109863281,406.0899963378906
2026-04-15 10:30:00-04:00,406.0950012207031,408.8900146484375,405.44000244140625,407.9100036621094
2026-04-15 11:30:00-04:00,407.92999267578125,409.45001220703125,406.61749267578125,409.17999267578125
2026-04-15 12:30:00-04:00,409.16009521484375,409.94000244140625,407.4599914550781,409.7349853515625
2026-04-15 13:30:00-04:00,409.7349853515625,412.6700134277344,409.2200012207031,412.4200134277344
2026-04-15 14:30:00-04:00,412.42999267578125,414.3699035644531,412.42999267578125,413.2200012207031
2026-04-15 15:30:00-04:00,413.2149963378906,413.2149963378906,410.7214050292969,411.2727966308594
2026-04-16 09:30:00-04:00,419.989990234375,420.0,412.1400146484375,414.9100036621094
2026-04-16 10:30:00-04:00,414.8500061035156,418.1199951171875,413.8699951171875,416.57000732421875
2026-04-16 11:30:00-04:00,416.5,420.55999755859375,416.2900085449219,419.30999755859375
2026-04-16 12:30:00-04:00,419.3299865722656,420.0299987792969,417.7699890136719,419.0849914550781
2026-04-16 13:30:00-04:00,419.1099853515625,420.0799865722656,417.010009765625,417.4849853515625
2026-04-16 14:30:00-04:00,417.489990234375,419.6899108886719,417.45001220703125,418.3500061035156
2026-04-16 15:30:00-04:00,418.3399963378906,420.82000732421875,418.0740051269531,420.0450134277344
2026-04-17 09:30:00-04:00,424.7900085449219,426.2099914550781,422.95001220703125,425.8450012207031
2026-04-17 10:30:00-04:00,425.8699951171875,431.5799865722656,425.8699951171875,430.32000732421875
2026-04-17 11:30:00-04:00,430.3399963378906,430.75,427.1400146484375,428.6099853515625
2026-04-17 12:30:00-04:00,428.6199951171875,429.4798889160156,423.30999755859375,423.8500061035156
2026-04-17 13:30:00-04:00,423.8699951171875,425.239990234375,420.69000244140625,420.92999267578125
2026-04-17 14:30:00-04:00,420.94000244140625,422.989990234375,420.94000244140625,422.6449890136719
2026-04-17 15:30:00-04:00,422.6449890136719,423.75,422.1300048828125,422.6000061035156
2026-04-20 09:30:00-04:00,421.1449890136719,423.3299865722656,417.1099853515625,419.5
2026-04-20 10:30:00-04:00,419.4700012207031,419.6860046386719,416.29998779296875,418.1499938964844
2026-04-20 11:30:00-04:00,417.9849853515625,418.9200134277344,416.6099853515625,418.8500061035156
2026-04-20 12:30:00-04:00,418.9200134277344,420.1600036621094,418.5245056152344,419.16009521484375
2026-04-20 13:30:00-04:00,419.1300048828125,419.1799011230469,417.80999755859375,418.6199951171875
2026-04-20 14:30:00-04:00,418.6400146484375,418.67999267578125,416.7300109863281,417.3299865722656
2026-04-20 15:30:00-04:00,417.3299865722656,418.1700134277344,416.79998779296875,418.1099853515625
2026-04-21 09:30:00-04:00,419.9750061035156,425.3900146484375,417.2401123046875,425.125
2026-04-21 10:30:00-04:00,425.1482849121094,427.17999267578125,422.9200134277344,424.69500732421875
2026-04-21 11:30:00-04:00,424.6600036621094,426.9200134277344,424.44000244140625,424.95001220703125
2026-04-21 12:30:00-04:00,424.92999267578125,426.4800109863281,423.4100036621094,424.760009765625
2026-04-21 13:30:00-04:00,424.760009765625,426.8999938964844,424.7099914550781,425.7900085449219
2026-04-21 14:30:00-04:00,425.79998779296875,427.17999267578125,425.2900085449219,426.464111328125
2026-04-21 15:30:00-04:00,426.5,426.55999755859375,423.30999755859375,424.25
2026-04-22 09:30:00-04:00,426.17498779296875,431.2900085449219,423.6700134277344,431.125
2026-04-22 10:30:00-04:00,431.135009765625,432.31988525390625,429.5299987792969,432.135009765625
2026-04-22 11:30:00-04:00,432.135009765625,433.19000244140625,431.3900146484375,431.7099914550781
2026-04-22 12:30:00-04:00,431.69000244140625,432.2799987792969,430.3299865722656,431.30999755859375
2026-04-22 13:30:00-04:00,431.32000732421875,431.95001220703125,430.6300048828125,430.7799987792969
2026-04-22 14:30:00-04:00,430.7799987792969,432.19000244140625,430.635009765625,431.9049987792969
2026-04-22 15:30:00-04:00,431.8900146484375,433.6400146484375,431.7900085449219,432.67999267578125
2026-04-23 09:30:00-04:00,419.6600036621094,432.8999938964844,415.79998779296875,418.81500244140625
2026-04-23 10:30:00-04:00,418.8599853515625,423.3599853515625,418.3200988769531,422.5
2026-04-23 11:30:00-04:00,422.4549865722656,423.0,417.80999755859375,417.92999267578125
2026-04-23 12:30:00-04:00,417.9100036621094,418.0799865722656,414.4949951171875,415.20001220703125
2026-04-23 13:30:00-04:00,415.20001220703125,415.7900085449219,411.41009521484375,415.090087890625
2026-04-23 14:30:00-04:00,415.0950012207031,416.7298889160156,414.1600036621094,416.3363037109375
2026-04-23 15:30:00-04:00,416.3550109863281,416.67999267578125,415.0199890136719,415.75
2026-04-24 09:30:00-04:00,416.9849853515625,421.6199951171875,415.8599853515625,417.64990234375
2026-04-24 10:30:00-04:00,417.6499938964844,420.01708984375,417.2200012207031,419.8800048828125
2026-04-24 11:30:00-04:00,419.909912109375,421.94000244140625,418.2550048828125,418.7699890136719
2026-04-24 12:30:00-04:00,418.760009765625,419.95001220703125,418.75,418.82000732421875
2026-04-24 13:30:00-04:00,418.8349914550781,422.07000732421875,418.6499938964844,422.0
2026-04-24 14:30:00-04:00,422.0,424.45001220703125,421.8500061035156,423.6099853515625
2026-04-24 15:30:00-04:00,423.6499938964844,424.8900146484375,423.1700134277344,424.5799865722656
2026-04-27 09:30:00-04:00,422.375,424.67401123046875,417.0700988769531,424.6182861328125
2026-04-27 10:30:00-04:00,424.5849914550781,424.6400146484375,421.3699951171875,422.8900146484375
2026-04-27 11:30:00-04:00,422.92498779296875,424.0199890136719,421.5799865722656,423.6199951171875
2026-04-27 12:30:00-04:00,423.6000061035156,425.17999267578125,423.20001220703125,425.0799865722656
2026-04-27 13:30:00-04:00,425.0799865722656,426.84991455078125,425.0299987792969,426.6400146484375
2026-04-27 14:30:00-04:00,426.6382141113281,427.0799865722656,424.2799987792969,424.6600036621094
2026-04-27 15:30:00-04:00,424.6700134277344,426.17999267578125,424.1600036621094,425.05999755859375
2026-04-28 09:30:00-04:00,424.7200012207031,428.0799865722656,421.8999938964844,426.3901062011719
2026-04-28 10:30:00-04:00,426.4200134277344,426.9800109863281,424.8699951171875,425.8002014160156
2026-04-28 11:30:00-04:00,425.75,428.5799865722656,425.55010986328125,428.4949951171875
2026-04-28 12:30:00-04:00,428.4800109863281,429.19000244140625,427.385009765625,428.7300109863281
2026-04-28 13:30:00-04:00,428.739990234375,429.0299987792969,426.30999755859375,426.6099853515625
2026-04-28 14:30:00-04:00,426.5899963378906,429.05999755859375,426.0799865722656,428.9949951171875
2026-04-28 15:30:00-04:00,429.0098876953125,429.9100036621094,428.6000061035156,429.3599853515625
2026-04-29 09:30:00-04:00,424.57501220703125,426.82000732421875,421.7799987792969,425.20001220703125
2026-04-29 10:30:00-04:00,425.2300109863281,425.8299865722656,424.0400085449219,424.3583068847656
2026-04-29 11:30:00-04:00,424.3699951171875,425.29510498046875,421.739990234375,422.010009765625
2026-04-29 12:30:00-04:00,422.0,423.19000244140625,420.2900085449219,423.1600036621094
2026-04-29 13:30:00-04:00,423.1449890136719,424.2250061035156,422.5199890136719,423.6549987792969
2026-04-29 14:30:00-04:00,423.6549987792969,425.42999267578125,422.9800109863281,424.9800109863281
2026-04-29 15:30:00-04:00,424.9700012207031,425.20001220703125,423.1700134277344,424.6400146484375
2026-04-30 09:30:00-04:00,410.7875061035156,414.4200134277344,400.1300048828125,401.6499938964844
2026-04-30 10:30:00-04:00,401.6199951171875,406.9700012207031,401.1199951171875,403.04998779296875
2026-04-30 11:30:00-04:00,403.0849914550781,403.8800048828125,400.85009765625,400.93499755859375
2026-04-30 12:30:00-04:00,400.9100036621094,401.6700134277344,398.010009765625,401.0199890136719
2026-04-30 13:30:00-04:00,400.9800109863281,406.17181396484375,400.93011474609375,406.1549987792969
2026-04-30 14:30:00-04:00,406.1549987792969,408.94000244140625,406.1000061035156,408.3399963378906
2026-04-30 15:30:00-04:00,408.31500244140625,410.1199951171875,407.5,407.7799987792969
2026-05-01 09:30:00-04:00,412.79998779296875,416.2699890136719,410.43499755859375,412.2950134277344
2026-05-01 10:30:00-04:00,412.3699951171875,414.7499084472656,411.0799865722656,414.5899963378906
2026-05-01 11:30:00-04:00,414.57000732421875,417.1099853515625,413.0,414.32501220703125
2026-05-01 12:30:00-04:00,414.30999755859375,414.6199951171875,412.760009765625,414.4800109863281
2026-05-01 13:30:00-04:00,414.5,416.0,413.9100036621094,415.5867919921875
2026-05-01 14:30:00-04:00,415.54998779296875,416.30999755859375,414.4100036621094,416.2300109863281
2026-05-01 15:30:00-04:00,416.25,417.0899963378906,413.5,414.510009765625
2026-05-04 09:30:00-04:00,411.54998779296875,420.7799987792969,410.79998779296875,419.8800048828125
2026-05-04 10:30:00-04:00,419.8949890136719,420.5,415.4849853515625,415.8999938964844
2026-05-04 11:30:00-04:00,415.92999267578125,416.4800109863281,413.0199890136719,415.71209716796875
2026-05-04 12:30:00-04:00,415.7200012207031,416.2900085449219,413.739990234375,414.57501220703125
2026-05-04 13:30:00-04:00,414.57501220703125,415.5400085449219,414.17999267578125,414.67999267578125
2026-05-04 14:30:00-04:00,414.69000244140625,414.7699890136719,412.0531921386719,413.1700134277344
2026-05-04 15:30:00-04:00,413.1700134277344,413.760009765625,411.9800109863281,413.7099914550781
