date,open,high,low,close
2023-06-06 09:30:00-04:00,38.82999801635742,39.15999984741211,38.635009765625,38.89398956298828
2023-06-06 10:30:00-04:00,38.888999938964844,39.09000015258789,38.76900100708008,38.801002502441406
2023-06-06 11:30:00-04:00,38.8008918762207,38.98699951171875,38.75199890136719,38.76499938964844
2023-06-06 12:30:00-04:00,38.76325225830078,38.78200149536133,38.14800262451172,38.540000915527344
2023-06-06 13:30:00-04:00,38.5364990234375,38.64500045776367,38.40299987792969,38.51900100708008
2023-06-06 14:30:00-04:00,38.51900100708008,38.87200164794922,38.47200012207031,38.769500732421875
2023-06-06 15:30:00-04:00,38.770999908447266,38.779998779296875,38.49500274658203,38.65399932861328
2023-06-07 09:30:00-04:00,38.915000915527344,39.499000549316406,38.80801010131836,38.93980026245117
2023-06-07 10:30:00-04:00,38.935001373291016,38.98198699951172,38.36499786376953,38.61341857910156
2023-06-07 11:30:00-04:00,38.60799789428711,38.75199890136719,38.177772521972656,38.27149963378906
2023-06-07 12:30:00-04:00,38.27300262451172,38.527992248535156,38.12699890136719,38.198997497558594
2023-06-07 13:30:00-04:00,38.204002380371094,38.319000244140625,38.060001373291016,38.19300079345703
2023-06-07 14:30:00-04:00,38.1879997253418,38.198997497558594,37.599998474121094,37.72502899169922
2023-06-07 15:30:00-04:00,37.724998474121094,37.7859992980957,37.35599899291992,37.48299789428711
2023-06-08 09:30:00-04:00,37.7239990234375,38.37300109863281,37.50499725341797,38.082000732421875
2023-06-08 10:30:00-04:00,38.08150100708008,38.538002014160156,38.01499938964844,38.52742004394531
2023-06-08 11:30:00-04:00,38.52799987792969,38.83100128173828,38.46200942993164,38.82749938964844
2023-06-08 12:30:00-04:00,38.82459259033203,38.8640022277832,38.42499923706055,38.46900177001953
2023-06-08 13:30:00-04:00,38.46601104736328,38.584999084472656,38.2760009765625,38.564002990722656
2023-06-08 14:30:00-04:00,38.56700134277344,38.75,38.46900177001953,38.52000045776367
2023-06-08 15:30:00-04:00,38.52000045776367,38.54500198364258,38.38199996948242,38.50400161743164
2023-06-09 09:30:00-04:00,39.0369987487793,39.71099853515625,38.92000198364258,39.538002014160156
2023-06-09 10:30:00-04:00,39.535499572753906,39.61499786376953,39.03900146484375,39.04545974731445
2023-06-09 11:30:00-04:00,39.04100036621094,39.13399887084961,38.588008880615234,38.62300109863281
2023-06-09 12:30:00-04:00,38.61901092529297,39.060997009277344,38.592002868652344,39.020999908447266
2023-06-09 13:30:00-04:00,39.01972961425781,39.183998107910156,39.00501251220703,39.08100128173828
2023-06-09 14:30:00-04:00,39.08399963378906,39.08875274658203,38.720001220703125,38.76700973510742
2023-06-09 15:30:00-04:00,38.77000045776367,38.79899978637695,38.56700134277344,38.763999938964844
2023-06-12 09:30:00-04:00,39.20000076293945,39.32500076293945,38.61800003051758,38.97200012207031
2023-06-12 10:30:00-04:00,38.97098159790039,39.104000091552734,38.62200164794922,38.88100051879883
2023-06-12 11:30:00-04:00,38.8859977722168,39.079002380371094,38.70752716064453,38.84000015258789
2023-06-12 12:30:00-04:00,38.84020233154297,38.979000091552734,38.827999114990234,38.863502502441406
2023-06-12 13:30:00-04:00,38.867000579833984,38.974998474121094,38.78099822998047,38.832359313964844
2023-06-12 14:30:00-04:00,38.82950210571289,39.25299835205078,38.80799865722656,39.24700164794922
2023-06-12 15:30:00-04:00,39.24300003051758,39.529991149902344,39.20000076293945,39.49700164794922
2023-06-13 09:30:00-04:00,40.185997009277344,40.497989654541016,39.75899887084961,39.8697509765625
2023-06-13 10:30:00-04:00,39.874000549316406,40.899898529052734,39.73999786376953,40.71500015258789
2023-06-13 11:30:00-04:00,40.720001220703125,40.86000061035156,40.47999954223633,40.6510009765625
2023-06-13 12:30:00-04:00,40.653499603271484,40.85100173950195,40.527000427246094,40.69300079345703
2023-06-13 13:30:00-04:00,40.69599914550781,40.900001525878906,40.099998474121094,40.247501373291016
2023-06-13 14:30:00-04:00,40.257999420166016,41.05500030517578,40.19200134277344,40.895999908447266
2023-06-13 15:30:00-04:00,40.89899826049805,41.10100173950195,40.7869987487793,41.02399826049805
2023-06-14 09:30:00-04:00,40.823997497558594,41.724998474121094,40.551998138427734,41.512001037597656
2023-06-14 10:30:00-04:00,41.51599884033203,42.2760009765625,41.494041442871094,42.10799789428711
2023-06-14 11:30:00-04:00,42.1140022277832,42.139991760253906,41.667999267578125,41.80799865722656
2023-06-14 12:30:00-04:00,41.80794143676758,42.02399826049805,41.72999954223633,41.87049102783203
2023-06-14 13:30:00-04:00,41.87999725341797,41.98500061035156,41.36800003051758,41.84099197387695
2023-06-14 14:30:00-04:00,41.8380012512207,42.68537902832031,41.724998474121094,42.487998962402344
2023-06-14 15:30:00-04:00,42.49298858642578,43.0,42.418357849121094,42.99708938598633
2023-06-15 09:30:00-04:00,42.60199737548828,42.89800262451172,42.14699935913086,42.7109489440918
2023-06-15 10:30:00-04:00,42.7130012512207,43.077999114990234,42.44818878173828,42.836997985839844
2023-06-15 11:30:00-04:00,42.84000015258789,42.97499084472656,42.66899871826172,42.941471099853516
2023-06-15 12:30:00-04:00,42.9480094909668,43.02199935913086,42.78200149536133,42.96200942993164
2023-06-15 13:30:00-04:00,42.972999572753906,43.194000244140625,42.900001525878906,43.04201126098633
2023-06-15 14:30:00-04:00,43.04800033569336,43.28900146484375,43.040000915527344,43.08250045776367
2023-06-15 15:30:00-04:00,43.082000732421875,43.11000061035156,42.5,42.645999908447266
2023-06-16 09:30:00-04:00,43.45000076293945,43.654998779296875,42.832000732421875,43.63500213623047
2023-06-16 10:30:00-04:00,43.6359977722168,43.64500045776367,43.0369987487793,43.181419372558594
2023-06-16 11:30:00-04:00,43.18199920654297,43.72100067138672,43.16899871826172,43.56801223754883
2023-06-16 12:30:00-04:00,43.560001373291016,43.63098907470703,43.41400909423828,43.510501861572266
2023-06-16 13:30:00-04:00,43.50801086425781,43.56999969482422,43.27799987792969,43.35700225830078
2023-06-16 14:30:00-04:00,43.35300064086914,43.356510162353516,42.9110107421875,42.970001220703125
2023-06-16 15:30:00-04:00,42.97499084472656,43.077999114990234,42.660499572753906,42.70249938964844
2023-06-20 09:30:00-04:00,42.95000076293945,43.429988861083984,42.724998474121094,42.80607986450195
2023-06-20 10:30:00-04:00,42.80699920654297,43.040000915527344,42.67399978637695,43.024009704589844
2023-06-20 11:30:00-04:00,43.028900146484375,43.37000274658203,42.89200210571289,43.342002868652344
2023-06-20 12:30:00-04:00,43.34400177001953,43.586997985839844,43.301002502441406,43.516502380371094
2023-06-20 13:30:00-04:00,43.516502380371094,43.599998474121094,43.32999801635742,43.560001373291016
2023-06-20 14:30:00-04:00,43.564998626708984,43.73099899291992,43.42000198364258,43.7140007019043
2023-06-20 15:30:00-04:00,43.71500015258789,43.98999786376953,43.65599822998047,43.79999923706055
2023-06-21 09:30:00-04:00,43.500999450683594,43.61499786376953,42.33300018310547,42.63500213623047
2023-06-21 10:30:00-04:00,42.63500213623047,42.717002868652344,42.07999801635742,42.5515022277832
2023-06-21 11:30:00-04:00,42.55699920654297,42.88800048828125,42.35700988769531,42.7760009765625
2023-06-21 12:30:00-04:00,42.775421142578125,42.979000091552734,42.625999450683594,42.78850173950195
2023-06-21 13:30:00-04:00,42.790992736816406,43.198997497558594,42.73999786376953,43.170997619628906
2023-06-21 14:30:00-04:00,43.17399978637695,43.46698760986328,43.13001251220703,43.37999725341797
2023-06-21 15:30:00-04:00,43.37699890136719,43.399410247802734,43.000999450683594,43.042999267578125
2023-06-22 09:30:00-04:00,42.25299835205078,43.319000244140625,42.23400115966797,43.27399826049805
2023-06-22 10:30:00-04:00,43.28199005126953,43.31700134277344,42.73999786376953,43.06489944458008
2023-06-22 11:30:00-04:00,43.060001373291016,43.425498962402344,43.00299835205078,43.1245002746582
2023-06-22 12:30:00-04:00,43.12699890136719,43.242919921875,42.83599853515625,43.024600982666016
2023-06-22 13:30:00-04:00,43.027000427246094,43.1888313293457,43.00400161743164,43.02399826049805
2023-06-22 14:30:00-04:00,43.02199935913086,43.11328887939453,42.694007873535156,42.72386932373047
2023-06-22 15:30:00-04:00,42.72600173950195,43.04899978637695,42.65277862548828,43.01499938964844
2023-06-23 09:30:00-04:00,42.477989196777344,42.775001525878906,42.01499938964844,42.295997619628906
2023-06-23 10:30:00-04:00,42.301998138427734,42.54999923706055,42.17499923706055,42.20499801635742
2023-06-23 11:30:00-04:00,42.214839935302734,42.625,42.132102966308594,42.60599899291992
2023-06-23 12:30:00-04:00,42.61000061035156,42.808998107910156,42.520912170410156,42.79253005981445
2023-06-23 13:30:00-04:00,42.789329528808594,42.803157806396484,42.487998962402344,42.560997009277344
2023-06-23 14:30:00-04:00,42.5620002746582,42.64064025878906,42.25,42.36000061035156
2023-06-23 15:30:00-04:00,42.36115264892578,42.42298889160156,42.19499969482422,42.20800018310547
2023-06-26 09:30:00-04:00,42.46099853515625,42.763999938964844,42.28200149536133,42.66699981689453
2023-06-26 10:30:00-04:00,42.666500091552734,42.68000030517578,41.22496795654297,41.386497497558594
2023-06-26 11:30:00-04:00,41.38850021362305,41.499000549316406,40.215999603271484,40.279998779296875
2023-06-26 12:30:00-04:00,40.28099822998047,40.670997619628906,40.099998474121094,40.63064956665039
2023-06-26 13:30:00-04:00,40.62999725341797,40.79800033569336,40.45100021362305,40.73200225830078
2023-06-26 14:30:00-04:00,40.73099899291992,41.13999938964844,40.7130012512207,40.89899826049805
2023-06-26 15:30:00-04:00,40.89899826049805,41.040000915527344,40.60199737548828,40.63399887084961
2023-06-27 09:30:00-04:00,40.79899978637695,41.29899978637695,40.573001861572266,40.65113067626953
2023-06-27 10:30:00-04:00,40.64500045776367,41.04999923706055,40.448001861572266,41.04899978637695
2023-06-27 11:30:00-04:00,41.04899978637695,41.439910888671875,40.94499969482422,41.34566879272461
2023-06-27 12:30:00-04:00,41.34593963623047,41.560001373291016,41.24800109863281,41.487998962402344
2023-06-27 13:30:00-04:00,41.48999786376953,41.70499038696289,41.471012115478516,41.676002502441406
2023-06-27 14:30:00-04:00,41.680999755859375,41.89500045776367,41.474998474121094,41.87799835205078
2023-06-27 15:30:00-04:00,41.88100051879883,41.939998626708984,41.763999938964844,41.87000274658203
2023-06-28 09:30:00-04:00,40.65999984741211,41.409000396728516,40.51799774169922,41.362239837646484
2023-06-28 10:30:00-04:00,41.362998962402344,41.73999786376953,41.2859992980957,41.4484977722168
2023-06-28 11:30:00-04:00,41.45296096801758,41.845001220703125,41.118499755859375,41.170997619628906
2023-06-28 12:30:00-04:00,41.17000198364258,41.28900146484375,40.81700134277344,41.2859992980957
2023-06-28 13:30:00-04:00,41.284202575683594,41.497501373291016,41.08100128173828,41.40599822998047
2023-06-28 14:30:00-04:00,41.4109992980957,41.461997985839844,40.972999572753906,41.10626983642578
2023-06-28 15:30:00-04:00,41.10100173950195,41.220001220703125,40.98958206176758,41.138999938964844
2023-06-29 09:30:00-04:00,41.55799865722656,41.599998474121094,40.75101089477539,40.79199981689453
2023-06-29 10:30:00-04:00,40.797000885009766,41.308998107910156,40.702999114990234,41.21900177001953
2023-06-29 11:30:00-04:00,41.2130012512207,41.29100036621094,40.933998107910156,41.02199935913086
2023-06-29 12:30:00-04:00,41.024169921875,41.20000076293945,40.79899978637695,40.935001373291016
2023-06-29 13:30:00-04:00,40.932212829589844,40.93754959106445,40.599998474121094,40.79100036621094
2023-06-29 14:30:00-04:00,40.78900146484375,40.875,40.60776901245117,40.782501220703125
2023-06-29 15:30:00-04:00,40.7760009765625,40.909000396728516,40.7140007019043,40.845001220703125
2023-06-30 09:30:00-04:00,41.68000030517578,42.34899139404297,41.500999450683594,42.34899139404297
2023-06-30 10:30:00-04:00,42.346500396728516,42.54999923706055,42.1870002746582,42.290000915527344
2023-06-30 11:30:00-04:00,42.269142150878906,42.292999267578125,42.007999420166016,42.18149185180664
2023-06-30 12:30:00-04:00,42.17998123168945,42.404991149902344,42.1609992980957,42.34700012207031
2023-06-30 13:30:00-04:00,42.34299850463867,42.479000091552734,42.31999969482422,42.45499801635742
2023-06-30 14:30:00-04:00,42.453819274902344,42.46413803100586,42.26799774169922,42.41899871826172
2023-06-30 15:30:00-04:00,42.42000198364258,42.51799774169922,42.229000091552734,42.28099822998047
2023-07-03 09:30:00-04:00,42.51700210571289,42.89800262451172,42.33399963378906,42.564788818359375
2023-07-03 10:30:00-04:00,42.568077087402344,42.82299041748047,42.395999908447266,42.541900634765625
2023-07-03 11:30:00-04:00,42.54399871826172,42.56499099731445,42.23500061035156,42.29100036621094
2023-07-05 09:30:00-04:00,42.407997131347656,43.176998138427734,42.367000579833984,43.07099914550781
2023-07-05 10:30:00-04:00,43.07500076293945,43.12999725341797,42.5359992980957,42.5359992980957
2023-07-05 11:30:00-04:00,42.536399841308594,42.79899978637695,42.487998962402344,42.743499755859375
2023-07-05 12:30:00-04:00,42.74209976196289,42.810001373291016,42.564998626708984,42.68080139160156
2023-07-05 13:30:00-04:00,42.67300033569336,42.80398941040039,42.45800018310547,42.541500091552734
2023-07-05 14:30:00-04:00,42.5369987487793,42.70899963378906,42.52300262451172,42.6245002746582
2023-07-05 15:30:00-04:00,42.62999725341797,42.65299987792969,42.30400085449219,42.323001861572266
2023-07-06 09:30:00-04:00,41.84400177001953,41.84400177001953,41.34600067138672,41.78641891479492
2023-07-06 10:30:00-04:00,41.79460906982422,41.8129997253418,41.457000732421875,41.57640075683594
2023-07-06 11:30:00-04:00,41.576499938964844,41.808998107910156,41.57099914550781,41.77199935913086
2023-07-06 12:30:00-04:00,41.769500732421875,41.95000076293945,41.72999954223633,41.82699966430664
2023-07-06 13:30:00-04:00,41.82999801635742,42.117000579833984,41.73200225830078,42.025001525878906
2023-07-06 14:30:00-04:00,42.02300262451172,42.17900085449219,41.93709945678711,41.967002868652344
2023-07-06 15:30:00-04:00,41.97098922729492,42.132999420166016,41.87999725341797,42.09600067138672
2023-07-07 09:30:00-04:00,42.321998596191406,42.946998596191406,42.18000030517578,42.67198944091797
2023-07-07 10:30:00-04:00,42.65999984741211,42.882999420166016,42.5,42.808998107910156
2023-07-07 11:30:00-04:00,42.80849838256836,43.0,42.7390022277832,42.9119987487793
2023-07-07 12:30:00-04:00,42.915000915527344,43.198997497558594,42.90700149536133,43.18299102783203
2023-07-07 13:30:00-04:00,43.185001373291016,43.2140007019043,43.060997009277344,43.145999908447266
2023-07-07 14:30:00-04:00,43.148990631103516,43.15589904785156,42.71099853515625,42.74500274658203
2023-07-07 15:30:00-04:00,42.737998962402344,42.84400177001953,42.4320182800293,42.50199890136719
2023-07-10 09:30:00-04:00,42.65700149536133,42.80799865722656,41.810001373291016,42.361000061035156
2023-07-10 10:30:00-04:00,42.35599899291992,42.39800262451172,41.9630012512207,42.073997497558594
2023-07-10 11:30:00-04:00,42.07500076293945,42.13500213623047,41.65700149536133,41.77899932861328
2023-07-10 12:30:00-04:00,41.78324890136719,42.14800262451172,41.64899826049805,42.0880012512207
2023-07-10 13:30:00-04:00,42.09700012207031,42.22199249267578,41.910011291503906,42.154998779296875
2023-07-10 14:30:00-04:00,42.15999984741211,42.198997497558594,42.00299835205078,42.113800048828125
2023-07-10 15:30:00-04:00,42.112998962402344,42.185001373291016,41.92499923706055,42.18400955200195
2023-07-11 09:30:00-04:00,42.48099899291992,42.73299789428711,42.06700134277344,42.573001861572266
2023-07-11 10:30:00-04:00,42.56801223754883,42.7130012512207,42.29201126098633,42.34000015258789
2023-07-11 11:30:00-04:00,42.3380012512207,42.433990478515625,42.183998107910156,42.257999420166016
2023-07-11 12:30:00-04:00,42.27000045776367,42.38799285888672,42.14200973510742,42.23500061035156
2023-07-11 13:30:00-04:00,42.23453903198242,42.31999969482422,42.131988525390625,42.19874954223633
2023-07-11 14:30:00-04:00,42.20000076293945,42.29032897949219,42.08399963378906,42.2490119934082
2023-07-11 15:30:00-04:00,42.249000549316406,42.43199920654297,42.20100021362305,42.4010009765625
2023-07-12 09:30:00-04:00,43.032997131347656,43.92900085449219,42.777278900146484,43.737998962402344
2023-07-12 10:30:00-04:00,43.74399948120117,43.86000061035156,43.47600173950195,43.551002502441406
2023-07-12 11:30:00-04:00,43.56700134277344,43.650001525878906,43.21099853515625,43.448997497558594
2023-07-12 12:30:00-04:00,43.45199966430664,43.62900161743164,43.35499954223633,43.611000061035156
2023-07-12 13:30:00-04:00,43.61199951171875,43.88800048828125,43.553001403808594,43.86899185180664
2023-07-12 14:30:00-04:00,43.86534881591797,43.935001373291016,43.61499786376953,43.707000732421875
2023-07-12 15:30:00-04:00,43.70600128173828,43.933998107910156,43.672000885009766,43.904998779296875
2023-07-13 09:30:00-04:00,44.51799774169922,44.99300003051758,44.492000579833984,44.589500427246094
2023-07-13 10:30:00-04:00,44.589500427246094,44.89899826049805,44.56999969482422,44.874000549316406
2023-07-13 11:30:00-04:00,44.87525939941406,44.89699935913086,44.70199966430664,44.878501892089844
2023-07-13 12:30:00-04:00,44.874000549316406,45.08599853515625,44.82999801635742,45.04750061035156
2023-07-13 13:30:00-04:00,45.049339294433594,45.354000091552734,44.98200225830078,45.2755012512207
2023-07-13 14:30:00-04:00,45.270999908447266,45.79497146606445,45.24700164794922,45.779991149902344
2023-07-13 15:30:00-04:00,45.77399826049805,46.154998779296875,45.71900177001953,45.98099899291992
2023-07-14 09:30:00-04:00,46.58280944824219,48.0880012512207,46.577999114990234,47.487998962402344
2023-07-14 10:30:00-04:00,47.4934196472168,47.87999725341797,46.89400100708008,47.1779899597168
2023-07-14 11:30:00-04:00,47.178001403808594,47.47999954223633,46.91899871826172,47.07699966430664
2023-07-14 12:30:00-04:00,47.077999114990234,47.15299987792969,46.154998779296875,46.32500076293945
2023-07-14 13:30:00-04:00,46.31999969482422,46.474998474121094,45.76599884033203,45.88758087158203
2023-07-14 14:30:00-04:00,45.89400100708008,45.936988830566406,45.060001373291016,45.1879997253418
2023-07-14 15:30:00-04:00,45.194000244140625,45.48299789428711,45.0890007019043,45.46900177001953
2023-07-17 09:30:00-04:00,46.28900146484375,46.49599838256836,45.262413024902344,45.73500061035156
2023-07-17 10:30:00-04:00,45.736000061035156,45.89200210571289,45.39126968383789,45.70000076293945
2023-07-17 11:30:00-04:00,45.70800018310547,45.86199951171875,45.30849075317383,45.41600036621094
2023-07-17 12:30:00-04:00,45.4119987487793,45.7140007019043,45.321998596191406,45.662498474121094
2023-07-17 13:30:00-04:00,45.67000198364258,46.084999084472656,45.666500091552734,45.9015007019043
2023-07-17 14:30:00-04:00,45.89699935913086,46.48699951171875,45.78499984741211,46.39099884033203
2023-07-17 15:30:00-04:00,46.39099884033203,46.48099899291992,46.303001403808594,46.465999603271484
2023-07-18 09:30:00-04:00,46.70100021362305,46.711997985839844,45.73400115966797,46.0359992980957
2023-07-18 10:30:00-04:00,46.02341079711914,46.15999984741211,45.845001220703125,46.025001525878906
2023-07-18 11:30:00-04:00,46.0359992980957,47.178001403808594,45.96001052856445,47.140499114990234
2023-07-18 12:30:00-04:00,47.12915802001953,47.532997131347656,47.12915802001953,47.428001403808594
2023-07-18 13:30:00-04:00,47.42394256591797,47.63399124145508,47.361000061035156,47.513999938964844
2023-07-18 14:30:00-04:00,47.51799774169922,47.89598846435547,47.37200164794922,47.86701965332031
2023-07-18 15:30:00-04:00,47.86774826049805,47.88399887084961,47.47200012207031,47.5
2023-07-19 09:30:00-04:00,47.4640007019043,47.5,46.9010009765625,47.141502380371094
2023-07-19 10:30:00-04:00,47.13500213623047,47.63999938964844,47.12300109863281,47.4630012512207
2023-07-19 11:30:00-04:00,47.470001220703125,47.81800079345703,47.0880012512207,47.12300109863281
2023-07-19 12:30:00-04:00,47.11800003051758,47.17000198364258,46.812007904052734,46.99399948120117
2023-07-19 13:30:00-04:00,46.99300003051758,47.09899139404297,46.742000579833984,46.775001525878906
2023-07-19 14:30:00-04:00,46.779998779296875,47.07500076293945,46.749000549316406,46.946781158447266
2023-07-19 15:30:00-04:00,46.939998626708984,47.14099884033203,46.86800003051758,47.07500076293945
2023-07-20 09:30:00-04:00,46.4734992980957,47.086997985839844,45.704811096191406,45.76350021362305
2023-07-20 10:30:00-04:00,45.76350021362305,46.24399948120117,45.29999923706055,46.14400100708008
2023-07-20 11:30:00-04:00,46.14577102661133,46.45000076293945,45.987998962402344,46.0
2023-07-20 12:30:00-04:00,46.00299835205078,46.150001525878906,45.836997985839844,46.0260009765625
2023-07-20 13:30:00-04:00,46.02199935913086,46.036991119384766,45.61899948120117,45.64249801635742
2023-07-20 14:30:00-04:00,45.638999938964844,45.709999084472656,45.0620002746582,45.2765007019043
2023-07-20 15:30:00-04:00,45.275001525878906,45.78499984741211,45.275001525878906,45.516090393066406
2023-07-21 09:30:00-04:00,45.788002014160156,45.86600112915039,44.68299865722656,44.689998626708984
2023-07-21 10:30:00-04:00,44.69599914550781,44.9739990234375,44.592002868652344,44.92150115966797
2023-07-21 11:30:00-04:00,44.928001403808594,44.94499969482422,44.57999801635742,44.732540130615234
2023-07-21 12:30:00-04:00,44.724998474121094,45.10199737548828,44.45209884643555,45.09149932861328
2023-07-21 13:30:00-04:00,45.08477020263672,45.413002014160156,44.9119987487793,44.95705032348633
2023-07-21 14:30:00-04:00,44.959999084472656,44.9739990234375,44.34000015258789,44.60799789428711
2023-07-21 15:30:00-04:00,44.60300064086914,44.74100112915039,44.099998474121094,44.30900955200195
2023-07-24 09:30:00-04:00,44.73099899291992,44.88500213623047,44.040000915527344,44.70600128173828
2023-07-24 10:30:00-04:00,44.70000076293945,45.10900115966797,44.43000030517578,44.933998107910156
2023-07-24 11:30:00-04:00,44.93299865722656,45.02399826049805,44.68000030517578,44.808998107910156
2023-07-24 12:30:00-04:00,44.80672073364258,44.87099838256836,44.46001052856445,44.65299987792969
2023-07-24 13:30:00-04:00,44.65264129638672,44.91899871826172,44.64299774169922,44.737998962402344
2023-07-24 14:30:00-04:00,44.7390022277832,44.77000045776367,44.38030242919922,44.404998779296875
2023-07-24 15:30:00-04:00,44.405208587646484,44.625,44.362998962402344,44.6140022277832
2023-07-25 09:30:00-04:00,44.941001892089844,46.104000091552734,44.92300033569336,45.838340759277344
2023-07-25 10:30:00-04:00,45.836997985839844,45.964839935302734,45.52199935913086,45.782997131347656
2023-07-25 11:30:00-04:00,45.782997131347656,46.04399108886719,45.75000762939453,45.87300109863281
2023-07-25 12:30:00-04:00,45.878501892089844,45.96900177001953,45.770999908447266,45.839012145996094
2023-07-25 13:30:00-04:00,45.84299850463867,45.891990661621094,45.63800048828125,45.87200164794922
2023-07-25 14:30:00-04:00,45.875,46.18250274658203,45.76700210571289,45.864498138427734
2023-07-25 15:30:00-04:00,45.86425018310547,45.89002990722656,45.58341979980469,45.6619987487793
2023-07-26 09:30:00-04:00,46.020999908447266,46.053001403808594,45.1510009765625,45.24100112915039
2023-07-26 10:30:00-04:00,45.24599838256836,45.37200164794922,44.62999725341797,44.970001220703125
2023-07-26 11:30:00-04:00,44.967002868652344,45.22999954223633,44.95000076293945,44.9640007019043
2023-07-26 12:30:00-04:00,44.95199966430664,45.15999984741211,44.816978454589844,45.15700149536133
2023-07-26 13:30:00-04:00,45.15787887573242,45.52000045776367,45.090999603271484,45.29999923706055
2023-07-26 14:30:00-04:00,45.30699920654297,45.89200210571289,45.14299774169922,45.36960983276367
2023-07-26 15:30:00-04:00,45.35300064086914,45.6779899597168,45.255332946777344,45.45499801635742
2023-07-27 09:30:00-04:00,46.51900100708008,46.98198699951172,46.36000061035156,46.36101150512695
2023-07-27 10:30:00-04:00,46.37200164794922,46.954002380371094,46.35900115966797,46.89699935913086
2023-07-27 11:30:00-04:00,46.90999984741211,47.34700012207031,46.657997131347656,47.31800079345703
2023-07-27 12:30:00-04:00,47.323001861572266,47.39500045776367,46.89899826049805,46.9269905090332
2023-07-27 13:30:00-04:00,46.91600036621094,47.12000274658203,46.45600128173828,46.47800064086914
2023-07-27 14:30:00-04:00,46.46998977661133,46.57994842529297,45.987998962402344,46.18720245361328
2023-07-27 15:30:00-04:00,46.189998626708984,46.25499725341797,45.75,45.900001525878906
2023-07-28 09:30:00-04:00,46.667999267578125,46.92300033569336,46.38100051879883,46.69097137451172
2023-07-28 10:30:00-04:00,46.71498107910156,46.96500015258789,46.51000213623047,46.94599914550781
2023-07-28 11:30:00-04:00,46.944000244140625,47.027000427246094,46.72999954223633,46.95798873901367
2023-07-28 12:30:00-04:00,46.95249938964844,46.95800018310547,46.592002868652344,46.604000091552734
2023-07-28 13:30:00-04:00,46.60100173950195,46.76499938964844,46.40999984741211,46.61766815185547
2023-07-28 14:30:00-04:00,46.60700225830078,46.6609992980957,46.454429626464844,46.54800033569336
2023-07-28 15:30:00-04:00,46.54199981689453,46.847999572753906,46.525001525878906,46.74399948120117
2023-07-31 09:30:00-04:00,46.75400161743164,47.12999725341797,46.538002014160156,46.86499786376953
2023-07-31 10:30:00-04:00,46.87403869628906,46.92300033569336,46.64200210571289,46.702178955078125
2023-07-31 11:30:00-04:00,46.69300079345703,46.80400085449219,46.532997131347656,46.73699951171875
2023-07-31 12:30:00-04:00,46.729000091552734,46.779998779296875,46.50600814819336,46.70199966430664
2023-07-31 13:30:00-04:00,46.696998596191406,46.861000061035156,46.65999984741211,46.70199966430664
2023-07-31 14:30:00-04:00,46.69499969482422,46.86698913574219,46.62900161743164,46.69866180419922
2023-07-31 15:30:00-04:00,46.6879997253418,46.74500274658203,46.54999923706055,46.736000061035156
2023-08-01 09:30:00-04:00,46.45949935913086,46.51000213623047,46.027000427246094,46.36200714111328
2023-08-01 10:30:00-04:00,46.365562438964844,46.900001525878906,46.32500076293945,46.591407775878906
2023-08-01 11:30:00-04:00,46.595001220703125,46.7609977722168,46.46099853515625,46.529998779296875
2023-08-01 12:30:00-04:00,46.52199935913086,46.79199981689453,46.459999084472656,46.724998474121094
2023-08-01 13:30:00-04:00,46.725807189941406,46.74700164794922,46.55799865722656,46.57550048828125
2023-08-01 14:30:00-04:00,46.57558059692383,46.7140007019043,46.552467346191406,46.591339111328125
2023-08-01 15:30:00-04:00,46.59600067138672,46.68000030517578,46.479000091552734,46.51250076293945
2023-08-02 09:30:00-04:00,45.83100128173828,45.84000015258789,44.79999923706055,45.13999938964844
2023-08-02 10:30:00-04:00,45.14699935913086,45.24898910522461,44.345008850097656,44.366790771484375
2023-08-02 11:30:00-04:00,44.37799072265625,44.60498809814453,43.387001037597656,43.536991119384766
2023-08-02 12:30:00-04:00,43.52634811401367,44.29199981689453,43.507999420166016,44.214622497558594
2023-08-02 13:30:00-04:00,44.211997985839844,44.459999084472656,43.9890022277832,44.35900115966797
2023-08-02 14:30:00-04:00,44.352012634277344,44.47999954223633,44.004058837890625,44.035499572753906
2023-08-02 15:30:00-04:00,44.03010940551758,44.44499969482422,44.03010940551758,44.26300048828125
2023-08-03 09:30:00-04:00,43.79999923706055,44.99500274658203,43.79999923706055,44.29899978637695
2023-08-03 10:30:00-04:00,44.30500030517578,45.11800003051758,44.29235076904297,44.918190002441406
2023-08-03 11:30:00-04:00,44.928001403808594,45.01799774169922,44.67000961303711,44.821990966796875
2023-08-03 12:30:00-04:00,44.810001373291016,45.029998779296875,44.76599884033203,44.86347198486328
2023-08-03 13:30:00-04:00,44.87000274658203,44.907989501953125,44.470001220703125,44.58565139770508
2023-08-03 14:30:00-04:00,44.59400177001953,44.65700149536133,44.36101150512695,44.4969596862793
2023-08-03 15:30:00-04:00,44.48999786376953,44.654998779296875,44.4119987487793,44.513999938964844
2023-08-04 09:30:00-04:00,45.292999267578125,45.64200210571289,44.39299774169922,44.79999923706055
2023-08-04 10:30:00-04:00,44.79399871826172,45.27899932861328,44.779998779296875,45.21977996826172
2023-08-04 11:30:00-04:00,45.222808837890625,45.375,45.04399871826172,45.37300109863281
2023-08-04 12:30:00-04:00,45.37300109863281,45.56698989868164,45.21500015258789,45.279998779296875
2023-08-04 13:30:00-04:00,45.275001525878906,45.404998779296875,44.900001525878906,44.930999755859375
2023-08-04 14:30:00-04:00,44.92499923706055,45.01000213623047,44.54199981689453,44.68450164794922
2023-08-04 15:30:00-04:00,44.69300079345703,44.79999923706055,44.534000396728516,44.689002990722656
2023-08-07 09:30:00-04:00,45.111000061035156,45.47999954223633,45.00499725341797,45.378501892089844
2023-08-07 10:30:00-04:00,45.382999420166016,45.540000915527344,44.90999984741211,44.981040954589844
2023-08-07 11:30:00-04:00,44.9739990234375,45.290000915527344,44.8380012512207,45.18199920654297
2023-08-07 12:30:00-04:00,45.180999755859375,45.2130012512207,44.70800018310547,44.77300262451172
2023-08-07 13:30:00-04:00,44.7765007019043,44.904998779296875,44.56344985961914,44.73299789428711
2023-08-07 14:30:00-04:00,44.73999786376953,45.06711959838867,44.73999786376953,44.986000061035156
2023-08-07 15:30:00-04:00,44.98929977416992,45.428001403808594,44.95499801635742,45.420997619628906
2023-08-08 09:30:00-04:00,45.037498474121094,45.242000579833984,44.564998626708984,44.80699920654297
2023-08-08 10:30:00-04:00,44.803001403808594,44.97999954223633,44.55699920654297,44.87520980834961
2023-08-08 11:30:00-04:00,44.88309097290039,45.13724899291992,44.056007385253906,44.49175262451172
2023-08-08 12:30:00-04:00,44.50499725341797,44.595001220703125,44.25600051879883,44.49549865722656
2023-08-08 13:30:00-04:00,44.492000579833984,44.76398849487305,44.38399887084961,44.669368743896484
2023-08-08 14:30:00-04:00,44.665000915527344,44.737998962402344,44.47200012207031,44.64699935913086
2023-08-08 15:30:00-04:00,44.64550018310547,44.73699188232422,44.4511604309082,44.659000396728516
2023-08-09 09:30:00-04:00,44.27399826049805,44.3120002746582,43.12000274658203,43.299991607666016
2023-08-09 10:30:00-04:00,43.291500091552734,43.336997985839844,42.13399887084961,42.477989196777344
2023-08-09 11:30:00-04:00,42.470001220703125,42.99699020385742,42.37999725341797,42.97200012207031
2023-08-09 12:30:00-04:00,42.9640007019043,43.14099884033203,42.69599914550781,43.07944869995117
2023-08-09 13:30:00-04:00,43.084999084472656,43.323001861572266,43.012001037597656,43.31449890136719
2023-08-09 14:30:00-04:00,43.31700134277344,43.37499237060547,42.770999908447266,42.814762115478516
2023-08-09 15:30:00-04:00,42.80950164794922,42.84700012207031,42.53499984741211,42.54500198364258
2023-08-10 09:30:00-04:00,42.15999984741211,43.573997497558594,41.834999084472656,42.957000732421875
2023-08-10 10:30:00-04:00,42.95199966430664,43.154998779296875,42.35799789428711,42.513999938964844
2023-08-10 11:30:00-04:00,42.52899932861328,42.720001220703125,42.127010345458984,42.383399963378906
2023-08-10 12:30:00-04:00,42.39299774169922,42.584999084472656,42.2130012512207,42.3759880065918
2023-08-10 13:30:00-04:00,42.367000579833984,42.47999954223633,41.965999603271484,42.412147521972656
2023-08-10 14:30:00-04:00,42.406009674072266,42.62998962402344,42.310001373291016,42.43254089355469
2023-08-10 15:30:00-04:00,42.430999755859375,42.582000732421875,42.33300018310547,42.388999938964844
2023-08-11 09:30:00-04:00,41.750999450683594,42.01799774169922,41.362998962402344,41.60599899291992
2023-08-11 10:30:00-04:00,41.614498138427734,41.67499923706055,40.913002014160156,40.94226837158203
2023-08-11 11:30:00-04:00,40.94300079345703,41.166439056396484,40.638999938964844,41.047000885009766
2023-08-11 12:30:00-04:00,41.060001373291016,41.189002990722656,40.77000045776367,41.10591125488281
2023-08-11 13:30:00-04:00,41.10199737548828,41.174991607666016,40.901100158691406,41.06700134277344
2023-08-11 14:30:00-04:00,41.06475067138672,41.1879997253418,40.88999938964844,41.02399826049805
2023-08-11 15:30:00-04:00,41.03199005126953,41.08399963378906,40.805999755859375,40.85499954223633
2023-08-14 09:30:00-04:00,40.486000061035156,42.26799774169922,40.310997009277344,41.95499801635742
2023-08-14 10:30:00-04:00,41.954002380371094,42.8380012512207,41.917999267578125,42.763999938964844
2023-08-14 11:30:00-04:00,42.76900100708008,43.211997985839844,42.71720886230469,42.99216079711914
2023-08-14 12:30:00-04:00,42.992000579833984,43.59600067138672,42.85601043701172,43.467002868652344
2023-08-14 13:30:00-04:00,43.465999603271484,43.625,43.242652893066406,43.398990631103516
2023-08-14 14:30:00-04:00,43.39899826049805,43.499000549316406,43.204002380371094,43.40517807006836
2023-08-14 15:30:00-04:00,43.40599822998047,43.79999923706055,43.402000427246094,43.761497497558594
2023-08-15 09:30:00-04:00,44.560001373291016,45.26799774169922,43.709999084472656,43.91102981567383
2023-08-15 10:30:00-04:00,43.91600036621094,44.58300018310547,43.75,44.54793930053711
2023-08-15 11:30:00-04:00,44.520999908447266,44.821998596191406,44.45499801635742,44.753562927246094
2023-08-15 12:30:00-04:00,44.75299835205078,44.77899932861328,44.31700134277344,44.470001220703125
2023-08-15 13:30:00-04:00,44.48099899291992,44.62699890136719,44.23299789428711,44.44252014160156
2023-08-15 14:30:00-04:00,44.44599914550781,44.698997497558594,44.189002990722656,44.189002990722656
2023-08-15 15:30:00-04:00,44.19799041748047,44.318992614746094,43.902000427246094,43.941001892089844
2023-08-16 09:30:00-04:00,44.52000045776367,44.67499923706055,43.79899978637695,44.20000076293945
2023-08-16 10:30:00-04:00,44.191001892089844,44.349998474121094,44.00400161743164,44.12601852416992
2023-08-16 11:30:00-04:00,44.13399887084961,44.22699737548828,43.40599822998047,43.53593063354492
2023-08-16 12:30:00-04:00,43.53350067138672,43.87874221801758,43.512001037597656,43.79999923706055
2023-08-16 13:30:00-04:00,43.79650115966797,44.150001525878906,43.625,44.08245086669922
2023-08-16 14:30:00-04:00,44.07950210571289,44.176002502441406,43.5,43.629032135009766
2023-08-16 15:30:00-04:00,43.638999938964844,43.77457046508789,43.452999114990234,43.47999954223633
2023-08-17 09:30:00-04:00,43.970001220703125,44.0620002746582,43.47600173950195,43.60100173950195
2023-08-17 10:30:00-04:00,43.598793029785156,43.82500076293945,43.27000045776367,43.36415100097656
2023-08-17 11:30:00-04:00,43.362998962402344,43.635990142822266,43.27571105957031,43.62000274658203
2023-08-17 12:30:00-04:00,43.628761291503906,43.849998474121094,43.500999450683594,43.69300079345703
2023-08-17 13:30:00-04:00,43.69649887084961,43.7140007019043,43.46002960205078,43.50600051879883
2023-08-17 14:30:00-04:00,43.51000213623047,43.590999603271484,43.000999450683594,43.226348876953125
2023-08-17 15:30:00-04:00,43.220001220703125,43.45199966430664,43.01799774169922,43.34299850463867
2023-08-18 09:30:00-04:00,42.63500213623047,42.86499786376953,41.65999984741211,41.92399978637695
2023-08-18 10:30:00-04:00,41.9119987487793,42.64099884033203,41.9010009765625,42.387001037597656
2023-08-18 11:30:00-04:00,42.38309860229492,43.038368225097656,42.22999954223633,42.87300109863281
2023-08-18 12:30:00-04:00,42.86199951171875,43.189002990722656,42.75400161743164,42.9734992980957
2023-08-18 13:30:00-04:00,42.972999572753906,43.24898910522461,42.836997985839844,43.18000030517578
2023-08-18 14:30:00-04:00,43.17000198364258,43.513999938964844,43.13500213623047,43.243499755859375
2023-08-18 15:30:00-04:00,43.24300003051758,43.5779914855957,43.20100021362305,43.288002014160156
2023-08-21 09:30:00-04:00,44.49399948120117,45.59000015258789,44.22200012207031,45.15999984741211
2023-08-21 10:30:00-04:00,45.16600036621094,45.43000030517578,44.87499237060547,45.176002502441406
2023-08-21 11:30:00-04:00,45.167999267578125,45.65599822998047,45.110008239746094,45.63500213623047
2023-08-21 12:30:00-04:00,45.636497497558594,46.16899871826172,45.4650993347168,46.086299896240234
2023-08-21 13:30:00-04:00,46.08298873901367,46.308929443359375,45.95499801635742,46.23999786376953
2023-08-21 14:30:00-04:00,46.25499725341797,46.900001525878906,46.202999114990234,46.8015022277832
2023-08-21 15:30:00-04:00,46.797000885009766,47.064998626708984,46.67919921875,46.959999084472656
2023-08-22 09:30:00-04:00,48.13500213623047,48.1870002746582,46.038002014160156,46.07999801635742
2023-08-22 10:30:00-04:00,46.084999084472656,46.582000732421875,45.68000030517578,45.92300033569336
2023-08-22 11:30:00-04:00,45.92850112915039,46.16448211669922,45.333099365234375,45.60799789428711
2023-08-22 12:30:00-04:00,45.60820770263672,45.94198989868164,45.511009216308594,45.64849853515625
2023-08-22 13:30:00-04:00,45.65299987792969,45.986000061035156,45.422760009765625,45.95398712158203
2023-08-22 14:30:00-04:00,45.94750213623047,46.00199890136719,45.58300018310547,45.712989807128906
2023-08-22 15:30:00-04:00,45.70499801635742,45.76490020751953,45.441009521484375,45.672000885009766
2023-08-23 09:30:00-04:00,46.0478401184082,46.599998474121094,45.20800018310547,46.33599853515625
2023-08-23 10:30:00-04:00,46.34000015258789,46.779998779296875,46.26500701904297,46.57699966430664
2023-08-23 11:30:00-04:00,46.57699966430664,46.907997131347656,46.43000030517578,46.6968994140625
2023-08-23 12:30:00-04:00,46.696998596191406,46.80500030517578,46.470001220703125,46.788002014160156
2023-08-23 13:30:00-04:00,46.7859992980957,47.05698776245117,46.77000045776367,46.92218780517578
2023-08-23 14:30:00-04:00,46.90999984741211,47.04899978637695,46.62300109863281,46.939002990722656
2023-08-23 15:30:00-04:00,46.933998107910156,47.20000076293945,46.85799789428711,47.12200164794922
2023-08-24 09:30:00-04:00,49.354000091552734,49.650001525878906,48.027000427246094,48.035499572753906
2023-08-24 10:30:00-04:00,48.02756881713867,48.50899887084961,47.470001220703125,47.98200225830078
2023-08-24 11:30:00-04:00,47.98299789428711,48.54999923706055,47.70000076293945,48.4379997253418
2023-08-24 12:30:00-04:00,48.438499450683594,48.95000076293945,48.18389892578125,48.33699035644531
2023-08-24 13:30:00-04:00,48.327999114990234,48.69750213623047,48.295997619628906,48.467498779296875
2023-08-24 14:30:00-04:00,48.467002868652344,48.57099914550781,47.4109992980957,47.444000244140625
2023-08-24 15:30:00-04:00,47.44599914550781,47.55500030517578,47.159000396728516,47.1619987487793
2023-08-25 09:30:00-04:00,47.012001037597656,47.80500030517578,46.23699951171875,47.05950164794922
2023-08-25 10:30:00-04:00,47.060001373291016,47.192989349365234,45.329002380371094,45.816001892089844
2023-08-25 11:30:00-04:00,45.816001892089844,46.013999938964844,45.02399826049805,45.44499969482422
2023-08-25 12:30:00-04:00,45.44499969482422,45.73746871948242,45.23400115966797,45.36000061035156
2023-08-25 13:30:00-04:00,45.35499954223633,45.95499801635742,45.211997985839844,45.939002990722656
2023-08-25 14:30:00-04:00,45.939002990722656,46.3640022277832,45.733009338378906,46.12799835205078
2023-08-25 15:30:00-04:00,46.12900161743164,46.193992614746094,45.77000045776367,46.01799774169922
2023-08-28 09:30:00-04:00,46.025001525878906,46.47098922729492,44.88800048828125,45.64099884033203
2023-08-28 10:30:00-04:00,45.64350128173828,46.02399826049805,45.270999908447266,45.88800048828125
2023-08-28 11:30:00-04:00,45.87999725341797,45.974998474121094,45.48500061035156,45.88500213623047
2023-08-28 12:30:00-04:00,45.88698959350586,46.859901428222656,45.83049011230469,46.788002014160156
2023-08-28 13:30:00-04:00,46.788002014160156,46.9630012512207,46.36199951171875,46.64800262451172
2023-08-28 14:30:00-04:00,46.6619987487793,46.88499069213867,46.46099853515625,46.58049774169922
2023-08-28 15:30:00-04:00,46.57500076293945,46.97999954223633,46.54999923706055,46.81549835205078
2023-08-29 09:30:00-04:00,46.66600036621094,48.24500274658203,46.39101028442383,48.150001525878906
2023-08-29 10:30:00-04:00,48.15299987792969,48.541988372802734,48.132999420166016,48.407997131347656
2023-08-29 11:30:00-04:00,48.4109992980957,48.92000198364258,48.37099838256836,48.84197235107422
2023-08-29 12:30:00-04:00,48.83375930786133,49.08100128173828,48.661319732666016,48.92399978637695
2023-08-29 13:30:00-04:00,48.92401123046875,49.05799102783203,48.805999755859375,48.96535110473633
2023-08-29 14:30:00-04:00,48.96900177001953,49.01700210571289,48.82600021362305,48.9010009765625
2023-08-29 15:30:00-04:00,48.89899826049805,48.900001525878906,48.52300262451172,48.76900100708008
2023-08-30 09:30:00-04:00,49.04399871826172,49.5,48.42499923706055,48.86600112915039
2023-08-30 10:30:00-04:00,48.8745002746582,49.76599884033203,48.8740119934082,49.49590301513672
2023-08-30 11:30:00-04:00,49.49700164794922,49.75,49.35599899291992,49.67499923706055
2023-08-30 12:30:00-04:00,49.67499923706055,49.9010009765625,49.62000274658203,49.80350112915039
2023-08-30 13:30:00-04:00,49.80249786376953,49.926998138427734,49.07999801635742,49.10799789428711
2023-08-30 14:30:00-04:00,49.11800003051758,49.599998474121094,49.00299835205078,49.05344009399414
2023-08-30 15:30:00-04:00,49.04903793334961,49.288002014160156,48.93375015258789,49.26499938964844
2023-08-31 09:30:00-04:00,49.37999725341797,49.74399948120117,49.1879997253418,49.612998962402344
2023-08-31 10:30:00-04:00,49.61499786376953,49.69499969482422,49.279998779296875,49.555999755859375
2023-08-31 11:30:00-04:00,49.551998138427734,49.665000915527344,49.13999938964844,49.2239990234375
2023-08-31 12:30:00-04:00,49.23799133300781,49.426002502441406,48.95800018310547,49.40302276611328
2023-08-31 13:30:00-04:00,49.4010009765625,49.48999786376953,49.159000396728516,49.41699981689453
2023-08-31 14:30:00-04:00,49.41899871826172,49.65599822998047,49.290000915527344,49.60100173950195
2023-08-31 15:30:00-04:00,49.60499954223633,49.705989837646484,49.36000061035156,49.36499786376953
2023-09-01 09:30:00-04:00,49.762001037597656,49.79999923706055,48.4630012512207,48.801998138427734
2023-09-01 10:30:00-04:00,48.79899978637695,48.82398986816406,48.141597747802734,48.415000915527344
2023-09-01 11:30:00-04:00,48.422000885009766,48.60700225830078,48.213008880615234,48.486000061035156
2023-09-01 12:30:00-04:00,48.48500061035156,48.798988342285156,48.40999984741211,48.57600021362305
2023-09-01 13:30:00-04:00,48.570011138916016,48.72499084472656,48.42900848388672,48.469120025634766
2023-09-01 14:30:00-04:00,48.470001220703125,48.658409118652344,48.349998474121094,48.64299774169922
2023-09-01 15:30:00-04:00,48.64500045776367,48.67000198364258,48.42499923706055,48.50699996948242
2023-09-05 09:30:00-04:00,48.222999572753906,48.78900146484375,47.86000061035156,48.31749725341797
2023-09-05 10:30:00-04:00,48.30751037597656,48.667991638183594,48.279998779296875,48.39501190185547
2023-09-05 11:30:00-04:00,48.40399932861328,48.44300079345703,48.104000091552734,48.32600021362305
2023-09-05 12:30:00-04:00,48.32699966430664,48.540000915527344,48.31489944458008,48.396270751953125
2023-09-05 13:30:00-04:00,48.4010009765625,48.764991760253906,48.38100051879883,48.75400161743164
2023-09-05 14:30:00-04:00,48.750999450683594,48.79999923706055,48.55500030517578,48.753822326660156
2023-09-05 15:30:00-04:00,48.76000213623047,48.850807189941406,48.52001190185547,48.54899978637695
2023-09-06 09:30:00-04:00,48.441001892089844,48.54899978637695,46.85700225830078,46.88011932373047
2023-09-06 10:30:00-04:00,46.89344024658203,47.154998779296875,46.6510009765625,46.90599822998047
2023-09-06 11:30:00-04:00,46.90999984741211,47.047000885009766,46.6609992980957,46.71900177001953
2023-09-06 12:30:00-04:00,46.722782135009766,47.077999114990234,46.57999801635742,47.016502380371094
2023-09-06 13:30:00-04:00,47.01749801635742,47.191001892089844,46.92499923706055,47.10199737548828
2023-09-06 14:30:00-04:00,47.10900115966797,47.137001037597656,46.849998474121094,46.917999267578125
2023-09-06 15:30:00-04:00,46.91699981689453,47.0989990234375,46.878509521484375,47.0620002746582
2023-09-07 09:30:00-04:00,45.525001525878906,46.025001525878906,45.152000427246094,45.8129997253418
2023-09-07 10:30:00-04:00,45.810997009277344,45.98099899291992,45.439002990722656,45.61750030517578
2023-09-07 11:30:00-04:00,45.56871032714844,45.87000274658203,45.547000885009766,45.79999923706055
2023-09-07 12:30:00-04:00,45.801998138427734,45.887001037597656,45.590999603271484,45.656532287597656
2023-09-07 13:30:00-04:00,45.65999984741211,45.98400115966797,45.555999755859375,45.840999603271484
2023-09-07 14:30:00-04:00,45.82600021362305,46.34400177001953,45.811500549316406,46.25699996948242
2023-09-07 15:30:00-04:00,46.25798797607422,46.319000244140625,46.0620002746582,46.2239990234375
2023-09-08 09:30:00-04:00,45.94200134277344,46.60599899291992,45.82999801635742,46.073997497558594
2023-09-08 10:30:00-04:00,46.0880012512207,46.12300109863281,45.270999908447266,45.66469192504883
2023-09-08 11:30:00-04:00,45.67499923706055,46.04798889160156,45.62200164794922,45.97200012207031
2023-09-08 12:30:00-04:00,45.97200012207031,46.02000045776367,45.560997009277344,45.685001373291016
2023-09-08 13:30:00-04:00,45.689002990722656,45.797000885009766,45.33700942993164,45.436927795410156
2023-09-08 14:30:00-04:00,45.44449996948242,45.603878021240234,45.32999801635742,45.41400146484375
2023-09-08 15:30:00-04:00,45.420997619628906,45.571998596191406,45.38201141357422,45.571998596191406
2023-09-11 09:30:00-04:00,46.14800262451172,46.163002014160156,44.3120002746582,44.63800048828125
2023-09-11 10:30:00-04:00,44.63199996948242,44.97600173950195,44.50499725341797,44.76000213623047
2023-09-11 11:30:00-04:00,44.75310134887695,44.79800033569336,44.459999084472656,44.6785888671875
2023-09-11 12:30:00-04:00,44.68349838256836,45.04999923706055,44.58100891113281,44.95650100708008
2023-09-11 13:30:00-04:00,44.96099853515625,45.15291976928711,44.904998779296875,44.96977996826172
2023-09-11 14:30:00-04:00,44.97481155395508,45.30799865722656,44.915000915527344,45.29249954223633
2023-09-11 15:30:00-04:00,45.288002014160156,45.33290100097656,45.084007263183594,45.17749786376953
2023-09-12 09:30:00-04:00,44.737998962402344,45.65299987792969,44.53099822998047,45.064998626708984
2023-09-12 10:30:00-04:00,45.055999755859375,45.28499221801758,44.9370002746582,45.26499938964844
2023-09-12 11:30:00-04:00,45.26026153564453,45.48099899291992,45.25699996948242,45.332191467285156
2023-09-12 12:30:00-04:00,45.3390007019043,45.4640007019043,45.11000061035156,45.314998626708984
2023-09-12 13:30:00-04:00,45.31999969482422,45.44499969482422,45.13500213623047,45.301998138427734
2023-09-12 14:30:00-04:00,45.301998138427734,45.31098937988281,44.87999725341797,44.92399978637695
2023-09-12 15:30:00-04:00,44.92399978637695,45.047088623046875,44.814998626708984,44.86899948120117
2023-09-13 09:30:00-04:00,44.599998474121094,45.555999755859375,44.50299835205078,45.201499938964844
2023-09-13 10:30:00-04:00,45.194461822509766,45.67300033569336,45.06700134277344,45.649898529052734
2023-09-13 11:30:00-04:00,45.6510009765625,45.809959411621094,45.4119987487793,45.64099884033203
2023-09-13 12:30:00-04:00,45.650001525878906,45.86499786376953,45.51401138305664,45.78832244873047
2023-09-13 13:30:00-04:00,45.78900146484375,45.93000030517578,45.599998474121094,45.64849853515625
2023-09-13 14:30:00-04:00,45.65299987792969,45.67034912109375,45.189002990722656,45.445499420166016
2023-09-13 15:30:00-04:00,45.448299407958984,45.540748596191406,45.35499954223633,45.5
2023-09-14 09:30:00-04:00,45.95000076293945,45.98699188232422,45.308998107910156,45.516502380371094
2023-09-14 10:30:00-04:00,45.52300262451172,45.888999938964844,45.48099899291992,45.75853729248047
2023-09-14 11:30:00-04:00,45.75899887084961,45.811988830566406,45.50699996948242,45.52149963378906
2023-09-14 12:30:00-04:00,45.52149963378906,45.63898849487305,45.34700012207031,45.36899948120117
2023-09-14 13:30:00-04:00,45.371498107910156,45.45800018310547,45.13100051879883,45.242000579833984
2023-09-14 14:30:00-04:00,45.23699951171875,45.59400177001953,45.185997009277344,45.423099517822266
2023-09-14 15:30:00-04:00,45.426002502441406,45.6619987487793,45.37215805053711,45.590999603271484
2023-09-15 09:30:00-04:00,45.340999603271484,45.5989990234375,44.59000015258789,44.691001892089844
2023-09-15 10:30:00-04:00,44.680999755859375,44.7759895324707,44.20000076293945,44.24150085449219
2023-09-15 11:30:00-04:00,44.24100112915039,44.31690979003906,44.064998626708984,44.275001525878906
2023-09-15 12:30:00-04:00,44.26799774169922,44.48500061035156,43.939002990722656,43.985260009765625
2023-09-15 13:30:00-04:00,43.97600173950195,44.0989990234375,43.81999969482422,43.87049865722656
2023-09-15 14:30:00-04:00,43.86600112915039,44.09198760986328,43.80799865722656,44.057411193847656
2023-09-15 15:30:00-04:00,44.064002990722656,44.159000396728516,43.832000732421875,43.89699935913086
2023-09-18 09:30:00-04:00,42.74800109863281,43.81999969482422,42.0,43.6140022277832
2023-09-18 10:30:00-04:00,43.6161994934082,43.900001525878906,43.367000579833984,43.65392303466797
2023-09-18 11:30:00-04:00,43.65365982055664,44.242000579833984,43.58100128173828,44.165008544921875
2023-09-18 12:30:00-04:00,44.172000885009766,44.1984977722168,43.78099822998047,44.015769958496094
2023-09-18 13:30:00-04:00,44.02300262451172,44.20000076293945,43.959999084472656,43.980499267578125
2023-09-18 14:30:00-04:00,43.98400115966797,44.12499237060547,43.709999084472656,43.79710006713867
2023-09-18 15:30:00-04:00,43.79899978637695,43.974998474121094,43.6879997253418,43.96500015258789
2023-09-19 09:30:00-04:00,43.83300018310547,43.965999603271484,43.31748962402344,43.55699920654297
2023-09-19 10:30:00-04:00,43.54890060424805,43.55649948120117,43.0880012512207,43.24500274658203
2023-09-19 11:30:00-04:00,43.251991271972656,43.334999084472656,43.00199890136719,43.19350051879883
2023-09-19 12:30:00-04:00,43.19200134277344,43.487998962402344,43.154998779296875,43.40299987792969
2023-09-19 13:30:00-04:00,43.39667892456055,43.696998596191406,43.39667892456055,43.58649826049805
2023-09-19 14:30:00-04:00,43.58000946044922,43.78998947143555,43.38100051879883,43.528602600097656
2023-09-19 15:30:00-04:00,43.532997131347656,43.62300109863281,43.42499923706055,43.50899887084961
2023-09-20 09:30:00-04:00,43.599998474121094,43.90299987792969,43.283260345458984,43.47699737548828
2023-09-20 10:30:00-04:00,43.48799133300781,43.63800048828125,43.26599884033203,43.336997985839844
2023-09-20 11:30:00-04:00,43.32999801635742,43.59600067138672,43.31584930419922,43.51000213623047
2023-09-20 12:30:00-04:00,43.51300048828125,43.564998626708984,43.19200134277344,43.207000732421875
2023-09-20 13:30:00-04:00,43.20800018310547,43.29800033569336,42.913002014160156,43.099998474121094
2023-09-20 14:30:00-04:00,43.095497131347656,43.387969970703125,42.736000061035156,42.83953094482422
2023-09-20 15:30:00-04:00,42.83300018310547,42.85560989379883,42.222999572753906,42.23099899291992
2023-09-21 09:30:00-04:00,41.58300018310547,42.099998474121094,41.270999908447266,41.79500198364258
2023-09-21 10:30:00-04:00,41.79349899291992,41.82500076293945,41.39400100708008,41.432830810546875
2023-09-21 11:30:00-04:00,41.42900085449219,41.60186004638672,41.290000915527344,41.461997985839844
2023-09-21 12:30:00-04:00,41.4630012512207,41.65999984741211,41.31501007080078,41.569000244140625
2023-09-21 13:30:00-04:00,41.57999801635742,41.64400100708008,41.32999801635742,41.3745002746582
2023-09-21 14:30:00-04:00,41.37099838256836,41.470001220703125,41.020999908447266,41.045997619628906
2023-09-21 15:30:00-04:00,41.04500198364258,41.26799774169922,40.97999954223633,41.00600051879883
2023-09-22 09:30:00-04:00,41.571998596191406,41.91400146484375,41.23099899291992,41.480499267578125
2023-09-22 10:30:00-04:00,41.48500061035156,42.11499786376953,41.480247497558594,42.00400161743164
2023-09-22 11:30:00-04:00,42.00699996948242,42.0880012512207,41.79999923706055,41.891502380371094
2023-09-22 12:30:00-04:00,41.89699935913086,41.972999572753906,41.617401123046875,41.6609992980957
2023-09-22 13:30:00-04:00,41.6619987487793,41.723167419433594,41.29899978637695,41.532501220703125
2023-09-22 14:30:00-04:00,41.52899932861328,41.979000091552734,41.43199920654297,41.86800003051758
2023-09-22 15:30:00-04:00,41.87999725341797,41.935001373291016,41.529998779296875,41.63199996948242
2023-09-25 09:30:00-04:00,41.590999603271484,42.5359992980957,41.176998138427734,42.178001403808594
2023-09-25 10:30:00-04:00,42.17005157470703,42.44200134277344,41.875,42.27799987792969
2023-09-25 11:30:00-04:00,42.2869987487793,42.461997985839844,42.06720733642578,42.36429977416992
2023-09-25 12:30:00-04:00,42.36800003051758,42.37000274658203,42.01799774169922,42.14899826049805
2023-09-25 13:30:00-04:00,42.154998779296875,42.236000061035156,41.96500015258789,42.01000213623047
2023-09-25 14:30:00-04:00,42.01000213623047,42.165000915527344,41.7609977722168,41.92449951171875
2023-09-25 15:30:00-04:00,41.92000198364258,42.25368881225586,41.842002868652344,42.229000091552734
2023-09-26 09:30:00-04:00,42.000999450683594,42.394989013671875,41.654998779296875,42.3640022277832
2023-09-26 10:30:00-04:00,42.3640022277832,42.81999969482422,42.07999801635742,42.09049987792969
2023-09-26 11:30:00-04:00,42.09600067138672,42.3739013671875,42.01801300048828,42.23649978637695
2023-09-26 12:30:00-04:00,42.233497619628906,42.37999725341797,42.15501022338867,42.18000030517578
2023-09-26 13:30:00-04:00,42.183998107910156,42.37799835205078,41.98497009277344,42.21599197387695
2023-09-26 14:30:00-04:00,42.20949935913086,42.23200225830078,41.79999923706055,41.86896896362305
2023-09-26 15:30:00-04:00,41.87000274658203,41.9379997253418,41.76000213623047,41.9119987487793
2023-09-27 09:30:00-04:00,42.32999801635742,42.654998779296875,42.05500030517578,42.34600067138672
2023-09-27 10:30:00-04:00,42.3640022277832,42.407997131347656,41.88500213623047,42.25
2023-09-27 11:30:00-04:00,42.25299835205078,42.262001037597656,41.62900924682617,41.834999084472656
2023-09-27 12:30:00-04:00,41.84700012207031,41.946590423583984,41.68000030517578,41.76300048828125
2023-09-27 13:30:00-04:00,41.76000213623047,42.23099899291992,41.65999984741211,42.20249938964844
2023-09-27 14:30:00-04:00,42.20499801635742,42.87200164794922,42.20499801635742,42.63399887084961
2023-09-27 15:30:00-04:00,42.632999420166016,42.71099853515625,42.37099838256836,42.46799850463867
2023-09-28 09:30:00-04:00,42.459999084472656,43.02799987792969,42.11499786376953,42.56000900268555
2023-09-28 10:30:00-04:00,42.56700134277344,42.974998474121094,42.38100051879883,42.92040252685547
2023-09-28 11:30:00-04:00,42.917999267578125,43.446311950683594,42.90700149536133,43.39899826049805
2023-09-28 12:30:00-04:00,43.407997131347656,43.417999267578125,43.05500030517578,43.162010192871094
2023-09-28 13:30:00-04:00,43.17000198364258,43.285987854003906,42.9630012512207,43.22898864746094
2023-09-28 14:30:00-04:00,43.229000091552734,43.310001373291016,42.7869987487793,43.28887939453125
2023-09-28 15:30:00-04:00,43.2859992980957,43.31599044799805,42.97999954223633,43.06800079345703
2023-09-29 09:30:00-04:00,43.82699966430664,44.14400100708008,43.64800262451172,43.774009704589844
2023-09-29 10:30:00-04:00,43.779197692871094,44.0369987487793,43.770999908447266,43.810001373291016
2023-09-29 11:30:00-04:00,43.80849838256836,43.837989807128906,43.62416076660156,43.718990325927734
2023-09-29 12:30:00-04:00,43.71799850463867,43.76799011230469,43.39299774169922,43.54199981689453
2023-09-29 13:30:00-04:00,43.5359992980957,43.60300064086914,43.30693817138672,43.382999420166016
2023-09-29 14:30:00-04:00,43.38500213623047,43.70000076293945,43.36701202392578,43.551998138427734
2023-09-29 15:30:00-04:00,43.55400085449219,43.72249984741211,43.45000076293945,43.48699951171875
2023-10-02 09:30:00-04:00,44.029998779296875,45.038002014160156,43.861000061035156,44.65700149536133
2023-10-02 10:30:00-04:00,44.659000396728516,45.1609992980957,44.558998107910156,45.14500045776367
2023-10-02 11:30:00-04:00,45.150001525878906,45.17499923706055,44.57999801635742,44.72200012207031
2023-10-02 12:30:00-04:00,44.720001220703125,44.790000915527344,44.47100067138672,44.790000915527344
2023-10-02 13:30:00-04:00,44.783790588378906,44.85700225830078,44.38100051879883,44.4734992980957
2023-10-02 14:30:00-04:00,44.47983932495117,44.54399871826172,44.25600051879883,44.489498138427734
2023-10-02 15:30:00-04:00,44.4890022277832,44.797000885009766,44.439998626708984,44.795997619628906
2023-10-03 09:30:00-04:00,44.80799865722656,45.12999725341797,44.34400177001953,44.38405990600586
2023-10-03 10:30:00-04:00,44.38199996948242,44.51955795288086,43.61499786376953,43.873497009277344
2023-10-03 11:30:00-04:00,43.867000579833984,43.98198699951172,43.59700012207031,43.94580078125
2023-10-03 12:30:00-04:00,43.946998596191406,44.10199737548828,43.554229736328125,43.60150146484375
2023-10-03 13:30:00-04:00,43.603721618652344,43.779998779296875,43.39099884033203,43.5053596496582
2023-10-03 14:30:00-04:00,43.50299835205078,43.709991455078125,43.342002868652344,43.36199951171875
2023-10-03 15:30:00-04:00,43.361331939697266,43.595001220703125,43.24599838256836,43.534000396728516
2023-10-04 09:30:00-04:00,43.742000579833984,44.04399108886719,43.29201126098633,43.3129997253418
2023-10-04 10:30:00-04:00,43.316001892089844,43.95098876953125,43.30607986450195,43.8703498840332
2023-10-04 11:30:00-04:00,43.874000549316406,44.14299774169922,43.803001403808594,43.86600112915039
2023-10-04 12:30:00-04:00,43.86600112915039,43.99500274658203,43.60900115966797,43.624000549316406
2023-10-04 13:30:00-04:00,43.612998962402344,43.720001220703125,43.45000076293945,43.605499267578125
2023-10-04 14:30:00-04:00,43.604888916015625,43.96900177001953,43.54999923706055,43.930999755859375
2023-10-04 15:30:00-04:00,43.939998626708984,44.0989990234375,43.89500045776367,44.00699996948242
2023-10-05 09:30:00-04:00,44.04999923706055,44.526390075683594,43.88800048828125,44.48699951171875
2023-10-05 10:30:00-04:00,44.48149871826172,44.487998962402344,44.055999755859375,44.27399826049805
2023-10-05 11:30:00-04:00,44.279998779296875,44.592002868652344,44.18500900268555,44.53799057006836
2023-10-05 12:30:00-04:00,44.532447814941406,44.59299850463867,44.3129997253418,44.53200149536133
2023-10-05 13:30:00-04:00,44.538002014160156,44.900001525878906,44.46001052856445,44.74449920654297
2023-10-05 14:30:00-04:00,44.74500274658203,44.900001525878906,44.63199996948242,44.773040771484375
2023-10-05 15:30:00-04:00,44.77399826049805,44.85599899291992,44.6140022277832,44.68000030517578
2023-10-06 09:30:00-04:00,44.19300079345703,44.7239990234375,44.0260009765625,44.70800018310547
2023-10-06 10:30:00-04:00,44.70899963378906,45.04500198364258,44.70199966430664,45.01300048828125
2023-10-06 11:30:00-04:00,45.02799987792969,45.599998474121094,45.013999938964844,45.48999786376953
2023-10-06 12:30:00-04:00,45.49500274658203,45.64099884033203,45.40999984741211,45.56700134277344
2023-10-06 13:30:00-04:00,45.56999969482422,45.62091064453125,45.426002502441406,45.61600112915039
2023-10-06 14:30:00-04:00,45.61499786376953,45.70899963378906,45.52399826049805,45.69350051879883
2023-10-06 15:30:00-04:00,45.69350051879883,45.78900146484375,45.652000427246094,45.76163101196289
2023-10-09 09:30:00-04:00,44.842002868652344,45.04999923706055,44.417999267578125,44.709320068359375
2023-10-09 10:30:00-04:00,44.71900177001953,44.773902893066406,44.36800003051758,44.51000213623047
2023-10-09 11:30:00-04:00,44.51000213623047,44.86289978027344,44.5,44.775001525878906
2023-10-09 12:30:00-04:00,44.77899932861328,45.11000061035156,44.71099853515625,45.066009521484375
2023-10-09 13:30:00-04:00,45.07500076293945,45.560997009277344,45.06616973876953,45.41967010498047
2023-10-09 14:30:00-04:00,45.420997619628906,45.60499954223633,45.29100036621094,45.51700210571289
2023-10-09 15:30:00-04:00,45.527992248535156,45.5359992980957,45.17399978637695,45.27300262451172
2023-10-10 09:30:00-04:00,45.310001373291016,45.632999420166016,45.0880012512207,45.61499786376953
2023-10-10 10:30:00-04:00,45.61899948120117,46.14200210571289,45.59000015258789,46.07749938964844
2023-10-10 11:30:00-04:00,46.079002380371094,46.238990783691406,46.012001037597656,46.0890007019043
2023-10-10 12:30:00-04:00,46.08300018310547,46.25899887084961,45.75,45.986717224121094
2023-10-10 13:30:00-04:00,45.98699951171875,46.03499984741211,45.80799865722656,45.84798812866211
2023-10-10 14:30:00-04:00,45.85350036621094,46.047000885009766,45.84299850463867,45.953548431396484
2023-10-10 15:30:00-04:00,45.954002380371094,45.999000549316406,45.768280029296875,45.79399871826172
2023-10-11 09:30:00-04:00,46.19599914550781,46.55500030517578,46.11000061035156,46.375118255615234
2023-10-11 10:30:00-04:00,46.378501892089844,46.720001220703125,46.249000549316406,46.437007904052734
2023-10-11 11:30:00-04:00,46.44300079345703,46.50498962402344,46.14699935913086,46.314998626708984
2023-10-11 12:30:00-04:00,46.31700134277344,46.39099884033203,46.10499954223633,46.20199966430664
2023-10-11 13:30:00-04:00,46.20000076293945,46.5,46.04999923706055,46.37699890136719
2023-10-11 14:30:00-04:00,46.37998962402344,46.60700225830078,46.367000579833984,46.59400177001953
2023-10-11 15:30:00-04:00,46.595001220703125,46.85900115966797,46.564002990722656,46.808998107910156
2023-10-12 09:30:00-04:00,46.777000427246094,47.60900115966797,46.65999984741211,47.17850112915039
2023-10-12 10:30:00-04:00,47.17850112915039,47.46900177001953,47.12300109863281,47.220001220703125
2023-10-12 11:30:00-04:00,47.21799850463867,47.48160934448242,47.1440315246582,47.452049255371094
2023-10-12 12:30:00-04:00,47.448997497558594,47.560001373291016,46.836997985839844,46.928001403808594
2023-10-12 13:30:00-04:00,46.92000198364258,47.0159912109375,46.32999801635742,46.7140007019043
2023-10-12 14:30:00-04:00,46.70499801635742,46.985111236572266,46.65201187133789,46.87000274658203
2023-10-12 15:30:00-04:00,46.86600112915039,47.060001373291016,46.86101150512695,46.94599914550781
2023-10-13 09:30:00-04:00,46.959999084472656,47.11600112915039,46.54100036621094,46.59000015258789
2023-10-13 10:30:00-04:00,46.59000015258789,46.78499984741211,46.01499938964844,46.080360412597656
2023-10-13 11:30:00-04:00,46.082000732421875,46.29999923706055,45.88100051879883,46.1436882019043
2023-10-13 12:30:00-04:00,46.14899826049805,46.2029914855957,45.45000076293945,45.500999450683594
2023-10-13 13:30:00-04:00,45.49707794189453,45.650001525878906,45.279998779296875,45.37999725341797
2023-10-13 14:30:00-04:00,45.382999420166016,45.75699996948242,45.35900115966797,45.507999420166016
2023-10-13 15:30:00-04:00,45.51300048828125,45.5629997253418,45.35499954223633,45.45800018310547
2023-10-16 09:30:00-04:00,45.0629997253418,46.04161071777344,44.9119987487793,46.01749801635742
2023-10-16 10:30:00-04:00,46.02199935913086,46.12514114379883,45.774009704589844,46.047000885009766
2023-10-16 11:30:00-04:00,46.04800033569336,46.224998474121094,45.731101989746094,45.87799835205078
2023-10-16 12:30:00-04:00,45.885990142822266,46.058990478515625,45.507999420166016,45.652000427246094
2023-10-16 13:30:00-04:00,45.654998779296875,45.99498748779297,45.59600067138672,45.894500732421875
2023-10-16 14:30:00-04:00,45.89325714111328,46.1510009765625,45.79999923706055,46.14200973510742
2023-10-16 15:30:00-04:00,46.147499084472656,46.20800018310547,46.025001525878906,46.0880012512207
2023-10-17 09:30:00-04:00,44.0,44.17900085449219,42.47999954223633,43.73221969604492
2023-10-17 10:30:00-04:00,43.73200225830078,44.24700164794922,43.71961212158203,44.170997619628906
2023-10-17 11:30:00-04:00,44.165000915527344,44.75400161743164,44.10799789428711,44.7244987487793
2023-10-17 12:30:00-04:00,44.71900177001953,44.73699951171875,44.01300048828125,44.01499938964844
2023-10-17 13:30:00-04:00,44.02149963378906,44.02149963378906,43.65399932861328,43.96379852294922
2023-10-17 14:30:00-04:00,43.9640007019043,44.11499786376953,43.64200973510742,43.91699981689453
2023-10-17 15:30:00-04:00,43.92499923706055,44.0364990234375,43.786800384521484,43.95499801635742
2023-10-18 09:30:00-04:00,42.590999603271484,43.21900177001953,42.323997497558594,42.68199920654297
2023-10-18 10:30:00-04:00,42.689998626708984,42.737998962402344,42.18000030517578,42.36101150512695
2023-10-18 11:30:00-04:00,42.363502502441406,42.698001861572266,42.2390022277832,42.30875015258789
2023-10-18 12:30:00-04:00,42.301002502441406,42.493202209472656,42.038002014160156,42.37099838256836
2023-10-18 13:30:00-04:00,42.368011474609375,42.40119934082031,42.12001037597656,42.24501037597656
2023-10-18 14:30:00-04:00,42.258399963378906,42.32749938964844,41.88500213623047,42.02149963378906
2023-10-18 15:30:00-04:00,42.02349853515625,42.2609977722168,41.82500076293945,42.196998596191406
2023-10-19 09:30:00-04:00,42.810997009277344,43.297000885009766,42.242000579833984,42.6619987487793
2023-10-19 10:30:00-04:00,42.6609992980957,43.01329040527344,42.54100036621094,42.749427795410156
2023-10-19 11:30:00-04:00,42.747520446777344,43.13999938964844,42.704002380371094,42.848167419433594
2023-10-19 12:30:00-04:00,42.857181549072266,42.9119987487793,42.409000396728516,42.77000045776367
2023-10-19 13:30:00-04:00,42.757999420166016,42.77300262451172,42.347999572753906,42.412940979003906
2023-10-19 14:30:00-04:00,42.40700149536133,42.40700149536133,41.88199996948242,42.08399963378906
2023-10-19 15:30:00-04:00,42.094268798828125,42.23299789428711,41.98500061035156,42.08399963378906
2023-10-20 09:30:00-04:00,41.88999938964844,42.470001220703125,41.772499084472656,41.882999420166016
2023-10-20 10:30:00-04:00,41.875999450683594,41.9119987487793,41.077999114990234,41.215999603271484
2023-10-20 11:30:00-04:00,41.220001220703125,41.4890022277832,41.20100021362305,41.21549987792969
2023-10-20 12:30:00-04:00,41.22100067138672,41.85020065307617,41.21350860595703,41.7130012512207
2023-10-20 13:30:00-04:00,41.720001220703125,41.875,41.45561981201172,41.497501373291016
2023-10-20 14:30:00-04:00,41.49399948120117,41.645999908447266,41.41061019897461,41.49500274658203
2023-10-20 15:30:00-04:00,41.49300003051758,41.574989318847656,41.35599899291992,41.374000549316406
2023-10-23 09:30:00-04:00,41.400001525878906,42.43000030517578,40.94499969482422,42.35900115966797
2023-10-23 10:30:00-04:00,42.347999572753906,42.62699890136719,42.11499786376953,42.56549835205078
2023-10-23 11:30:00-04:00,42.566001892089844,42.9379997253418,42.49100112915039,42.827999114990234
2023-10-23 12:30:00-04:00,42.82699966430664,42.999000549316406,42.627010345458984,42.79100036621094
2023-10-23 13:30:00-04:00,42.7859992980957,42.9640007019043,42.720001220703125,42.86149978637695
2023-10-23 14:30:00-04:00,42.862998962402344,43.247989654541016,42.74599838256836,42.917999267578125
2023-10-23 15:30:00-04:00,42.915000915527344,43.05799865722656,42.81101989746094,42.979000091552734
2023-10-24 09:30:00-04:00,43.07699966430664,43.38298797607422,42.691001892089844,43.01274871826172
2023-10-24 10:30:00-04:00,43.01000213623047,43.26799774169922,42.93000030517578,43.03398895263672
2023-10-24 11:30:00-04:00,43.020999908447266,43.229000091552734,42.87999725341797,42.91400146484375
2023-10-24 12:30:00-04:00,42.9119987487793,43.11600112915039,42.711997985839844,43.111000061035156
2023-10-24 13:30:00-04:00,43.1140022277832,43.22800064086914,43.03099822998047,43.22600173950195
2023-10-24 14:30:00-04:00,43.22800064086914,43.61199951171875,43.2010498046875,43.545997619628906
2023-10-24 15:30:00-04:00,43.55400085449219,43.696998596191406,43.54399871826172,43.663002014160156
2023-10-25 09:30:00-04:00,43.39800262451172,43.650001525878906,42.867000579833984,43.346500396728516
2023-10-25 10:30:00-04:00,43.351951599121094,43.42499923706055,42.72809982299805,42.909000396728516
2023-10-25 11:30:00-04:00,42.89899826049805,42.97600173950195,42.37099838256836,42.530799865722656
2023-10-25 12:30:00-04:00,42.529998779296875,42.63898849487305,41.95100021362305,42.02479934692383
2023-10-25 13:30:00-04:00,42.01700210571289,42.150001525878906,41.70899963378906,41.99800109863281
2023-10-25 14:30:00-04:00,41.98999786376953,42.064998626708984,41.55500030517578,41.85499954223633
2023-10-25 15:30:00-04:00,41.85599899291992,41.944000244140625,41.67009735107422,41.7609977722168
2023-10-26 09:30:00-04:00,41.85300064086914,42.255550384521484,40.67499923706055,41.01700210571289
2023-10-26 10:30:00-04:00,41.0255012512207,41.32500076293945,40.400001525878906,40.41300964355469
2023-10-26 11:30:00-04:00,40.42150115966797,40.676002502441406,40.10499954223633,40.24300003051758
2023-10-26 12:30:00-04:00,40.239498138427734,40.42000198364258,40.00199890136719,40.082000732421875
2023-10-26 13:30:00-04:00,40.08300018310547,40.56800079345703,39.880191802978516,40.56800079345703
2023-10-26 14:30:00-04:00,40.56050109863281,40.98500061035156,40.49567794799805,40.73699188232422
2023-10-26 15:30:00-04:00,40.729000091552734,40.729000091552734,40.242000579833984,40.274497985839844
2023-10-27 09:30:00-04:00,41.12999725341797,41.20600128173828,40.48400115966797,40.715999603271484
2023-10-27 10:30:00-04:00,40.71900177001953,41.03900146484375,40.422000885009766,40.95750045776367
2023-10-27 11:30:00-04:00,40.967002868652344,40.97999954223633,40.689002990722656,40.76799774169922
2023-10-27 12:30:00-04:00,40.77199935913086,40.90999221801758,40.37999725341797,40.49300003051758
2023-10-27 13:30:00-04:00,40.4890022277832,40.49800109863281,40.01499938964844,40.12000274658203
2023-10-27 14:30:00-04:00,40.12586212158203,40.40700149536133,40.07999801635742,40.35599899291992
2023-10-27 15:30:00-04:00,40.363990783691406,40.53499984741211,40.204002380371094,40.50499725341797
2023-10-30 09:30:00-04:00,41.086997985839844,42.28200149536133,40.736000061035156,40.952999114990234
2023-10-30 10:30:00-04:00,40.94200134277344,41.029991149902344,40.6140022277832,40.73400115966797
2023-10-30 11:30:00-04:00,40.739990234375,41.08586883544922,40.66001892089844,40.70000076293945
2023-10-30 12:30:00-04:00,40.69489288330078,40.90599822998047,40.48099899291992,40.861000061035156
2023-10-30 13:30:00-04:00,40.87000274658203,41.21500015258789,40.81700134277344,41.09400177001953
2023-10-30 14:30:00-04:00,41.09349822998047,41.499000549316406,41.071998596191406,41.360008239746094
2023-10-30 15:30:00-04:00,41.36199951171875,41.44300079345703,41.12841033935547,41.159000396728516
2023-10-31 09:30:00-04:00,40.45000076293945,40.52000045776367,39.230010986328125,39.88692092895508
2023-10-31 10:30:00-04:00,39.887001037597656,40.35334014892578,39.51000213623047,40.14500045776367
2023-10-31 11:30:00-04:00,40.14899826049805,40.342002868652344,40.02300262451172,40.18552017211914
2023-10-31 12:30:00-04:00,40.189998626708984,40.39500045776367,40.060001373291016,40.24500274658203
2023-10-31 13:30:00-04:00,40.25499725341797,40.667999267578125,40.23099899291992,40.42000198364258
2023-10-31 14:30:00-04:00,40.41699981689453,40.87900161743164,40.40999984741211,40.79800033569336
2023-10-31 15:30:00-04:00,40.79899978637695,40.8489990234375,40.63201141357422,40.78200149536133
2023-11-01 09:30:00-04:00,40.88399887084961,41.635990142822266,40.86899948120117,41.60000991821289
2023-11-01 10:30:00-04:00,41.599998474121094,42.038002014160156,41.48101043701172,41.8120002746582
2023-11-01 11:30:00-04:00,41.80799865722656,42.00498962402344,41.67900085449219,41.7140007019043
2023-11-01 12:30:00-04:00,41.7130012512207,41.79999923706055,41.564002990722656,41.65700149536133
2023-11-01 13:30:00-04:00,41.64899826049805,41.887001037597656,41.45555114746094,41.6875
2023-11-01 14:30:00-04:00,41.685997009277344,42.23500061035156,41.40100860595703,42.1609992980957
2023-11-01 15:30:00-04:00,42.16350173950195,42.38100051879883,42.1071891784668,42.310001373291016
2023-11-02 09:30:00-04:00,43.327999114990234,43.59000015258789,42.89400100708008,43.42403030395508
2023-11-02 10:30:00-04:00,43.428001403808594,43.444000244140625,43.165618896484375,43.20600128173828
2023-11-02 11:30:00-04:00,43.207000732421875,43.284000396728516,43.05799865722656,43.150001525878906
2023-11-02 12:30:00-04:00,43.15700149536133,43.34700012207031,43.10599899291992,43.279998779296875
2023-11-02 13:30:00-04:00,43.288002014160156,43.46900177001953,43.22600173950195,43.46099853515625
2023-11-02 14:30:00-04:00,43.458499908447266,43.88399887084961,43.38500213623047,43.7026481628418
2023-11-02 15:30:00-04:00,43.698997497558594,43.74913787841797,43.48099899291992,43.5109977722168
2023-11-03 09:30:00-04:00,44.02000045776367,44.34400177001953,43.722999572753906,43.9739990234375
2023-11-03 10:30:00-04:00,43.96900939941406,44.52000045776367,43.94300079345703,44.469791412353516
2023-11-03 11:30:00-04:00,44.47800064086914,44.78900146484375,44.459999084472656,44.76499938964844
2023-11-03 12:30:00-04:00,44.76449966430664,44.85898971557617,44.6510009765625,44.73699951171875
2023-11-03 13:30:00-04:00,44.742000579833984,45.150001525878906,44.742000579833984,45.14299774169922
2023-11-03 14:30:00-04:00,45.137001037597656,45.308990478515625,45.0629997253418,45.09600067138672
2023-11-03 15:30:00-04:00,45.09400177001953,45.18000030517578,44.95100021362305,45.00400161743164
2023-11-06 09:30:00-05:00,45.28450012207031,45.935001373291016,45.26799774169922,45.5
2023-11-06 10:30:00-05:00,45.500999450683594,45.74699020385742,45.40100860595703,45.654998779296875
2023-11-06 11:30:00-05:00,45.657997131347656,45.75400161743164,45.26000213623047,45.348419189453125
2023-11-06 12:30:00-05:00,45.342002868652344,45.439998626708984,44.89899826049805,44.99800109863281
2023-11-06 13:30:00-05:00,45.00598907470703,45.41899871826172,44.95000076293945,45.375
2023-11-06 14:30:00-05:00,45.37303924560547,45.70199966430664,45.35199737548828,45.67499923706055
2023-11-06 15:30:00-05:00,45.68000030517578,45.768680572509766,45.5629997253418,45.755699157714844
2023-11-07 09:30:00-05:00,45.71900177001953,45.91699981689453,45.157501220703125,45.78199005126953
2023-11-07 10:30:00-05:00,45.7760009765625,46.21799850463867,45.765899658203125,46.073997497558594
2023-11-07 11:30:00-05:00,46.079002380371094,46.172000885009766,45.79100036621094,45.86750030517578
2023-11-07 12:30:00-05:00,45.86568069458008,46.117000579833984,45.7859992980957,46.019989013671875
2023-11-07 13:30:00-05:00,46.02000045776367,46.19200134277344,45.97600173950195,46.145999908447266
2023-11-07 14:30:00-05:00,46.150001525878906,46.21500015258789,45.87300109863281,46.051002502441406
2023-11-07 15:30:00-05:00,46.053001403808594,46.13199996948242,45.875999450683594,45.954002380371094
2023-11-08 09:30:00-05:00,46.099998474121094,46.60700225830078,45.96799850463867,46.187007904052734
2023-11-08 10:30:00-05:00,46.1870002746582,46.54199981689453,46.07999801635742,46.3754997253418
2023-11-08 11:30:00-05:00,46.372711181640625,46.564998626708984,46.15299987792969,46.323001861572266
2023-11-08 12:30:00-05:00,46.310997009277344,46.74399948120117,46.22600173950195,46.69449996948242
2023-11-08 13:30:00-05:00,46.69620132446289,46.867000579833984,46.63800048828125,46.80759811401367
2023-11-08 14:30:00-05:00,46.805999755859375,46.81623077392578,46.44300079345703,46.627689361572266
2023-11-08 15:30:00-05:00,46.625999450683594,46.63317108154297,46.47600173950195,46.58300018310547
2023-11-09 09:30:00-05:00,47.467002868652344,47.86499786376953,47.18000030517578,47.57999801635742
2023-11-09 10:30:00-05:00,47.57999801635742,47.999000549316406,47.43000030517578,47.810001373291016
2023-11-09 11:30:00-05:00,47.80649948120117,48.22999954223633,47.76565933227539,47.864990234375
2023-11-09 12:30:00-05:00,47.86199951171875,48.141990661621094,47.48999786376953,47.926998138427734
2023-11-09 13:30:00-05:00,47.926998138427734,48.03200149536133,47.25400161743164,47.349998474121094
2023-11-09 14:30:00-05:00,47.34000015258789,47.42000198364258,46.75,46.98699951171875
2023-11-09 15:30:00-05:00,46.99700164794922,47.04899978637695,46.795997619628906,46.95549774169922
2023-11-10 09:30:00-05:00,47.5,47.935001373291016,47.28301239013672,47.49599838256836
2023-11-10 10:30:00-05:00,47.49599838256836,48.01000213623047,47.42499923706055,47.79846954345703
2023-11-10 11:30:00-05:00,47.79480743408203,48.00199890136719,47.71100997924805,47.941001892089844
2023-11-10 12:30:00-05:00,47.94614028930664,48.22200012207031,47.90999984741211,48.113502502441406
2023-11-10 13:30:00-05:00,48.113502502441406,48.33300018310547,48.10700225830078,48.28350067138672
2023-11-10 14:30:00-05:00,48.282997131347656,48.47200012207031,48.20100021362305,48.32149887084961
2023-11-10 15:30:00-05:00,48.313499450683594,48.400001525878906,48.21799850463867,48.34000015258789
2023-11-13 09:30:00-05:00,48.31999969482422,49.00499725341797,48.0990104675293,48.89099884033203
2023-11-13 10:30:00-05:00,48.888999938964844,48.98400115966797,48.57999801635742,48.88999938964844
2023-11-13 11:30:00-05:00,48.88999938964844,49.04410934448242,48.671051025390625,48.8120002746582
2023-11-13 12:30:00-05:00,48.80350112915039,48.90999984741211,48.711997985839844,48.72200012207031
2023-11-13 13:30:00-05:00,48.722999572753906,49.042999267578125,48.69002151489258,49.03001022338867
2023-11-13 14:30:00-05:00,49.0359992980957,49.11600112915039,48.819000244140625,49.05698776245117
2023-11-13 15:30:00-05:00,49.055999755859375,49.104000091552734,48.586997985839844,48.61800003051758
2023-11-14 09:30:00-05:00,49.52199935913086,49.76300048828125,49.040008544921875,49.419151306152344
2023-11-14 10:30:00-05:00,49.41749954223633,49.718990325927734,49.39200210571289,49.59600067138672
2023-11-14 11:30:00-05:00,49.60199737548828,49.602989196777344,49.288002014160156,49.4890022277832
2023-11-14 12:30:00-05:00,49.49372863769531,49.69499969482422,49.48400115966797,49.5625
2023-11-14 13:30:00-05:00,49.56700134277344,49.599998474121094,49.33599853515625,49.57537078857422
2023-11-14 14:30:00-05:00,49.57830047607422,49.83399963378906,49.540000915527344,49.7234992980957
2023-11-14 15:30:00-05:00,49.7239990234375,49.82699966430664,49.59299850463867,49.65399932861328
2023-11-15 09:30:00-05:00,49.935001373291016,49.959999084472656,48.66400146484375,49.22100067138672
2023-11-15 10:30:00-05:00,49.23099899291992,49.33399963378906,48.907997131347656,49.301002502441406
2023-11-15 11:30:00-05:00,49.308998107910156,49.308998107910156,48.520999908447266,48.69499969482422
2023-11-15 12:30:00-05:00,48.689998626708984,48.91400146484375,48.20000076293945,48.596012115478516
2023-11-15 13:30:00-05:00,48.59600067138672,48.926998138427734,48.57065963745117,48.87622833251953
2023-11-15 14:30:00-05:00,48.88298797607422,48.999000549316406,48.6609992980957,48.71849822998047
2023-11-15 15:30:00-05:00,48.722999572753906,48.9119987487793,48.66600036621094,48.909000396728516
2023-11-16 09:30:00-05:00,48.82040023803711,49.099998474121094,48.32999801635742,48.960418701171875
2023-11-16 10:30:00-05:00,48.95949935913086,49.09600067138672,48.62699890136719,48.715999603271484
2023-11-16 11:30:00-05:00,48.72100067138672,49.247520446777344,48.62548065185547,49.17449951171875
2023-11-16 12:30:00-05:00,49.176002502441406,49.295997619628906,49.011138916015625,49.176998138427734
2023-11-16 13:30:00-05:00,49.176998138427734,49.220001220703125,48.90299987792969,49.086997985839844
2023-11-16 14:30:00-05:00,49.08649826049805,49.27799987792969,49.060997009277344,49.23186111450195
2023-11-16 15:30:00-05:00,49.2390022277832,49.524688720703125,49.20000076293945,49.487998962402344
2023-11-17 09:30:00-05:00,49.52399826049805,49.717002868652344,49.14339828491211,49.34000015258789
2023-11-17 10:30:00-05:00,49.3380012512207,49.371498107910156,49.00699996948242,49.31919860839844
2023-11-17 11:30:00-05:00,49.3234977722168,49.50400161743164,49.20000076293945,49.284000396728516
2023-11-17 12:30:00-05:00,49.28400802612305,49.555999755859375,49.24500274658203,49.532997131347656
2023-11-17 13:30:00-05:00,49.53499984741211,49.63500213623047,49.35100173950195,49.48122787475586
2023-11-17 14:30:00-05:00,49.47699737548828,49.51000213623047,49.35103988647461,49.407501220703125
2023-11-17 15:30:00-05:00,49.408409118652344,49.42499923706055,49.12900161743164,49.29800033569336
2023-11-20 09:30:00-05:00,49.3120002746582,49.959999084472656,49.181007385253906,49.76668167114258
2023-11-20 10:30:00-05:00,49.777000427246094,49.85999298095703,49.632999420166016,49.69599914550781
2023-11-20 11:30:00-05:00,49.70000076293945,49.88726043701172,49.61199951171875,49.830238342285156
2023-11-20 12:30:00-05:00,49.829002380371094,49.92399978637695,49.720001220703125,49.878501892089844
2023-11-20 13:30:00-05:00,49.87889862060547,50.459999084472656,49.85300064086914,50.42399978637695
2023-11-20 14:30:00-05:00,50.42137145996094,50.54800033569336,50.30500030517578,50.397220611572266
2023-11-20 15:30:00-05:00,50.400001525878906,50.49800109863281,50.32699966430664,50.409000396728516
2023-11-21 09:30:00-05:00,50.125999450683594,50.51700210571289,49.25252151489258,49.28499984741211
2023-11-21 10:30:00-05:00,49.284000396728516,49.83599853515625,49.22200012207031,49.71900177001953
2023-11-21 11:30:00-05:00,49.71649932861328,49.71675109863281,49.48200225830078,49.652000427246094
2023-11-21 12:30:00-05:00,49.65510940551758,49.79698944091797,49.59000015258789,49.70100021362305
2023-11-21 13:30:00-05:00,49.696998596191406,50.12000274658203,49.64800262451172,50.05350112915039
2023-11-21 14:30:00-05:00,50.05699920654297,50.09899139404297,49.913002014160156,50.02300262451172
2023-11-21 15:30:00-05:00,50.02399826049805,50.02495193481445,49.81800079345703,49.9894905090332
2023-11-22 09:30:00-05:00,49.66899871826172,50.334938049316406,47.689998626708984,48.21900177001953
2023-11-22 10:30:00-05:00,48.229000091552734,48.54999923706055,48.07999801635742,48.249000549316406
2023-11-22 11:30:00-05:00,48.25,48.91400146484375,48.18000030517578,48.86800003051758
2023-11-22 12:30:00-05:00,48.87038040161133,49.19599914550781,48.56700134277344,49.19068145751953
2023-11-22 13:30:00-05:00,49.19499969482422,49.448001861572266,49.00199890136719,49.20600128173828
2023-11-22 14:30:00-05:00,49.2135009765625,49.21599197387695,48.54999923706055,48.78900146484375
2023-11-22 15:30:00-05:00,48.790000915527344,48.83675003051758,48.637001037597656,48.70650100708008
2023-11-24 09:30:00-05:00,48.470008850097656,48.920997619628906,47.939998626708984,48.028499603271484
2023-11-24 10:30:00-05:00,48.033809661865234,48.263999938964844,47.95000076293945,48.1609992980957
2023-11-24 11:30:00-05:00,48.163002014160156,48.20499801635742,47.93000030517578,48.0
2023-11-27 09:30:00-05:00,47.79999923706055,48.32099914550781,47.652000427246094,48.183990478515625
2023-11-27 10:30:00-05:00,48.176002502441406,48.27000045776367,47.867000579833984,47.97999954223633
2023-11-27 11:30:00-05:00,47.9739990234375,48.19499969482422,47.93000030517578,48.125
2023-11-27 12:30:00-05:00,48.12699890136719,48.529998779296875,48.055999755859375,48.404998779296875
2023-11-27 13:30:00-05:00,48.400001525878906,48.465999603271484,48.279998779296875,48.37000274658203
2023-11-27 14:30:00-05:00,48.374000549316406,48.44599914550781,48.17300033569336,48.35900115966797
2023-11-27 15:30:00-05:00,48.35700225830078,48.42654037475586,48.16400146484375,48.23400115966797
2023-11-28 09:30:00-05:00,48.236000061035156,48.322898864746094,47.532997131347656,47.707000732421875
2023-11-28 10:30:00-05:00,47.70750045776367,48.04500198364258,47.472999572753906,48.019500732421875
2023-11-28 11:30:00-05:00,48.01401138305664,48.178001403808594,47.97502136230469,48.054229736328125
2023-11-28 12:30:00-05:00,48.05025100708008,48.05400085449219,47.60599899291992,47.6870002746582
2023-11-28 13:30:00-05:00,47.69499969482422,47.77899932861328,47.53499984741211,47.6140022277832
2023-11-28 14:30:00-05:00,47.617000579833984,47.72999954223633,47.52199935913086,47.613990783691406
2023-11-28 15:30:00-05:00,47.60900115966797,47.829002380371094,47.58599853515625,47.82699966430664
2023-11-29 09:30:00-05:00,48.37900161743164,48.762001037597656,48.12300109863281,48.32500076293945
2023-11-29 10:30:00-05:00,48.324928283691406,48.54999923706055,47.94169998168945,47.97249984741211
2023-11-29 11:30:00-05:00,47.974998474121094,48.2239990234375,47.86000061035156,48.220001220703125
2023-11-29 12:30:00-05:00,48.217010498046875,48.266990661621094,48.06700134277344,48.19449996948242
2023-11-29 13:30:00-05:00,48.19449996948242,48.23400115966797,48.0260009765625,48.1510009765625
2023-11-29 14:30:00-05:00,48.150001525878906,48.29999923706055,48.040000915527344,48.0994987487793
2023-11-29 15:30:00-05:00,48.10700225830078,48.22999954223633,48.088069915771484,48.13500213623047
2023-11-30 09:30:00-05:00,48.02399826049805,48.11000061035156,47.361000061035156,47.38199996948242
2023-11-30 10:30:00-05:00,47.388771057128906,47.53450012207031,46.67300033569336,46.720001220703125
2023-11-30 11:30:00-05:00,46.72999954223633,46.847999572753906,46.54999923706055,46.67250061035156
2023-11-30 12:30:00-05:00,46.673500061035156,46.882999420166016,46.422000885009766,46.4890022277832
2023-11-30 13:30:00-05:00,46.4890022277832,46.722999572753906,46.422000885009766,46.58399963378906
2023-11-30 14:30:00-05:00,46.58399963378906,46.834999084472656,46.5369987487793,46.57500076293945
2023-11-30 15:30:00-05:00,46.57215881347656,46.84600067138672,46.534000396728516,46.78099822998047
2023-12-01 09:30:00-05:00,46.525001525878906,46.99399948120117,46.1870002746582,46.36800003051758
2023-12-01 10:30:00-05:00,46.358577728271484,46.9010009765625,46.27000045776367,46.849998474121094
2023-12-01 11:30:00-05:00,46.85900115966797,47.07999801635742,46.74100112915039,46.944000244140625
2023-12-01 12:30:00-05:00,46.94499969482422,47.20000076293945,46.88500213623047,46.89099884033203
2023-12-01 13:30:00-05:00,46.89299774169922,46.96500015258789,46.71900177001953,46.79949951171875
2023-12-01 14:30:00-05:00,46.80228805541992,46.87999725341797,46.67900085449219,46.82600021362305
2023-12-01 15:30:00-05:00,46.823997497558594,46.829002380371094,46.65700149536133,46.76000213623047
2023-12-04 09:30:00-05:00,45.75,45.92499923706055,45.20600128173828,45.28949737548828
2023-12-04 10:30:00-05:00,45.277000427246094,45.38800048828125,45.01000213623047,45.305999755859375
2023-12-04 11:30:00-05:00,45.30350112915039,45.678001403808594,45.16899871826172,45.60799026489258
2023-12-04 12:30:00-05:00,45.61000061035156,45.709991455078125,45.34000015258789,45.353851318359375
2023-12-04 13:30:00-05:00,45.347999572753906,45.459999084472656,45.12300109863281,45.26396942138672
2023-12-04 14:30:00-05:00,45.26499938964844,45.332000732421875,45.13199996948242,45.26362991333008
2023-12-04 15:30:00-05:00,45.26708221435547,45.60799789428711,45.26499938964844,45.512001037597656
2023-12-05 09:30:00-05:00,45.465999603271484,46.560001373291016,45.270999908447266,46.23400115966797
2023-12-05 10:30:00-05:00,46.24399948120117,46.584999084472656,45.96799850463867,46.04999923706055
2023-12-05 11:30:00-05:00,46.05249786376953,46.183990478515625,45.75,46.159141540527344
2023-12-05 12:30:00-05:00,46.16899871826172,46.19717025756836,45.907997131347656,46.140499114990234
2023-12-05 13:30:00-05:00,46.14699935913086,46.42499923706055,46.10199737548828,46.39899826049805
2023-12-05 14:30:00-05:00,46.394500732421875,46.474998474121094,46.21799850463867,46.328468322753906
2023-12-05 15:30:00-05:00,46.329002380371094,46.599998474121094,46.314002990722656,46.56800079345703
2023-12-06 09:30:00-05:00,47.214500427246094,47.387001037597656,46.361000061035156,46.444000244140625
2023-12-06 10:30:00-05:00,46.44599914550781,46.62699890136719,46.35799789428711,46.4073486328125
2023-12-06 11:30:00-05:00,46.403499603271484,46.47100067138672,46.2130012512207,46.37000274658203
2023-12-06 12:30:00-05:00,46.37000274658203,46.382999420166016,45.880638122558594,45.93550109863281
2023-12-06 13:30:00-05:00,45.939002990722656,46.016510009765625,45.71105194091797,45.804500579833984
2023-12-06 14:30:00-05:00,45.80500030517578,45.92399978637695,45.571998596191406,45.672142028808594
2023-12-06 15:30:00-05:00,45.670997619628906,45.777992248535156,45.4119987487793,45.5
2023-12-07 09:30:00-05:00,45.70000076293945,46.24699020385742,45.604000091552734,46.145999908447266
2023-12-07 10:30:00-05:00,46.145999908447266,46.4370002746582,46.02199935913086,46.173500061035156
2023-12-07 11:30:00-05:00,46.176998138427734,46.42900085449219,46.17012023925781,46.41299057006836
2023-12-07 12:30:00-05:00,46.413002014160156,46.51000213623047,46.25000762939453,46.35100173950195
2023-12-07 13:30:00-05:00,46.350608825683594,46.525001525878906,46.292999267578125,46.4840087890625
2023-12-07 14:30:00-05:00,46.4890022277832,46.495967864990234,46.35599899291992,46.42000198364258
2023-12-07 15:30:00-05:00,46.42499923706055,46.62900161743164,46.39699935913086,46.597999572753906
2023-12-08 09:30:00-05:00,46.595001220703125,47.653987884521484,46.54999923706055,47.56385040283203
2023-12-08 10:30:00-05:00,47.56800079345703,47.74085235595703,47.3390007019043,47.582340240478516
2023-12-08 11:30:00-05:00,47.586997985839844,47.599998474121094,47.163002014160156,47.45119094848633
2023-12-08 12:30:00-05:00,47.45050048828125,47.632999420166016,47.362998962402344,47.571998596191406
2023-12-08 13:30:00-05:00,47.571998596191406,47.698001861572266,47.47800064086914,47.676002502441406
2023-12-08 14:30:00-05:00,47.67900085449219,47.683998107910156,47.426998138427734,47.51350021362305
2023-12-08 15:30:00-05:00,47.51000213623047,47.53900146484375,47.45716857910156,47.507999420166016
2023-12-11 09:30:00-05:00,47.125,47.16699981689453,46.218727111816406,46.26000213623047
2023-12-11 10:30:00-05:00,46.26599884033203,46.575599670410156,45.85900115966797,46.02799987792969
2023-12-11 11:30:00-05:00,46.02899932861328,46.25,45.82999801635742,46.2239990234375
2023-12-11 12:30:00-05:00,46.224998474121094,46.60300064086914,45.5880012512207,46.54750061035156
2023-12-11 13:30:00-05:00,46.54549789428711,46.95899963378906,46.510009765625,46.827030181884766
2023-12-11 14:30:00-05:00,46.82550048828125,46.920997619628906,46.5260009765625,46.54249954223633
2023-12-11 15:30:00-05:00,46.54500198364258,46.6510009765625,46.48999786376953,46.63800048828125
2023-12-12 09:30:00-05:00,46.045997619628906,47.420997619628906,46.045997619628906,47.00600051879883
2023-12-12 10:30:00-05:00,47.00749969482422,47.29999923706055,46.80500030517578,47.07024002075195
2023-12-12 11:30:00-05:00,47.070499420166016,47.243499755859375,46.861000061035156,46.88799285888672
2023-12-12 12:30:00-05:00,46.874839782714844,47.028987884521484,46.83399963378906,46.94350051879883
2023-12-12 13:30:00-05:00,46.944000244140625,47.25600051879883,46.90700149536133,47.24700164794922
2023-12-12 14:30:00-05:00,47.24610900878906,47.53499984741211,47.24599838256836,47.47699737548828
2023-12-12 15:30:00-05:00,47.472999572753906,47.66600036621094,47.435089111328125,47.65837860107422
2023-12-13 09:30:00-05:00,47.62900161743164,48.59400177001953,47.60799789428711,48.34049987792969
2023-12-13 10:30:00-05:00,48.34049987792969,48.448001861572266,48.10700225830078,48.275001525878906
2023-12-13 11:30:00-05:00,48.28049850463867,48.2869987487793,48.01599884033203,48.13500213623047
2023-12-13 12:30:00-05:00,48.1359977722168,48.14299011230469,47.801002502441406,47.86600112915039
2023-12-13 13:30:00-05:00,47.86600112915039,48.53200149536133,47.845001220703125,48.31999969482422
2023-12-13 14:30:00-05:00,48.314998626708984,48.5,47.779998779296875,47.98299789428711
2023-12-13 15:30:00-05:00,47.98250198364258,48.12699890136719,47.928001403808594,48.09000015258789
2023-12-14 09:30:00-05:00,48.474998474121094,48.67000198364258,48.00199890136719,48.13399887084961
2023-12-14 10:30:00-05:00,48.13500213623047,48.424991607666016,47.888999938964844,48.20738983154297
2023-12-14 11:30:00-05:00,48.20750045776367,48.29999923706055,48.040000915527344,48.22998809814453
2023-12-14 12:30:00-05:00,48.222999572753906,48.22998809814453,47.422000885009766,47.5629997253418
2023-12-14 13:30:00-05:00,47.566001892089844,48.03499984741211,47.45800018310547,48.03350067138672
2023-12-14 14:30:00-05:00,48.03200149536133,48.20000076293945,47.93001174926758,48.12000274658203
2023-12-14 15:30:00-05:00,48.11101150512695,48.349998474121094,48.11101150512695,48.349998474121094
2023-12-15 09:30:00-05:00,48.400001525878906,49.29199981689453,48.382999420166016,49.27300262451172
2023-12-15 10:30:00-05:00,49.275001525878906,49.40399932861328,48.99300003051758,49.13100051879883
2023-12-15 11:30:00-05:00,49.13399887084961,49.176002502441406,48.86478042602539,49.08753967285156
2023-12-15 12:30:00-05:00,49.09299850463867,49.2140007019043,48.849998474121094,49.2140007019043
2023-12-15 13:30:00-05:00,49.2140007019043,49.292999267578125,48.874000549316406,48.97200012207031
2023-12-15 14:30:00-05:00,48.970001220703125,49.09000015258789,48.906009674072266,48.96500015258789
2023-12-15 15:30:00-05:00,48.96500015258789,49.066001892089844,48.88399887084961,48.944000244140625
2023-12-18 09:30:00-05:00,49.400001525878906,49.98400115966797,49.150001525878906,49.972999572753906
2023-12-18 10:30:00-05:00,49.972999572753906,50.0,49.63800048828125,49.79500198364258
2023-12-18 11:30:00-05:00,49.79100036621094,50.0,49.720008850097656,49.81949996948242
2023-12-18 12:30:00-05:00,49.820430755615234,49.965999603271484,49.810001373291016,49.92000198364258
2023-12-18 13:30:00-05:00,49.92399978637695,50.31700134277344,49.89299774169922,50.275001525878906
2023-12-18 14:30:00-05:00,50.275001525878906,50.400001525878906,50.16899871826172,50.39400100708008
2023-12-18 15:30:00-05:00,50.400001525878906,50.43299102783203,50.0629997253418,50.08100128173828
2023-12-19 09:30:00-05:00,49.42399978637695,49.70000076293945,48.89500045776367,49.54999923706055
2023-12-19 10:30:00-05:00,49.55398941040039,49.60499954223633,48.928001403808594,49.13750076293945
2023-12-19 11:30:00-05:00,49.137001037597656,49.38100051879883,49.060001373291016,49.301998138427734
2023-12-19 12:30:00-05:00,49.296180725097656,49.39299774169922,49.07500076293945,49.163002014160156
2023-12-19 13:30:00-05:00,49.16400146484375,49.4630012512207,49.132999420166016,49.4630012512207
2023-12-19 14:30:00-05:00,49.45899963378906,49.584999084472656,49.41600036621094,49.5
2023-12-19 15:30:00-05:00,49.499000549316406,49.617000579833984,49.439998626708984,49.61289978027344
2023-12-20 09:30:00-05:00,49.654998779296875,49.999000549316406,49.4630012512207,49.74399948120117
2023-12-20 10:30:00-05:00,49.74399948120117,49.93299865722656,49.68000030517578,49.8120002746582
2023-12-20 11:30:00-05:00,49.81050109863281,49.875,49.73400115966797,49.77899932861328
2023-12-20 12:30:00-05:00,49.7765007019043,49.86499786376953,49.60799789428711,49.840999603271484
2023-12-20 13:30:00-05:00,49.84400177001953,49.86800003051758,49.46500778198242,49.478370666503906
2023-12-20 14:30:00-05:00,49.48499298095703,49.48499298095703,48.2609977722168,48.362998962402344
2023-12-20 15:30:00-05:00,48.37200164794922,48.49800109863281,48.097999572753906,48.11000061035156
2023-12-21 09:30:00-05:00,48.810997009277344,49.095001220703125,48.50400161743164,48.64200210571289
2023-12-21 10:30:00-05:00,48.6510009765625,48.775001525878906,48.56999969482422,48.7130012512207
2023-12-21 11:30:00-05:00,48.71500015258789,48.935997009277344,48.59299850463867,48.654998779296875
2023-12-21 12:30:00-05:00,48.650001525878906,48.75600051879883,48.41899871826172,48.55500030517578
2023-12-21 13:30:00-05:00,48.56800079345703,48.625,48.467002868652344,48.61199951171875
2023-12-21 14:30:00-05:00,48.6140022277832,48.92000198364258,48.57950210571289,48.91600036621094
2023-12-21 15:30:00-05:00,48.91899871826172,49.045989990234375,48.87300109863281,48.99700164794922
2023-12-22 09:30:00-05:00,49.19499969482422,49.382999420166016,49.00199890136719,49.2140007019043
2023-12-22 10:30:00-05:00,49.215999603271484,49.31214904785156,48.917999267578125,49.04500198364258
2023-12-22 11:30:00-05:00,49.04199981689453,49.14800262451172,48.847999572753906,48.95698928833008
2023-12-22 12:30:00-05:00,48.952999114990234,49.04500198364258,48.900001525878906,49.02799987792969
2023-12-22 13:30:00-05:00,49.0260009765625,49.08399963378906,48.467002868652344,48.57912826538086
2023-12-22 14:30:00-05:00,48.57099914550781,48.84299850463867,48.487998962402344,48.8120002746582
2023-12-22 15:30:00-05:00,48.813499450683594,48.834999084472656,48.66400146484375,48.82699966430664
2023-12-26 09:30:00-05:00,48.96799850463867,49.599998474121094,48.95000076293945,49.38557052612305
2023-12-26 10:30:00-05:00,49.402000427246094,49.48299789428711,49.19750213623047,49.32500076293945
2023-12-26 11:30:00-05:00,49.32500076293945,49.48198699951172,49.26499938964844,49.35062026977539
2023-12-26 12:30:00-05:00,49.350799560546875,49.39699935913086,49.314998626708984,49.349388122558594
2023-12-26 13:30:00-05:00,49.35100173950195,49.39299011230469,49.301002502441406,49.3341178894043
2023-12-26 14:30:00-05:00,49.334999084472656,49.48699951171875,49.314998626708984,49.45199966430664
2023-12-26 15:30:00-05:00,49.45199966430664,49.47853088378906,49.26499938964844,49.28099822998047
2023-12-27 09:30:00-05:00,49.5109977722168,49.68000030517578,49.084999084472656,49.1984977722168
2023-12-27 10:30:00-05:00,49.20199966430664,49.362998962402344,49.11600875854492,49.36227035522461
2023-12-27 11:30:00-05:00,49.361000061035156,49.461997985839844,49.35060119628906,49.40299987792969
2023-12-27 12:30:00-05:00,49.409000396728516,49.49671173095703,49.35499954223633,49.426002502441406
2023-12-27 13:30:00-05:00,49.426998138427734,49.507999420166016,49.282752990722656,49.41300964355469
2023-12-27 14:30:00-05:00,49.417999267578125,49.42499923706055,49.29999923706055,49.3738899230957
2023-12-27 15:30:00-05:00,49.37799072265625,49.435001373291016,49.323001861572266,49.420997619628906
2023-12-28 09:30:00-05:00,49.64299774169922,49.77199935913086,49.4119987487793,49.60300064086914
2023-12-28 10:30:00-05:00,49.604000091552734,49.8489990234375,49.597999572753906,49.65903854370117
2023-12-28 11:30:00-05:00,49.665000915527344,49.73500061035156,49.56909942626953,49.722999572753906
2023-12-28 12:30:00-05:00,49.724998474121094,49.88399124145508,49.637001037597656,49.762001037597656
2023-12-28 13:30:00-05:00,49.76226043701172,49.79999923706055,49.61899948120117,49.626041412353516
2023-12-28 14:30:00-05:00,49.627498626708984,49.659080505371094,49.470001220703125,49.52436065673828
2023-12-28 15:30:00-05:00,49.52450942993164,49.70600128173828,49.474998474121094,49.52000045776367
2023-12-29 09:30:00-05:00,49.8129997253418,49.99700164794922,49.73101043701172,49.8380012512207
2023-12-29 10:30:00-05:00,49.834999084472656,49.85700225830078,48.750999450683594,48.8120002746582
2023-12-29 11:30:00-05:00,48.80799865722656,49.14699935913086,48.790000915527344,48.98999786376953
2023-12-29 12:30:00-05:00,48.98699951171875,49.44200134277344,48.96868133544922,49.422828674316406
2023-12-29 13:30:00-05:00,49.42499923706055,49.92300033569336,49.4119987487793,49.78949737548828
2023-12-29 14:30:00-05:00,49.786800384521484,49.95000076293945,49.69300079345703,49.73400115966797
2023-12-29 15:30:00-05:00,49.73299789428711,49.77000045776367,49.44599914550781,49.5260009765625
2024-01-02 09:30:00-05:00,49.125,49.266502380371094,47.595001220703125,47.66699981689453
2024-01-02 10:30:00-05:00,47.670989990234375,48.12200164794922,47.60100173950195,48.11602020263672
2024-01-02 11:30:00-05:00,48.11750030517578,48.26300048828125,48.040000915527344,48.10852813720703
2024-01-02 12:30:00-05:00,48.11594772338867,48.347999572753906,47.87999725341797,48.185997009277344
2024-01-02 13:30:00-05:00,48.17900848388672,48.23999786376953,48.00490188598633,48.1879997253418
2024-01-02 14:30:00-05:00,48.18000030517578,48.23460006713867,47.820011138916016,47.88399887084961
2024-01-02 15:30:00-05:00,47.8859977722168,48.20800018310547,47.777000427246094,48.185001373291016
2024-01-03 09:30:00-05:00,47.45000076293945,48.18410110473633,47.31999969482422,47.49448776245117
2024-01-03 10:30:00-05:00,47.490501403808594,47.926002502441406,47.347999572753906,47.751502990722656
2024-01-03 11:30:00-05:00,47.75040054321289,47.83699035644531,47.65399932861328,47.773990631103516
2024-01-03 12:30:00-05:00,47.76799774169922,47.87900161743164,47.57999801635742,47.62432861328125
2024-01-03 13:30:00-05:00,47.62999725341797,47.72999954223633,47.44499969482422,47.69300079345703
2024-01-03 14:30:00-05:00,47.69499969482422,47.810001373291016,47.53900146484375,47.652000427246094
2024-01-03 15:30:00-05:00,47.64896011352539,47.74700164794922,47.45000076293945,47.56999969482422
2024-01-04 09:30:00-05:00,47.76700210571289,48.064002990722656,47.507999420166016,47.95499801635742
2024-01-04 10:30:00-05:00,47.94702911376953,48.4010009765625,47.94499969482422,48.305660247802734
2024-01-04 11:30:00-05:00,48.303009033203125,48.5,48.21500015258789,48.26900100708008
2024-01-04 12:30:00-05:00,48.268836975097656,48.28900146484375,48.053001403808594,48.279998779296875
2024-01-04 13:30:00-05:00,48.28099822998047,48.39200210571289,48.12300109863281,48.14400100708008
2024-01-04 14:30:00-05:00,48.14400100708008,48.35499954223633,48.0890007019043,48.19586944580078
2024-01-04 15:30:00-05:00,48.189998626708984,48.26000213623047,47.97999954223633,47.99399948120117
2024-01-05 09:30:00-05:00,48.461997985839844,48.96487045288086,48.306007385253906,48.95199966430664
2024-01-05 10:30:00-05:00,48.95100021362305,49.547000885009766,48.907997131347656,49.38750076293945
2024-01-05 11:30:00-05:00,49.38999938964844,49.4379997253418,48.987998962402344,49.04125213623047
2024-01-05 12:30:00-05:00,49.037010192871094,49.24500274658203,48.970008850097656,49.15599822998047
2024-01-05 13:30:00-05:00,49.15132141113281,49.349998474121094,49.14500045776367,49.209938049316406
2024-01-05 14:30:00-05:00,49.202999114990234,49.26198959350586,48.78302001953125,48.868499755859375
2024-01-05 15:30:00-05:00,48.86199951171875,49.10300064086914,48.80500030517578,49.09000015258789
2024-01-08 09:30:00-05:00,49.512001037597656,51.5150032043457,49.479000091552734,51.32600021362305
2024-01-08 10:30:00-05:00,51.327003479003906,51.572998046875,51.0620002746582,51.28200149536133
2024-01-08 11:30:00-05:00,51.28685760498047,51.5469970703125,51.15700149536133,51.18626022338867
2024-01-08 12:30:00-05:00,51.1870002746582,51.53200149536133,51.10300064086914,51.512001037597656
2024-01-08 13:30:00-05:00,51.51300048828125,51.79999923706055,51.43000030517578,51.7400016784668
2024-01-08 14:30:00-05:00,51.74338912963867,51.89799880981445,51.606468200683594,51.8703498840332
2024-01-08 15:30:00-05:00,51.86899948120117,52.275001525878906,51.81599807739258,52.25499725341797
2024-01-09 09:30:00-05:00,52.4010009765625,52.619895935058594,51.69000244140625,52.4736328125
2024-01-09 10:30:00-05:00,52.47899627685547,52.9010009765625,52.07999801635742,52.8599967956543
2024-01-09 11:30:00-05:00,52.85240936279297,53.57899856567383,52.7706298828125,53.42158126831055
2024-01-09 12:30:00-05:00,53.4370002746582,54.071998596191406,53.37000274658203,53.87080001831055
2024-01-09 13:30:00-05:00,53.86699676513672,54.32500076293945,53.72999954223633,53.974998474121094
2024-01-09 14:30:00-05:00,53.97100067138672,54.10100173950195,53.436012268066406,53.5584716796875
2024-01-09 15:30:00-05:00,53.55399703979492,53.65700149536133,53.01816940307617,53.13100051879883
2024-01-10 09:30:00-05:00,53.615997314453125,54.365997314453125,53.4890022277832,54.14899444580078
2024-01-10 10:30:00-05:00,54.150001525878906,54.599998474121094,54.084999084472656,54.31049728393555
2024-01-10 11:30:00-05:00,54.31450271606445,54.37999725341797,53.9849967956543,54.19199752807617
2024-01-10 12:30:00-05:00,54.199989318847656,54.47999954223633,54.1400032043457,54.2130012512207
2024-01-10 13:30:00-05:00,54.21245574951172,54.47999954223633,54.20100021362305,54.211997985839844
2024-01-10 14:30:00-05:00,54.21070098876953,54.375999450683594,54.040000915527344,54.21149826049805
2024-01-10 15:30:00-05:00,54.20800018310547,54.365997314453125,53.95200729370117,54.349998474121094
2024-01-11 09:30:00-05:00,54.999000549316406,55.34600067138672,53.88199996948242,54.51850128173828
2024-01-11 10:30:00-05:00,54.516998291015625,54.641990661621094,53.55999755859375,53.855010986328125
2024-01-11 11:30:00-05:00,53.849998474121094,54.25999069213867,53.60599899291992,54.132598876953125
2024-01-11 12:30:00-05:00,54.126220703125,55.099998474121094,54.126220703125,54.93300247192383
2024-01-11 13:30:00-05:00,54.93199920654297,55.09699249267578,54.71100997924805,54.91899871826172
2024-01-11 14:30:00-05:00,54.91899871826172,55.20000076293945,54.81500244140625,54.87662887573242
2024-01-11 15:30:00-05:00,54.875,54.91804122924805,54.600013732910156,54.82999801635742
2024-01-12 09:30:00-05:00,54.62000274658203,54.970001220703125,54.35499954223633,54.737998962402344
2024-01-12 10:30:00-05:00,54.74500274658203,54.83599090576172,54.330078125,54.69501876831055
2024-01-12 11:30:00-05:00,54.699501037597656,54.73698806762695,54.4904899597168,54.6140022277832
2024-01-12 12:30:00-05:00,54.61433792114258,54.69915008544922,54.54999923706055,54.63005828857422
2024-01-12 13:30:00-05:00,54.63800048828125,54.914268493652344,54.592933654785156,54.747772216796875
2024-01-12 14:30:00-05:00,54.741058349609375,54.7650032043457,54.540000915527344,54.6250114440918
2024-01-12 15:30:00-05:00,54.6345100402832,54.74799728393555,54.57999801635742,54.70800018310547
2024-01-16 09:30:00-05:00,55.099998474121094,56.0620002746582,55.053497314453125,56.05500030517578
2024-01-16 10:30:00-05:00,56.064002990722656,56.70000076293945,55.92103958129883,56.56928634643555
2024-01-16 11:30:00-05:00,56.58100128173828,56.834991455078125,56.1609992980957,56.230987548828125
2024-01-16 12:30:00-05:00,56.220001220703125,56.37999725341797,56.04999923706055,56.367042541503906
2024-01-16 13:30:00-05:00,56.375999450683594,56.40800094604492,56.025001525878906,56.185997009277344
2024-01-16 14:30:00-05:00,56.180999755859375,56.3599967956543,56.055015563964844,56.105377197265625
2024-01-16 15:30:00-05:00,56.10700225830078,56.4010009765625,56.03001022338867,56.400001525878906
2024-01-17 09:30:00-05:00,56.34699630737305,56.470680236816406,54.7400016784668,55.41599655151367
2024-01-17 10:30:00-05:00,55.415000915527344,55.93198776245117,55.236000061035156,55.888999938964844
2024-01-17 11:30:00-05:00,55.89400100708008,56.01599884033203,55.586997985839844,55.635498046875
2024-01-17 12:30:00-05:00,55.63050079345703,55.84400177001953,55.5099983215332,55.61949920654297
2024-01-17 13:30:00-05:00,55.61750030517578,56.06339645385742,55.529998779296875,56.04362869262695
2024-01-17 14:30:00-05:00,56.04450225830078,56.2760009765625,55.68101119995117,55.72150802612305
2024-01-17 15:30:00-05:00,55.73112106323242,56.19099807739258,55.67899703979492,56.051002502441406
2024-01-18 09:30:00-05:00,57.2599983215332,57.52000045776367,56.88800048828125,57.17000198364258
2024-01-18 10:30:00-05:00,57.17000198364258,57.59400177001953,57.05999755859375,57.52100372314453
2024-01-18 11:30:00-05:00,57.52800369262695,57.599998474121094,56.840003967285156,57.01599884033203
2024-01-18 12:30:00-05:00,57.0155029296875,57.095001220703125,56.10700225830078,56.28166961669922
2024-01-18 13:30:00-05:00,56.28220748901367,57.0099983215332,56.264007568359375,56.96799850463867
2024-01-18 14:30:00-05:00,56.97600173950195,57.05499267578125,56.74799728393555,56.944000244140625
2024-01-18 15:30:00-05:00,56.95000076293945,57.18499755859375,56.840003967285156,57.09821319580078
2024-01-19 09:30:00-05:00,57.9890022277832,58.0,57.224998474121094,57.89299774169922
2024-01-19 10:30:00-05:00,57.8849983215332,58.28200149536133,57.771995544433594,58.24199676513672
2024-01-19 11:30:00-05:00,58.24190139770508,58.900001525878906,58.17399978637695,58.8849983215332
2024-01-19 12:30:00-05:00,58.8848991394043,59.0880012512207,58.74199676513672,58.987998962402344
2024-01-19 13:30:00-05:00,58.98839569091797,59.18400192260742,58.884002685546875,58.97130584716797
2024-01-19 14:30:00-05:00,58.97148895263672,59.20600128173828,58.83599853515625,59.14600372314453
2024-01-19 15:30:00-05:00,59.14000701904297,59.5,59.0880012512207,59.5
2024-01-22 09:30:00-05:00,59.75,60.33100128173828,59.17000198364258,59.251502990722656
2024-01-22 10:30:00-05:00,59.2599983215332,59.9799919128418,59.06999969482422,59.939537048339844
2024-01-22 11:30:00-05:00,59.93549728393555,60.05800247192383,59.569000244140625,59.85900115966797
2024-01-22 12:30:00-05:00,59.85100173950195,59.94000244140625,59.70499801635742,59.76649856567383
2024-01-22 13:30:00-05:00,59.7599983215332,60.10499954223633,59.74500274658203,59.94350051879883
2024-01-22 14:30:00-05:00,59.95000076293945,60.0,59.85100555419922,59.9844970703125
2024-01-22 15:30:00-05:00,59.98326873779297,59.990997314453125,59.650001525878906,59.665000915527344
2024-01-23 09:30:00-05:00,59.56999969482422,59.637001037597656,58.584999084472656,59.42000198364258
2024-01-23 10:30:00-05:00,59.417999267578125,59.7299919128418,59.30500030517578,59.486000061035156
2024-01-23 11:30:00-05:00,59.49298858642578,59.654998779296875,59.37800216674805,59.487998962402344
2024-01-23 12:30:00-05:00,59.47999954223633,59.67100143432617,59.452003479003906,59.5724983215332
2024-01-23 13:30:00-05:00,59.57899856567383,59.584999084472656,59.29600143432617,59.37764358520508
2024-01-23 14:30:00-05:00,59.321998596191406,59.766998291015625,59.29401397705078,59.709999084472656
2024-01-23 15:30:00-05:00,59.7140007019043,59.909996032714844,59.628997802734375,59.871002197265625
2024-01-24 09:30:00-05:00,60.30399703979492,62.0099983215332,59.9379997253418,61.9043083190918
2024-01-24 10:30:00-05:00,61.89899826049805,62.00300216674805,61.404998779296875,61.63800048828125
2024-01-24 11:30:00-05:00,61.63050079345703,62.209999084472656,61.58599853515625,62.13750076293945
2024-01-24 12:30:00-05:00,62.14600372314453,62.8489990234375,62.13199996948242,62.659996032714844
2024-01-24 13:30:00-05:00,62.67000198364258,62.72199630737305,61.649009704589844,61.78850173950195
2024-01-24 14:30:00-05:00,61.790000915527344,62.23398971557617,61.209999084472656,61.22700119018555
2024-01-24 15:30:00-05:00,61.228607177734375,61.66899871826172,61.17100143432617,61.35700225830078
2024-01-25 09:30:00-05:00,62.150001525878906,62.638999938964844,61.85399627685547,62.60041046142578
2024-01-25 10:30:00-05:00,62.611000061035156,62.71900177001953,62.224998474121094,62.3900032043457
2024-01-25 11:30:00-05:00,62.3904914855957,62.55999755859375,61.70100021362305,61.92499923706055
2024-01-25 12:30:00-05:00,61.926002502441406,61.989990234375,61.323997497558594,61.527503967285156
2024-01-25 13:30:00-05:00,61.529998779296875,61.779998779296875,60.91602325439453,61.2760009765625
2024-01-25 14:30:00-05:00,61.2760009765625,61.822998046875,61.21085739135742,61.551002502441406
2024-01-25 15:30:00-05:00,61.548500061035156,61.73099899291992,61.4849967956543,61.64400100708008
2024-01-26 09:30:00-05:00,60.959999084472656,61.413002014160156,60.572998046875,61.3830680847168
2024-01-26 10:30:00-05:00,61.38350296020508,61.78300094604492,61.290000915527344,61.374000549316406
2024-01-26 11:30:00-05:00,61.39099884033203,61.5629997253418,61.121002197265625,61.29664993286133
2024-01-26 12:30:00-05:00,61.303497314453125,61.303497314453125,60.84099578857422,61.11124801635742
2024-01-26 13:30:00-05:00,61.115997314453125,61.180999755859375,60.74300003051758,61.007362365722656
2024-01-26 14:30:00-05:00,61.00777053833008,61.400001525878906,60.9010009765625,61.08599853515625
2024-01-26 15:30:00-05:00,61.082000732421875,61.139991760253906,60.9218635559082,61.029998779296875
2024-01-29 09:30:00-05:00,61.23200225830078,61.875,60.90700149536133,61.73834228515625
2024-01-29 10:30:00-05:00,61.733001708984375,61.834999084472656,61.29099655151367,61.464599609375
2024-01-29 11:30:00-05:00,61.46699905395508,61.698997497558594,61.37999725341797,61.6150016784668
2024-01-29 12:30:00-05:00,61.62249755859375,61.697998046875,61.47199630737305,61.60999298095703
2024-01-29 13:30:00-05:00,61.608177185058594,61.96900177001953,61.580650329589844,61.935638427734375
2024-01-29 14:30:00-05:00,61.9398193359375,62.41599655151367,61.861000061035156,62.371253967285156
2024-01-29 15:30:00-05:00,62.37000274658203,62.4890022277832,62.2869987487793,62.472999572753906
2024-01-30 09:30:00-05:00,62.900001525878906,63.39899826049805,62.540992736816406,63.271995544433594
2024-01-30 10:30:00-05:00,63.279998779296875,63.365989685058594,62.888999938964844,63.07899856567383
2024-01-30 11:30:00-05:00,63.07849884033203,63.49300003051758,62.759002685546875,62.8738899230957
2024-01-30 12:30:00-05:00,62.862998962402344,62.89600372314453,62.2599983215332,62.66699981689453
2024-01-30 13:30:00-05:00,62.676002502441406,62.83698654174805,62.28300094604492,62.65095138549805
2024-01-30 14:30:00-05:00,62.657928466796875,63.021995544433594,62.64099884033203,62.92960739135742
2024-01-30 15:30:00-05:00,62.93499755859375,62.9900016784668,62.654998779296875,62.75300216674805
2024-01-31 09:30:00-05:00,61.44000244140625,62.07500076293945,61.202003479003906,61.22100067138672
2024-01-31 10:30:00-05:00,61.21699905395508,61.43400192260742,60.70000076293945,61.28900146484375
2024-01-31 11:30:00-05:00,61.30699920654297,61.79399871826172,61.24699783325195,61.652000427246094
2024-01-31 12:30:00-05:00,61.6554069519043,61.71599578857422,61.358001708984375,61.375999450683594
2024-01-31 13:30:00-05:00,61.3822021484375,61.70600128173828,61.13300323486328,61.577064514160156
2024-01-31 14:30:00-05:00,61.58150100708008,62.269020080566406,61.25499725341797,61.7130012512207
2024-01-31 15:30:00-05:00,61.715003967285156,61.7400016784668,61.349998474121094,61.500999450683594
2024-02-01 09:30:00-05:00,62.099998474121094,62.31999969482422,61.650001525878906,62.3089714050293
2024-02-01 10:30:00-05:00,62.30939865112305,62.48200225830078,61.75699996948242,61.912559509277344
2024-02-01 11:30:00-05:00,61.926002502441406,62.49699783325195,61.819000244140625,62.40700149536133
2024-02-01 12:30:00-05:00,62.409996032714844,62.72999954223633,62.321998596191406,62.678001403808594
2024-02-01 13:30:00-05:00,62.67499923706055,62.89899826049805,62.600013732910156,62.821998596191406
2024-02-01 14:30:00-05:00,62.827003479003906,63.113990783691406,62.715003967285156,63.09450149536133
2024-02-01 15:30:00-05:00,63.09600067138672,63.19099807739258,62.86800003051758,63.034996032714844
2024-02-02 09:30:00-05:00,63.79999923706055,65.43599700927734,63.69000244140625,65.06800079345703
2024-02-02 10:30:00-05:00,65.07575225830078,65.40699768066406,64.85200500488281,65.39240264892578
2024-02-02 11:30:00-05:00,65.4000015258789,66.5719985961914,65.38690185546875,66.5719985961914
2024-02-02 12:30:00-05:00,66.57499694824219,66.5999984741211,65.90399932861328,65.98350524902344
2024-02-02 13:30:00-05:00,65.99099731445312,66.33098602294922,65.8169174194336,66.1500015258789
2024-02-02 14:30:00-05:00,66.14900207519531,66.25399780273438,65.93000030517578,66.0885009765625
2024-02-02 15:30:00-05:00,66.08799743652344,66.2750015258789,66.0,66.1500015258789
2024-02-05 09:30:00-05:00,67.69999694824219,69.49699401855469,67.69999694824219,68.15972900390625
2024-02-05 10:30:00-05:00,68.15399932861328,68.37000274658203,67.20500183105469,68.13899993896484
2024-02-05 11:30:00-05:00,68.13499450683594,69.16999053955078,68.12699890136719,68.96099853515625
2024-02-05 12:30:00-05:00,68.96500396728516,69.18000030517578,68.5,68.88249969482422
2024-02-05 13:30:00-05:00,68.87186431884766,69.0,68.61442565917969,68.95050048828125
2024-02-05 14:30:00-05:00,68.95234680175781,69.3499984741211,68.0999984741211,68.760009765625
2024-02-05 15:30:00-05:00,68.7645034790039,69.4489974975586,68.70100402832031,69.31800079345703
2024-02-06 09:30:00-05:00,69.62999725341797,69.75399017333984,67.38499450683594,67.93318176269531
2024-02-06 10:30:00-05:00,67.93150329589844,68.38899993896484,67.41999816894531,67.96379089355469
2024-02-06 11:30:00-05:00,67.97000122070312,68.03300476074219,66.30000305175781,66.84220123291016
2024-02-06 12:30:00-05:00,66.84300231933594,67.12899780273438,66.50199890136719,66.93270111083984
2024-02-06 13:30:00-05:00,66.94450378417969,67.67440795898438,66.92900848388672,67.53099822998047
2024-02-06 14:30:00-05:00,67.54630279541016,68.47000122070312,67.53101348876953,68.15501403808594
2024-02-06 15:30:00-05:00,68.16450500488281,68.40699768066406,67.80999755859375,68.21900177001953
2024-02-07 09:30:00-05:00,68.31900024414062,69.43499755859375,67.5999984741211,69.27799987792969
2024-02-07 10:30:00-05:00,69.27435302734375,69.4990005493164,68.62000274658203,68.8530044555664
2024-02-07 11:30:00-05:00,68.86199951171875,69.39799499511719,68.80000305175781,69.15584564208984
2024-02-07 12:30:00-05:00,69.15499877929688,69.49600219726562,68.91300201416016,69.45349884033203
2024-02-07 13:30:00-05:00,69.45999908447266,69.57499694824219,69.28099822998047,69.4010009765625
2024-02-07 14:30:00-05:00,69.40900421142578,70.197998046875,69.34500122070312,70.17598724365234
2024-02-07 15:30:00-05:00,70.17598724365234,70.22000122070312,69.94000244140625,70.11599731445312
2024-02-08 09:30:00-05:00,70.0739974975586,70.79399871826172,69.45500183105469,69.85399627685547
2024-02-08 10:30:00-05:00,69.85099792480469,70.61000061035156,69.66999816894531,70.36830139160156
2024-02-08 11:30:00-05:00,70.37750244140625,70.5739517211914,70.10800170898438,70.26509857177734
2024-02-08 12:30:00-05:00,70.2625961303711,70.44099426269531,69.97200012207031,70.44099426269531
2024-02-08 13:30:00-05:00,70.44099426269531,70.6500015258789,69.947998046875,69.96199798583984
2024-02-08 14:30:00-05:00,69.95500183105469,70.08000183105469,69.70500183105469,69.9000015258789
2024-02-08 15:30:00-05:00,69.90499877929688,70.0,69.55500030517578,69.63999938964844
2024-02-09 09:30:00-05:00,70.53300476074219,71.24800109863281,70.21199798583984,71.11699676513672
2024-02-09 10:30:00-05:00,71.10887908935547,71.81400299072266,70.98100280761719,71.43449401855469
2024-02-09 11:30:00-05:00,71.447998046875,71.72000122070312,71.2719955444336,71.6364974975586
2024-02-09 12:30:00-05:00,71.63899993896484,71.80000305175781,71.5250015258789,71.77050018310547
2024-02-09 13:30:00-05:00,71.7750015258789,72.05999755859375,71.71099853515625,71.95598602294922
2024-02-09 14:30:00-05:00,71.94990539550781,72.0270004272461,71.77100372314453,71.93400573730469
2024-02-09 15:30:00-05:00,71.94000244140625,72.18499755859375,71.83000946044922,72.13099670410156
2024-02-12 09:30:00-05:00,72.5999984741211,73.49600219726562,72.13999938964844,73.13642883300781
2024-02-12 10:30:00-05:00,73.13041687011719,74.19999694824219,73.01300048828125,74.04798126220703
2024-02-12 11:30:00-05:00,74.05084228515625,74.61100006103516,73.32000732421875,73.59041595458984
2024-02-12 12:30:00-05:00,73.59477233886719,73.74500274658203,72.65601348876953,72.73200225830078
2024-02-12 13:30:00-05:00,72.73200225830078,72.7405014038086,71.25,72.15553283691406
2024-02-12 14:30:00-05:00,72.12800598144531,72.76300048828125,71.87999725341797,72.54000091552734
2024-02-12 15:30:00-05:00,72.54019927978516,72.68000030517578,72.20399475097656,72.29199981689453
2024-02-13 09:30:00-05:00,70.4000015258789,72.43000030517578,69.62000274658203,72.42500305175781
2024-02-13 10:30:00-05:00,72.41950225830078,73.44999694824219,72.20999908447266,73.09000396728516
2024-02-13 11:30:00-05:00,73.08979797363281,73.12998962402344,72.12800598144531,72.36000061035156
2024-02-13 12:30:00-05:00,72.35780334472656,72.80900573730469,71.82499694824219,72.33300018310547
2024-02-13 13:30:00-05:00,72.33399963378906,72.44896697998047,71.76100158691406,72.09700012207031
2024-02-13 14:30:00-05:00,72.072998046875,72.46800231933594,71.3499984741211,71.61557006835938
2024-02-13 15:30:00-05:00,71.62326049804688,72.19589233398438,71.4229965209961,72.19000244140625
2024-02-14 09:30:00-05:00,73.2020034790039,74.23600006103516,73.00599670410156,74.11000061035156
2024-02-14 10:30:00-05:00,74.09950256347656,74.14900207519531,71.93800354003906,72.51994323730469
2024-02-14 11:30:00-05:00,72.52201843261719,72.90999603271484,72.18699645996094,72.86665344238281
2024-02-14 12:30:00-05:00,72.88300323486328,73.0719985961914,72.44999694824219,72.89199829101562
2024-02-14 13:30:00-05:00,72.89900207519531,73.17999267578125,72.64000701904297,73.09211730957031
2024-02-14 14:30:00-05:00,73.09449005126953,73.47200012207031,73.00199890136719,73.39875030517578
2024-02-14 15:30:00-05:00,73.38999938964844,73.90699768066406,73.38300323486328,73.85499572753906
2024-02-15 09:30:00-05:00,73.86900329589844,73.9749984741211,72.4000015258789,73.06999969482422
2024-02-15 10:30:00-05:00,73.0719985961914,73.4990005493164,72.70999908447266,73.12100219726562
2024-02-15 11:30:00-05:00,73.11799621582031,73.26399993896484,72.71099853515625,73.1469955444336
2024-02-15 12:30:00-05:00,73.15399932861328,73.375,73.04541015625,73.30400085449219
2024-02-15 13:30:00-05:00,73.31400299072266,73.32899475097656,72.8604965209961,73.20899963378906
2024-02-15 14:30:00-05:00,73.21006774902344,73.28300476074219,72.65999603271484,72.8530044555664
2024-02-15 15:30:00-05:00,72.85900115966797,72.93699645996094,72.572998046875,72.65699768066406
2024-02-16 09:30:00-05:00,74.0999984741211,74.4020004272461,72.50399780273438,73.23600006103516
2024-02-16 10:30:00-05:00,73.23600006103516,74.01799774169922,72.80863952636719,73.84000396728516
2024-02-16 11:30:00-05:00,73.86699676513672,74.13700103759766,73.69650268554688,73.90399932861328
2024-02-16 12:30:00-05:00,73.91099548339844,73.94999694824219,73.04106140136719,73.26950073242188
2024-02-16 13:30:00-05:00,73.26899719238281,74.09500122070312,73.24900817871094,73.78788757324219
2024-02-16 14:30:00-05:00,73.79600524902344,73.92900085449219,73.01699829101562,73.35600280761719
2024-02-16 15:30:00-05:00,73.35200500488281,73.39204406738281,72.5009994506836,72.60050201416016
2024-02-20 09:30:00-05:00,71.5999984741211,71.90599822998047,68.21099853515625,68.3655014038086
2024-02-20 10:30:00-05:00,68.36250305175781,69.19908905029297,67.90900421142578,68.64299774169922
2024-02-20 11:30:00-05:00,68.61901092529297,68.63899993896484,67.73400115966797,68.30000305175781
2024-02-20 12:30:00-05:00,68.30574798583984,68.45899963378906,67.86000061035156,68.27650451660156
2024-02-20 13:30:00-05:00,68.28700256347656,68.87299346923828,67.947998046875,68.63325500488281
2024-02-20 14:30:00-05:00,68.62214660644531,69.5989990234375,68.55400085449219,69.18560028076172
2024-02-20 15:30:00-05:00,69.19300079345703,69.54199981689453,68.94599914550781,69.45700073242188
2024-02-21 09:30:00-05:00,68.0,68.88800048828125,67.70001220703125,67.91200256347656
2024-02-21 10:30:00-05:00,67.91200256347656,68.33499908447266,67.76599884033203,68.07099914550781
2024-02-21 11:30:00-05:00,68.08100128173828,68.20800018310547,66.61299896240234,67.13029479980469
2024-02-21 12:30:00-05:00,67.125,67.4229965209961,66.86949920654297,67.01100158691406
2024-02-21 13:30:00-05:00,66.98787689208984,67.49500274658203,66.7239990234375,66.82050323486328
2024-02-21 14:30:00-05:00,66.82177734375,67.01699829101562,66.24800109863281,66.86949920654297
2024-02-21 15:30:00-05:00,66.88499450683594,67.5999984741211,66.82000732421875,67.49500274658203
2024-02-22 09:30:00-05:00,74.80000305175781,78.08499908447266,74.22000122070312,77.74949645996094
2024-02-22 10:30:00-05:00,77.76899719238281,78.08000183105469,77.15999603271484,77.64600372314453
2024-02-22 11:30:00-05:00,77.6510009765625,78.15399932861328,77.4000015258789,77.46820068359375
2024-02-22 12:30:00-05:00,77.47700500488281,77.64600372314453,77.05500030517578,77.3969955444336
2024-02-22 13:30:00-05:00,77.39900207519531,77.92500305175781,77.2870101928711,77.90349578857422
2024-02-22 14:30:00-05:00,77.9000015258789,78.37699890136719,77.68599700927734,78.1729965209961
2024-02-22 15:30:00-05:00,78.17150115966797,78.57499694824219,78.02899932861328,78.5270004272461
2024-02-23 09:30:00-05:00,80.79000091552734,82.39399719238281,79.65999603271484,79.69999694824219
2024-02-23 10:30:00-05:00,79.70800018310547,80.05000305175781,77.56999969482422,79.12800598144531
2024-02-23 11:30:00-05:00,79.13200378417969,80.44400024414062,78.75499725341797,79.60786437988281
2024-02-23 12:30:00-05:00,79.64900207519531,80.27999877929688,79.13200378417969,80.06099700927734
2024-02-23 13:30:00-05:00,80.07219696044922,80.28499603271484,79.56199645996094,79.677001953125
2024-02-23 14:30:00-05:00,79.69400024414062,79.99000549316406,78.6500015258789,78.8239974975586
2024-02-23 15:30:00-05:00,78.8239974975586,79.30999755859375,78.68099975585938,78.81599426269531
2024-02-26 09:30:00-05:00,80.0,80.64598846435547,78.50499725341797,79.82600402832031
2024-02-26 10:30:00-05:00,79.83300018310547,79.99500274658203,79.37000274658203,79.95405578613281
2024-02-26 11:30:00-05:00,79.95320129394531,80.28604888916016,79.6030044555664,80.10850524902344
2024-02-26 12:30:00-05:00,80.10687255859375,80.26300048828125,79.76200103759766,79.86213684082031
2024-02-26 13:30:00-05:00,79.86299896240234,79.96900177001953,79.13999938964844,79.51100158691406
2024-02-26 14:30:00-05:00,79.5029296875,79.67500305175781,78.79499816894531,79.17999267578125
2024-02-26 15:30:00-05:00,79.1669692993164,79.38600158691406,79.04899597167969,79.09110260009766
2024-02-27 09:30:00-05:00,79.19999694824219,79.44000244140625,77.16200256347656,78.61900329589844
2024-02-27 10:30:00-05:00,78.6030044555664,78.99500274658203,78.41400146484375,78.61000061035156
2024-02-27 11:30:00-05:00,78.60800170898438,79.29899597167969,78.55500030517578,79.1729965209961
2024-02-27 12:30:00-05:00,79.19200134277344,79.47999572753906,78.71599578857422,79.16768646240234
2024-02-27 13:30:00-05:00,79.16929626464844,79.28398895263672,78.9520034790039,79.12200927734375
2024-02-27 14:30:00-05:00,79.14299774169922,79.25,78.83900451660156,79.1030044555664
2024-02-27 15:30:00-05:00,79.1030044555664,79.11698913574219,78.69999694824219,78.69999694824219
2024-02-28 09:30:00-05:00,77.62000274658203,78.15999603271484,77.22200012207031,77.33599853515625
2024-02-28 10:30:00-05:00,77.3386001586914,78.3270034790039,77.125,78.22894287109375
2024-02-28 11:30:00-05:00,78.24600219726562,78.93299865722656,78.21900939941406,78.4020004272461
2024-02-28 12:30:00-05:00,78.40620422363281,78.46900177001953,78.10099792480469,78.4155044555664
2024-02-28 13:30:00-05:00,78.4229965209961,78.54299926757812,78.15399932861328,78.19000244140625
2024-02-28 14:30:00-05:00,78.16699981689453,78.3270034790039,77.9229965209961,78.21500396728516
2024-02-28 15:30:00-05:00,78.20974731445312,78.22078704833984,77.5,77.67900085449219
2024-02-29 09:30:00-05:00,79.25,79.82999420166016,79.00700378417969,79.3489990234375
2024-02-29 10:30:00-05:00,79.34660339355469,79.64500427246094,78.82920837402344,79.00199890136719
2024-02-29 11:30:00-05:00,79.0,79.24000549316406,78.3499984741211,78.90900421142578
2024-02-29 12:30:00-05:00,78.91079711914062,79.37999725341797,78.84700012207031,79.36399841308594
2024-02-29 13:30:00-05:00,79.37699890136719,79.51399993896484,79.13301086425781,79.3280029296875
2024-02-29 14:30:00-05:00,79.31900024414062,79.48200225830078,79.17501068115234,79.31300354003906
2024-02-29 15:30:00-05:00,79.32608032226562,79.99000549316406,78.9000015258789,79.21800231933594
2024-03-01 09:30:00-05:00,80.11699676513672,80.94999694824219,79.43502807617188,80.7755355834961
2024-03-01 10:30:00-05:00,80.77400207519531,81.96400451660156,80.57499694824219,81.96400451660156
2024-03-01 11:30:00-05:00,81.9749984741211,82.06099700927734,81.4260025024414,81.7655029296875
2024-03-01 12:30:00-05:00,81.76100158691406,81.95600128173828,81.6510009765625,81.77239990234375
2024-03-01 13:30:00-05:00,81.76649475097656,82.25900268554688,81.6875,82.13145446777344
2024-03-01 14:30:00-05:00,82.1500015258789,82.18499755859375,81.76301574707031,81.99800109863281
2024-03-01 15:30:00-05:00,81.99549865722656,82.30000305175781,81.83799743652344,82.29299926757812
2024-03-04 09:30:00-05:00,84.3375015258789,85.30850219726562,83.80650329589844,84.8280029296875
2024-03-04 10:30:00-05:00,84.8135986328125,85.54499816894531,84.80200958251953,85.2161636352539
2024-03-04 11:30:00-05:00,85.2280044555664,86.0780029296875,84.91099548339844,86.03300476074219
2024-03-04 12:30:00-05:00,86.0469970703125,86.99398803710938,85.8010025024414,86.61299896240234
2024-03-04 13:30:00-05:00,86.63337707519531,87.44998931884766,86.45349884033203,87.14399719238281
2024-03-04 14:30:00-05:00,87.14097595214844,87.69499969482422,86.5510025024414,86.63704681396484
2024-03-04 15:30:00-05:00,86.62199401855469,86.83300018310547,84.79988861083984,85.2509994506836
2024-03-05 09:30:00-05:00,85.30000305175781,86.0770034790039,84.0510025024414,84.19999694824219
2024-03-05 10:30:00-05:00,84.1969985961914,84.73100280761719,83.41700744628906,84.63098907470703
2024-03-05 11:30:00-05:00,84.46760559082031,85.31999206542969,84.3130111694336,85.30772399902344
2024-03-05 12:30:00-05:00,85.3104019165039,85.40599822998047,84.5999984741211,84.80000305175781
2024-03-05 13:30:00-05:00,84.80037689208984,85.18098449707031,84.45903015136719,85.02400207519531
2024-03-05 14:30:00-05:00,85.03400421142578,85.20999145507812,84.48699951171875,84.74019622802734
2024-03-05 15:30:00-05:00,84.72258758544922,86.0,84.7120132446289,85.99400329589844
2024-03-06 09:30:00-05:00,87.76100158691406,88.93281555175781,87.03001403808594,88.2719955444336
2024-03-06 10:30:00-05:00,88.27899932861328,88.66999816894531,88.00401306152344,88.38899993896484
2024-03-06 11:30:00-05:00,88.39350128173828,88.88798522949219,87.86801147460938,88.78300476074219
2024-03-06 12:30:00-05:00,88.79499053955078,89.7239990234375,88.51100158691406,89.4530029296875
2024-03-06 13:30:00-05:00,89.45838165283203,89.59700012207031,88.44099426269531,89.29100036621094
2024-03-06 14:30:00-05:00,89.30149841308594,89.40900421142578,88.0510025024414,88.30064392089844
2024-03-06 15:30:00-05:00,88.322998046875,88.74500274658203,87.64185333251953,88.74449920654297
2024-03-07 09:30:00-05:00,90.15800476074219,91.5989990234375,89.60200500488281,91.55274963378906
2024-03-07 10:30:00-05:00,91.5719985961914,92.2750015258789,91.15800476074219,92.14381408691406
2024-03-07 11:30:00-05:00,92.14900207519531,92.15499877929688,91.55000305175781,91.70899963378906
2024-03-07 12:30:00-05:00,91.7030029296875,91.97999572753906,91.31400299072266,91.87117767333984
2024-03-07 13:30:00-05:00,91.87999725341797,92.49800109863281,91.72999572753906,92.37026977539062
2024-03-07 14:30:00-05:00,92.39299011230469,92.4990005493164,91.64601135253906,92.20500946044922
2024-03-07 15:30:00-05:00,92.21449279785156,92.76699829101562,92.14199829101562,92.67399597167969
2024-03-08 09:30:00-05:00,94.80000305175781,97.20999908447266,94.62000274658203,97.20999908447266
2024-03-08 10:30:00-05:00,97.2239990234375,97.4000015258789,90.15999603271484,90.497802734375
2024-03-08 11:30:00-05:00,90.50385284423828,91.46099853515625,88.05799865722656,89.57905578613281
2024-03-08 12:30:00-05:00,89.57749938964844,90.08399963378906,87.0770034790039,87.60600280761719
2024-03-08 13:30:00-05:00,87.58631896972656,88.48899841308594,86.50599670410156,88.14099884033203
2024-03-08 14:30:00-05:00,88.17598724365234,89.37100219726562,87.79499816894531,88.05574798583984
2024-03-08 15:30:00-05:00,88.02101135253906,88.51832580566406,87.41500091552734,87.50199890136719
2024-03-11 09:30:00-04:00,87.5999984741211,87.5999984741211,84.16600036621094,87.07600402832031
2024-03-11 10:30:00-04:00,87.10600280761719,88.7969970703125,86.69999694824219,86.71800231933594
2024-03-11 11:30:00-04:00,86.71800231933594,87.59605407714844,86.50199890136719,86.91099548339844
2024-03-11 12:30:00-04:00,86.94000244140625,87.5,86.24299621582031,86.73445129394531
2024-03-11 13:30:00-04:00,86.74500274658203,86.80000305175781,85.70500183105469,86.40900421142578
2024-03-11 14:30:00-04:00,86.40599822998047,86.88700103759766,85.18000030517578,85.54618072509766
2024-03-11 15:30:00-04:00,85.52400207519531,86.13800048828125,85.3499984741211,85.79199981689453
2024-03-12 09:30:00-04:00,88.04899597167969,88.66688537597656,86.15010070800781,88.57979583740234
2024-03-12 10:30:00-04:00,88.59300231933594,91.19999694824219,88.45600891113281,91.08297729492188
2024-03-12 11:30:00-04:00,91.06859588623047,91.10900115966797,90.2020034790039,90.4625015258789
2024-03-12 12:30:00-04:00,90.4489974975586,90.59500122070312,89.04232025146484,89.9375
2024-03-12 13:30:00-04:00,89.92501068115234,90.64900207519531,89.52493286132812,90.31950378417969
2024-03-12 14:30:00-04:00,90.31968688964844,90.77999877929688,89.93499755859375,90.54750061035156
2024-03-12 15:30:00-04:00,90.552001953125,91.95999908447266,90.37000274658203,91.93800354003906
2024-03-13 09:30:00-04:00,91.05500030517578,91.20700073242188,88.43499755859375,89.06492614746094
2024-03-13 10:30:00-04:00,89.03099822998047,90.0479965209961,88.81999969482422,88.9260025024414
2024-03-13 11:30:00-04:00,88.92949676513672,89.41999053955078,88.61900329589844,89.03150177001953
2024-03-13 12:30:00-04:00,89.03300476074219,90.33300018310547,88.75,90.33200073242188
2024-03-13 13:30:00-04:00,90.33100128173828,90.77000427246094,89.83000183105469,90.31649780273438
2024-03-13 14:30:00-04:00,90.3280029296875,91.50399780273438,90.30699920654297,90.62000274658203
2024-03-13 15:30:00-04:00,90.62750244140625,90.98899841308594,90.43800354003906,90.9260025024414
2024-03-14 09:30:00-04:00,89.5770034790039,90.64600372314453,87.45600128173828,88.67949676513672
2024-03-14 10:30:00-04:00,88.67500305175781,88.97100067138672,87.64399719238281,87.82249450683594
2024-03-14 11:30:00-04:00,87.8499984741211,88.15499114990234,86.5999984741211,87.57749938964844
2024-03-14 12:30:00-04:00,87.5770034790039,88.00800323486328,86.80699920654297,87.19672393798828
2024-03-14 13:30:00-04:00,87.19606018066406,88.62000274658203,87.06099700927734,88.16950225830078
2024-03-14 14:30:00-04:00,88.16400146484375,88.39398956298828,86.90599822998047,87.39199829101562
2024-03-14 15:30:00-04:00,87.38600158691406,88.10499572753906,87.0,88.03599548339844
2024-03-15 09:30:00-04:00,87.0,88.64899444580078,86.25700378417969,88.43250274658203
2024-03-15 10:30:00-04:00,88.4375,89.53800201416016,88.40499877929688,89.20399475097656
2024-03-15 11:30:00-04:00,89.20159912109375,89.29000091552734,88.4120101928711,88.64199829101562
2024-03-15 12:30:00-04:00,88.65049743652344,89.14799499511719,88.60099792480469,88.8239974975586
2024-03-15 13:30:00-04:00,88.82295989990234,89.30000305175781,88.5999984741211,89.11000061035156
2024-03-15 14:30:00-04:00,89.11787414550781,89.54600524902344,88.29100799560547,88.56956481933594
2024-03-15 15:30:00-04:00,88.57479858398438,88.63607788085938,87.64000701904297,87.83650207519531
2024-03-18 09:30:00-04:00,90.37100219726562,92.40499877929688,90.0999984741211,90.70479583740234
2024-03-18 10:30:00-04:00,90.74199676513672,90.85600280761719,88.26820373535156,88.69239044189453
2024-03-18 11:30:00-04:00,88.7229995727539,89.0009994506836,87.83699798583984,88.37750244140625
2024-03-18 12:30:00-04:00,88.37750244140625,88.47000122070312,87.08499908447266,88.17298889160156
2024-03-18 13:30:00-04:00,88.18720245361328,88.88700103759766,87.96400451660156,88.85731506347656
2024-03-18 14:30:00-04:00,88.84199523925781,89.05500030517578,88.32099914550781,88.64659881591797
2024-03-18 15:30:00-04:00,88.66099548339844,88.99400329589844,88.29199981689453,88.45999908447266
2024-03-19 09:30:00-04:00,86.5999984741211,87.7760009765625,85.01200103759766,85.53942108154297
2024-03-19 10:30:00-04:00,85.51649475097656,87.15499877929688,85.32499694824219,86.88400268554688
2024-03-19 11:30:00-04:00,86.90650177001953,88.21063232421875,86.51499938964844,88.12849426269531
2024-03-19 12:30:00-04:00,88.12000274658203,89.69999694824219,88.11900329589844,89.15999603271484
2024-03-19 13:30:00-04:00,89.17399597167969,90.53700256347656,89.10200500488281,89.90049743652344
2024-03-19 14:30:00-04:00,89.9000015258789,90.29899597167969,88.11100006103516,88.53599548339844
2024-03-19 15:30:00-04:00,88.53150177001953,89.48799896240234,88.41099548339844,89.4000015258789
2024-03-20 09:30:00-04:00,89.88999938964844,90.40999603271484,88.25765991210938,89.30899047851562
2024-03-20 10:30:00-04:00,89.30799865722656,89.43499755859375,88.63400268554688,88.82899475097656
2024-03-20 11:30:00-04:00,88.83317565917969,89.08599090576172,88.2229995727539,88.5250015258789
2024-03-20 12:30:00-04:00,88.52000427246094,88.77989959716797,88.29000091552734,88.4469985961914
2024-03-20 13:30:00-04:00,88.43000030517578,89.91799926757812,88.41200256347656,89.76856994628906
2024-03-20 14:30:00-04:00,89.80000305175781,90.29199981689453,88.95899963378906,90.08100128173828
2024-03-20 15:30:00-04:00,90.08049774169922,90.4000015258789,89.8499984741211,90.35250091552734
2024-03-21 09:30:00-04:00,92.28599548339844,92.40399932861328,90.40499877929688,91.19999694824219
2024-03-21 10:30:00-04:00,91.19998931884766,91.9530029296875,90.68499755859375,91.9260025024414
2024-03-21 11:30:00-04:00,91.92100524902344,92.49299621582031,91.78048706054688,92.34162902832031
2024-03-21 12:30:00-04:00,92.3530044555664,92.62000274658203,91.8280029296875,92.18900299072266
2024-03-21 13:30:00-04:00,92.1780014038086,92.39498901367188,91.18000030517578,91.69600677490234
2024-03-21 14:30:00-04:00,91.7249984741211,91.7249984741211,90.83000183105469,91.54838562011719
2024-03-21 15:30:00-04:00,91.55900573730469,91.6744613647461,91.27000427246094,91.38099670410156
2024-03-22 09:30:00-04:00,91.16300201416016,93.12999725341797,90.8340072631836,92.81400299072266
2024-03-22 10:30:00-04:00,92.8499984741211,93.69999694824219,92.28300476074219,93.64130401611328
2024-03-22 11:30:00-04:00,93.64099884033203,94.697998046875,93.40200805664062,94.40299987792969
2024-03-22 12:30:00-04:00,94.41099548339844,94.73899841308594,93.91799926757812,94.50399780273438
2024-03-22 13:30:00-04:00,94.50399780273438,94.77799224853516,93.947998046875,94.39598846435547
2024-03-22 14:30:00-04:00,94.39070892333984,94.45899963378906,93.44300079345703,93.68766784667969
2024-03-22 15:30:00-04:00,93.69499969482422,94.48499298095703,93.51699829101562,94.24500274658203
2024-03-25 09:30:00-04:00,94.0,96.7659912109375,93.50999450683594,96.11865997314453
2024-03-25 10:30:00-04:00,96.1094970703125,96.49600219726562,95.57499694824219,95.77899932861328
2024-03-25 11:30:00-04:00,95.76699829101562,95.94200134277344,94.75554656982422,95.06099700927734
2024-03-25 12:30:00-04:00,95.06449890136719,95.73991394042969,94.9749984741211,95.6989974975586
2024-03-25 13:30:00-04:00,95.71649932861328,96.27999877929688,95.62000274658203,95.94550323486328
2024-03-25 14:30:00-04:00,95.95899963378906,96.27000427246094,95.22599792480469,95.44200134277344
2024-03-25 15:30:00-04:00,95.44300079345703,95.88499450683594,94.99000549316406,95.0
2024-03-26 09:30:00-04:00,95.8479995727539,96.375,94.26799774169922,94.27574157714844
2024-03-26 10:30:00-04:00,94.30250549316406,94.93885803222656,94.04499816894531,94.84068298339844
2024-03-26 11:30:00-04:00,94.84742736816406,95.02999877929688,93.88099670410156,94.37319946289062
2024-03-26 12:30:00-04:00,94.36000061035156,94.61099243164062,94.0510025024414,94.47249603271484
2024-03-26 13:30:00-04:00,94.47249603271484,95.25599670410156,94.47100067138672,94.92100524902344
2024-03-26 14:30:00-04:00,94.92082214355469,95.04304504394531,93.91799926757812,94.04000091552734
2024-03-26 15:30:00-04:00,94.0469970703125,94.072998046875,92.50199890136719,92.572998046875
2024-03-27 09:30:00-04:00,93.0999984741211,93.24000549316406,89.12300109863281,89.99299621582031
2024-03-27 10:30:00-04:00,90.0094985961914,90.48500061035156,89.55192565917969,89.56999969482422
2024-03-27 11:30:00-04:00,89.56199645996094,90.31881713867188,89.31300354003906,90.19300079345703
2024-03-27 12:30:00-04:00,90.19999694824219,90.43900299072266,89.93309783935547,90.1700210571289
2024-03-27 13:30:00-04:00,90.17050170898438,90.6989974975586,89.98200225830078,90.27050018310547
2024-03-27 14:30:00-04:00,90.27050018310547,90.37498474121094,89.135009765625,89.59099578857422
2024-03-27 15:30:00-04:00,89.59999084472656,90.54000091552734,89.50100708007812,90.25599670410156
2024-03-28 09:30:00-04:00,89.9780044555664,91.2979965209961,89.19300079345703,90.56538391113281
2024-03-28 10:30:00-04:00,90.56999969482422,91.06999969482422,90.48100280761719,90.67118835449219
2024-03-28 11:30:00-04:00,90.66799926757812,90.81790161132812,90.29399871826172,90.63300323486328
2024-03-28 12:30:00-04:00,90.63499450683594,90.79199981689453,90.44200134277344,90.59099578857422
2024-03-28 13:30:00-04:00,90.59300231933594,90.75300598144531,90.1865005493164,90.38300323486328
2024-03-28 14:30:00-04:00,90.4000015258789,90.80000305175781,90.18199920654297,90.4348373413086
2024-03-28 15:30:00-04:00,90.43699645996094,90.52899932861328,90.18800354003906,90.31700134277344
2024-04-01 09:30:00-04:00,90.36699676513672,92.2249984741211,90.18000030517578,91.34461212158203
2024-04-01 10:30:00-04:00,91.38099670410156,91.75800323486328,89.4229965209961,89.98200225830078
2024-04-01 11:30:00-04:00,89.97999572753906,89.98298645019531,89.20399475097656,89.87899780273438
2024-04-01 12:30:00-04:00,89.88800048828125,90.18400573730469,89.49400329589844,89.90499877929688
2024-04-01 13:30:00-04:00,89.89749908447266,90.23899841308594,89.77452087402344,90.14299774169922
2024-04-01 14:30:00-04:00,90.13499450683594,90.47099304199219,89.88700866699219,89.98649597167969
2024-04-01 15:30:00-04:00,89.98649597167969,90.38099670410156,89.66200256347656,90.37199401855469
2024-04-02 09:30:00-04:00,88.47000122070312,88.93299865722656,87.62000274658203,88.0260009765625
2024-04-02 10:30:00-04:00,88.03997802734375,89.38800048828125,87.83000946044922,89.3759994506836
2024-04-02 11:30:00-04:00,89.37818145751953,89.60200500488281,88.91099548339844,89.12199401855469
2024-04-02 12:30:00-04:00,89.11100006103516,90.09400177001953,89.08300018310547,89.6469955444336
2024-04-02 13:30:00-04:00,89.64649963378906,89.75499725341797,89.31251525878906,89.5479965209961
2024-04-02 14:30:00-04:00,89.5479965209961,89.66300201416016,89.2120132446289,89.3216781616211
2024-04-02 15:30:00-04:00,89.32450103759766,89.66999816894531,89.22801208496094,89.4469985961914
2024-04-03 09:30:00-04:00,88.4260025024414,90.3740005493164,88.4000015258789,90.16300201416016
2024-04-03 10:30:00-04:00,90.15850067138672,90.3499984741211,89.9229965209961,90.18599700927734
2024-04-03 11:30:00-04:00,90.18699645996094,90.24299621582031,89.13899993896484,89.6236572265625
2024-04-03 12:30:00-04:00,89.62999725341797,90.125,89.26200866699219,90.03895568847656
2024-04-03 13:30:00-04:00,90.05999755859375,90.07499694824219,89.7536392211914,89.8479995727539
2024-04-03 14:30:00-04:00,89.84000396728516,89.93099975585938,88.89199829101562,89.13700103759766
2024-04-03 15:30:00-04:00,89.1240005493164,89.28900146484375,88.81099700927734,88.96199798583984
2024-04-04 09:30:00-04:00,90.40599822998047,90.63398742675781,89.32099914550781,89.80799865722656
2024-04-04 10:30:00-04:00,89.8219985961914,89.95349884033203,89.30599975585938,89.46599578857422
2024-04-04 11:30:00-04:00,89.46599578857422,89.71800231933594,89.21299743652344,89.65950012207031
2024-04-04 12:30:00-04:00,89.65800476074219,89.72899627685547,89.44999694824219,89.46649932861328
2024-04-04 13:30:00-04:00,89.48100280761719,89.5999984741211,88.0999984741211,88.16999816894531
2024-04-04 14:30:00-04:00,88.16555786132812,88.18099975585938,86.44999694824219,86.46599578857422
2024-04-04 15:30:00-04:00,86.46599578857422,86.79698944091797,85.87999725341797,85.9020004272461
2024-04-05 09:30:00-04:00,86.7030029296875,87.67100524902344,85.9260025024414,86.7770004272461
2024-04-05 10:30:00-04:00,86.77799987792969,87.86198425292969,86.66200256347656,87.50999450683594
2024-04-05 11:30:00-04:00,87.51469421386719,88.48100280761719,87.44599914550781,88.04899597167969
2024-04-05 12:30:00-04:00,88.05900573730469,88.41500091552734,87.93501281738281,88.15900421142578
2024-04-05 13:30:00-04:00,88.16450500488281,88.31900024414062,87.31099700927734,87.68949890136719
2024-04-05 14:30:00-04:00,87.70100402832031,88.03099060058594,87.54000854492188,87.73249816894531
2024-04-05 15:30:00-04:00,87.73124694824219,88.1969985961914,87.625,87.97999572753906
2024-04-08 09:30:00-04:00,88.69599914550781,88.81999969482422,86.81099700927734,87.80000305175781
2024-04-08 10:30:00-04:00,87.8125,88.13298797607422,87.38400268554688,87.60700225830078
2024-04-08 11:30:00-04:00,87.58900451660156,87.7145004272461,86.73300170898438,86.99549865722656
2024-04-08 12:30:00-04:00,86.98400115966797,87.44000244140625,86.94499969482422,87.25900268554688
2024-04-08 13:30:00-04:00,87.24613952636719,87.29000091552734,86.88899993896484,87.2239990234375
2024-04-08 14:30:00-04:00,87.21987915039062,87.37199401855469,87.0260009765625,87.25749969482422
2024-04-08 15:30:00-04:00,87.25700378417969,87.47000122070312,86.98200225830078,87.18800354003906
2024-04-09 09:30:00-04:00,87.43000030517578,87.63499450683594,84.27999877929688,84.41700744628906
2024-04-09 10:30:00-04:00,84.45050048828125,84.47999572753906,83.0219955444336,83.97698974609375
2024-04-09 11:30:00-04:00,83.94400024414062,84.99800109863281,83.5,84.66099548339844
2024-04-09 12:30:00-04:00,84.66400146484375,84.97100067138672,84.36900329589844,84.62899780273438
2024-04-09 13:30:00-04:00,84.62043762207031,84.99600219726562,84.52899932861328,84.61299896240234
2024-04-09 14:30:00-04:00,84.61527252197266,84.97599792480469,84.125,84.9520034790039
2024-04-09 15:30:00-04:00,84.94000244140625,85.37999725341797,84.66699981689453,85.36399841308594
2024-04-10 09:30:00-04:00,83.9020004272461,87.19999694824219,83.70899963378906,86.56199645996094
2024-04-10 10:30:00-04:00,86.57849884033203,87.4000015258789,86.25,86.96900177001953
2024-04-10 11:30:00-04:00,86.9729995727539,86.98899841308594,86.4000015258789,86.53300476074219
2024-04-10 12:30:00-04:00,86.56500244140625,87.0418701171875,86.32099914550781,86.82499694824219
2024-04-10 13:30:00-04:00,86.82450103759766,87.0,86.32587432861328,86.64948272705078
2024-04-10 14:30:00-04:00,86.66799926757812,87.14799499511719,85.35399627685547,86.9072036743164
2024-04-10 15:30:00-04:00,86.927001953125,87.20700073242188,86.72087097167969,86.98400115966797
2024-04-11 09:30:00-04:00,87.4000015258789,88.49600219726562,86.9260025024414,88.04249572753906
2024-04-11 10:30:00-04:00,88.03900146484375,88.99600219726562,87.88301086425781,88.7380599975586
2024-04-11 11:30:00-04:00,88.71009826660156,89.31999206542969,88.5250015258789,89.19987487792969
2024-04-11 12:30:00-04:00,89.19999694824219,89.87000274658203,89.13300323486328,89.78700256347656
2024-04-11 13:30:00-04:00,89.802001953125,90.1969985961914,89.52000427246094,90.19020080566406
2024-04-11 14:30:00-04:00,90.1969985961914,90.239990234375,89.73799896240234,90.18099975585938
2024-04-11 15:30:00-04:00,90.16300201416016,90.7389907836914,90.10704803466797,90.61599731445312
2024-04-12 09:30:00-04:00,89.6989974975586,90.17498779296875,88.83200073242188,89.21638488769531
2024-04-12 10:30:00-04:00,89.19999694824219,89.38999938964844,88.29299926757812,89.25617980957031
2024-04-12 11:30:00-04:00,89.26699829101562,89.55000305175781,88.66899871826172,88.7249984741211
2024-04-12 12:30:00-04:00,88.73649597167969,88.99800109863281,88.4000015258789,88.56500244140625
2024-04-12 13:30:00-04:00,88.54899597167969,88.75399780273438,88.18099975585938,88.30598449707031
2024-04-12 14:30:00-04:00,88.29650115966797,88.30172729492188,87.52999877929688,87.9621810913086
2024-04-12 15:30:00-04:00,87.95750427246094,88.47000122070312,87.94467163085938,88.22999572753906
2024-04-15 09:30:00-04:00,89.12849426269531,90.61299896240234,88.22999572753906,89.93444061279297
2024-04-15 10:30:00-04:00,89.93400573730469,90.12199401855469,88.30400085449219,88.68000030517578
2024-04-15 11:30:00-04:00,88.68699645996094,89.19564819335938,88.30500030517578,88.30626678466797
2024-04-15 12:30:00-04:00,88.30500030517578,88.35115814208984,86.77999877929688,86.85700225830078
2024-04-15 13:30:00-04:00,86.8844985961914,87.07188415527344,86.3330078125,86.81400299072266
2024-04-15 14:30:00-04:00,86.78599548339844,87.27899169921875,86.01399993896484,86.02580261230469
2024-04-15 15:30:00-04:00,86.03400421142578,86.68589782714844,85.92900848388672,86.0009994506836
2024-04-16 09:30:00-04:00,86.49000549316406,87.9000015258789,86.06800842285156,87.08200073242188
2024-04-16 10:30:00-04:00,87.05979919433594,87.55000305175781,86.61199951171875,87.43350982666016
2024-04-16 11:30:00-04:00,87.43299865722656,87.46500396728516,86.71299743652344,86.9990005493164
2024-04-16 12:30:00-04:00,86.98799896240234,87.77799987792969,86.90599822998047,87.46492004394531
2024-04-16 13:30:00-04:00,87.44801330566406,88.11399841308594,86.8010025024414,87.33250427246094
2024-04-16 14:30:00-04:00,87.31500244140625,88.08799743652344,87.31500244140625,87.83850860595703
2024-04-16 15:30:00-04:00,87.85050201416016,87.87998962402344,87.38001251220703,87.41389465332031
2024-04-17 09:30:00-04:00,88.30000305175781,88.7750015258789,86.03199768066406,86.69200134277344
2024-04-17 10:30:00-04:00,86.66700744628906,86.83900451660156,85.55500793457031,86.1760025024414
2024-04-17 11:30:00-04:00,86.1969985961914,86.21299743652344,84.75999450683594,85.13800048828125
2024-04-17 12:30:00-04:00,85.13792419433594,85.39299774169922,84.33499908447266,85.03300476074219
2024-04-17 13:30:00-04:00,85.052001953125,85.47999572753906,84.93400573730469,85.20700073242188
2024-04-17 14:30:00-04:00,85.20500183105469,85.78400421142578,84.06800842285156,84.10050201416016
2024-04-17 15:30:00-04:00,84.11100006103516,84.62113189697266,83.94999694824219,84.04499816894531
2024-04-18 09:30:00-04:00,84.97700500488281,85.0999984741211,82.4020004272461,84.58888244628906
2024-04-18 10:30:00-04:00,84.61715698242188,85.79199981689453,84.60499572753906,85.47100067138672
2024-04-18 11:30:00-04:00,85.49000549316406,86.18998718261719,85.36901092529297,86.02610778808594
2024-04-18 12:30:00-04:00,86.02525329589844,86.0623779296875,84.0999984741211,84.6520004272461
2024-04-18 13:30:00-04:00,84.66899871826172,84.87699890136719,84.2229995727539,84.65499877929688
2024-04-18 14:30:00-04:00,84.61599731445312,84.93299865722656,84.31500244140625,84.6780014038086
2024-04-18 15:30:00-04:00,84.68000030517578,85.16600036621094,84.43900299072266,84.65800476074219
2024-04-19 09:30:00-04:00,83.1500015258789,84.3239974975586,81.5145034790039,81.93049621582031
2024-04-19 10:30:00-04:00,81.92449951171875,82.66999816894531,81.28099822998047,81.86849975585938
2024-04-19 11:30:00-04:00,81.87800598144531,82.26350402832031,80.20800018310547,80.2249984741211
2024-04-19 12:30:00-04:00,80.21699523925781,81.40900421142578,80.21400451660156,80.36399841308594
2024-04-19 13:30:00-04:00,80.35440063476562,80.63999938964844,78.12300109863281,78.18800354003906
2024-04-19 14:30:00-04:00,78.13700103759766,78.64600372314453,76.2229995727539,76.94400024414062
2024-04-19 15:30:00-04:00,76.95899963378906,77.11799621582031,75.60600280761719,76.21500396728516
2024-04-22 09:30:00-04:00,78.11100006103516,79.6259994506836,76.4000015258789,77.14099884033203
2024-04-22 10:30:00-04:00,77.13300323486328,78.24800109863281,76.19999694824219,77.87800598144531
2024-04-22 11:30:00-04:00,77.85099792480469,78.9000015258789,77.73799896240234,78.48400115966797
2024-04-22 12:30:00-04:00,78.5,79.5,78.15699768066406,79.47100067138672
2024-04-22 13:30:00-04:00,79.46699523925781,80.06999969482422,79.08000946044922,79.63800048828125
2024-04-22 14:30:00-04:00,79.64350128173828,80.03199768066406,79.12699890136719,79.46199798583984
2024-04-22 15:30:00-04:00,79.47450256347656,79.65499877929688,78.87300109863281,79.50999450683594
2024-04-23 09:30:00-04:00,80.79499816894531,82.4469985961914,80.26399993896484,82.38870239257812
2024-04-23 10:30:00-04:00,82.3969955444336,82.75700378417969,81.83000946044922,82.43900299072266
2024-04-23 11:30:00-04:00,82.41899871826172,82.69499969482422,81.91699981689453,82.1520004272461
2024-04-23 12:30:00-04:00,82.1718521118164,82.22899627685547,81.46099853515625,81.8759994506836
2024-04-23 13:30:00-04:00,81.88130187988281,82.69898986816406,81.76936340332031,82.5780029296875
2024-04-23 14:30:00-04:00,82.58300018310547,82.6760025024414,82.04500579833984,82.6259994506836
2024-04-23 15:30:00-04:00,82.62550354003906,82.76893615722656,82.15277862548828,82.47689819335938
2024-04-24 09:30:00-04:00,83.9780044555664,84.08200073242188,82.21299743652344,82.97999572753906
2024-04-24 10:30:00-04:00,82.97933959960938,83.447998046875,81.64000701904297,81.9780044555664
2024-04-24 11:30:00-04:00,81.96949768066406,82.20698547363281,80.44876098632812,80.7094955444336
2024-04-24 12:30:00-04:00,80.71900177001953,81.62498474121094,80.06599426269531,81.47395324707031
2024-04-24 13:30:00-04:00,81.46500396728516,81.88600158691406,80.00800323486328,80.03254699707031
2024-04-24 14:30:00-04:00,80.04151153564453,80.24400329589844,79.18299865722656,79.85600280761719
2024-04-24 15:30:00-04:00,79.83781433105469,80.03099060058594,79.3499984741211,79.69999694824219
2024-04-25 09:30:00-04:00,78.86801147460938,82.41500091552734,78.2229995727539,81.99699401855469
2024-04-25 10:30:00-04:00,82.0219955444336,82.13809967041016,81.15499877929688,81.6538314819336
2024-04-25 11:30:00-04:00,81.65194702148438,82.14299774169922,81.04000091552734,82.06700134277344
2024-04-25 12:30:00-04:00,82.06800079345703,82.65999603271484,81.69999694824219,82.44450378417969
2024-04-25 13:30:00-04:00,82.44099426269531,83.19999694824219,82.43099975585938,82.56800079345703
2024-04-25 14:30:00-04:00,82.54600524902344,83.32299041748047,82.31999969482422,82.9384994506836
2024-04-25 15:30:00-04:00,82.95999908447266,82.98452758789062,82.38600158691406,82.60099792480469
2024-04-26 09:30:00-04:00,83.89900207519531,86.97999572753906,83.38700103759766,86.21699523925781
2024-04-26 10:30:00-04:00,86.21599578857422,87.41409301757812,86.11601257324219,86.99864196777344
2024-04-26 11:30:00-04:00,86.9990005493164,87.16200256347656,86.22599792480469,87.01530456542969
2024-04-26 12:30:00-04:00,87.00199890136719,88.3309326171875,86.87000274658203,88.1476821899414
2024-04-26 13:30:00-04:00,88.15399932861328,88.17500305175781,87.01200103759766,87.5739974975586
2024-04-26 14:30:00-04:00,87.58586120605469,87.84852600097656,86.88600158691406,87.80699920654297
2024-04-26 15:30:00-04:00,87.81599426269531,87.85700225830078,87.2280044555664,87.69000244140625
2024-04-29 09:30:00-04:00,87.59500122070312,87.7979965209961,85.35700225830078,87.35466003417969
2024-04-29 10:30:00-04:00,87.3499984741211,87.6510009765625,86.53804779052734,86.9990005493164
2024-04-29 11:30:00-04:00,86.9813461303711,87.18000030517578,86.4520034790039,87.10786437988281
2024-04-29 12:30:00-04:00,87.11998748779297,87.9520034790039,86.87999725341797,87.90449523925781
2024-04-29 13:30:00-04:00,87.90449523925781,87.99199676513672,87.2020034790039,87.5875015258789
2024-04-29 14:30:00-04:00,87.58149719238281,87.58149719238281,86.5250015258789,87.08698272705078
2024-04-29 15:30:00-04:00,87.11000061035156,87.95796203613281,87.08000183105469,87.74699401855469
2024-04-30 09:30:00-04:00,87.14199829101562,88.81300354003906,87.0727767944336,87.489501953125
2024-04-30 10:30:00-04:00,87.44999694824219,88.18998718261719,87.00999450683594,87.49600219726562
2024-04-30 11:30:00-04:00,87.50999450683594,87.5469970703125,86.70002746582031,87.3499984741211
2024-04-30 12:30:00-04:00,87.36750030517578,87.36750030517578,86.30000305175781,86.61199951171875
2024-04-30 13:30:00-04:00,86.5999984741211,87.15399932861328,86.46299743652344,86.70700073242188
2024-04-30 14:30:00-04:00,86.70100402832031,87.18000030517578,86.65999603271484,87.03675079345703
2024-04-30 15:30:00-04:00,87.0234603881836,87.38899993896484,86.33499908447266,86.37000274658203
2024-05-01 09:30:00-04:00,85.05000305175781,85.54899597167969,83.00800323486328,83.75199890136719
2024-05-01 10:30:00-04:00,83.79199981689453,84.41334533691406,82.27999877929688,82.71049499511719
2024-05-01 11:30:00-04:00,82.69499969482422,83.09000396728516,81.25456237792969,82.25399780273438
2024-05-01 12:30:00-04:00,82.28700256347656,82.35399627685547,81.41999816894531,82.09899139404297
2024-05-01 13:30:00-04:00,82.0999984741211,83.78900146484375,81.96701049804688,83.75
2024-05-01 14:30:00-04:00,83.73500061035156,85.9990005493164,82.68000030517578,85.03599548339844
2024-05-01 15:30:00-04:00,85.02799987792969,85.02799987792969,83.0,83.0979995727539
2024-05-02 09:30:00-04:00,84.47999572753906,85.65599822998047,83.19999694824219,84.25050354003906
2024-05-02 10:30:00-04:00,84.24658966064453,85.18000030517578,83.81999969482422,84.63400268554688
2024-05-02 11:30:00-04:00,84.65599822998047,85.16500091552734,84.46400451660156,84.72000122070312
2024-05-02 12:30:00-04:00,84.71578979492188,85.5,84.2249984741211,85.48600006103516
2024-05-02 13:30:00-04:00,85.5,85.76898956298828,85.16300201416016,85.28900146484375
2024-05-02 14:30:00-04:00,85.29823303222656,86.23600006103516,85.25999450683594,86.0155029296875
2024-05-02 15:30:00-04:00,86.01499938964844,86.15853881835938,85.63301086425781,85.81599426269531
2024-05-03 09:30:00-04:00,87.78900146484375,88.94746398925781,87.04000854492188,87.86199951171875
2024-05-03 10:30:00-04:00,87.88700103759766,88.54000091552734,87.52600860595703,88.02458953857422
2024-05-03 11:30:00-04:00,88.05000305175781,88.74699401855469,87.98899841308594,88.54100036621094
2024-05-03 12:30:00-04:00,88.55626678466797,89.11000061035156,88.44801330566406,88.8239974975586
2024-05-03 13:30:00-04:00,88.8239974975586,89.19999694824219,88.61000061035156,89.12199401855469
2024-05-03 14:30:00-04:00,89.12650299072266,89.28099822998047,88.60200500488281,88.86299896240234
2024-05-03 15:30:00-04:00,88.87800598144531,88.92999267578125,88.59700012207031,88.78700256347656
2024-05-06 09:30:00-04:00,89.36199951171875,91.68798828125,89.05500030517578,91.23839569091797
2024-05-06 10:30:00-04:00,91.23699951171875,91.77498626708984,88.78900146484375,91.71400451660156
2024-05-06 11:30:00-04:00,91.71562194824219,91.96284484863281,91.51500701904297,91.60399627685547
2024-05-06 12:30:00-04:00,91.62899017333984,91.99099731445312,91.44499969482422,91.71299743652344
2024-05-06 13:30:00-04:00,91.74498748779297,91.93299102783203,91.62001037597656,91.92150115966797
2024-05-06 14:30:00-04:00,91.92333984375,92.22000122070312,91.81800079345703,91.97999572753906
2024-05-06 15:30:00-04:00,91.96699523925781,92.16500091552734,91.67100524902344,92.16099548339844
2024-05-07 09:30:00-04:00,91.08599853515625,91.78099060058594,89.01200103759766,89.73600006103516
2024-05-07 10:30:00-04:00,89.73799896240234,90.83491516113281,89.69200134277344,90.427001953125
2024-05-07 11:30:00-04:00,90.43199920654297,91.53999328613281,90.31599426269531,91.3969955444336
2024-05-07 12:30:00-04:00,91.39399719238281,91.68231964111328,91.04100799560547,91.59700012207031
2024-05-07 13:30:00-04:00,91.62999725341797,91.72000122070312,89.9000015258789,90.1500015258789
2024-05-07 14:30:00-04:00,90.17198944091797,90.65900421142578,89.72100067138672,90.35399627685547
2024-05-07 15:30:00-04:00,90.3594970703125,90.7249984741211,90.12592315673828,90.53499603271484
2024-05-08 09:30:00-04:00,89.48799896240234,91.19400024414062,89.41999816894531,90.98300170898438
2024-05-08 10:30:00-04:00,91.0009994506836,91.11399841308594,89.53199768066406,89.9645004272461
2024-05-08 11:30:00-04:00,89.9645004272461,90.21798706054688,89.5405044555664,90.14586639404297
2024-05-08 12:30:00-04:00,90.14755249023438,90.52000427246094,89.9330062866211,89.95899963378906
2024-05-08 13:30:00-04:00,89.93400573730469,90.53499603271484,89.86100006103516,90.51454162597656
2024-05-08 14:30:00-04:00,90.51899719238281,90.5780029296875,90.06001281738281,90.36100006103516
2024-05-08 15:30:00-04:00,90.37498474121094,90.55000305175781,90.22200012207031,90.31700134277344
2024-05-09 09:30:00-04:00,90.53700256347656,91.0719985961914,88.23100280761719,88.36000061035156
2024-05-09 10:30:00-04:00,88.31700134277344,89.58200073242188,88.30999755859375,89.54090881347656
2024-05-09 11:30:00-04:00,89.55000305175781,89.6989974975586,88.68000793457031,89.11000061035156
2024-05-09 12:30:00-04:00,89.13764190673828,89.49564361572266,88.75199890136719,89.20726013183594
2024-05-09 13:30:00-04:00,89.23189544677734,89.23189544677734,88.71701049804688,89.00800323486328
2024-05-09 14:30:00-04:00,89.01799774169922,89.239990234375,88.50199890136719,88.67649841308594
2024-05-09 15:30:00-04:00,88.68400573730469,88.9260025024414,88.44999694824219,88.79000091552734
2024-05-10 09:30:00-04:00,90.31599426269531,91.4000015258789,89.46701049804688,89.5169906616211
2024-05-10 10:30:00-04:00,89.53099822998047,90.19499969482422,89.3600082397461,89.88990783691406
2024-05-10 11:30:00-04:00,89.89500427246094,90.04798889160156,89.23300170898438,89.77100372314453
2024-05-10 12:30:00-04:00,89.77723693847656,90.0198974609375,89.45800018310547,89.85900115966797
2024-05-10 13:30:00-04:00,89.8740005493164,90.12199401855469,89.65599822998047,89.93800354003906
2024-05-10 14:30:00-04:00,89.93266296386719,89.94950103759766,89.56900024414062,89.77999877929688
2024-05-10 15:30:00-04:00,89.78199768066406,89.98500061035156,89.56099700927734,89.88600158691406
2024-05-13 09:30:00-04:00,90.47000122070312,90.88700103759766,88.52899932861328,89.67050170898438
2024-05-13 10:30:00-04:00,89.6500015258789,90.34300231933594,89.19999694824219,89.97999572753906
2024-05-13 11:30:00-04:00,89.95700073242188,90.85499572753906,89.81999969482422,90.73100280761719
2024-05-13 12:30:00-04:00,90.74699401855469,90.99600219726562,89.87999725341797,90.2145004272461
2024-05-13 13:30:00-04:00,90.21299743652344,90.4000015258789,89.97200012207031,90.27799987792969
2024-05-13 14:30:00-04:00,90.28849792480469,90.375,90.09584045410156,90.29600524902344
2024-05-13 15:30:00-04:00,90.27400207519531,90.45999908447266,90.13371276855469,90.39900207519531
2024-05-14 09:30:00-04:00,89.5989990234375,90.82099151611328,88.94499969482422,90.69000244140625
2024-05-14 10:30:00-04:00,90.71049499511719,91.24600219726562,90.16799926757812,91.17949676513672
2024-05-14 11:30:00-04:00,91.19499206542969,91.19499969482422,90.5360107421875,90.67949676513672
2024-05-14 12:30:00-04:00,90.68220520019531,90.90699768066406,90.50900268554688,90.86299896240234
2024-05-14 13:30:00-04:00,90.86500549316406,91.54100036621094,90.61100006103516,91.34907531738281
2024-05-14 14:30:00-04:00,91.34950256347656,91.6510009765625,91.27708435058594,91.39000701904297
2024-05-14 15:30:00-04:00,91.37999725341797,91.59895324707031,91.27899932861328,91.375
2024-05-15 09:30:00-04:00,92.47200012207031,93.51899719238281,91.5989990234375,93.38521575927734
2024-05-15 10:30:00-04:00,93.39099884033203,94.47798919677734,93.3010025024414,94.05101013183594
2024-05-15 11:30:00-04:00,94.06956481933594,94.67500305175781,94.02999877929688,94.61399841308594
2024-05-15 12:30:00-04:00,94.61399841308594,94.68699645996094,94.05999755859375,94.54399871826172
2024-05-15 13:30:00-04:00,94.53700256347656,94.8499984741211,94.35600280761719,94.60200500488281
2024-05-15 14:30:00-04:00,94.60053253173828,94.76599884033203,94.35800170898438,94.59099578857422
2024-05-15 15:30:00-04:00,94.58549499511719,94.86100006103516,94.51901245117188,94.65599822998047
2024-05-16 09:30:00-04:00,94.90299987792969,95.81898498535156,94.4020004272461,95.23300170898438
2024-05-16 10:30:00-04:00,95.25700378417969,95.63200378417969,95.03700256347656,95.45298767089844
2024-05-16 11:30:00-04:00,95.44999694824219,95.54100036621094,94.67399597167969,94.95700073242188
2024-05-16 12:30:00-04:00,94.96800231933594,95.07498931884766,94.1030044555664,94.4469985961914
2024-05-16 13:30:00-04:00,94.44322204589844,94.72200012207031,94.26512145996094,94.44398498535156
2024-05-16 14:30:00-04:00,94.42495727539062,95.1719970703125,94.41400146484375,94.98100280761719
2024-05-16 15:30:00-04:00,94.98300170898438,95.00300598144531,94.28199768066406,94.37100219726562
2024-05-17 09:30:00-04:00,94.49400329589844,94.74000549316406,92.90309143066406,93.77899932861328
2024-05-17 10:30:00-04:00,93.77116394042969,94.11500549316406,93.41400909423828,93.66300201416016
2024-05-17 11:30:00-04:00,93.67150115966797,93.67900085449219,93.0999984741211,93.3740005493164
2024-05-17 12:30:00-04:00,93.35900115966797,93.45597839355469,93.04035949707031,93.19999694824219
2024-05-17 13:30:00-04:00,93.1989974975586,93.27400207519531,91.80999755859375,91.98149871826172
2024-05-17 14:30:00-04:00,91.95692443847656,92.822998046875,91.80799865722656,92.78199768066406
2024-05-17 15:30:00-04:00,92.77899932861328,92.81300354003906,92.30601501464844,92.49400329589844
2024-05-20 09:30:00-04:00,93.75,95.19999694824219,93.44000244140625,94.8215103149414
2024-05-20 10:30:00-04:00,94.8219985961914,94.93199920654297,94.20816040039062,94.57808685302734
2024-05-20 11:30:00-04:00,94.57550048828125,94.69300079345703,94.02899932861328,94.54341125488281
2024-05-20 12:30:00-04:00,94.52400207519531,95.16300201416016,94.47999572753906,94.71800231933594
2024-05-20 13:30:00-04:00,94.7125015258789,94.88200378417969,94.54920196533203,94.8604965209961
2024-05-20 14:30:00-04:00,94.87300109863281,95.19400024414062,94.80999755859375,95.10399627685547
2024-05-20 15:30:00-04:00,95.125,95.18000030517578,94.50599670410156,94.83399963378906
2024-05-21 09:30:00-04:00,93.5989990234375,94.3228988647461,93.18000030517578,94.05714416503906
2024-05-21 10:30:00-04:00,94.0780029296875,94.99600219726562,94.05000305175781,94.85900115966797
2024-05-21 11:30:00-04:00,94.87100219726562,95.28700256347656,94.59201049804688,95.1572494506836
2024-05-21 12:30:00-04:00,95.15599822998047,95.1967544555664,94.56800079345703,94.85600280761719
2024-05-21 13:30:00-04:00,94.86500549316406,95.04910278320312,94.77999877929688,94.79100799560547
2024-05-21 14:30:00-04:00,94.80899047851562,95.12399291992188,94.60277557373047,95.09349822998047
2024-05-21 15:30:00-04:00,95.08100128173828,95.4000015258789,95.01289367675781,95.35099792480469
2024-05-22 09:30:00-04:00,95.41099548339844,96.01799774169922,94.0719985961914,94.45449829101562
2024-05-22 10:30:00-04:00,94.44599914550781,95.03878021240234,94.32301330566406,95.02799987792969
2024-05-22 11:30:00-04:00,95.02799987792969,95.18000030517578,94.44000244140625,94.98167419433594
2024-05-22 12:30:00-04:00,94.97100067138672,95.11500549316406,94.74699401855469,94.89099884033203
2024-05-22 13:30:00-04:00,94.88200378417969,94.89344024658203,93.2490005493164,93.41300964355469
2024-05-22 14:30:00-04:00,93.41500091552734,94.22100067138672,93.30400085449219,94.21099853515625
2024-05-22 15:30:00-04:00,94.19400024414062,94.95999145507812,94.15999603271484,94.87000274658203
2024-05-23 09:30:00-04:00,102.0,104.26700592041016,101.52000427246094,104.2280044555664
2024-05-23 10:30:00-04:00,104.22249603271484,104.72700500488281,103.52000427246094,104.59449768066406
2024-05-23 11:30:00-04:00,104.5999984741211,105.19599914550781,104.41099548339844,105.15699768066406
2024-05-23 12:30:00-04:00,105.15879821777344,105.9739990234375,105.0,105.94998931884766
2024-05-23 13:30:00-04:00,105.93399810791016,106.31999206542969,103.67000579833984,104.00140380859375
2024-05-23 14:30:00-04:00,104.0,104.33299255371094,102.00300598144531,102.54447174072266
2024-05-23 15:30:00-04:00,102.56199645996094,104.19999694824219,102.56199645996094,103.82099914550781
2024-05-24 09:30:00-04:00,104.51800537109375,104.72798919677734,103.0,103.97283935546875
2024-05-24 10:30:00-04:00,104.0,104.99100494384766,103.875,104.68900299072266
2024-05-24 11:30:00-04:00,104.69876861572266,104.86600494384766,104.06219482421875,104.5685043334961
2024-05-24 12:30:00-04:00,104.58290100097656,104.99300384521484,104.510009765625,104.80400085449219
2024-05-24 13:30:00-04:00,104.8010025024414,105.78900146484375,104.7750015258789,105.53700256347656
2024-05-24 14:30:00-04:00,105.5479965209961,106.1709976196289,105.125,105.957763671875
2024-05-24 15:30:00-04:00,105.9489974975586,106.4749984741211,105.7699966430664,106.4380111694336
2024-05-28 09:30:00-04:00,110.2280044555664,112.1619873046875,109.88700103759766,111.4000015258789
2024-05-28 10:30:00-04:00,111.40776062011719,112.4000015258789,111.3219985961914,112.16400146484375
2024-05-28 11:30:00-04:00,112.16072845458984,113.2699966430664,111.9699935913086,112.58799743652344
2024-05-28 12:30:00-04:00,112.60530090332031,114.43800354003906,112.59000396728516,114.38349914550781
2024-05-28 13:30:00-04:00,114.3915023803711,114.93900299072266,113.156005859375,113.48799896240234
2024-05-28 14:30:00-04:00,113.47700500488281,114.28599548339844,112.4000015258789,113.87300109863281
2024-05-28 15:30:00-04:00,113.89898681640625,114.4389877319336,112.93119812011719,114.0
2024-05-29 09:30:00-04:00,113.05450439453125,113.9489974975586,110.90201568603516,113.65238189697266
2024-05-29 10:30:00-04:00,113.6780014038086,114.8499984741211,113.4020004272461,113.66751861572266
2024-05-29 11:30:00-04:00,113.6500015258789,114.33000183105469,113.302001953125,114.24300384521484
2024-05-29 12:30:00-04:00,114.23100280761719,114.94599914550781,114.1204833984375,114.59930419921875
2024-05-29 13:30:00-04:00,114.59748840332031,115.49200439453125,114.11100769042969,114.9209976196289
2024-05-29 14:30:00-04:00,114.90799713134766,115.34100341796875,114.656005859375,115.1709976196289
2024-05-29 15:30:00-04:00,115.14949798583984,115.3499984741211,114.22700500488281,114.7560043334961
2024-05-30 09:30:00-04:00,114.61700439453125,115.81915283203125,114.02099609375,114.25150299072266
2024-05-30 10:30:00-04:00,114.24200439453125,114.45799255371094,112.56600189208984,113.23500061035156
2024-05-30 11:30:00-04:00,113.23299407958984,114.25,113.15101623535156,113.8966064453125
2024-05-30 12:30:00-04:00,113.88199615478516,114.04200744628906,113.4020004272461,113.94000244140625
2024-05-30 13:30:00-04:00,113.90706634521484,114.18199157714844,113.25,113.56330871582031
2024-05-30 14:30:00-04:00,113.55350494384766,113.72099304199219,111.1360092163086,111.8800048828125
2024-05-30 15:30:00-04:00,111.90350341796875,112.093994140625,109.6719970703125,110.55400085449219
2024-05-31 09:30:00-04:00,112.51300048828125,112.71700286865234,109.0050048828125,109.50309753417969
2024-05-31 10:30:00-04:00,109.44999694824219,110.09898376464844,108.28700256347656,109.1270980834961
2024-05-31 11:30:00-04:00,109.17613220214844,109.29000091552734,106.94000244140625,107.2199935913086
2024-05-31 12:30:00-04:00,107.22532653808594,109.0199966430664,107.17399597167969,108.9260025024414
2024-05-31 13:30:00-04:00,108.92399597167969,109.05000305175781,107.9366455078125,108.21971130371094
2024-05-31 14:30:00-04:00,108.2170639038086,109.29899597167969,108.11399841308594,109.00199890136719
2024-05-31 15:30:00-04:00,109.0040054321289,110.375,108.95600891113281,109.7459945678711
2024-06-03 09:30:00-04:00,113.58935546875,114.38399505615234,113.0199966430664,114.125
2024-06-03 10:30:00-04:00,114.10001373291016,114.13499450683594,112.00300598144531,113.08599853515625
2024-06-03 11:30:00-04:00,113.0689926147461,114.15998840332031,112.71800231933594,113.19795227050781
2024-06-03 12:30:00-04:00,113.16600036621094,113.64998626708984,112.5040054321289,113.61500549316406
2024-06-03 13:30:00-04:00,113.60450744628906,114.09200286865234,113.3969955444336,113.60200500488281
2024-06-03 14:30:00-04:00,113.59700012207031,114.5999984741211,113.35099792480469,114.50300598144531
2024-06-03 15:30:00-04:00,114.51600646972656,115.0,114.10899353027344,115.0
2024-06-04 09:30:00-04:00,115.71700286865234,116.12300109863281,114.0999984741211,114.6199951171875
2024-06-04 10:30:00-04:00,114.60099792480469,115.2300033569336,114.2280044555664,114.34449768066406
2024-06-04 11:30:00-04:00,114.31999206542969,114.9000015258789,114.04499816894531,114.85160064697266
2024-06-04 12:30:00-04:00,114.86199951171875,115.5199966430664,114.677001953125,115.0689926147461
2024-06-04 13:30:00-04:00,115.08599853515625,115.9000015258789,114.72501373291016,115.88065338134766
2024-06-04 14:30:00-04:00,115.88499450683594,116.5999984741211,115.55000305175781,116.09066009521484
2024-06-04 15:30:00-04:00,116.08699798583984,116.52618408203125,115.53199768066406,116.4439926147461
2024-06-05 09:30:00-04:00,118.37199401855469,119.84898376464844,117.46800231933594,119.71820068359375
2024-06-05 10:30:00-04:00,119.7280044555664,119.99300384521484,119.53700256347656,119.81300354003906
2024-06-05 11:30:00-04:00,119.83000183105469,120.0,119.69999694824219,119.9000015258789
2024-06-05 12:30:00-04:00,119.89750671386719,121.22900390625,119.8219985961914,120.8685073852539
2024-06-05 13:30:00-04:00,120.87918853759766,121.5999984741211,120.85400390625,121.57259368896484
2024-06-05 14:30:00-04:00,121.55999755859375,122.35899353027344,121.4229965209961,121.82698822021484
2024-06-05 15:30:00-04:00,121.811279296875,122.44950103759766,121.6050033569336,122.43900299072266
2024-06-06 09:30:00-04:00,124.09100341796875,125.58699798583984,118.4000015258789,121.08900451660156
2024-06-06 10:30:00-04:00,121.1738052368164,122.38299560546875,120.0459976196289,120.46247863769531
2024-06-06 11:30:00-04:00,120.4020004272461,120.8699951171875,119.3375244140625,119.72700500488281
2024-06-06 12:30:00-04:00,119.67916107177734,120.35600280761719,118.31999206542969,119.77950286865234
2024-06-06 13:30:00-04:00,119.77950286865234,120.375,119.1777572631836,119.5999984741211
2024-06-06 14:30:00-04:00,119.5989990234375,120.4800033569336,119.4747543334961,120.1614990234375
2024-06-06 15:30:00-04:00,120.14399719238281,121.40199279785156,120.02703857421875,120.94100189208984
2024-06-07 09:30:00-04:00,119.8399658203125,119.84000396728516,118.02299499511719,118.83030700683594
2024-06-07 10:30:00-04:00,118.82365417480469,119.45100402832031,118.70601654052734,119.0060043334961
2024-06-07 11:30:00-04:00,119.02506256103516,120.79200744628906,119.0,120.78700256347656
2024-06-07 12:30:00-04:00,120.7800064086914,121.69171142578125,120.22100830078125,120.99749755859375
2024-06-07 13:30:00-04:00,120.97599792480469,121.47563171386719,119.4050064086914,120.22349548339844
2024-06-07 14:30:00-04:00,120.20100402832031,120.9939956665039,119.94999694824219,120.63999938964844
2024-06-07 15:30:00-04:00,120.63999938964844,121.26499938964844,120.5,120.86500549316406
2024-06-10 09:30:00-04:00,120.37999725341797,121.25,117.01000213623047,119.93000030517578
2024-06-10 10:30:00-04:00,119.91999816894531,122.47000122070312,119.55999755859375,122.30829620361328
2024-06-10 11:30:00-04:00,122.29499816894531,122.7300033569336,121.62000274658203,122.2300033569336
2024-06-10 12:30:00-04:00,122.2300033569336,123.0999984741211,121.88999938964844,122.08000183105469
2024-06-10 13:30:00-04:00,122.08940124511719,122.79000091552734,121.08000183105469,121.17500305175781
2024-06-10 14:30:00-04:00,121.16999816894531,122.47000122070312,120.52999877929688,122.38999938964844
2024-06-10 15:30:00-04:00,122.38999938964844,122.38999938964844,121.46050262451172,121.6500015258789
2024-06-11 09:30:00-04:00,121.79000091552734,122.87000274658203,120.66000366210938,121.02680206298828
2024-06-11 10:30:00-04:00,121.05500030517578,121.4000015258789,120.01000213623047,120.66999816894531
2024-06-11 11:30:00-04:00,120.67970275878906,120.77999877929688,118.73999786376953,120.6050033569336
2024-06-11 12:30:00-04:00,120.61000061035156,120.87000274658203,119.80999755859375,120.27999877929688
2024-06-11 13:30:00-04:00,120.28990173339844,120.97989654541016,120.04000091552734,120.93000030517578
2024-06-11 14:30:00-04:00,120.94000244140625,121.29000091552734,120.26000213623047,120.37000274658203
2024-06-11 15:30:00-04:00,120.36499786376953,120.98999786376953,120.30000305175781,120.91000366210938
2024-06-12 09:30:00-04:00,123.05000305175781,126.83999633789062,122.56999969482422,126.83999633789062
2024-06-12 10:30:00-04:00,126.83499908447266,126.87999725341797,124.7699966430664,125.54000091552734
2024-06-12 11:30:00-04:00,125.54000091552734,125.94999694824219,125.12999725341797,125.58000183105469
2024-06-12 12:30:00-04:00,125.56999969482422,126.29000091552734,125.4800033569336,125.87940216064453
2024-06-12 13:30:00-04:00,125.86009979248047,126.11000061035156,124.54000091552734,125.6500015258789
2024-06-12 14:30:00-04:00,125.63999938964844,126.16000366210938,124.16999816894531,124.44010162353516
2024-06-12 15:30:00-04:00,124.4800033569336,125.72949981689453,124.19000244140625,125.2699966430664
2024-06-13 09:30:00-04:00,129.39999389648438,129.73939514160156,127.4000015258789,128.25999450683594
2024-06-13 10:30:00-04:00,128.2899932861328,129.05999755859375,127.5999984741211,128.0050048828125
2024-06-13 11:30:00-04:00,128.0050048828125,129.0500030517578,127.72000122070312,127.81600189208984
2024-06-13 12:30:00-04:00,127.81500244140625,128.60000610351562,127.16000366210938,128.40879821777344
2024-06-13 13:30:00-04:00,128.40989685058594,128.99000549316406,128.0500030517578,128.83999633789062
2024-06-13 14:30:00-04:00,128.8300018310547,129.72000122070312,128.77999877929688,129.08999633789062
2024-06-13 15:30:00-04:00,129.08999633789062,129.8000030517578,128.89999389648438,129.3699951171875
2024-06-14 09:30:00-04:00,129.94000244140625,132.75,128.32000732421875,132.6396942138672
2024-06-14 10:30:00-04:00,132.63999938964844,132.8350067138672,130.42999267578125,130.68040466308594
2024-06-14 11:30:00-04:00,130.67140197753906,131.39999389648438,129.1999969482422,130.67030334472656
2024-06-14 12:30:00-04:00,130.6699981689453,132.19000244140625,130.4600067138672,132.0323944091797
2024-06-14 13:30:00-04:00,132.02999877929688,132.5800018310547,131.55999755859375,131.8175048828125
2024-06-14 14:30:00-04:00,131.81500244140625,132.10000610351562,131.39999389648438,131.82000732421875
2024-06-14 15:30:00-04:00,131.82000732421875,132.07000732421875,131.57000732421875,131.97999572753906
2024-06-17 09:30:00-04:00,132.90499877929688,133.72999572753906,129.58009338378906,130.25
2024-06-17 10:30:00-04:00,130.30650329589844,131.4600067138672,130.1699981689453,131.2100067138672
2024-06-17 11:30:00-04:00,131.22000122070312,132.0,130.4499969482422,131.97999572753906
2024-06-17 12:30:00-04:00,131.98500061035156,132.4600067138672,131.6199951171875,131.94000244140625
2024-06-17 13:30:00-04:00,131.94000244140625,132.52999877929688,131.8300018310547,132.0749969482422
2024-06-17 14:30:00-04:00,132.0800018310547,132.5800018310547,132.02000427246094,132.25
2024-06-17 15:30:00-04:00,132.24000549316406,132.42999267578125,130.9600067138672,131.08999633789062
2024-06-18 09:30:00-04:00,131.0399932861328,133.7198944091797,130.6999969482422,133.05999755859375
2024-06-18 10:30:00-04:00,133.07000732421875,133.5800018310547,132.6999969482422,133.47000122070312
2024-06-18 11:30:00-04:00,133.46180725097656,134.8000030517578,133.32000732421875,134.44569396972656
2024-06-18 12:30:00-04:00,134.44000244140625,135.72999572753906,134.25,135.6199951171875
2024-06-18 13:30:00-04:00,135.639892578125,136.3300018310547,135.07000732421875,135.875
2024-06-18 14:30:00-04:00,135.86500549316406,136.22000122070312,135.33999633789062,135.72000122070312
2024-06-18 15:30:00-04:00,135.71009826660156,136.0,135.02000427246094,135.67999267578125
2024-06-20 09:30:00-04:00,139.85000610351562,140.75999450683594,136.1300048828125,138.15159606933594
2024-06-20 10:30:00-04:00,138.16000366210938,139.52999877929688,137.85000610351562,138.98899841308594
2024-06-20 11:30:00-04:00,138.98599243164062,139.0,134.07000732421875,134.14500427246094
2024-06-20 12:30:00-04:00,134.13999938964844,134.57000732421875,130.5500030517578,131.24000549316406
2024-06-20 13:30:00-04:00,131.2436065673828,133.3000030517578,129.52999877929688,133.1103057861328
2024-06-20 14:30:00-04:00,133.11000061035156,133.2899932861328,129.8300018310547,131.29840087890625
2024-06-20 15:30:00-04:00,131.29989624023438,132.50999450683594,130.60000610351562,130.72000122070312
2024-06-21 09:30:00-04:00,127.0,128.77999877929688,124.30000305175781,125.68000030517578
2024-06-21 10:30:00-04:00,125.64009857177734,128.88999938964844,125.12999725341797,128.2899932861328
2024-06-21 11:30:00-04:00,128.30990600585938,130.6300048828125,127.58999633789062,129.08999633789062
2024-06-21 12:30:00-04:00,129.0959930419922,129.69000244140625,126.44999694824219,126.8499984741211
2024-06-21 13:30:00-04:00,126.83999633789062,127.10990142822266,126.0199966430664,126.66500091552734
2024-06-21 14:30:00-04:00,126.66000366210938,127.19000244140625,126.1500015258789,126.73500061035156
2024-06-21 15:30:00-04:00,126.73500061035156,127.06999969482422,125.0999984741211,127.05999755859375
2024-06-24 09:30:00-04:00,122.94000244140625,124.45999908447266,120.73999786376953,120.88999938964844
2024-06-24 10:30:00-04:00,120.8499984741211,121.88999938964844,118.29000091552734,119.81999969482422
2024-06-24 11:30:00-04:00,119.82499694824219,121.1500015258789,119.37999725341797,120.76000213623047
2024-06-24 12:30:00-04:00,120.75,121.31999969482422,119.0,119.31500244140625
2024-06-24 13:30:00-04:00,119.31500244140625,119.92919921875,118.51000213623047,118.66999816894531
2024-06-24 14:30:00-04:00,118.66999816894531,120.68000030517578,118.35009765625,120.37999725341797
2024-06-24 15:30:00-04:00,120.37000274658203,120.9000015258789,118.04000091552734,118.06999969482422
2024-06-25 09:30:00-04:00,121.19999694824219,122.62000274658203,119.31999969482422,121.9999008178711
2024-06-25 10:30:00-04:00,121.98400115966797,124.3499984741211,121.41999816894531,124.11000061035156
2024-06-25 11:30:00-04:00,124.09500122070312,125.58999633789062,123.91000366210938,124.56999969482422
2024-06-25 12:30:00-04:00,124.56999969482422,125.30999755859375,123.04010009765625,124.37000274658203
2024-06-25 13:30:00-04:00,124.36000061035156,125.16999816894531,123.94999694824219,125.12920379638672
2024-06-25 14:30:00-04:00,125.12000274658203,126.36000061035156,124.62000274658203,126.31999969482422
2024-06-25 15:30:00-04:00,126.31999969482422,126.5,125.56999969482422,126.25
2024-06-26 09:30:00-04:00,126.1500015258789,128.1199951171875,124.37999725341797,125.13990020751953
2024-06-26 10:30:00-04:00,125.11000061035156,125.86000061035156,122.5999984741211,123.410400390625
2024-06-26 11:30:00-04:00,123.41999816894531,124.98999786376953,122.91000366210938,124.45010375976562
2024-06-26 12:30:00-04:00,124.45999908447266,124.87999725341797,123.12000274658203,123.87000274658203
2024-06-26 13:30:00-04:00,123.87000274658203,124.18000030517578,123.2699966430664,123.59590148925781
2024-06-26 14:30:00-04:00,123.59989929199219,124.44989776611328,122.86000061035156,124.39399719238281
2024-06-26 15:30:00-04:00,124.38999938964844,126.4800033569336,124.22000122070312,126.44999694824219
2024-06-27 09:30:00-04:00,124.0,126.40499877929688,123.75,124.55500030517578
2024-06-27 10:30:00-04:00,124.55999755859375,124.95999908447266,123.33000183105469,123.54000091552734
2024-06-27 11:30:00-04:00,123.52999877929688,124.18000030517578,122.94000244140625,124.16000366210938
2024-06-27 12:30:00-04:00,124.1500015258789,124.80000305175781,124.02999877929688,124.61000061035156
2024-06-27 13:30:00-04:00,124.61000061035156,125.08000183105469,124.19000244140625,124.52999877929688
2024-06-27 14:30:00-04:00,124.5250015258789,125.0,123.87000274658203,124.30999755859375
2024-06-27 15:30:00-04:00,124.30690002441406,124.37999725341797,122.91999816894531,124.08999633789062
2024-06-28 09:30:00-04:00,124.57499694824219,127.70999908447266,123.41999816894531,126.80599975585938
2024-06-28 10:30:00-04:00,126.80999755859375,127.19999694824219,125.11000061035156,125.95999908447266
2024-06-28 11:30:00-04:00,125.95500183105469,126.48999786376953,124.2699966430664,124.70500183105469
2024-06-28 12:30:00-04:00,124.70500183105469,124.83999633789062,122.88999938964844,124.08499908447266
2024-06-28 13:30:00-04:00,124.08999633789062,124.58999633789062,123.77010345458984,123.96399688720703
2024-06-28 14:30:00-04:00,123.97000122070312,124.41999816894531,123.86000061035156,123.87449645996094
2024-06-28 15:30:00-04:00,123.87989807128906,124.69000244140625,122.75,123.44000244140625
2024-07-01 09:30:00-04:00,123.45500183105469,123.77999877929688,118.83000183105469,121.86229705810547
2024-07-01 10:30:00-04:00,121.87999725341797,124.25,121.31999969482422,124.09989929199219
2024-07-01 11:30:00-04:00,124.09500122070312,124.83999633789062,122.81999969482422,124.30999755859375
2024-07-01 12:30:00-04:00,124.31999969482422,124.41000366210938,122.8499984741211,123.70999908447266
2024-07-01 13:30:00-04:00,123.69999694824219,124.5,123.13999938964844,124.0198974609375
2024-07-01 14:30:00-04:00,124.01000213623047,124.70999908447266,123.80000305175781,124.29109954833984
2024-07-01 15:30:00-04:00,124.29000091552734,124.52999877929688,123.54399871826172,124.18000030517578
2024-07-02 09:30:00-04:00,121.08999633789062,123.41000366210938,121.02999877929688,121.5198974609375
2024-07-02 10:30:00-04:00,121.51000213623047,122.25,121.19000244140625,121.73049926757812
2024-07-02 11:30:00-04:00,121.73999786376953,122.63999938964844,121.55999755859375,122.59500122070312
2024-07-02 12:30:00-04:00,122.5999984741211,123.36000061035156,122.45999908447266,122.9999008178711
2024-07-02 13:30:00-04:00,123.0,123.05999755859375,122.31999969482422,122.72000122070312
2024-07-02 14:30:00-04:00,122.72000122070312,122.88999938964844,122.12999725341797,122.3196029663086
2024-07-02 15:30:00-04:00,122.30999755859375,122.70999908447266,121.77999877929688,122.66000366210938
2024-07-03 09:30:00-04:00,121.66999816894531,122.76000213623047,121.36000061035156,121.79000091552734
2024-07-03 10:30:00-04:00,121.80000305175781,126.12999725341797,121.58999633789062,126.03990173339844
2024-07-03 11:30:00-04:00,126.04000091552734,128.00999450683594,125.6500015258789,127.99500274658203
2024-07-05 09:30:00-04:00,127.66999816894531,128.84519958496094,125.68000030517578,127.1156997680664
2024-07-05 10:30:00-04:00,127.11959838867188,127.52999877929688,126.20999908447266,126.95500183105469
2024-07-05 11:30:00-04:00,126.95999908447266,128.4696044921875,126.75,128.0800018310547
2024-07-05 12:30:00-04:00,128.05999755859375,128.1699981689453,126.87049865722656,127.44010162353516
2024-07-05 13:30:00-04:00,127.44989776611328,127.7300033569336,126.91000366210938,126.93499755859375
2024-07-05 14:30:00-04:00,126.93499755859375,127.23999786376953,126.69000244140625,127.02999877929688
2024-07-05 15:30:00-04:00,127.0199966430664,127.125,125.79000091552734,125.80000305175781
2024-07-08 09:30:00-04:00,127.52999877929688,130.77000427246094,127.04000091552734,128.960693359375
2024-07-08 10:30:00-04:00,128.9600067138672,129.32000732421875,127.13999938964844,128.7100067138672
2024-07-08 11:30:00-04:00,128.70010375976562,129.19000244140625,128.06199645996094,128.36729431152344
2024-07-08 12:30:00-04:00,128.3612060546875,128.75999450683594,127.6500015258789,128.75999450683594
2024-07-08 13:30:00-04:00,128.7595977783203,129.1999969482422,128.52999877929688,129.02960205078125
2024-07-08 14:30:00-04:00,129.02000427246094,129.02499389648438,127.69499969482422,127.83000183105469
2024-07-08 15:30:00-04:00,127.83989715576172,128.38999938964844,127.68000030517578,128.19000244140625
2024-07-09 09:30:00-04:00,130.30999755859375,133.82000732421875,130.3000030517578,131.96600341796875
2024-07-09 10:30:00-04:00,131.96499633789062,133.2100067138672,131.36000061035156,131.57000732421875
2024-07-09 11:30:00-04:00,131.57699584960938,131.75999450683594,130.8800048828125,131.14500427246094
2024-07-09 12:30:00-04:00,131.13999938964844,131.27999877929688,128.66000366210938,129.81500244140625
2024-07-09 13:30:00-04:00,129.8000030517578,130.44000244140625,129.7899932861328,130.1649932861328
2024-07-09 14:30:00-04:00,130.1699981689453,131.3800048828125,130.02000427246094,130.75010681152344
2024-07-09 15:30:00-04:00,130.75,131.58999633789062,130.61000061035156,131.4499969482422
2024-07-10 09:30:00-04:00,134.08999633789062,134.389892578125,132.4199981689453,134.1168975830078
2024-07-10 10:30:00-04:00,134.1199951171875,134.77999877929688,133.27999877929688,134.13499450683594
2024-07-10 11:30:00-04:00,134.13499450683594,134.8300018310547,133.94000244140625,134.72999572753906
2024-07-10 12:30:00-04:00,134.7299041748047,135.08999633789062,134.10000610351562,134.63999938964844
2024-07-10 13:30:00-04:00,134.64999389648438,134.91000366210938,134.30999755859375,134.4250030517578
2024-07-10 14:30:00-04:00,134.4199981689453,134.6999969482422,133.8300018310547,134.6820068359375
2024-07-10 15:30:00-04:00,134.67999267578125,135.08999633789062,134.22000122070312,134.84500122070312
2024-07-11 09:30:00-04:00,135.9799041748047,136.14999389648438,130.26010131835938,131.82000732421875
2024-07-11 10:30:00-04:00,131.82000732421875,132.5,128.1300048828125,128.13999938964844
2024-07-11 11:30:00-04:00,128.13009643554688,130.33999633789062,127.5999984741211,129.95440673828125
2024-07-11 12:30:00-04:00,129.94439697265625,129.99000549316406,128.0301971435547,128.92999267578125
2024-07-11 13:30:00-04:00,128.9199981689453,128.9499969482422,127.05000305175781,128.1999969482422
2024-07-11 14:30:00-04:00,128.19000244140625,129.72999572753906,128.0800018310547,128.16600036621094
2024-07-11 15:30:00-04:00,128.16000366210938,129.19000244140625,127.16000366210938,127.45999908447266
2024-07-12 09:30:00-04:00,128.25999450683594,130.3300018310547,127.22000122070312,129.02000427246094
2024-07-12 10:30:00-04:00,129.02999877929688,131.0500030517578,128.6999969482422,130.6300048828125
2024-07-12 11:30:00-04:00,130.625,130.75999450683594,129.33999633789062,129.97540283203125
2024-07-12 12:30:00-04:00,129.96009826660156,130.9499969482422,129.8603057861328,130.9398956298828
2024-07-12 13:30:00-04:00,130.92999267578125,131.49000549316406,130.77499389648438,131.44009399414062
2024-07-12 14:30:00-04:00,131.46400451660156,131.9199981689453,130.67999267578125,131.0458984375
2024-07-12 15:30:00-04:00,131.0500030517578,131.0500030517578,128.83999633789062,129.1699981689453
2024-07-15 09:30:00-04:00,130.80999755859375,131.38999938964844,128.0500030517578,129.19000244140625
2024-07-15 10:30:00-04:00,129.22999572753906,130.69000244140625,129.14999389648438,129.7899932861328
2024-07-15 11:30:00-04:00,129.77000427246094,129.9600067138672,127.26000213623047,128.34500122070312
2024-07-15 12:30:00-04:00,128.33999633789062,128.88499450683594,127.80000305175781,128.11000061035156
2024-07-15 13:30:00-04:00,128.10000610351562,128.25,127.37999725341797,127.90460205078125
2024-07-15 14:30:00-04:00,127.9000015258789,128.5,127.63999938964844,128.1699981689453
2024-07-15 15:30:00-04:00,128.16000366210938,128.5,127.18000030517578,128.44000244140625
2024-07-16 09:30:00-04:00,128.41000366210938,129.0399932861328,124.58000183105469,125.86000061035156
2024-07-16 10:30:00-04:00,125.86799621582031,126.94999694824219,125.6500015258789,126.45999908447266
2024-07-16 11:30:00-04:00,126.44999694824219,126.94999694824219,125.26000213623047,125.4800033569336
2024-07-16 12:30:00-04:00,125.48500061035156,126.33999633789062,125.18000030517578,125.98999786376953
2024-07-16 13:30:00-04:00,126.0,126.30000305175781,125.28500366210938,125.77999877929688
2024-07-16 14:30:00-04:00,125.77999877929688,126.56999969482422,125.59020233154297,125.96990203857422
2024-07-16 15:30:00-04:00,125.96499633789062,126.6500015258789,125.5199966430664,126.31500244140625
2024-07-17 09:30:00-04:00,121.33999633789062,121.8499984741211,118.12000274658203,119.01000213623047
2024-07-17 10:30:00-04:00,119.01000213623047,120.33999633789062,118.9800033569336,119.77999877929688
2024-07-17 11:30:00-04:00,119.79000091552734,120.0,117.44999694824219,117.83000183105469
2024-07-17 12:30:00-04:00,117.83999633789062,118.4800033569336,116.7300033569336,118.23570251464844
2024-07-17 13:30:00-04:00,118.23500061035156,119.0199966430664,117.83999633789062,118.4542007446289
2024-07-17 14:30:00-04:00,118.44999694824219,118.94999694824219,117.58999633789062,118.92790222167969
2024-07-17 15:30:00-04:00,118.91999816894531,119.0999984741211,117.80000305175781,117.8499984741211
2024-07-18 09:30:00-04:00,121.82499694824219,122.4000015258789,118.83399963378906,119.9800033569336
2024-07-18 10:30:00-04:00,119.9800033569336,119.98999786376953,116.55999755859375,116.8499984741211
2024-07-18 11:30:00-04:00,116.8550033569336,119.58999633789062,116.61009979248047,119.52030181884766
2024-07-18 12:30:00-04:00,119.52999877929688,121.37999725341797,119.26000213623047,120.44000244140625
2024-07-18 13:30:00-04:00,120.44999694824219,120.94000244140625,119.5,120.31500244140625
2024-07-18 14:30:00-04:00,120.30999755859375,120.55999755859375,118.94999694824219,119.83999633789062
2024-07-18 15:30:00-04:00,119.83999633789062,121.45999908447266,119.63999938964844,121.11000061035156
2024-07-19 09:30:00-04:00,120.33999633789062,121.5999984741211,119.01000213623047,119.19999694824219
2024-07-19 10:30:00-04:00,119.19499969482422,120.2699966430664,118.58999633789062,119.30500030517578
2024-07-19 11:30:00-04:00,119.30500030517578,119.9800033569336,118.75,119.17729949951172
2024-07-19 12:30:00-04:00,119.16999816894531,119.30999755859375,117.37000274658203,118.01499938964844
2024-07-19 13:30:00-04:00,118.0,118.5,117.63999938964844,117.98999786376953
2024-07-19 14:30:00-04:00,117.9800033569336,118.8499984741211,117.70020294189453,118.7750015258789
2024-07-19 15:30:00-04:00,118.7699966430664,118.79499816894531,117.75,117.98999786376953
2024-07-22 09:30:00-04:00,120.3499984741211,123.27999877929688,119.86000061035156,122.85199737548828
2024-07-22 10:30:00-04:00,122.86000061035156,123.16999816894531,120.6500015258789,120.80480194091797
2024-07-22 11:30:00-04:00,120.80000305175781,121.91999816894531,120.3499984741211,121.7699966430664
2024-07-22 12:30:00-04:00,121.7750015258789,122.94999694824219,121.54000091552734,122.80000305175781
2024-07-22 13:30:00-04:00,122.80999755859375,124.06999969482422,122.5999984741211,123.51499938964844
2024-07-22 14:30:00-04:00,123.51750183105469,123.75,122.61000061035156,122.83999633789062
2024-07-22 15:30:00-04:00,122.86499786376953,123.75,122.70999908447266,123.73999786376953
2024-07-23 09:30:00-04:00,122.96499633789062,124.69000244140625,122.69999694824219,123.70500183105469
2024-07-23 10:30:00-04:00,123.70999908447266,124.43000030517578,122.9000015258789,124.0199966430664
2024-07-23 11:30:00-04:00,124.02999877929688,124.13999938964844,123.11000061035156,123.22090148925781
2024-07-23 12:30:00-04:00,123.23999786376953,123.52999877929688,122.43000030517578,122.8499984741211
2024-07-23 13:30:00-04:00,122.87000274658203,123.0999984741211,122.0999984741211,122.29499816894531
2024-07-23 14:30:00-04:00,122.30000305175781,123.05000305175781,122.20999908447266,122.90499877929688
2024-07-23 15:30:00-04:00,122.9000015258789,122.98999786376953,122.23999786376953,122.43000030517578
2024-07-24 09:30:00-04:00,119.13999938964844,119.94000244140625,117.38999938964844,118.5199966430664
2024-07-24 10:30:00-04:00,118.5199966430664,118.88999938964844,117.55000305175781,117.99500274658203
2024-07-24 11:30:00-04:00,117.98999786376953,118.12000274658203,115.55000305175781,115.91999816894531
2024-07-24 12:30:00-04:00,115.91999816894531,117.26000213623047,115.67900085449219,116.84010314941406
2024-07-24 13:30:00-04:00,116.84989929199219,117.33000183105469,115.79000091552734,115.87999725341797
2024-07-24 14:30:00-04:00,115.875,116.09989929199219,113.87999725341797,114.01000213623047
2024-07-24 15:30:00-04:00,114.0,115.73999786376953,113.51000213623047,114.42369842529297
2024-07-25 09:30:00-04:00,113.08000183105469,113.91000366210938,106.30000305175781,111.36000061035156
2024-07-25 10:30:00-04:00,111.36000061035156,115.66000366210938,110.58999633789062,114.63500213623047
2024-07-25 11:30:00-04:00,114.63200378417969,116.25,112.93000030517578,116.04000091552734
2024-07-25 12:30:00-04:00,116.05000305175781,116.62999725341797,114.37000274658203,114.80999755859375
2024-07-25 13:30:00-04:00,114.81999969482422,115.81999969482422,114.0999984741211,114.80500030517578
2024-07-25 14:30:00-04:00,114.80000305175781,115.25,113.55000305175781,114.75
2024-07-25 15:30:00-04:00,114.76000213623047,115.0199966430664,112.08000183105469,112.33999633789062
2024-07-26 09:30:00-04:00,116.1500015258789,116.19999694824219,113.0999984741211,113.80000305175781
2024-07-26 10:30:00-04:00,113.81999969482422,113.93000030517578,112.01000213623047,112.6050033569336
2024-07-26 11:30:00-04:00,112.61000061035156,114.12999725341797,112.5999984741211,113.79000091552734
2024-07-26 12:30:00-04:00,113.79499816894531,114.54000091552734,113.74500274658203,114.2699966430664
2024-07-26 13:30:00-04:00,114.26499938964844,114.44000244140625,112.66999816894531,113.09639739990234
2024-07-26 14:30:00-04:00,113.08999633789062,113.44000244140625,111.58000183105469,112.875
2024-07-26 15:30:00-04:00,112.87000274658203,113.16000366210938,112.08999633789062,113.05999755859375
2024-07-29 09:30:00-04:00,113.64089965820312,116.27999877929688,113.31999969482422,114.93000030517578
2024-07-29 10:30:00-04:00,114.94000244140625,115.0,111.75,112.53459930419922
2024-07-29 11:30:00-04:00,112.5250015258789,113.52999877929688,111.43000030517578,112.9520034790039
2024-07-29 12:30:00-04:00,112.9520034790039,113.70999908447266,112.11000061035156,112.11000061035156
2024-07-29 13:30:00-04:00,112.12999725341797,112.8499984741211,111.75,112.00499725341797
2024-07-29 14:30:00-04:00,112.0,112.29000091552734,111.30000305175781,112.0
2024-07-29 15:30:00-04:00,111.98999786376953,112.19000244140625,111.37999725341797,111.55000305175781
2024-07-30 09:30:00-04:00,111.51000213623047,111.98999786376953,107.30999755859375,107.49349975585938
2024-07-30 10:30:00-04:00,107.49500274658203,107.88999938964844,104.2699966430664,106.05999755859375
2024-07-30 11:30:00-04:00,106.05999755859375,106.11000061035156,103.91000366210938,104.58999633789062
2024-07-30 12:30:00-04:00,104.58999633789062,105.3499984741211,102.54000091552734,105.33999633789062
2024-07-30 13:30:00-04:00,105.33000183105469,106.29000091552734,104.76000213623047,105.92919921875
2024-07-30 14:30:00-04:00,105.93000030517578,106.4800033569336,104.27999877929688,104.47000122070312
2024-07-30 15:30:00-04:00,104.47000122070312,104.70999908447266,103.41000366210938,103.70760345458984
2024-07-31 09:30:00-04:00,112.9000015258789,115.7699966430664,110.87999725341797,114.10169982910156
2024-07-31 10:30:00-04:00,114.12999725341797,115.88999938964844,114.05000305175781,115.73999786376953
2024-07-31 11:30:00-04:00,115.7300033569336,116.47000122070312,115.41000366210938,115.42060089111328
2024-07-31 12:30:00-04:00,115.43000030517578,116.02999877929688,114.73999786376953,115.5199966430664
2024-07-31 13:30:00-04:00,115.52999877929688,116.43000030517578,114.25,116.23999786376953
2024-07-31 14:30:00-04:00,116.23999786376953,118.33999633789062,115.91999816894531,116.07499694824219
2024-07-31 15:30:00-04:00,116.125,117.58999633789062,116.01010131835938,117.16999816894531
2024-08-01 09:30:00-04:00,117.5999984741211,120.16000366210938,116.30000305175781,116.39080047607422
2024-08-01 10:30:00-04:00,116.41000366210938,116.76000213623047,113.05999755859375,114.2300033569336
2024-08-01 11:30:00-04:00,114.2300033569336,114.34500122070312,111.66999816894531,112.01000213623047
2024-08-01 12:30:00-04:00,112.00499725341797,112.16000366210938,108.43000030517578,109.01010131835938
2024-08-01 13:30:00-04:00,109.0199966430664,109.97000122070312,107.0,107.58740234375
2024-08-01 14:30:00-04:00,107.57499694824219,108.6500015258789,106.8104019165039,108.35990142822266
2024-08-01 15:30:00-04:00,108.3499984741211,109.48999786376953,107.69999694824219,109.33000183105469
2024-08-02 09:30:00-04:00,103.87000274658203,107.5,101.37000274658203,103.91999816894531
2024-08-02 10:30:00-04:00,103.91500091552734,106.27999877929688,102.41000366210938,105.93389892578125
2024-08-02 11:30:00-04:00,105.97000122070312,108.72000122070312,105.7300033569336,107.23079681396484
2024-08-02 12:30:00-04:00,107.20999908447266,107.36000061035156,104.75650024414062,104.83499908447266
2024-08-02 13:30:00-04:00,104.82450103759766,106.37000274658203,104.55999755859375,106.06999969482422
2024-08-02 14:30:00-04:00,106.08999633789062,106.44999694824219,105.18000030517578,106.04000091552734
2024-08-02 15:30:00-04:00,106.04000091552734,107.37999725341797,105.62000274658203,107.30879974365234
2024-08-05 09:30:00-04:00,92.05999755859375,102.36000061035156,90.69000244140625,98.91500091552734
2024-08-05 10:30:00-04:00,98.9000015258789,102.20890045166016,98.5999984741211,100.62999725341797
2024-08-05 11:30:00-04:00,100.625,103.4000015258789,100.2699966430664,103.19000244140625
2024-08-05 12:30:00-04:00,103.16000366210938,103.18499755859375,100.04000091552734,100.79000091552734
2024-08-05 13:30:00-04:00,100.80999755859375,102.0999984741211,100.01000213623047,100.5250015258789
2024-08-05 14:30:00-04:00,100.52999877929688,101.08000183105469,98.55999755859375,99.98999786376953
2024-08-05 15:30:00-04:00,99.98500061035156,100.76000213623047,98.80999755859375,100.5999984741211
2024-08-06 09:30:00-04:00,103.8324966430664,104.8499984741211,100.55000305175781,103.63999938964844
2024-08-06 10:30:00-04:00,103.66999816894531,106.3550033569336,103.19999694824219,103.8949966430664
2024-08-06 11:30:00-04:00,103.9000015258789,106.04000091552734,103.875,105.4800033569336
2024-08-06 12:30:00-04:00,105.48999786376953,107.43000030517578,105.38999938964844,106.94999694824219
2024-08-06 13:30:00-04:00,106.94999694824219,107.55000305175781,106.19999694824219,107.1449966430664
2024-08-06 14:30:00-04:00,107.15499877929688,107.70999908447266,105.3499984741211,106.28399658203125
2024-08-06 15:30:00-04:00,106.27999877929688,106.69999694824219,104.0,104.01000213623047
2024-08-07 09:30:00-04:00,107.81999969482422,108.80000305175781,104.29000091552734,104.7300033569336
2024-08-07 10:30:00-04:00,104.7300033569336,106.2300033569336,104.44999694824219,104.9000015258789
2024-08-07 11:30:00-04:00,104.90499877929688,105.13999938964844,102.75599670410156,103.80079650878906
2024-08-07 12:30:00-04:00,103.80999755859375,103.94000244140625,101.56999969482422,102.25
2024-08-07 13:30:00-04:00,102.25,102.80000305175781,99.41000366210938,100.41000366210938
2024-08-07 14:30:00-04:00,100.4000015258789,101.38999938964844,99.26000213623047,100.375
2024-08-07 15:30:00-04:00,100.36000061035156,100.58000183105469,98.69000244140625,98.75
2024-08-08 09:30:00-04:00,101.98999786376953,102.16999816894531,97.5199966430664,102.04000091552734
2024-08-08 10:30:00-04:00,102.04000091552734,103.18000030517578,101.51000213623047,102.73419952392578
2024-08-08 11:30:00-04:00,102.75,104.1449966430664,102.5199966430664,103.76000213623047
2024-08-08 12:30:00-04:00,103.77999877929688,104.6050033569336,102.77999877929688,104.58999633789062
2024-08-08 13:30:00-04:00,104.58000183105469,105.5,104.45999908447266,104.82469940185547
2024-08-08 14:30:00-04:00,104.83499908447266,105.33999633789062,103.91000366210938,104.20500183105469
2024-08-08 15:30:00-04:00,104.2300033569336,105.25,103.6603012084961,105.22000122070312
2024-08-09 09:30:00-04:00,105.56999969482422,106.5999984741211,103.44000244140625,104.19010162353516
2024-08-09 10:30:00-04:00,104.19000244140625,105.68000030517578,103.87000274658203,104.41000366210938
2024-08-09 11:30:00-04:00,104.41999816894531,104.79000091552734,103.72000122070312,104.21009826660156
2024-08-09 12:30:00-04:00,104.20999908447266,105.62999725341797,104.05010223388672,105.625
2024-08-09 13:30:00-04:00,105.62550354003906,105.82990264892578,104.62999725341797,105.1531982421875
2024-08-09 14:30:00-04:00,105.1500015258789,105.31999969482422,104.30000305175781,104.74009704589844
2024-08-09 15:30:00-04:00,104.74500274658203,105.04000091552734,104.20999908447266,104.70999908447266
2024-08-12 09:30:00-04:00,106.31999969482422,111.06999969482422,101.0,110.05999755859375
2024-08-12 10:30:00-04:00,110.05999755859375,110.68250274658203,108.5999984741211,109.2300033569336
2024-08-12 11:30:00-04:00,109.22000122070312,109.8499984741211,108.16999816894531,109.83499908447266
2024-08-12 12:30:00-04:00,109.83499908447266,110.37999725341797,109.0,109.78990173339844
2024-08-12 13:30:00-04:00,109.78500366210938,110.16999816894531,109.05999755859375,109.8584976196289
2024-08-12 14:30:00-04:00,109.8499984741211,110.11000061035156,109.04000091552734,109.3302001953125
2024-08-12 15:30:00-04:00,109.31500244140625,109.69000244140625,108.68000030517578,109.12159729003906
2024-08-13 09:30:00-04:00,112.43000030517578,114.62000274658203,111.58000183105469,113.82579803466797
2024-08-13 10:30:00-04:00,113.81999969482422,115.0,113.30999755859375,114.66999816894531
2024-08-13 11:30:00-04:00,114.66000366210938,114.91000366210938,113.8499984741211,114.51499938964844
2024-08-13 12:30:00-04:00,114.5199966430664,115.7300033569336,114.33000183105469,115.31999969482422
2024-08-13 13:30:00-04:00,115.33000183105469,115.56999969482422,114.43009948730469,115.47000122070312
2024-08-13 14:30:00-04:00,115.4800033569336,116.18000030517578,115.14009857177734,115.66999816894531
2024-08-13 15:30:00-04:00,115.66999816894531,116.2300033569336,115.37999725341797,116.16999816894531
2024-08-14 09:30:00-04:00,118.48999786376953,118.5999984741211,114.06999969482422,115.78009796142578
2024-08-14 10:30:00-04:00,115.79000091552734,117.36000061035156,114.68000030517578,117.18370056152344
2024-08-14 11:30:00-04:00,117.189697265625,118.46800231933594,116.55000305175781,117.1104965209961
2024-08-14 12:30:00-04:00,117.12000274658203,117.58999633789062,116.22000122070312,117.11990356445312
2024-08-14 13:30:00-04:00,117.08999633789062,117.47000122070312,116.51000213623047,117.36969757080078
2024-08-14 14:30:00-04:00,117.3499984741211,117.68000030517578,116.75,117.11000061035156
2024-08-14 15:30:00-04:00,117.12000274658203,118.23999786376953,116.82499694824219,117.97000122070312
2024-08-15 09:30:00-04:00,118.91999816894531,121.05999755859375,117.47000122070312,120.87999725341797
2024-08-15 10:30:00-04:00,120.88999938964844,122.48999786376953,120.66999816894531,122.01920318603516
2024-08-15 11:30:00-04:00,122.01010131835938,122.48999786376953,121.69000244140625,122.45500183105469
2024-08-15 12:30:00-04:00,122.44999694824219,122.4800033569336,121.83999633789062,122.04010009765625
2024-08-15 13:30:00-04:00,122.05000305175781,123.23999786376953,122.04499816894531,122.9301986694336
2024-08-15 14:30:00-04:00,122.93990325927734,122.9800033569336,122.0999984741211,122.3550033569336
2024-08-15 15:30:00-04:00,122.3499984741211,122.97000122070312,122.11000061035156,122.91000366210938
2024-08-16 09:30:00-04:00,121.94000244140625,125.0,121.18000030517578,124.56999969482422
2024-08-16 10:30:00-04:00,124.56999969482422,125.0,122.33000183105469,123.08999633789062
2024-08-16 11:30:00-04:00,123.08000183105469,124.08999633789062,122.91999816894531,123.98500061035156
2024-08-16 12:30:00-04:00,123.98999786376953,124.66999816894531,123.79000091552734,124.57499694824219
2024-08-16 13:30:00-04:00,124.56999969482422,124.75499725341797,124.02999877929688,124.625
2024-08-16 14:30:00-04:00,124.62979888916016,124.69999694824219,123.94000244140625,124.3499984741211
2024-08-16 15:30:00-04:00,124.35990142822266,124.58000183105469,123.8499984741211,124.58000183105469
2024-08-19 09:30:00-04:00,124.23999786376953,125.66899871826172,123.41999816894531,124.95349884033203
2024-08-19 10:30:00-04:00,124.95500183105469,126.56999969482422,124.83000183105469,126.38999938964844
2024-08-19 11:30:00-04:00,126.37999725341797,127.65989685058594,126.30999755859375,127.04499816894531
2024-08-19 12:30:00-04:00,127.05000305175781,128.07000732421875,126.44999694824219,127.92009735107422
2024-08-19 13:30:00-04:00,127.92500305175781,129.2899932861328,127.91999816894531,129.2205047607422
2024-08-19 14:30:00-04:00,129.22000122070312,129.2899932861328,128.5800018310547,129.0749969482422
2024-08-19 15:30:00-04:00,129.0800018310547,130.0,128.75999450683594,129.99000549316406
2024-08-20 09:30:00-04:00,128.39999389648438,129.8800048828125,126.66999816894531,127.3102035522461
2024-08-20 10:30:00-04:00,127.31880187988281,127.87000274658203,125.88999938964844,127.27989959716797
2024-08-20 11:30:00-04:00,127.2593002319336,128.39999389648438,127.20999908447266,127.41000366210938
2024-08-20 12:30:00-04:00,127.41999816894531,127.62000274658203,126.54000091552734,127.44000244140625
2024-08-20 13:30:00-04:00,127.45999908447266,128.29989624023438,127.20999908447266,127.94999694824219
2024-08-20 14:30:00-04:00,127.96009826660156,128.55999755859375,127.56999969482422,127.62010192871094
2024-08-20 15:30:00-04:00,127.63999938964844,127.8499984741211,127.12000274658203,127.2699966430664
2024-08-21 09:30:00-04:00,127.31500244140625,128.8800048828125,126.87000274658203,128.0435028076172
2024-08-21 10:30:00-04:00,128.0449981689453,129.33999633789062,127.19999694824219,128.2299041748047
2024-08-21 11:30:00-04:00,128.22999572753906,128.24000549316406,126.66000366210938,127.67469787597656
2024-08-21 12:30:00-04:00,127.66000366210938,128.11000061035156,127.43000030517578,127.77040100097656
2024-08-21 13:30:00-04:00,127.80000305175781,129.14999389648438,127.7699966430664,129.1060028076172
2024-08-21 14:30:00-04:00,129.09500122070312,129.35000610351562,127.66000366210938,128.21600341796875
2024-08-21 15:30:00-04:00,128.22000122070312,128.61500549316406,127.75,128.4499969482422
2024-08-22 09:30:00-04:00,130.02999877929688,130.75,128.22999572753906,129.14930725097656
2024-08-22 10:30:00-04:00,129.14990234375,129.14990234375,127.79000091552734,127.86499786376953
2024-08-22 11:30:00-04:00,127.83999633789062,127.8550033569336,124.43000030517578,126.57499694824219
2024-08-22 12:30:00-04:00,126.58000183105469,126.90249633789062,125.36000061035156,126.1989974975586
2024-08-22 13:30:00-04:00,126.19000244140625,126.30000305175781,123.80000305175781,124.89510345458984
2024-08-22 14:30:00-04:00,124.88999938964844,125.15499877929688,123.37999725341797,123.51000213623047
2024-08-22 15:30:00-04:00,123.5199966430664,124.16999816894531,123.0999984741211,123.79000091552734
2024-08-23 09:30:00-04:00,125.87000274658203,129.60000610351562,125.22000122070312,129.48500061035156
2024-08-23 10:30:00-04:00,129.47999572753906,129.5800018310547,126.51000213623047,128.74000549316406
2024-08-23 11:30:00-04:00,128.77000427246094,129.17999267578125,127.18000030517578,127.5250015258789
2024-08-23 12:30:00-04:00,127.51000213623047,128.14990234375,126.62000274658203,128.01060485839844
2024-08-23 13:30:00-04:00,128.02000427246094,128.77999877929688,127.95999908447266,128.6699981689453
2024-08-23 14:30:00-04:00,128.6699981689453,128.8800048828125,127.875,128.8300018310547
2024-08-23 15:30:00-04:00,128.8300018310547,129.32000732421875,128.1699981689453,129.27999877929688
2024-08-26 09:30:00-04:00,129.60000610351562,131.25999450683594,126.66000366210938,126.84500122070312
2024-08-26 10:30:00-04:00,126.83999633789062,127.37000274658203,124.37000274658203,127.06999969482422
2024-08-26 11:30:00-04:00,127.05999755859375,127.44000244140625,125.93000030517578,127.03500366210938
2024-08-26 12:30:00-04:00,127.0250015258789,127.54000091552734,126.08999633789062,126.48999786376953
2024-08-26 13:30:00-04:00,126.48999786376953,126.68000030517578,125.55000305175781,126.58999633789062
2024-08-26 14:30:00-04:00,126.58999633789062,126.98999786376953,126.33000183105469,126.63999938964844
2024-08-26 15:30:00-04:00,126.63999938964844,126.87999725341797,126.12000274658203,126.44999694824219
2024-08-27 09:30:00-04:00,125.02999877929688,127.61000061035156,123.87999725341797,127.20159912109375
2024-08-27 10:30:00-04:00,127.20500183105469,128.97999572753906,127.0,128.14999389648438
2024-08-27 11:30:00-04:00,128.110107421875,128.22999572753906,127.33000183105469,127.9749984741211
2024-08-27 12:30:00-04:00,127.96499633789062,128.9499969482422,127.5199966430664,128.80499267578125
2024-08-27 13:30:00-04:00,128.80929565429688,129.1999969482422,128.22999572753906,128.47520446777344
2024-08-27 14:30:00-04:00,128.47000122070312,128.7899932861328,128.1199951171875,128.4600067138672
2024-08-27 15:30:00-04:00,128.4600067138672,128.75,128.1999969482422,128.33999633789062
2024-08-28 09:30:00-04:00,128.1199951171875,128.3300018310547,126.08000183105469,127.27999877929688
2024-08-28 10:30:00-04:00,127.2699966430664,127.56999969482422,122.63999938964844,123.99009704589844
2024-08-28 11:30:00-04:00,123.97010040283203,125.83000183105469,123.91000366210938,125.48500061035156
2024-08-28 12:30:00-04:00,125.47000122070312,126.02999877929688,125.072998046875,125.67500305175781
2024-08-28 13:30:00-04:00,125.66999816894531,125.87000274658203,123.88009643554688,124.95800018310547
2024-08-28 14:30:00-04:00,124.95680236816406,126.3499984741211,124.42500305175781,126.1698989868164
2024-08-28 15:30:00-04:00,126.16000366210938,126.67620086669922,125.44999694824219,125.66000366210938
2024-08-29 09:30:00-04:00,121.3550033569336,124.11000061035156,119.2300033569336,120.73999786376953
2024-08-29 10:30:00-04:00,120.7300033569336,122.55000305175781,120.48999786376953,120.98999786376953
2024-08-29 11:30:00-04:00,120.9800033569336,121.83999633789062,120.7699966430664,121.29000091552734
2024-08-29 12:30:00-04:00,121.27999877929688,121.54000091552734,120.2300033569336,120.62000274658203
2024-08-29 13:30:00-04:00,120.62999725341797,121.16000366210938,119.01000213623047,119.21499633789062
2024-08-29 14:30:00-04:00,119.20999908447266,119.21499633789062,116.72000122070312,117.9312973022461
2024-08-29 15:30:00-04:00,117.94000244140625,119.08000183105469,117.5,117.59040069580078
2024-08-30 09:30:00-04:00,119.5,121.75,118.54000091552734,119.30000305175781
2024-08-30 10:30:00-04:00,119.30000305175781,120.20999908447266,117.47000122070312,117.85990142822266
2024-08-30 11:30:00-04:00,117.8499984741211,118.88999938964844,117.22000122070312,118.34960174560547
2024-08-30 12:30:00-04:00,118.34010314941406,118.70999908447266,117.83999633789062,118.22930145263672
2024-08-30 13:30:00-04:00,118.2300033569336,118.80000305175781,117.9800033569336,118.65850067138672
2024-08-30 14:30:00-04:00,118.66000366210938,119.2300033569336,118.30999755859375,119.03679656982422
2024-08-30 15:30:00-04:00,119.04000091552734,119.5999984741211,118.37000274658203,119.36000061035156
2024-09-03 09:30:00-04:00,115.26000213623047,115.30989837646484,111.77999877929688,112.18000030517578
2024-09-03 10:30:00-04:00,112.17330169677734,112.19999694824219,109.3949966430664,110.93000030517578
2024-09-03 11:30:00-04:00,110.93000030517578,111.41999816894531,110.0,110.24009704589844
2024-09-03 12:30:00-04:00,110.24500274658203,110.80999755859375,109.80000305175781,110.5
2024-09-03 13:30:00-04:00,110.5,110.66000366210938,108.0199966430664,108.28500366210938
2024-09-03 14:30:00-04:00,108.29000091552734,109.20999908447266,108.02010345458984,108.30000305175781
2024-09-03 15:30:00-04:00,108.30500030517578,108.4800033569336,107.29000091552734,107.9800033569336
2024-09-04 09:30:00-04:00,105.37999725341797,108.38500213623047,104.12000274658203,107.36009979248047
2024-09-04 10:30:00-04:00,107.35009765625,109.98999786376953,107.20500183105469,108.2699966430664
2024-09-04 11:30:00-04:00,108.26249694824219,108.86000061035156,107.52010345458984,108.67500305175781
2024-09-04 12:30:00-04:00,108.67500305175781,109.51000213623047,108.22000122070312,109.01000213623047
2024-09-04 13:30:00-04:00,109.01000213623047,109.37000274658203,107.72000122070312,108.1050033569336
2024-09-04 14:30:00-04:00,108.0999984741211,108.1500015258789,105.4000015258789,105.95500183105469
2024-09-04 15:30:00-04:00,105.95939636230469,106.98999786376953,105.56210327148438,106.16999816894531
2024-09-05 09:30:00-04:00,105.25,109.63919830322266,105.25,109.07949829101562
2024-09-05 10:30:00-04:00,109.18000030517578,109.33999633789062,106.22000122070312,106.29499816894531
2024-09-05 11:30:00-04:00,106.30500030517578,107.5999984741211,106.06999969482422,107.41010284423828
2024-09-05 12:30:00-04:00,107.4198989868164,107.7051010131836,106.31500244140625,106.3375015258789
2024-09-05 13:30:00-04:00,106.33999633789062,107.75,106.29000091552734,106.98500061035156
2024-09-05 14:30:00-04:00,106.9800033569336,107.54000091552734,106.55000305175781,107.16999816894531
2024-09-05 15:30:00-04:00,107.1760025024414,107.4000015258789,106.37999725341797,107.23999786376953
2024-09-06 09:30:00-04:00,108.0,108.03990173339844,103.5999984741211,103.69999694824219
2024-09-06 10:30:00-04:00,103.4843978881836,103.88999938964844,101.94999694824219,102.31999969482422
2024-09-06 11:30:00-04:00,102.31999969482422,102.75,100.94999694824219,101.83999633789062
2024-09-06 12:30:00-04:00,101.85900115966797,103.2699966430664,101.5999984741211,102.61499786376953
2024-09-06 13:30:00-04:00,102.5999984741211,102.7300033569336,101.77999877929688,102.00990295410156
2024-09-06 14:30:00-04:00,102.01000213623047,103.56999969482422,101.99019622802734,103.38500213623047
2024-09-06 15:30:00-04:00,103.4000015258789,103.66500091552734,102.48999786376953,102.83999633789062
2024-09-09 09:30:00-04:00,104.86499786376953,106.375,104.81999969482422,105.04199981689453
2024-09-09 10:30:00-04:00,105.0199966430664,105.07990264892578,103.69000244140625,104.93000030517578
2024-09-09 11:30:00-04:00,104.93099975585938,105.68000030517578,104.70999908447266,105.56999969482422
2024-09-09 12:30:00-04:00,105.56999969482422,106.19999694824219,105.19000244140625,105.94999694824219
2024-09-09 13:30:00-04:00,105.94499969482422,105.94499969482422,104.91000366210938,104.94000244140625
2024-09-09 14:30:00-04:00,104.94000244140625,105.88500213623047,104.68000030517578,105.80139923095703
2024-09-09 15:30:00-04:00,105.79000091552734,106.55000305175781,105.5250015258789,106.4800033569336
2024-09-10 09:30:00-04:00,108.04499816894531,109.37000274658203,105.95999908447266,107.29000091552734
2024-09-10 10:30:00-04:00,107.2405014038086,107.54499816894531,106.41600036621094,107.1177978515625
2024-09-10 11:30:00-04:00,107.0999984741211,107.44000244140625,104.94999694824219,105.45500183105469
2024-09-10 12:30:00-04:00,105.44999694824219,106.6500015258789,105.41000366210938,106.19999694824219
2024-09-10 13:30:00-04:00,106.19499969482422,107.47000122070312,106.12000274658203,107.29419708251953
2024-09-10 14:30:00-04:00,107.30000305175781,107.58000183105469,107.02999877929688,107.54989624023438
2024-09-10 15:30:00-04:00,107.54499816894531,108.18000030517578,107.33000183105469,108.0199966430664
2024-09-11 09:30:00-04:00,109.5,111.85009765625,108.5,109.31500244140625
2024-09-11 10:30:00-04:00,109.30999755859375,109.44000244140625,107.6011962890625,109.31999969482422
2024-09-11 11:30:00-04:00,109.30000305175781,112.87000274658203,109.16500091552734,112.82749938964844
2024-09-11 12:30:00-04:00,112.82050323486328,113.9000015258789,111.70999908447266,113.8550033569336
2024-09-11 13:30:00-04:00,113.86000061035156,115.37000274658203,113.36000061035156,115.27619934082031
2024-09-11 14:30:00-04:00,115.28500366210938,116.13999938964844,114.55999755859375,115.9800033569336
2024-09-11 15:30:00-04:00,115.98500061035156,117.18000030517578,115.66000366210938,116.8499984741211
2024-09-12 09:30:00-04:00,115.92970275878906,119.81999969482422,115.4198989868164,119.6050033569336
2024-09-12 10:30:00-04:00,119.60009765625,119.98999786376953,118.29000091552734,118.66999816894531
2024-09-12 11:30:00-04:00,118.67500305175781,119.30000305175781,117.7699966430664,119.13500213623047
2024-09-12 12:30:00-04:00,119.13939666748047,119.95999908447266,118.47000122070312,119.84010314941406
2024-09-12 13:30:00-04:00,119.8550033569336,120.79000091552734,119.46790313720703,120.40010070800781
2024-09-12 14:30:00-04:00,120.4000015258789,120.48999786376953,119.0999984741211,119.94999694824219
2024-09-12 15:30:00-04:00,119.95999908447266,120.0999984741211,119.0199966430664,119.18000030517578
2024-09-13 09:30:00-04:00,119.0,119.95500183105469,118.3499984741211,118.37000274658203
2024-09-13 10:30:00-04:00,117.87000274658203,119.79000091552734,117.85009765625,119.41020202636719
2024-09-13 11:30:00-04:00,119.41999816894531,119.55000305175781,118.30000305175781,118.71499633789062
2024-09-13 12:30:00-04:00,118.72000122070312,119.33000183105469,118.44499969482422,119.1050033569336
2024-09-13 13:30:00-04:00,119.1050033569336,119.16999816894531,118.3687973022461,118.61499786376953
2024-09-13 14:30:00-04:00,118.62000274658203,119.12999725341797,118.41999816894531,119.05999755859375
2024-09-13 15:30:00-04:00,119.05999755859375,119.13999938964844,118.70999908447266,119.06999969482422
2024-09-16 09:30:00-04:00,116.25990295410156,118.18000030517578,114.36000061035156,117.11499786376953
2024-09-16 10:30:00-04:00,117.12999725341797,117.2499008178711,116.02999877929688,116.625
2024-09-16 11:30:00-04:00,116.625,116.87000274658203,115.71089935302734,116.1698989868164
2024-09-16 12:30:00-04:00,116.16999816894531,116.79000091552734,115.75,116.62000274658203
2024-09-16 13:30:00-04:00,116.62079620361328,117.07499694824219,116.45010375976562,116.66500091552734
2024-09-16 14:30:00-04:00,116.66059875488281,116.68499755859375,116.0999984741211,116.35009765625
2024-09-16 15:30:00-04:00,116.35600280761719,116.79000091552734,116.2300033569336,116.7699966430664
2024-09-17 09:30:00-04:00,118.75,118.76920318603516,116.76000213623047,117.7499008178711
2024-09-17 10:30:00-04:00,117.73999786376953,118.27059936523438,117.18000030517578,117.20999908447266
2024-09-17 11:30:00-04:00,117.20600128173828,117.5199966430664,115.97000122070312,116.52989959716797
2024-09-17 12:30:00-04:00,116.5199966430664,116.69999694824219,115.66999816894531,116.09500122070312
2024-09-17 13:30:00-04:00,116.08999633789062,116.26000213623047,114.83000183105469,115.37909698486328
2024-09-17 14:30:00-04:00,115.375,115.6500015258789,114.8550033569336,115.3499984741211
2024-09-17 15:30:00-04:00,115.34120178222656,115.6500015258789,114.9800033569336,115.58499908447266
2024-09-18 09:30:00-04:00,116.0,116.0999984741211,114.61920166015625,115.12000274658203
2024-09-18 10:30:00-04:00,115.12930297851562,115.4397964477539,114.52999877929688,114.82990264892578
2024-09-18 11:30:00-04:00,114.82219696044922,114.8499984741211,113.68000030517578,114.69000244140625
2024-09-18 12:30:00-04:00,114.69999694824219,115.33000183105469,114.56999969482422,115.0999984741211
2024-09-18 13:30:00-04:00,115.09500122070312,117.16999816894531,114.62999725341797,116.7750015258789
2024-09-18 14:30:00-04:00,116.77999877929688,117.69999694824219,113.51000213623047,115.38999938964844
2024-09-18 15:30:00-04:00,115.38999938964844,115.7300033569336,113.22000122070312,113.22000122070312
2024-09-19 09:30:00-04:00,117.625,119.34839630126953,117.44999694824219,119.22000122070312
2024-09-19 10:30:00-04:00,119.16999816894531,119.5999984741211,118.56909942626953,119.52519989013672
2024-09-19 11:30:00-04:00,119.5250015258789,119.66000366210938,118.7699966430664,119.16000366210938
2024-09-19 12:30:00-04:00,119.16999816894531,119.66000366210938,118.94000244140625,119.49500274658203
2024-09-19 13:30:00-04:00,119.5,119.5198974609375,118.66999816894531,119.1240005493164
2024-09-19 14:30:00-04:00,119.12999725341797,119.13500213623047,117.61000061035156,118.1449966430664
2024-09-19 15:30:00-04:00,118.16000366210938,118.6500015258789,117.70999908447266,117.9800033569336
2024-09-20 09:30:00-04:00,117.42009735107422,118.61810302734375,116.70999908447266,117.08000183105469
2024-09-20 10:30:00-04:00,117.06999969482422,117.41999816894531,115.39009857177734,115.73999786376953
2024-09-20 11:30:00-04:00,115.73999786376953,116.81999969482422,115.69999694824219,116.67939758300781
2024-09-20 12:30:00-04:00,116.66000366210938,116.66999816894531,116.0199966430664,116.19010162353516
2024-09-20 13:30:00-04:00,116.19000244140625,116.55999755859375,115.5,115.84449768066406
2024-09-20 14:30:00-04:00,115.83999633789062,116.72000122070312,115.69000244140625,116.62000274658203
2024-09-20 15:30:00-04:00,116.625,116.88999938964844,115.72000122070312,116.08000183105469
2024-09-23 09:30:00-04:00,116.45999908447266,116.98999786376953,115.44999694824219,116.17500305175781
2024-09-23 10:30:00-04:00,116.17500305175781,116.23999786376953,114.86000061035156,115.5250015258789
2024-09-23 11:30:00-04:00,115.52999877929688,116.3499984741211,115.44000244140625,115.49500274658203
2024-09-23 12:30:00-04:00,115.48999786376953,115.77999877929688,115.2699966430664,115.66999816894531
2024-09-23 13:30:00-04:00,115.66500091552734,116.22989654541016,115.55999755859375,116.11029815673828
2024-09-23 14:30:00-04:00,116.11000061035156,116.6050033569336,115.91000366210938,116.52899932861328
2024-09-23 15:30:00-04:00,116.52940368652344,116.56999969482422,116.1500015258789,116.23999786376953
2024-09-24 09:30:00-04:00,116.51499938964844,117.61000061035156,115.83999633789062,115.98410034179688
2024-09-24 10:30:00-04:00,115.98500061035156,117.44999694824219,115.37999725341797,117.37999725341797
2024-09-24 11:30:00-04:00,117.38990020751953,121.62000274658203,117.37999725341797,120.77999877929688
2024-09-24 12:30:00-04:00,120.78209686279297,121.47000122070312,120.55169677734375,121.29499816894531
2024-09-24 13:30:00-04:00,121.31500244140625,121.80000305175781,121.0999984741211,121.30999755859375
2024-09-24 14:30:00-04:00,121.31500244140625,121.4000015258789,120.43000030517578,120.43099975585938
2024-09-24 15:30:00-04:00,120.43499755859375,121.18000030517578,120.0999984741211,120.94999694824219
2024-09-25 09:30:00-04:00,122.25,124.93000030517578,122.19999694824219,124.56500244140625
2024-09-25 10:30:00-04:00,124.5,124.9000015258789,124.0199966430664,124.02519989013672
2024-09-25 11:30:00-04:00,124.0199966430664,124.22930145263672,123.05999755859375,123.7970962524414
2024-09-25 12:30:00-04:00,123.80000305175781,123.88999938964844,122.76000213623047,123.25990295410156
2024-09-25 13:30:00-04:00,123.25,123.5999984741211,122.62000274658203,123.5999984741211
2024-09-25 14:30:00-04:00,123.55999755859375,123.5999984741211,123.20999908447266,123.29000091552734
2024-09-25 15:30:00-04:00,123.30000305175781,123.58999633789062,123.22000122070312,123.55999755859375
2024-09-26 09:30:00-04:00,126.375,127.4800033569336,125.65010070800781,125.66999816894531
2024-09-26 10:30:00-04:00,125.67990112304688,125.83999633789062,122.15499877929688,123.53910064697266
2024-09-26 11:30:00-04:00,123.5250015258789,124.4885025024414,122.94999694824219,123.42169952392578
2024-09-26 12:30:00-04:00,123.41010284423828,123.55000305175781,121.80000305175781,122.63999938964844
2024-09-26 13:30:00-04:00,122.64089965820312,124.04979705810547,122.55000305175781,124.029296875
2024-09-26 14:30:00-04:00,124.0250015258789,124.44999694824219,123.52999877929688,124.12999725341797
2024-09-26 15:30:00-04:00,124.13909912109375,124.23989868164062,123.6500015258789,123.98999786376953
2024-09-27 09:30:00-04:00,123.5,123.5,120.91000366210938,121.41999816894531
2024-09-27 10:30:00-04:00,121.43299865722656,121.5198974609375,119.81999969482422,120.25499725341797
2024-09-27 11:30:00-04:00,120.25920104980469,120.95500183105469,119.95999908447266,120.83000183105469
2024-09-27 12:30:00-04:00,120.83000183105469,121.18000030517578,120.19999694824219,120.21920013427734
2024-09-27 13:30:00-04:00,120.21080017089844,120.95999908447266,119.3499984741211,119.3499984741211
2024-09-27 14:30:00-04:00,119.37000274658203,120.5260009765625,119.26000213623047,120.5
2024-09-27 15:30:00-04:00,120.4801025390625,121.97000122070312,120.38009643554688,121.4000015258789
2024-09-30 09:30:00-04:00,118.75,121.2699966430664,118.66000366210938,120.0907974243164
2024-09-30 10:30:00-04:00,120.0999984741211,120.97380065917969,119.66000366210938,120.97380065917969
2024-09-30 11:30:00-04:00,121.06500244140625,121.0999984741211,120.26000213623047,120.71499633789062
2024-09-30 12:30:00-04:00,120.72000122070312,120.80999755859375,119.95999908447266,120.10070037841797
2024-09-30 13:30:00-04:00,120.1050033569336,120.69000244140625,119.18000030517578,119.47000122070312
2024-09-30 14:30:00-04:00,119.47000122070312,120.36000061035156,119.19000244140625,120.08499908447266
2024-09-30 15:30:00-04:00,120.08000183105469,121.5,119.8197021484375,121.48999786376953
2024-10-01 09:30:00-04:00,121.5,122.38990020751953,117.74089813232422,117.88919830322266
2024-10-01 10:30:00-04:00,117.5999984741211,118.47000122070312,116.6050033569336,117.41999816894531
2024-10-01 11:30:00-04:00,117.41000366210938,118.08999633789062,116.9000015258789,117.4800033569336
2024-10-01 12:30:00-04:00,117.4800033569336,117.5999984741211,115.79000091552734,115.99500274658203
2024-10-01 13:30:00-04:00,115.98989868164062,117.94499969482422,115.88999938964844,117.81009674072266
2024-10-01 14:30:00-04:00,117.81400299072266,118.05999755859375,117.23999786376953,117.4749984741211
2024-10-01 15:30:00-04:00,117.47000122070312,117.47000122070312,116.72000122070312,116.94989776611328
2024-10-02 09:30:00-04:00,116.41999816894531,118.75,115.13999938964844,118.25
2024-10-02 10:30:00-04:00,118.25,119.23999786376953,117.62999725341797,118.872802734375
2024-10-02 11:30:00-04:00,118.87999725341797,119.29000091552734,118.56999969482422,118.98500061035156
2024-10-02 12:30:00-04:00,118.98999786376953,118.98999786376953,117.83999633789062,118.37920379638672
2024-10-02 13:30:00-04:00,118.36000061035156,118.88999938964844,117.76000213623047,118.62999725341797
2024-10-02 14:30:00-04:00,118.62999725341797,119.16000366210938,118.4800033569336,119.04000091552734
2024-10-02 15:30:00-04:00,119.05000305175781,119.37999725341797,118.76000213623047,118.83989715576172
2024-10-03 09:30:00-04:00,120.91999816894531,124.36000061035156,120.34010314941406,122.26000213623047
2024-10-03 10:30:00-04:00,122.26000213623047,123.16000366210938,121.77999877929688,122.7249984741211
2024-10-03 11:30:00-04:00,122.72000122070312,123.33000183105469,122.6968002319336,123.04000091552734
2024-10-03 12:30:00-04:00,123.05000305175781,123.06999969482422,121.45999908447266,122.69999694824219
2024-10-03 13:30:00-04:00,122.69999694824219,123.19999694824219,122.38200378417969,122.74500274658203
2024-10-03 14:30:00-04:00,122.74500274658203,122.87989807128906,122.11250305175781,122.1604995727539
2024-10-03 15:30:00-04:00,122.16999816894531,123.0,122.15499877929688,122.83999633789062
2024-10-04 09:30:00-04:00,124.93499755859375,125.0,121.9000015258789,122.5199966430664
2024-10-04 10:30:00-04:00,122.52999877929688,124.0999984741211,122.3550033569336,123.58999633789062
2024-10-04 11:30:00-04:00,123.58000183105469,124.3499984741211,123.26000213623047,123.83000183105469
2024-10-04 12:30:00-04:00,123.83000183105469,124.48999786376953,123.7699966430664,124.03500366210938
2024-10-04 13:30:00-04:00,124.04000091552734,124.5999984741211,123.76000213623047,124.59339904785156
2024-10-04 14:30:00-04:00,124.58999633789062,124.69999694824219,124.30000305175781,124.55500030517578
2024-10-04 15:30:00-04:00,124.55500030517578,125.0199966430664,124.4800033569336,124.88999938964844
2024-10-07 09:30:00-04:00,124.94999694824219,127.80999755859375,124.94999694824219,127.24500274658203
2024-10-07 10:30:00-04:00,127.24500274658203,128.61000061035156,126.51000213623047,128.5991973876953
2024-10-07 11:30:00-04:00,128.5998992919922,129.64999389648438,128.5500030517578,129.55630493164062
2024-10-07 12:30:00-04:00,129.5594024658203,129.6999969482422,128.80999755859375,129.42970275878906
2024-10-07 13:30:00-04:00,129.42999267578125,130.63999938964844,129.1699981689453,129.72999572753906
2024-10-07 14:30:00-04:00,129.72999572753906,129.7799072265625,127.94000244140625,128.2449951171875
2024-10-07 15:30:00-04:00,128.25,128.6199951171875,127.5199966430664,127.79000091552734
2024-10-08 09:30:00-04:00,130.3300018310547,131.8800048828125,129.4199981689453,131.63980102539062
2024-10-08 10:30:00-04:00,131.63499450683594,132.9199981689453,131.53500366210938,131.8939971923828
2024-10-08 11:30:00-04:00,131.9001007080078,132.5749969482422,131.61000061035156,132.56500244140625
2024-10-08 12:30:00-04:00,132.55999755859375,132.69000244140625,131.6999969482422,132.0500030517578
2024-10-08 13:30:00-04:00,132.06410217285156,132.63059997558594,131.99989318847656,132.61929321289062
2024-10-08 14:30:00-04:00,132.61500549316406,133.3000030517578,132.27000427246094,133.2899932861328
2024-10-08 15:30:00-04:00,133.2899932861328,133.47999572753906,132.74400329589844,132.93600463867188
2024-10-09 09:30:00-04:00,134.1300048828125,134.46499633789062,131.3800048828125,133.9095001220703
2024-10-09 10:30:00-04:00,133.90499877929688,133.9600067138672,132.50999450683594,133.14059448242188
2024-10-09 11:30:00-04:00,133.14930725097656,133.42909240722656,131.47000122070312,132.30990600585938
2024-10-09 12:30:00-04:00,132.30340576171875,132.55999755859375,131.6699981689453,131.98500061035156
2024-10-09 13:30:00-04:00,131.98460388183594,132.67999267578125,131.47999572753906,132.6309051513672
2024-10-09 14:30:00-04:00,132.63999938964844,132.69000244140625,132.1199951171875,132.33090209960938
2024-10-09 15:30:00-04:00,132.3350067138672,132.83999633789062,132.30999755859375,132.625
2024-10-10 09:30:00-04:00,131.8800048828125,134.2899932861328,131.30189514160156,134.26499938964844
2024-10-10 10:30:00-04:00,134.25999450683594,134.77000427246094,133.4600067138672,134.08009338378906
2024-10-10 11:30:00-04:00,134.0850067138672,135.0,133.94009399414062,134.38470458984375
2024-10-10 12:30:00-04:00,134.3699951171875,134.89999389648438,133.9499969482422,134.7957000732422
2024-10-10 13:30:00-04:00,134.80999755859375,134.97999572753906,134.1300048828125,134.33999633789062
2024-10-10 14:30:00-04:00,134.33140563964844,134.75,133.52000427246094,134.64500427246094
2024-10-10 15:30:00-04:00,134.63999938964844,134.85000610351562,134.16400146484375,134.8000030517578
2024-10-11 09:30:00-04:00,134.02000427246094,135.77999877929688,133.66000366210938,135.02980041503906
2024-10-11 10:30:00-04:00,135.0299072265625,135.42999267578125,134.17999267578125,134.95010375976562
2024-10-11 11:30:00-04:00,134.94149780273438,135.25,134.67999267578125,135.1199951171875
2024-10-11 12:30:00-04:00,135.1300048828125,135.14999389648438,134.6699981689453,134.85000610351562
2024-10-11 13:30:00-04:00,134.83999633789062,135.14990234375,134.77000427246094,134.8990020751953
2024-10-11 14:30:00-04:00,134.89999389648438,134.97000122070312,134.55999755859375,134.82000732421875
2024-10-11 15:30:00-04:00,134.81910705566406,134.92999267578125,134.68499755859375,134.75
2024-10-14 09:30:00-04:00,136.42999267578125,139.52999877929688,136.3000030517578,139.31500244140625
2024-10-14 10:30:00-04:00,139.3000030517578,139.60000610351562,137.72000122070312,138.02000427246094
2024-10-14 11:30:00-04:00,138.02000427246094,138.52000427246094,137.42999267578125,138.5
2024-10-14 12:30:00-04:00,138.49000549316406,138.73989868164062,138.13999938964844,138.58999633789062
2024-10-14 13:30:00-04:00,138.58999633789062,138.99000549316406,138.49000549316406,138.6907958984375
2024-10-14 14:30:00-04:00,138.6999969482422,139.0500030517578,138.41000366210938,138.74000549316406
2024-10-14 15:30:00-04:00,138.74000549316406,138.89999389648438,137.86000061035156,138.14010620117188
2024-10-15 09:30:00-04:00,137.88499450683594,138.57000732421875,131.86000061035156,132.11000061035156
2024-10-15 10:30:00-04:00,132.10440063476562,132.8179931640625,128.74000549316406,131.79600524902344
2024-10-15 11:30:00-04:00,131.77999877929688,132.39500427246094,130.00999450683594,130.8350067138672
2024-10-15 12:30:00-04:00,130.83999633789062,131.6999969482422,130.83349609375,131.0800018310547
2024-10-15 13:30:00-04:00,131.0850067138672,132.25,130.8300018310547,131.83999633789062
2024-10-15 14:30:00-04:00,131.8300018310547,132.19000244140625,130.64500427246094,131.19090270996094
2024-10-15 15:30:00-04:00,131.1999969482422,131.97999572753906,130.64999389648438,131.61000061035156
2024-10-16 09:30:00-04:00,133.9550018310547,134.64999389648438,131.5800018310547,134.4219970703125
2024-10-16 10:30:00-04:00,134.44000244140625,134.77999877929688,132.67300415039062,134.16000366210938
2024-10-16 11:30:00-04:00,134.16000366210938,134.33999633789062,133.74000549316406,134.22000122070312
2024-10-16 12:30:00-04:00,134.2200927734375,135.6959991455078,134.1300048828125,135.4770050048828
2024-10-16 13:30:00-04:00,135.47999572753906,136.44000244140625,135.47000122070312,136.4199981689453
2024-10-16 14:30:00-04:00,136.4250030517578,136.6199951171875,135.91000366210938,136.0260009765625
2024-10-16 15:30:00-04:00,136.02999877929688,136.07000732421875,135.3105926513672,135.70989990234375
2024-10-17 09:30:00-04:00,139.35000610351562,140.88999938964844,137.375,139.60060119628906
2024-10-17 10:30:00-04:00,139.60499572753906,139.74000549316406,138.38999938964844,139.64999389648438
2024-10-17 11:30:00-04:00,139.64999389648438,140.2519989013672,139.22000122070312,139.46009826660156
2024-10-17 12:30:00-04:00,139.46499633789062,139.67999267578125,138.89340209960938,139.53990173339844
2024-10-17 13:30:00-04:00,139.53500366210938,139.9199981689453,138.30999755859375,138.66400146484375
2024-10-17 14:30:00-04:00,138.6649932861328,138.97999572753906,137.91000366210938,137.9261932373047
2024-10-17 15:30:00-04:00,137.9499969482422,138.1699981689453,136.8699951171875,136.9199981689453
2024-10-18 09:30:00-04:00,138.7100067138672,138.89999389648438,137.3800048828125,138.2227020263672
2024-10-18 10:30:00-04:00,138.22109985351562,138.35000610351562,137.4499969482422,137.96499633789062
2024-10-18 11:30:00-04:00,137.97999572753906,138.10000610351562,137.27999877929688,137.5540008544922
2024-10-18 12:30:00-04:00,137.5500030517578,138.6699981689453,137.52999877929688,138.33999633789062
2024-10-18 13:30:00-04:00,138.33999633789062,138.5,138.00999450683594,138.27000427246094
2024-10-18 14:30:00-04:00,138.26499938964844,138.3300018310547,137.8699951171875,138.1800994873047
2024-10-18 15:30:00-04:00,138.18499755859375,138.18499755859375,137.88999938964844,137.97999572753906
2024-10-21 09:30:00-04:00,138.14500427246094,141.8000030517578,138.00999450683594,141.42999267578125
2024-10-21 10:30:00-04:00,141.4300994873047,141.52999877929688,139.94000244140625,140.35499572753906
2024-10-21 11:30:00-04:00,140.35000610351562,141.5500030517578,140.28500366210938,141.07679748535156
2024-10-21 12:30:00-04:00,141.08909606933594,141.6999969482422,140.69000244140625,141.53570556640625
2024-10-21 13:30:00-04:00,141.53500366210938,142.4600067138672,141.52999877929688,142.0699005126953
2024-10-21 14:30:00-04:00,142.0601043701172,142.61000061035156,141.77999877929688,142.47000122070312
2024-10-21 15:30:00-04:00,142.47999572753906,143.7100067138672,142.13999938964844,143.6999969482422
2024-10-22 09:30:00-04:00,142.9199981689453,144.4199981689453,141.77999877929688,143.52000427246094
2024-10-22 10:30:00-04:00,143.52000427246094,143.75,142.3300018310547,143.26010131835938
2024-10-22 11:30:00-04:00,143.26600646972656,143.49000549316406,142.52999877929688,142.61500549316406
2024-10-22 12:30:00-04:00,142.6199951171875,143.4199981689453,141.9600067138672,143.41990661621094
2024-10-22 13:30:00-04:00,143.4197998046875,144.05990600585938,143.3000030517578,143.35000610351562
2024-10-22 14:30:00-04:00,143.36000061035156,143.75,143.1114959716797,143.74000549316406
2024-10-22 15:30:00-04:00,143.74000549316406,143.86000061035156,143.4499969482422,143.57000732421875
2024-10-23 09:30:00-04:00,142.01499938964844,142.42999267578125,138.25999450683594,140.33999633789062
2024-10-23 10:30:00-04:00,140.35000610351562,141.41000366210938,139.62010192871094,139.73199462890625
2024-10-23 11:30:00-04:00,139.7100067138672,140.6999969482422,139.35000610351562,139.40499877929688
2024-10-23 12:30:00-04:00,139.39999389648438,139.8699951171875,137.6999969482422,138.4387969970703
2024-10-23 13:30:00-04:00,138.43080139160156,138.5,137.4600067138672,138.44500732421875
2024-10-23 14:30:00-04:00,138.44500732421875,139.24000549316406,138.22000122070312,138.9199981689453
2024-10-23 15:30:00-04:00,138.9250030517578,139.85989379882812,138.63999938964844,139.57000732421875
2024-10-24 09:30:00-04:00,140.82000732421875,141.35000610351562,138.4600067138672,138.52999877929688
2024-10-24 10:30:00-04:00,138.5399932861328,140.02969360351562,138.52000427246094,139.7050018310547
2024-10-24 11:30:00-04:00,139.6999969482422,139.85000610351562,138.7899932861328,139.4250030517578
2024-10-24 12:30:00-04:00,139.42999267578125,140.05999755859375,139.14500427246094,139.53700256347656
2024-10-24 13:30:00-04:00,139.5399932861328,140.13999938964844,139.25999450683594,139.85719299316406
2024-10-24 14:30:00-04:00,139.87600708007812,140.5399932861328,139.60000610351562,140.52999877929688
2024-10-24 15:30:00-04:00,140.52499389648438,140.83999633789062,140.25,140.39999389648438
2024-10-25 09:30:00-04:00,140.94000244140625,143.5500030517578,140.8000030517578,143.45010375976562
2024-10-25 10:30:00-04:00,143.4600067138672,144.11000061035156,143.02000427246094,143.7299041748047
2024-10-25 11:30:00-04:00,143.74000549316406,144.0500030517578,143.30999755859375,143.6199951171875
2024-10-25 12:30:00-04:00,143.61990356445312,143.6300048828125,142.50999450683594,142.5198974609375
2024-10-25 13:30:00-04:00,142.50999450683594,142.74000549316406,140.94200134277344,141.95989990234375
2024-10-25 14:30:00-04:00,141.9600067138672,142.29989624023438,141.6750030517578,141.94290161132812
2024-10-25 15:30:00-04:00,141.94500732421875,142.19000244140625,141.3800048828125,141.47000122070312
2024-10-28 09:30:00-04:00,143.02999877929688,143.13999938964844,140.88999938964844,141.4600067138672
2024-10-28 10:30:00-04:00,141.46490478515625,141.6999969482422,140.77000427246094,141.01539611816406
2024-10-28 11:30:00-04:00,141.02999877929688,141.07000732421875,140.0500030517578,140.5399932861328
2024-10-28 12:30:00-04:00,140.5399932861328,141.27999877929688,140.17999267578125,141.1699981689453
2024-10-28 13:30:00-04:00,141.17999267578125,141.49000549316406,141.00999450683594,141.24000549316406
2024-10-28 14:30:00-04:00,141.24000549316406,141.3300018310547,140.72999572753906,141.23069763183594
2024-10-28 15:30:00-04:00,141.23500061035156,141.3300018310547,140.39999389648438,140.61000061035156
2024-10-29 09:30:00-04:00,140.25,140.72999572753906,138.89999389648438,140.3300018310547
2024-10-29 10:30:00-04:00,140.3300018310547,141.11000061035156,140.1999969482422,141.0388946533203
2024-10-29 11:30:00-04:00,141.0399932861328,142.0,140.6999969482422,141.6800994873047
2024-10-29 12:30:00-04:00,141.6959991455078,141.85000610351562,141.19790649414062,141.48500061035156
2024-10-29 13:30:00-04:00,141.5,141.75990295410156,141.25,141.6999969482422
2024-10-29 14:30:00-04:00,141.69000244140625,142.2550048828125,141.6199951171875,142.08999633789062
2024-10-29 15:30:00-04:00,142.0850067138672,142.1387939453125,141.02000427246094,141.1999969482422
2024-10-30 09:30:00-04:00,139.44000244140625,139.9149932861328,136.80999755859375,139.3699951171875
2024-10-30 10:30:00-04:00,139.3699951171875,140.17999267578125,138.8300018310547,140.17990112304688
2024-10-30 11:30:00-04:00,140.1699981689453,140.17999267578125,139.47000122070312,139.55499267578125
2024-10-30 12:30:00-04:00,139.5699005126953,140.3300018310547,139.36000061035156,139.82989501953125
2024-10-30 13:30:00-04:00,139.8092041015625,140.27999877929688,138.9600067138672,139.97000122070312
2024-10-30 14:30:00-04:00,139.9600067138672,140.16000366210938,139.32000732421875,139.4199981689453
2024-10-30 15:30:00-04:00,139.4149932861328,139.99000549316406,139.1300048828125,139.17999267578125
2024-10-31 09:30:00-04:00,137.61000061035156,137.61000061035156,132.37010192871094,133.80999755859375
2024-10-31 10:30:00-04:00,133.80999755859375,134.17999267578125,133.02000427246094,133.83050537109375
2024-10-31 11:30:00-04:00,133.82000732421875,133.94000244140625,132.3000030517578,133.5850067138672
2024-10-31 12:30:00-04:00,133.5800018310547,133.83999633789062,133.22999572753906,133.3249969482422
2024-10-31 13:30:00-04:00,133.3249969482422,133.42999267578125,132.50999450683594,132.64529418945312
2024-10-31 14:30:00-04:00,132.64990234375,134.0399932861328,132.11300659179688,133.62789916992188
2024-10-31 15:30:00-04:00,133.6300048828125,134.5500030517578,132.41000366210938,132.69500732421875
2024-11-01 09:30:00-04:00,134.66000366210938,137.30999755859375,134.57000732421875,137.1739959716797
2024-11-01 10:30:00-04:00,137.19000244140625,137.2292938232422,135.90049743652344,137.0063018798828
2024-11-01 11:30:00-04:00,137.00999450683594,137.1300048828125,136.0908966064453,136.38999938964844
2024-11-01 12:30:00-04:00,136.39990234375,136.68499755859375,135.5,136.3300018310547
2024-11-01 13:30:00-04:00,136.3249969482422,136.36000061035156,134.9499969482422,135.4739990234375
2024-11-01 14:30:00-04:00,135.47909545898438,136.0800018310547,135.3311004638672,135.59500122070312
2024-11-01 15:30:00-04:00,135.58999633789062,136.02999877929688,135.03500366210938,135.4199981689453
2024-11-04 09:30:00-05:00,137.22999572753906,137.99530029296875,135.57000732421875,137.8249969482422
2024-11-04 10:30:00-05:00,137.80999755859375,138.9600067138672,137.2100067138672,138.60609436035156
2024-11-04 11:30:00-05:00,138.61000061035156,138.72999572753906,137.02999877929688,137.7519989013672
2024-11-04 12:30:00-05:00,137.75990295410156,138.0800018310547,137.32000732421875,137.77000427246094
2024-11-04 13:30:00-05:00,137.76499938964844,138.389892578125,137.64999389648438,137.87989807128906
2024-11-04 14:30:00-05:00,137.8699951171875,138.14999389648438,137.49000549316406,137.5
2024-11-04 15:30:00-05:00,137.5,137.5500030517578,136.0,136.0800018310547
2024-11-05 09:30:00-05:00,137.42999267578125,139.35000610351562,137.3300018310547,138.7700958251953
2024-11-05 10:30:00-05:00,138.78089904785156,139.72999572753906,138.72999572753906,139.64500427246094
2024-11-05 11:30:00-05:00,139.64999389648438,140.37010192871094,139.6199951171875,139.69039916992188
2024-11-05 12:30:00-05:00,139.6990966796875,139.97000122070312,139.35000610351562,139.5601043701172
2024-11-05 13:30:00-05:00,139.57000732421875,140.0,139.0800018310547,139.82000732421875
2024-11-05 14:30:00-05:00,139.8249969482422,139.9499969482422,139.25010681152344,139.87339782714844
2024-11-05 15:30:00-05:00,139.86000061035156,139.94000244140625,139.12930297851562,139.91000366210938
2024-11-06 09:30:00-05:00,143.66799926757812,144.6300048828125,141.9600067138672,144.06500244140625
2024-11-06 10:30:00-05:00,144.06500244140625,144.30999755859375,143.22999572753906,144.0500030517578
2024-11-06 11:30:00-05:00,144.05499267578125,145.0,143.89999389648438,144.881103515625
2024-11-06 12:30:00-05:00,144.8813018798828,146.3350067138672,144.67999267578125,146.1699981689453
2024-11-06 13:30:00-05:00,146.1699981689453,146.22999572753906,145.4199981689453,146.02000427246094
2024-11-06 14:30:00-05:00,145.99000549316406,146.49000549316406,145.89999389648438,146.24000549316406
2024-11-06 15:30:00-05:00,146.24000549316406,146.33999633789062,145.32159423828125,145.6199951171875
2024-11-07 09:30:00-05:00,146.36000061035156,148.75,146.1699981689453,148.1199951171875
2024-11-07 10:30:00-05:00,148.125,148.3800048828125,147.2899932861328,147.96180725097656
2024-11-07 11:30:00-05:00,147.9600067138672,148.29989624023438,147.7100067138672,148.02999877929688
2024-11-07 12:30:00-05:00,148.02999877929688,148.25,147.4499969482422,147.7899932861328
2024-11-07 13:30:00-05:00,147.78500366210938,148.4949951171875,147.64999389648438,147.91000366210938
2024-11-07 14:30:00-05:00,147.9149932861328,148.4799041748047,147.55999755859375,148.27499389648438
2024-11-07 15:30:00-05:00,148.27000427246094,148.9199981689453,148.05999755859375,148.88999938964844
2024-11-08 09:30:00-05:00,148.77000427246094,149.75999450683594,146.25999450683594,147.08999633789062
2024-11-08 10:30:00-05:00,147.0800018310547,147.5800018310547,146.35000610351562,147.25
2024-11-08 11:30:00-05:00,147.25,147.97000122070312,147.1300048828125,147.52000427246094
2024-11-08 12:30:00-05:00,147.51499938964844,147.85000610351562,147.22000122070312,147.45989990234375
2024-11-08 13:30:00-05:00,147.4499969482422,147.72999572753906,147.13009643554688,147.3000030517578
2024-11-08 14:30:00-05:00,147.2949981689453,147.4499969482422,146.85000610351562,147.25010681152344
2024-11-08 15:30:00-05:00,147.24000549316406,147.83999633789062,147.11000061035156,147.5
2024-11-11 09:30:00-05:00,148.67999267578125,148.77000427246094,143.57000732421875,145.0054931640625
2024-11-11 10:30:00-05:00,145.0,146.49000549316406,145.0,145.42999267578125
2024-11-11 11:30:00-05:00,145.52029418945312,145.60000610351562,144.69500732421875,144.96009826660156
2024-11-11 12:30:00-05:00,144.97000122070312,145.60000610351562,144.47000122070312,144.88710021972656
2024-11-11 13:30:00-05:00,144.88909912109375,145.13999938964844,144.6300048828125,144.69500732421875
2024-11-11 14:30:00-05:00,144.69410705566406,145.89999389648438,144.6300048828125,145.34500122070312
2024-11-11 15:30:00-05:00,145.34500122070312,145.6898956298828,144.88499450683594,145.27999877929688
2024-11-12 09:30:00-05:00,146.72000122070312,149.5500030517578,146.00999450683594,149.22000122070312
2024-11-12 10:30:00-05:00,149.2100067138672,149.6199951171875,147.92999267578125,148.47000122070312
2024-11-12 11:30:00-05:00,148.58999633789062,149.3699951171875,147.5500030517578,148.0850067138672
2024-11-12 12:30:00-05:00,148.07000732421875,148.1300048828125,146.5800018310547,147.1199951171875
2024-11-12 13:30:00-05:00,147.08900451660156,148.55999755859375,147.0800018310547,148.23089599609375
2024-11-12 14:30:00-05:00,148.22500610351562,148.7449951171875,147.5500030517578,147.78619384765625
2024-11-12 15:30:00-05:00,147.77999877929688,148.5299072265625,147.6199951171875,148.39999389648438
2024-11-13 09:30:00-05:00,149.0500030517578,149.3300018310547,146.72000122070312,147.24400329589844
2024-11-13 10:30:00-05:00,147.25,147.75999450683594,146.5500030517578,147.3249969482422
2024-11-13 11:30:00-05:00,147.30349731445312,147.4199981689453,145.97000122070312,146.9600067138672
2024-11-13 12:30:00-05:00,146.9600067138672,147.33999633789062,146.41000366210938,147.02499389648438
2024-11-13 13:30:00-05:00,147.02499389648438,147.83999633789062,146.52999877929688,146.8498992919922
2024-11-13 14:30:00-05:00,146.83999633789062,147.1999053955078,146.35000610351562,146.49000549316406
2024-11-13 15:30:00-05:00,146.47500610351562,147.0399932861328,145.9499969482422,146.4199981689453
2024-11-14 09:30:00-05:00,147.63980102539062,148.57000732421875,145.5500030517578,148.31520080566406
2024-11-14 10:30:00-05:00,148.30999755859375,148.99000549316406,147.69000244140625,148.86500549316406
2024-11-14 11:30:00-05:00,148.875,149.0,147.67120361328125,147.7550048828125
2024-11-14 12:30:00-05:00,147.75390625,147.8699951171875,147.27000427246094,147.42750549316406
2024-11-14 13:30:00-05:00,147.42999267578125,147.52000427246094,146.47000122070312,146.80259704589844
2024-11-14 14:30:00-05:00,146.8000030517578,147.10519409179688,145.85000610351562,146.16000366210938
2024-11-14 15:30:00-05:00,146.1699981689453,146.89010620117188,145.75999450683594,146.8000946044922
2024-11-15 09:30:00-05:00,144.8699951171875,145.24000549316406,141.80999755859375,142.38999938964844
2024-11-15 10:30:00-05:00,142.3800048828125,143.52999877929688,142.3000030517578,142.97000122070312
2024-11-15 11:30:00-05:00,142.9600067138672,143.10000610351562,140.83999633789062,141.80999755859375
2024-11-15 12:30:00-05:00,141.7949981689453,142.19000244140625,140.72000122070312,141.23500061035156
2024-11-15 13:30:00-05:00,141.22000122070312,141.3361053466797,140.0800018310547,140.1199951171875
2024-11-15 14:30:00-05:00,140.1300048828125,142.33999633789062,140.10000610351562,142.07000732421875
2024-11-15 15:30:00-05:00,142.0500030517578,142.31500244140625,141.5449981689453,141.97030639648438
2024-11-18 09:30:00-05:00,139.5399932861328,140.1300048828125,137.14999389648438,140.00999450683594
2024-11-18 10:30:00-05:00,140.00999450683594,141.1699981689453,139.63999938964844,141.02999877929688
2024-11-18 11:30:00-05:00,141.02000427246094,141.27999877929688,139.35000610351562,139.52999877929688
2024-11-18 12:30:00-05:00,139.52999877929688,140.0500030517578,138.8800048828125,139.843505859375
2024-11-18 13:30:00-05:00,139.86000061035156,140.39999389648438,139.35299682617188,139.7100067138672
2024-11-18 14:30:00-05:00,139.72000122070312,141.5500030517578,139.55999755859375,141.5
2024-11-18 15:30:00-05:00,141.47000122070312,141.5,139.5,140.1999969482422
2024-11-19 09:30:00-05:00,141.3249969482422,143.5500030517578,140.99000549316406,142.97999572753906
2024-11-19 10:30:00-05:00,142.97000122070312,144.5500030517578,142.77000427246094,143.67999267578125
2024-11-19 11:30:00-05:00,143.6804962158203,144.16000366210938,143.16000366210938,143.60000610351562
2024-11-19 12:30:00-05:00,143.60000610351562,144.64500427246094,143.41000366210938,144.61920166015625
2024-11-19 13:30:00-05:00,144.5406951904297,146.30999755859375,144.5406951904297,146.03460693359375
2024-11-19 14:30:00-05:00,146.03500366210938,146.97000122070312,145.77999877929688,146.63490295410156
2024-11-19 15:30:00-05:00,146.6300048828125,147.1300048828125,146.1300048828125,146.99000549316406
2024-11-20 09:30:00-05:00,146.25,146.5399932861328,142.72999572753906,143.83450317382812
2024-11-20 10:30:00-05:00,143.8300018310547,146.5800018310547,143.7899932861328,144.7899932861328
2024-11-20 11:30:00-05:00,144.81080627441406,146.22000122070312,144.1999969482422,145.3101043701172
2024-11-20 12:30:00-05:00,145.31500244140625,145.5,144.3800048828125,145.02099609375
2024-11-20 13:30:00-05:00,145.02000427246094,145.0500030517578,143.24000549316406,143.47000122070312
2024-11-20 14:30:00-05:00,143.4600067138672,144.57000732421875,143.41000366210938,144.47000122070312
2024-11-20 15:30:00-05:00,144.4600067138672,146.16000366210938,144.4510955810547,145.92999267578125
2024-11-21 09:30:00-05:00,149.31500244140625,152.88999938964844,141.02000427246094,141.1959991455078
2024-11-21 10:30:00-05:00,141.1522979736328,145.08990478515625,140.6999969482422,144.98199462890625
2024-11-21 11:30:00-05:00,144.99000549316406,145.4550018310547,143.14999389648438,144.27999877929688
2024-11-21 12:30:00-05:00,144.30999755859375,145.4199981689453,143.7100067138672,145.17999267578125
2024-11-21 13:30:00-05:00,145.1999969482422,147.61000061035156,145.19000244140625,147.10159301757812
2024-11-21 14:30:00-05:00,147.10989379882812,148.5500030517578,146.9499969482422,148.1750030517578
2024-11-21 15:30:00-05:00,148.1750030517578,148.42999267578125,146.3000030517578,146.6300048828125
2024-11-22 09:30:00-05:00,145.91000366210938,147.16000366210938,142.4600067138672,142.7449951171875
2024-11-22 10:30:00-05:00,142.75999450683594,143.88999938964844,142.00999450683594,142.2799072265625
2024-11-22 11:30:00-05:00,142.27999877929688,142.3800048828125,141.5301055908203,142.09719848632812
2024-11-22 12:30:00-05:00,142.08999633789062,142.3300018310547,141.7899932861328,141.99000549316406
2024-11-22 13:30:00-05:00,141.98500061035156,142.1699981689453,141.10000610351562,141.4600067138672
2024-11-22 14:30:00-05:00,141.46499633789062,142.22000122070312,141.43089294433594,142.0
2024-11-22 15:30:00-05:00,141.99989318847656,142.1300048828125,141.47999572753906,141.89999389648438
2024-11-25 09:30:00-05:00,141.97000122070312,142.0500030517578,136.49000549316406,137.1699981689453
2024-11-25 10:30:00-05:00,137.13999938964844,138.33999633789062,136.22000122070312,138.279296875
2024-11-25 11:30:00-05:00,138.28500366210938,138.66000366210938,136.63999938964844,136.96200561523438
2024-11-25 12:30:00-05:00,136.9698944091797,137.88999938964844,136.4499969482422,137.0897979736328
2024-11-25 13:30:00-05:00,137.0800018310547,137.1999969482422,136.3000030517578,136.927001953125
2024-11-25 14:30:00-05:00,136.9199981689453,137.4149932861328,136.35000610351562,136.72500610351562
2024-11-25 15:30:00-05:00,136.72999572753906,137.14830017089844,135.82000732421875,135.94000244140625
2024-11-26 09:30:00-05:00,137.69000244140625,139.3000030517578,136.30999755859375,136.96310424804688
2024-11-26 10:30:00-05:00,136.97999572753906,137.1699981689453,136.1699981689453,136.9250030517578
2024-11-26 11:30:00-05:00,136.91000366210938,137.13999938964844,136.47999572753906,136.81619262695312
2024-11-26 12:30:00-05:00,136.8249969482422,137.10000610351562,136.375,136.63499450683594
2024-11-26 13:30:00-05:00,136.6300048828125,136.85499572753906,135.6699981689453,135.9600067138672
2024-11-26 14:30:00-05:00,135.9499969482422,136.84500122070312,135.80999755859375,136.83990478515625
2024-11-26 15:30:00-05:00,136.8350067138672,137.10000610351562,136.55999755859375,136.82000732421875
2024-11-27 09:30:00-05:00,135.00999450683594,135.1199951171875,132.25,132.35989379882812
2024-11-27 10:30:00-05:00,132.3780975341797,133.0800018310547,132.0,132.4149932861328
2024-11-27 11:30:00-05:00,132.41000366210938,132.7899932861328,131.89999389648438,132.59500122070312
2024-11-27 12:30:00-05:00,132.58999633789062,133.65989685058594,132.22999572753906,133.65989685058594
2024-11-27 13:30:00-05:00,133.65089416503906,134.57000732421875,133.6199951171875,134.14999389648438
2024-11-27 14:30:00-05:00,134.14500427246094,135.1699981689453,133.97999572753906,134.4398956298828
2024-11-27 15:30:00-05:00,134.43499755859375,135.4199981689453,134.17999267578125,135.4199981689453
2024-11-29 09:30:00-05:00,136.85000610351562,139.35000610351562,136.0500030517578,138.6750030517578
2024-11-29 10:30:00-05:00,138.6699981689453,139.14999389648438,138.1999969482422,138.35000610351562
2024-11-29 11:30:00-05:00,138.35000610351562,139.0800018310547,138.1300048828125,138.82000732421875
2024-12-02 09:30:00-05:00,138.83999633789062,140.4499969482422,138.08999633789062,139.1699981689453
2024-12-02 10:30:00-05:00,139.16000366210938,139.27000427246094,138.3000030517578,138.99400329589844
2024-12-02 11:30:00-05:00,138.98989868164062,139.64990234375,138.72000122070312,139.1649932861328
2024-12-02 12:30:00-05:00,139.1699981689453,139.22999572753906,138.2899932861328,138.2949981689453
2024-12-02 13:30:00-05:00,138.3000030517578,138.83999633789062,137.8249969482422,138.12860107421875
2024-12-02 14:30:00-05:00,138.1260986328125,138.8699951171875,138.0800018310547,138.79879760742188
2024-12-02 15:30:00-05:00,138.7949981689453,138.88999938964844,137.88999938964844,138.63999938964844
2024-12-03 09:30:00-05:00,138.31500244140625,140.5399932861328,137.9499969482422,138.5299072265625
2024-12-03 10:30:00-05:00,138.52999877929688,139.39999389648438,138.10000610351562,139.17919921875
2024-12-03 11:30:00-05:00,139.18499755859375,139.4499969482422,138.4949951171875,138.77999877929688
2024-12-03 12:30:00-05:00,138.78500366210938,139.44000244140625,138.50999450683594,139.05870056152344
2024-12-03 13:30:00-05:00,139.0500030517578,139.39999389648438,138.9199981689453,139.26589965820312
2024-12-03 14:30:00-05:00,139.27000427246094,140.27999877929688,139.26499938964844,140.22999572753906
2024-12-03 15:30:00-05:00,140.22360229492188,140.27999877929688,139.72000122070312,140.25
2024-12-04 09:30:00-05:00,142.02000427246094,142.6300048828125,140.2899932861328,141.8000030517578
2024-12-04 10:30:00-05:00,141.8000030517578,143.0,141.6199951171875,142.9499969482422
2024-12-04 11:30:00-05:00,142.94110107421875,144.5800018310547,142.91000366210938,144.5749969482422
2024-12-04 12:30:00-05:00,144.5749969482422,144.6199951171875,143.80999755859375,143.83009338378906
2024-12-04 13:30:00-05:00,143.83380126953125,145.52000427246094,143.7530059814453,145.5050048828125
2024-12-04 14:30:00-05:00,145.5050048828125,145.7899932861328,145.25999450683594,145.3800048828125
2024-12-04 15:30:00-05:00,145.3699951171875,145.6699981689453,144.5800018310547,145.13819885253906
2024-12-05 09:30:00-05:00,145.1199951171875,146.07000732421875,143.9499969482422,144.61000061035156
2024-12-05 10:30:00-05:00,144.610107421875,146.19000244140625,144.24000549316406,145.94500732421875
2024-12-05 11:30:00-05:00,145.94979858398438,146.5399932861328,145.75999450683594,146.0
2024-12-05 12:30:00-05:00,145.99000549316406,146.17990112304688,144.66000366210938,144.9199981689453
2024-12-05 13:30:00-05:00,144.9149932861328,145.1710968017578,144.30999755859375,144.87600708007812
2024-12-05 14:30:00-05:00,144.86000061035156,145.5,144.85000610351562,144.98989868164062
2024-12-05 15:30:00-05:00,144.97999572753906,145.25,144.8800048828125,145.00999450683594
2024-12-06 09:30:00-05:00,144.6300048828125,145.6999969482422,144.1750030517578,144.5500030517578
2024-12-06 10:30:00-05:00,144.5500030517578,144.7050018310547,141.72000122070312,142.69000244140625
2024-12-06 11:30:00-05:00,142.67999267578125,143.22999572753906,141.30999755859375,142.91099548339844
2024-12-06 12:30:00-05:00,142.91709899902344,142.92999267578125,142.02999877929688,142.6708984375
2024-12-06 13:30:00-05:00,142.67990112304688,142.6999969482422,142.17999267578125,142.5850067138672
2024-12-06 14:30:00-05:00,142.58999633789062,142.7100067138672,141.8800048828125,142.10499572753906
2024-12-06 15:30:00-05:00,142.10499572753906,142.47999572753906,141.7899932861328,142.39999389648438
2024-12-09 09:30:00-05:00,138.9875030517578,139.9499969482422,137.42999267578125,138.66000366210938
2024-12-09 10:30:00-05:00,138.66000366210938,138.86729431152344,137.1300048828125,138.08999633789062
2024-12-09 11:30:00-05:00,138.08999633789062,138.7100067138672,137.8800048828125,138.4499969482422
2024-12-09 12:30:00-05:00,138.4550018310547,139.7830047607422,138.43040466308594,139.56500244140625
2024-12-09 13:30:00-05:00,139.57000732421875,139.83999633789062,138.63999938964844,138.67999267578125
2024-12-09 14:30:00-05:00,138.69000244140625,138.77000427246094,138.0500030517578,138.28500366210938
2024-12-09 15:30:00-05:00,138.3000030517578,139.13999938964844,138.24000549316406,138.80499267578125
2024-12-10 09:30:00-05:00,138.89999389648438,141.82000732421875,138.80999755859375,140.07000732421875
2024-12-10 10:30:00-05:00,140.05999755859375,140.16000366210938,137.07000732421875,137.17990112304688
2024-12-10 11:30:00-05:00,137.19000244140625,137.25999450683594,135.764892578125,136.2899932861328
2024-12-10 12:30:00-05:00,136.2899932861328,136.85000610351562,135.96009826660156,136.41000366210938
2024-12-10 13:30:00-05:00,136.41000366210938,136.64999389648438,135.6300048828125,135.88999938964844
2024-12-10 14:30:00-05:00,135.88009643554688,135.9694061279297,133.8000030517578,134.5800018310547
2024-12-10 15:30:00-05:00,134.58999633789062,135.3800048828125,134.44000244140625,135.0
2024-12-11 09:30:00-05:00,137.40499877929688,138.0500030517578,135.2100067138672,136.2050018310547
2024-12-11 10:30:00-05:00,136.197998046875,137.7100067138672,135.5749969482422,137.64999389648438
2024-12-11 11:30:00-05:00,137.64999389648438,139.0500030517578,137.17999267578125,138.6300048828125
2024-12-11 12:30:00-05:00,138.639892578125,139.17999267578125,138.22999572753906,139.17880249023438
2024-12-11 13:30:00-05:00,139.17979431152344,139.92999267578125,139.10000610351562,139.45449829101562
2024-12-11 14:30:00-05:00,139.4503936767578,140.1699981689453,139.35000610351562,140.11160278320312
2024-12-11 15:30:00-05:00,140.11500549316406,140.11500549316406,138.94000244140625,139.27000427246094
2024-12-12 09:30:00-05:00,137.10000610351562,137.5500030517578,135.8000030517578,136.6739959716797
2024-12-12 10:30:00-05:00,136.66000366210938,137.52999877929688,136.3800048828125,136.72000122070312
2024-12-12 11:30:00-05:00,136.72999572753906,137.38999938964844,136.09010314941406,137.37010192871094
2024-12-12 12:30:00-05:00,137.3699951171875,138.41000366210938,136.9499969482422,138.2050018310547
2024-12-12 13:30:00-05:00,138.2050018310547,138.25,137.32000732421875,137.96090698242188
2024-12-12 14:30:00-05:00,137.9600067138672,138.1199951171875,137.27000427246094,137.38499450683594
2024-12-12 15:30:00-05:00,137.38999938964844,137.75,137.0,137.30999755859375
2024-12-13 09:30:00-05:00,139.0,139.60000610351562,136.4499969482422,136.49000549316406
2024-12-13 10:30:00-05:00,136.50999450683594,137.0,132.5399932861328,132.9499969482422
2024-12-13 11:30:00-05:00,132.9517059326172,134.14999389648438,132.89999389648438,133.27999877929688
2024-12-13 12:30:00-05:00,133.3000030517578,134.52999877929688,132.85000610351562,134.5294952392578
2024-12-13 13:30:00-05:00,134.52499389648438,134.75,133.9499969482422,134.63479614257812
2024-12-13 14:30:00-05:00,134.63229370117188,134.9199981689453,133.64999389648438,133.98699951171875
2024-12-13 15:30:00-05:00,133.97999572753906,134.30999755859375,133.72000122070312,134.22000122070312
2024-12-16 09:30:00-05:00,134.1649932861328,134.39999389648438,130.4199981689453,132.29010009765625
2024-12-16 10:30:00-05:00,132.3000030517578,132.4600067138672,130.88999938964844,130.92990112304688
2024-12-16 11:30:00-05:00,130.92010498046875,131.57000732421875,130.44000244140625,130.96299743652344
2024-12-16 12:30:00-05:00,130.9600067138672,132.0399932861328,130.82000732421875,131.3184051513672
2024-12-16 13:30:00-05:00,131.30999755859375,131.77999877929688,130.7100067138672,131.61000061035156
2024-12-16 14:30:00-05:00,131.6300048828125,132.77999877929688,131.58999633789062,132.39999389648438
2024-12-16 15:30:00-05:00,132.38999938964844,132.44000244140625,131.52000427246094,131.99000549316406
2024-12-17 09:30:00-05:00,129.0,129.61000061035156,126.86000061035156,127.62000274658203
2024-12-17 10:30:00-05:00,127.62000274658203,129.3000030517578,127.62000274658203,128.99000549316406
2024-12-17 11:30:00-05:00,128.97999572753906,131.2100067138672,128.80999755859375,131.19000244140625
2024-12-17 12:30:00-05:00,131.1999969482422,131.58999633789062,129.7100067138672,129.72430419921875
2024-12-17 13:30:00-05:00,129.72500610351562,130.1999053955078,129.25,129.89999389648438
2024-12-17 14:30:00-05:00,129.89999389648438,130.00999450683594,129.10000610351562,129.3249053955078
2024-12-17 15:30:00-05:00,129.3249969482422,130.41000366210938,128.82000732421875,130.35000610351562
2024-12-18 09:30:00-05:00,133.8699951171875,135.77999877929688,132.80999755859375,135.56370544433594
2024-12-18 10:30:00-05:00,135.5601043701172,136.6999969482422,134.9550018310547,135.25
2024-12-18 11:30:00-05:00,135.27000427246094,135.86000061035156,134.66000366210938,135.61500549316406
2024-12-18 12:30:00-05:00,135.61990356445312,136.4199981689453,135.11000061035156,135.98500061035156
2024-12-18 13:30:00-05:00,135.97999572753906,136.3350067138672,133.74000549316406,133.8699951171875
2024-12-18 14:30:00-05:00,133.8520050048828,134.4499969482422,130.7899932861328,130.97000122070312
2024-12-18 15:30:00-05:00,130.9550018310547,131.57989501953125,128.27999877929688,128.7100067138672
2024-12-19 09:30:00-05:00,131.72000122070312,132.05999755859375,129.8217010498047,130.22000122070312
2024-12-19 10:30:00-05:00,130.22000122070312,133.44000244140625,129.5500030517578,133.14990234375
2024-12-19 11:30:00-05:00,133.1199951171875,134.02999877929688,131.4499969482422,131.61729431152344
2024-12-19 12:30:00-05:00,131.60499572753906,132.58999633789062,131.52000427246094,131.74000549316406
2024-12-19 13:30:00-05:00,131.7449951171875,132.9499969482422,131.57000732421875,132.0408935546875
2024-12-19 14:30:00-05:00,132.05999755859375,132.08999633789062,130.9499969482422,131.57009887695312
2024-12-19 15:30:00-05:00,131.58999633789062,131.89999389648438,130.3000030517578,130.6719970703125
2024-12-20 09:30:00-05:00,129.80999755859375,132.5,128.22000122070312,132.44679260253906
2024-12-20 10:30:00-05:00,132.4405059814453,134.14999389648438,132.36000061035156,133.91000366210938
2024-12-20 11:30:00-05:00,133.91000366210938,135.00999450683594,133.82000732421875,134.98489379882812
2024-12-20 12:30:00-05:00,134.97999572753906,135.27999877929688,133.5399932861328,133.69000244140625
2024-12-20 13:30:00-05:00,133.6970977783203,134.99000549316406,133.5800018310547,134.92970275878906
2024-12-20 14:30:00-05:00,134.9199981689453,135.02999877929688,133.6999969482422,133.889892578125
2024-12-20 15:30:00-05:00,133.88999938964844,135.00999450683594,132.89999389648438,134.9600067138672
2024-12-23 09:30:00-05:00,136.27999877929688,137.82000732421875,135.12010192871094,136.1999969482422
2024-12-23 10:30:00-05:00,136.1999969482422,137.50999450683594,135.8300018310547,137.25990295410156
2024-12-23 11:30:00-05:00,137.25,138.47000122070312,136.85000610351562,137.92999267578125
2024-12-23 12:30:00-05:00,137.92999267578125,139.0,137.7550048828125,138.52999877929688
2024-12-23 13:30:00-05:00,138.53990173339844,139.6999969482422,138.52000427246094,139.35000610351562
2024-12-23 14:30:00-05:00,139.3592071533203,139.52000427246094,138.33999633789062,139.05999755859375
2024-12-23 15:30:00-05:00,139.07000732421875,139.7899932861328,138.88999938964844,139.65499877929688
2024-12-24 09:30:00-05:00,139.97500610351562,141.89999389648438,139.310302734375,140.82009887695312
2024-12-24 10:30:00-05:00,140.8300018310547,141.40989685058594,140.25999450683594,141.39500427246094
2024-12-24 11:30:00-05:00,141.39999389648438,141.39999389648438,140.4600067138672,140.76449584960938
2024-12-26 09:30:00-05:00,139.52499389648438,140.85000610351562,137.72999572753906,138.72000122070312
2024-12-26 10:30:00-05:00,138.7100067138672,139.66000366210938,138.406005859375,139.3699951171875
2024-12-26 11:30:00-05:00,139.360107421875,140.44000244140625,139.22999572753906,139.94009399414062
2024-12-26 12:30:00-05:00,139.9600067138672,140.39999389648438,139.36000061035156,140.22000122070312
2024-12-26 13:30:00-05:00,140.2100067138672,140.35000610351562,139.85000610351562,139.99000549316406
2024-12-26 14:30:00-05:00,140.0,140.2899932861328,139.85000610351562,140.1649932861328
2024-12-26 15:30:00-05:00,140.14999389648438,140.27999877929688,139.82000732421875,139.88999938964844
2024-12-27 09:30:00-05:00,138.55499267578125,139.02000427246094,134.7100067138672,135.639892578125
2024-12-27 10:30:00-05:00,135.63499450683594,136.8699951171875,135.14999389648438,136.86380004882812
2024-12-27 11:30:00-05:00,136.86000061035156,136.92999267578125,135.17999267578125,135.6999969482422
2024-12-27 12:30:00-05:00,135.6999969482422,136.5699005126953,135.36000061035156,135.95989990234375
2024-12-27 13:30:00-05:00,135.94119262695312,136.8300018310547,135.85499572753906,136.23129272460938
2024-12-27 14:30:00-05:00,136.22999572753906,136.99000549316406,136.16000366210938,136.76849365234375
2024-12-27 15:30:00-05:00,136.77000427246094,137.13999938964844,136.3000030517578,137.13999938964844
2024-12-30 09:30:00-05:00,134.8350067138672,138.6699981689453,134.02000427246094,136.7100067138672
2024-12-30 10:30:00-05:00,136.6999969482422,138.2899932861328,136.64999389648438,137.55990600585938
2024-12-30 11:30:00-05:00,137.5500030517578,139.07000732421875,137.39239501953125,139.02000427246094
2024-12-30 12:30:00-05:00,139.02999877929688,140.27000427246094,138.89999389648438,139.5500030517578
2024-12-30 13:30:00-05:00,139.5399932861328,139.94000244140625,138.83999633789062,139.01100158691406
2024-12-30 14:30:00-05:00,139.02000427246094,139.5,138.57000732421875,138.5998992919922
2024-12-30 15:30:00-05:00,138.60000610351562,138.8249969482422,137.3800048828125,137.41000366210938
2024-12-31 09:30:00-05:00,138.0500030517578,138.07000732421875,135.6699981689453,137.47000122070312
2024-12-31 10:30:00-05:00,137.49000549316406,137.625,135.0800018310547,135.11000061035156
2024-12-31 11:30:00-05:00,135.10000610351562,136.1999969482422,134.92999267578125,135.0500030517578
2024-12-31 12:30:00-05:00,135.02999877929688,135.72239685058594,134.25599670410156,134.42999267578125
2024-12-31 13:30:00-05:00,134.4398956298828,134.8350067138672,133.83160400390625,134.1199951171875
2024-12-31 14:30:00-05:00,134.1199951171875,135.6199951171875,133.88999938964844,135.4615020751953
2024-12-31 15:30:00-05:00,135.4499969482422,135.5699005126953,134.0,134.2899932861328
2025-01-02 09:30:00-05:00,135.9550018310547,138.3699951171875,134.6300048828125,136.97999572753906
2025-01-02 10:30:00-05:00,136.97999572753906,138.07000732421875,136.41000366210938,137.92129516601562
2025-01-02 11:30:00-05:00,137.9199981689453,138.8800048828125,136.9114990234375,137.00999450683594
2025-01-02 12:30:00-05:00,137.0,137.00970458984375,135.16000366210938,136.36990356445312
2025-01-02 13:30:00-05:00,136.35499572753906,137.36000061035156,135.52999877929688,137.3022003173828
2025-01-02 14:30:00-05:00,137.2899932861328,138.0399932861328,136.64999389648438,137.9149932861328
2025-01-02 15:30:00-05:00,137.92999267578125,138.62600708007812,137.30999755859375,138.27999877929688
2025-01-03 09:30:00-05:00,140.02000427246094,144.2198944091797,139.77000427246094,143.11270141601562
2025-01-03 10:30:00-05:00,143.1199951171875,143.72000122070312,142.75289916992188,143.46009826660156
2025-01-03 11:30:00-05:00,143.47000122070312,144.1300048828125,143.1800994873047,143.6802978515625
2025-01-03 12:30:00-05:00,143.69000244140625,144.74000549316406,143.63999938964844,144.49530029296875
2025-01-03 13:30:00-05:00,144.5,144.89999389648438,143.82000732421875,144.37100219726562
2025-01-03 14:30:00-05:00,144.3699951171875,144.5500030517578,144.0399932861328,144.32000732421875
2025-01-03 15:30:00-05:00,144.3000030517578,144.72000122070312,144.05999755859375,144.58999633789062
2025-01-06 09:30:00-05:00,148.59249877929688,151.6999969482422,147.82009887695312,151.5312042236328
2025-01-06 10:30:00-05:00,151.52000427246094,152.156005859375,151.03500366210938,151.8887939453125
2025-01-06 11:30:00-05:00,151.8800048828125,151.91859436035156,150.88999938964844,151.3096923828125
2025-01-06 12:30:00-05:00,151.30189514160156,151.85000610351562,150.80999755859375,151.6750030517578
2025-01-06 13:30:00-05:00,151.66879272460938,151.83889770507812,149.66000366210938,150.2949981689453
2025-01-06 14:30:00-05:00,150.3000030517578,150.6199951171875,149.3699951171875,150.52499389648438
2025-01-06 15:30:00-05:00,150.52000427246094,150.8300018310547,148.2550048828125,149.51010131835938
2025-01-07 09:30:00-05:00,153.04800415039062,153.1300048828125,143.52999877929688,143.6580047607422
2025-01-07 10:30:00-05:00,143.64999389648438,143.85000610351562,140.44000244140625,142.76669311523438
2025-01-07 11:30:00-05:00,142.75999450683594,149.42999267578125,141.1199951171875,141.4290008544922
2025-01-07 12:30:00-05:00,141.42999267578125,143.4499969482422,141.30999755859375,143.11500549316406
2025-01-07 13:30:00-05:00,143.11000061035156,143.1699981689453,141.39999389648438,141.64010620117188
2025-01-07 14:30:00-05:00,141.64500427246094,141.66000366210938,140.44000244140625,140.60499572753906
2025-01-07 15:30:00-05:00,140.61000061035156,141.3000030517578,140.00999450683594,140.1199951171875
2025-01-08 09:30:00-05:00,142.66000366210938,143.9499969482422,139.4300994873047,140.58999633789062
2025-01-08 10:30:00-05:00,140.5800018310547,141.5,139.42999267578125,140.031005859375
2025-01-08 11:30:00-05:00,140.0399932861328,140.85000610351562,138.02999877929688,138.1298065185547
2025-01-08 12:30:00-05:00,138.13999938964844,140.85000610351562,137.88999938964844,140.6199951171875
2025-01-08 13:30:00-05:00,140.6199951171875,141.02000427246094,139.57000732421875,140.7100067138672
2025-01-08 14:30:00-05:00,140.6999969482422,140.6999969482422,139.70010375976562,139.9989013671875
2025-01-08 15:30:00-05:00,139.97999572753906,140.27000427246094,139.77999877929688,140.05999755859375
2025-01-10 09:30:00-05:00,137.3699951171875,137.6750030517578,134.22000122070312,136.15130615234375
2025-01-10 10:30:00-05:00,136.15899658203125,137.4199981689453,135.1199951171875,135.6199951171875
2025-01-10 11:30:00-05:00,135.61000061035156,136.1999969482422,135.0,136.1699981689453
2025-01-10 12:30:00-05:00,136.16000366210938,136.89500427246094,136.10000610351562,136.52999877929688
2025-01-10 13:30:00-05:00,136.52000427246094,137.10989379882812,135.77000427246094,136.24000549316406
2025-01-10 14:30:00-05:00,136.22999572753906,136.46670532226562,135.42140197753906,135.64999389648438
2025-01-10 15:30:00-05:00,135.63999938964844,136.1300048828125,135.4199981689453,135.86000061035156
2025-01-13 09:30:00-05:00,129.9949951171875,132.61000061035156,129.50999450683594,130.74989318847656
2025-01-13 10:30:00-05:00,130.72000122070312,133.11000061035156,130.72000122070312,131.63499450683594
2025-01-13 11:30:00-05:00,131.6300048828125,132.83999633789062,131.13999938964844,132.6300048828125
2025-01-13 12:30:00-05:00,132.6300048828125,132.91000366210938,131.9550018310547,132.51499938964844
2025-01-13 13:30:00-05:00,132.52000427246094,132.6300048828125,131.57000732421875,132.2949981689453
2025-01-13 14:30:00-05:00,132.29949951171875,132.639892578125,131.94000244140625,132.1907958984375
2025-01-13 15:30:00-05:00,132.1999969482422,133.49000549316406,132.16000366210938,133.24000549316406
2025-01-14 09:30:00-05:00,136.05999755859375,136.3800048828125,132.514404296875,132.55999755859375
2025-01-14 10:30:00-05:00,132.55999755859375,132.9503936767578,130.32000732421875,130.9810028076172
2025-01-14 11:30:00-05:00,130.99000549316406,131.24000549316406,130.4499969482422,131.1300048828125
2025-01-14 12:30:00-05:00,131.13499450683594,131.7899932861328,130.5800018310547,131.656005859375
2025-01-14 13:30:00-05:00,131.6558074951172,132.36000061035156,131.4600067138672,131.7050018310547
2025-01-14 14:30:00-05:00,131.70950317382812,132.0399932861328,130.0500030517578,130.79580688476562
2025-01-14 15:30:00-05:00,130.7949981689453,131.85000610351562,130.4600067138672,131.85000610351562
2025-01-15 09:30:00-05:00,133.6300048828125,134.5500030517578,131.2899932861328,134.1999969482422
2025-01-15 10:30:00-05:00,134.2100067138672,135.58999633789062,133.94000244140625,134.389892578125
2025-01-15 11:30:00-05:00,134.3800048828125,134.91000366210938,133.49000549316406,134.8813018798828
2025-01-15 12:30:00-05:00,134.88499450683594,135.74989318847656,134.86000061035156,135.5247039794922
2025-01-15 13:30:00-05:00,135.52870178222656,135.97000122070312,135.12010192871094,135.9398956298828
2025-01-15 14:30:00-05:00,135.9385986328125,136.24000549316406,135.25999450683594,136.06700134277344
2025-01-15 15:30:00-05:00,136.05999755859375,136.4250030517578,135.7100067138672,136.1999969482422
2025-01-16 09:30:00-05:00,138.6999969482422,138.6999969482422,136.29409790039062,137.1999969482422
2025-01-16 10:30:00-05:00,137.2050018310547,137.3800048828125,135.11000061035156,135.24000549316406
2025-01-16 11:30:00-05:00,135.25,135.61000061035156,134.11000061035156,135.56570434570312
2025-01-16 12:30:00-05:00,135.57000732421875,135.6699981689453,134.24000549316406,134.25999450683594
2025-01-16 13:30:00-05:00,134.25999450683594,135.29739379882812,133.5500030517578,135.125
2025-01-16 14:30:00-05:00,135.1300048828125,135.8686065673828,134.99000549316406,135.20010375976562
2025-01-16 15:30:00-05:00,135.2050018310547,135.35000610351562,133.5,133.55999755859375
2025-01-17 09:30:00-05:00,136.2100067138672,137.6291046142578,135.47000122070312,136.75
2025-01-17 10:30:00-05:00,136.75,138.24000549316406,136.7200927734375,138.1291961669922
2025-01-17 11:30:00-05:00,138.13499450683594,138.2200927734375,137.65379333496094,137.968505859375
2025-01-17 12:30:00-05:00,137.96499633789062,138.5,137.5800018310547,138.25999450683594
2025-01-17 13:30:00-05:00,138.25999450683594,138.30999755859375,137.47000122070312,138.08999633789062
2025-01-17 14:30:00-05:00,138.0800018310547,138.1649932861328,137.30999755859375,137.68499755859375
2025-01-17 15:30:00-05:00,137.67999267578125,138.10000610351562,137.52999877929688,137.72999572753906
2025-01-21 09:30:00-05:00,139.16000366210938,140.2100067138672,137.08999633789062,138.5166015625
2025-01-21 10:30:00-05:00,138.50999450683594,139.22000122070312,138.1300048828125,138.97999572753906
2025-01-21 11:30:00-05:00,138.9700927734375,139.49000549316406,138.3300018310547,139.33009338378906
2025-01-21 12:30:00-05:00,139.35000610351562,141.8300018310547,139.2899932861328,141.57960510253906
2025-01-21 13:30:00-05:00,141.5800018310547,141.75999450683594,140.76260375976562,141.27999877929688
2025-01-21 14:30:00-05:00,141.28750610351562,141.58999633789062,140.94000244140625,141.5800018310547
2025-01-21 15:30:00-05:00,141.5749969482422,141.72000122070312,140.5800018310547,140.8300018310547
2025-01-22 09:30:00-05:00,144.75,147.42999267578125,143.6699981689453,146.37890625
2025-01-22 10:30:00-05:00,146.375,147.17999267578125,145.5500030517578,146.0050048828125
2025-01-22 11:30:00-05:00,146.00990295410156,146.92990112304688,145.6999969482422,146.75929260253906
2025-01-22 12:30:00-05:00,146.75970458984375,147.10000610351562,146.3800048828125,146.60000610351562
2025-01-22 13:30:00-05:00,146.59500122070312,147.7100067138672,146.5399932861328,147.37010192871094
2025-01-22 14:30:00-05:00,147.3800048828125,147.7899932861328,147.02999877929688,147.05810546875
2025-01-22 15:30:00-05:00,147.05499267578125,147.4499969482422,146.6999969482422,147.0399932861328
2025-01-23 09:30:00-05:00,145.02000427246094,145.92999267578125,143.72000122070312,145.2899932861328
2025-01-23 10:30:00-05:00,145.29049682617188,146.2899932861328,145.0500030517578,145.71499633789062
2025-01-23 11:30:00-05:00,145.7100067138672,146.3199005126953,145.27999877929688,145.3800048828125
2025-01-23 12:30:00-05:00,145.38499450683594,146.11000061035156,144.97999572753906,145.90499877929688
2025-01-23 13:30:00-05:00,145.89999389648438,146.72000122070312,145.8800048828125,146.58990478515625
2025-01-23 14:30:00-05:00,146.58999633789062,146.86000061035156,146.0,146.47999572753906
2025-01-23 15:30:00-05:00,146.47500610351562,147.22999572753906,146.07000732421875,147.1999969482422
2025-01-24 09:30:00-05:00,148.3574981689453,148.97000122070312,145.75999450683594,146.0500030517578
2025-01-24 10:30:00-05:00,146.0399932861328,146.57000732421875,144.9199981689453,145.1999969482422
2025-01-24 11:30:00-05:00,145.19000244140625,145.39999389648438,144.13999938964844,144.43499755859375
2025-01-24 12:30:00-05:00,144.42999267578125,144.6154022216797,142.6199951171875,143.38999938964844
2025-01-24 13:30:00-05:00,143.38999938964844,143.57000732421875,141.94009399414062,142.3101043701172
2025-01-24 14:30:00-05:00,142.30999755859375,142.85000610351562,141.8800048828125,142.03500366210938
2025-01-24 15:30:00-05:00,142.02499389648438,142.83599853515625,141.89999389648438,142.60040283203125
2025-01-27 09:30:00-05:00,124.79000091552734,128.39999389648438,123.05000305175781,124.02999877929688
2025-01-27 10:30:00-05:00,124.0199966430664,124.95999908447266,119.0,119.1500015258789
2025-01-27 11:30:00-05:00,119.1449966430664,121.75,117.26000213623047,119.76000213623047
2025-01-27 12:30:00-05:00,119.7699966430664,121.0154037475586,117.80000305175781,117.875
2025-01-27 13:30:00-05:00,117.87090301513672,119.95999908447266,117.36000061035156,118.80500030517578
2025-01-27 14:30:00-05:00,118.80500030517578,119.47000122070312,116.69999694824219,117.77999877929688
2025-01-27 15:30:00-05:00,117.77999877929688,118.62999725341797,117.7750015258789,118.51000213623047
2025-01-28 09:30:00-05:00,121.80500030517578,122.0,116.25,121.7699966430664
2025-01-28 10:30:00-05:00,121.7699966430664,121.80999755859375,119.36000061035156,120.7699966430664
2025-01-28 11:30:00-05:00,120.77010345458984,126.63999938964844,120.66200256347656,126.0199966430664
2025-01-28 12:30:00-05:00,126.01499938964844,126.91999816894531,124.9177017211914,126.08999633789062
2025-01-28 13:30:00-05:00,126.08499908447266,127.4000015258789,125.45240020751953,126.7750015258789
2025-01-28 14:30:00-05:00,126.7699966430664,127.87000274658203,126.63999938964844,127.59010314941406
2025-01-28 15:30:00-05:00,127.58999633789062,129.0,126.9000015258789,128.9801025390625
2025-01-29 09:30:00-05:00,126.4800033569336,126.88999938964844,123.71499633789062,124.0
2025-01-29 10:30:00-05:00,123.98999786376953,124.3499984741211,121.72000122070312,122.98159790039062
2025-01-29 11:30:00-05:00,122.9800033569336,123.2300033569336,121.87999725341797,122.99839782714844
2025-01-29 12:30:00-05:00,122.99800109863281,123.48989868164062,120.05000305175781,121.58999633789062
2025-01-29 13:30:00-05:00,121.58999633789062,122.08999633789062,120.30000305175781,120.91000366210938
2025-01-29 14:30:00-05:00,120.91000366210938,123.3499984741211,120.55000305175781,123.1500015258789
2025-01-29 15:30:00-05:00,123.16999816894531,123.80999755859375,121.61000061035156,123.80999755859375
2025-01-30 09:30:00-05:00,123.08000183105469,124.1500015258789,119.44999694824219,119.56999969482422
2025-01-30 10:30:00-05:00,119.5813980102539,120.12999725341797,118.0999984741211,119.05470275878906
2025-01-30 11:30:00-05:00,119.05010223388672,120.88999938964844,118.44000244140625,119.29000091552734
2025-01-30 12:30:00-05:00,119.28500366210938,120.19999694824219,119.11000061035156,119.4749984741211
2025-01-30 13:30:00-05:00,119.4800033569336,121.56999969482422,119.37999725341797,121.45500183105469
2025-01-30 14:30:00-05:00,121.45429992675781,123.4800033569336,121.0,123.41500091552734
2025-01-30 15:30:00-05:00,123.41000366210938,125.0,121.93000030517578,124.91000366210938
2025-01-31 09:30:00-05:00,123.80999755859375,126.62999725341797,123.20999908447266,126.18599700927734
2025-01-31 10:30:00-05:00,126.18000030517578,127.8499984741211,125.75,126.75
2025-01-31 11:30:00-05:00,126.73999786376953,126.97000122070312,124.05999755859375,125.30999755859375
2025-01-31 12:30:00-05:00,125.31999969482422,125.95480346679688,124.11000061035156,124.16999816894531
2025-01-31 13:30:00-05:00,124.1511001586914,124.42759704589844,122.56999969482422,123.01000213623047
2025-01-31 14:30:00-05:00,123.0250015258789,123.12999725341797,119.88009643554688,120.10990142822266
2025-01-31 15:30:00-05:00,120.1050033569336,120.3499984741211,119.19000244140625,120.0
2025-02-03 09:30:00-05:00,114.70999908447266,116.38999938964844,113.01000213623047,115.76000213623047
2025-02-03 10:30:00-05:00,115.75,117.98999786376953,115.41999816894531,116.53700256347656
2025-02-03 11:30:00-05:00,116.54000091552734,117.4000015258789,115.8499984741211,115.88999938964844
2025-02-03 12:30:00-05:00,115.87999725341797,116.48999786376953,115.51000213623047,115.93990325927734
2025-02-03 13:30:00-05:00,115.94000244140625,118.56999969482422,115.9000015258789,117.6447982788086
2025-02-03 14:30:00-05:00,117.6449966430664,118.13140106201172,117.1500015258789,117.46990203857422
2025-02-03 15:30:00-05:00,117.47000122070312,117.93000030517578,116.01000213623047,116.66000366210938
2025-02-04 09:30:00-05:00,116.94000244140625,121.19999694824219,116.69999694824219,119.93000030517578
2025-02-04 10:30:00-05:00,119.94499969482422,120.36000061035156,119.27999877929688,120.11000061035156
2025-02-04 11:30:00-05:00,120.11000061035156,120.16999816894531,117.86000061035156,117.88999938964844
2025-02-04 12:30:00-05:00,117.88999938964844,119.33000183105469,117.85009765625,119.09010314941406
2025-02-04 13:30:00-05:00,119.08999633789062,119.81999969482422,119.0,119.30999755859375
2025-02-04 14:30:00-05:00,119.30999755859375,119.5999984741211,118.3499984741211,118.46499633789062
2025-02-04 15:30:00-05:00,118.46610260009766,118.95500183105469,118.08000183105469,118.68000030517578
2025-02-05 09:30:00-05:00,121.75250244140625,123.38999938964844,120.76000213623047,122.30999755859375
2025-02-05 10:30:00-05:00,122.31539916992188,123.5,122.02999877929688,123.22599792480469
2025-02-05 11:30:00-05:00,123.22000122070312,124.63999938964844,123.05000305175781,124.03500366210938
2025-02-05 12:30:00-05:00,124.04000091552734,124.2300033569336,122.9000015258789,123.23989868164062
2025-02-05 13:30:00-05:00,123.2300033569336,123.55000305175781,122.33000183105469,123.32499694824219
2025-02-05 14:30:00-05:00,123.33000183105469,124.5,123.19999694824219,124.44000244140625
2025-02-05 15:30:00-05:00,124.43000030517578,125.0,123.54499816894531,124.95500183105469
2025-02-06 09:30:00-05:00,127.41999816894531,127.5,125.20999908447266,126.22160339355469
2025-02-06 10:30:00-05:00,126.2300033569336,127.0,125.93000030517578,126.86000061035156
2025-02-06 11:30:00-05:00,126.86000061035156,128.24000549316406,126.5999984741211,127.73529815673828
2025-02-06 12:30:00-05:00,127.75,128.32000732421875,127.4000015258789,128.11000061035156
2025-02-06 13:30:00-05:00,128.10499572753906,128.44000244140625,127.4800033569336,127.6948013305664
2025-02-06 14:30:00-05:00,127.69999694824219,128.25,124.83000183105469,128.125
2025-02-06 15:30:00-05:00,128.1300048828125,128.75,127.92500305175781,128.68499755859375
2025-02-07 09:30:00-05:00,129.16000366210938,130.3699951171875,127.80000305175781,129.11000061035156
2025-02-07 10:30:00-05:00,129.10000610351562,129.89999389648438,128.22999572753906,128.6999969482422
2025-02-07 11:30:00-05:00,128.6999969482422,129.05960083007812,127.5999984741211,128.23500061035156
2025-02-07 12:30:00-05:00,128.22999572753906,129.64999389648438,128.02000427246094,129.2550048828125
2025-02-07 13:30:00-05:00,129.25990295410156,129.42999267578125,127.90879821777344,128.1300048828125
2025-02-07 14:30:00-05:00,128.13999938964844,129.08990478515625,127.97000122070312,128.94850158691406
2025-02-07 15:30:00-05:00,128.94500732421875,130.0,128.82000732421875,129.86000061035156
2025-02-10 09:30:00-05:00,130.0500030517578,134.78500366210938,129.97000122070312,134.41000366210938
2025-02-10 10:30:00-05:00,134.42999267578125,134.83999633789062,133.4499969482422,133.47500610351562
2025-02-10 11:30:00-05:00,133.50030517578125,134.1999969482422,132.99000549316406,134.0290069580078
2025-02-10 12:30:00-05:00,134.0260009765625,134.49000549316406,133.99000549316406,134.3300018310547
2025-02-10 13:30:00-05:00,134.3300018310547,134.69000244140625,134.11000061035156,134.51499938964844
2025-02-10 14:30:00-05:00,134.51210021972656,135.0,134.22000122070312,134.51930236816406
2025-02-10 15:30:00-05:00,134.50999450683594,134.6699981689453,133.38999938964844,133.50999450683594
2025-02-11 09:30:00-05:00,132.3699951171875,134.47999572753906,132.00999450683594,133.94500732421875
2025-02-11 10:30:00-05:00,133.94000244140625,134.3800048828125,133.64999389648438,133.9698944091797
2025-02-11 11:30:00-05:00,133.97000122070312,134.08999633789062,131.02000427246094,132.7100067138672
2025-02-11 12:30:00-05:00,132.72000122070312,132.8699951171875,131.91000366210938,132.83230590820312
2025-02-11 13:30:00-05:00,132.83999633789062,133.89999389648438,132.80999755859375,133.03500366210938
2025-02-11 14:30:00-05:00,133.02999877929688,133.74000549316406,132.97999572753906,133.45140075683594
2025-02-11 15:30:00-05:00,133.4550018310547,133.50990295410156,132.41000366210938,132.8699951171875
2025-02-12 09:30:00-05:00,130.00999450683594,132.24000549316406,129.0800018310547,131.32020568847656
2025-02-12 10:30:00-05:00,131.3300018310547,132.0,130.36000061035156,130.61990356445312
2025-02-12 11:30:00-05:00,130.61000061035156,132.0,130.61000061035156,131.5749969482422
2025-02-12 12:30:00-05:00,131.5749969482422,131.6199951171875,130.82119750976562,130.97500610351562
2025-02-12 13:30:00-05:00,130.97999572753906,131.1156005859375,130.19000244140625,130.6898956298828
2025-02-12 14:30:00-05:00,130.68499755859375,131.7050018310547,130.58999633789062,131.52499389648438
2025-02-12 15:30:00-05:00,131.50999450683594,131.61000061035156,130.97000122070312,131.07989501953125
2025-02-13 09:30:00-05:00,131.55499267578125,134.9499969482422,131.1699981689453,134.5500030517578
2025-02-13 10:30:00-05:00,134.5500030517578,136.5,134.54660034179688,135.71499633789062
2025-02-13 11:30:00-05:00,135.7100067138672,135.97999572753906,134.6300048828125,135.00999450683594
2025-02-13 12:30:00-05:00,135.0050048828125,135.57000732421875,133.4207000732422,134.52499389648438
2025-02-13 13:30:00-05:00,134.4949951171875,135.2899932861328,133.8300018310547,135.12030029296875
2025-02-13 14:30:00-05:00,135.125,135.5500030517578,134.97000122070312,135.36129760742188
2025-02-13 15:30:00-05:00,135.36000061035156,135.38999938964844,134.72999572753906,135.25
2025-02-14 09:30:00-05:00,136.41000366210938,138.1699981689453,135.5,138.00010681152344
2025-02-14 10:30:00-05:00,138.00999450683594,138.30999755859375,136.24000549316406,136.5800018310547
2025-02-14 11:30:00-05:00,136.58999633789062,137.0500030517578,136.00999450683594,136.74009704589844
2025-02-14 12:30:00-05:00,136.75,137.74000549316406,136.55999755859375,137.3376007080078
2025-02-14 13:30:00-05:00,137.3300018310547,137.99000549316406,137.0800018310547,137.82000732421875
2025-02-14 14:30:00-05:00,137.81500244140625,138.47999572753906,137.64999389648438,138.36509704589844
2025-02-14 15:30:00-05:00,138.3699951171875,139.1999969482422,138.35000610351562,138.86000061035156
2025-02-18 09:30:00-05:00,141.25,143.44000244140625,140.3000030517578,140.66000366210938
2025-02-18 10:30:00-05:00,140.6649932861328,141.22000122070312,138.97999572753906,141.19500732421875
2025-02-18 11:30:00-05:00,141.19000244140625,141.19000244140625,139.8549041748047,139.96499633789062
2025-02-18 12:30:00-05:00,139.96499633789062,140.6999969482422,139.9499969482422,140.15139770507812
2025-02-18 13:30:00-05:00,140.15499877929688,140.39999389648438,139.0919952392578,139.5749969482422
2025-02-18 14:30:00-05:00,139.5675048828125,140.16990661621094,139.42999267578125,139.54989624023438
2025-02-18 15:30:00-05:00,139.52999877929688,139.72000122070312,137.9250030517578,139.41000366210938
2025-02-19 09:30:00-05:00,139.50999450683594,140.0,137.22000122070312,139.3300018310547
2025-02-19 10:30:00-05:00,139.3350067138672,140.45509338378906,139.33189392089844,139.94830322265625
2025-02-19 11:30:00-05:00,139.94000244140625,140.11000061035156,139.49000549316406,139.81500244140625
2025-02-19 12:30:00-05:00,139.81500244140625,141.36000061035156,139.74000549316406,140.639892578125
2025-02-19 13:30:00-05:00,140.63999938964844,140.85000610351562,140.1199951171875,140.44509887695312
2025-02-19 14:30:00-05:00,140.44000244140625,140.84500122070312,139.02000427246094,139.31939697265625
2025-02-19 15:30:00-05:00,139.32000732421875,139.86000061035156,138.77239990234375,139.24000549316406
2025-02-20 09:30:00-05:00,140.1300048828125,140.52999877929688,136.79010009765625,138.62060546875
2025-02-20 10:30:00-05:00,138.61000061035156,139.07000732421875,137.11000061035156,138.3000030517578
2025-02-20 11:30:00-05:00,138.3000030517578,139.97000122070312,138.22999572753906,139.5800018310547
2025-02-20 12:30:00-05:00,139.560302734375,139.839599609375,139.08999633789062,139.49000549316406
2025-02-20 13:30:00-05:00,139.49000549316406,140.0,139.38499450683594,139.80490112304688
2025-02-20 14:30:00-05:00,139.7899932861328,140.32000732421875,139.3800048828125,139.89999389648438
2025-02-20 15:30:00-05:00,139.88999938964844,140.1999969482422,139.69000244140625,140.1199951171875
2025-02-21 09:30:00-05:00,140.0,141.4600067138672,138.9499969482422,139.22999572753906
2025-02-21 10:30:00-05:00,139.22999572753906,139.72000122070312,138.5500030517578,139.19920349121094
2025-02-21 11:30:00-05:00,139.19000244140625,139.8000030517578,138.3699951171875,138.99110412597656
2025-02-21 12:30:00-05:00,139.0,139.05999755859375,136.05999755859375,137.1699981689453
2025-02-21 13:30:00-05:00,137.1699981689453,138.06500244140625,135.34500122070312,135.39669799804688
2025-02-21 14:30:00-05:00,135.3800048828125,136.25999450683594,134.5800018310547,135.10000610351562
2025-02-21 15:30:00-05:00,135.10000610351562,135.1999969482422,134.0399932861328,134.27000427246094
2025-02-24 09:30:00-05:00,136.7550048828125,138.58999633789062,131.92999267578125,132.92999267578125
2025-02-24 10:30:00-05:00,132.9199981689453,134.2899932861328,130.61000061035156,134.0399932861328
2025-02-24 11:30:00-05:00,134.0399932861328,134.99000549316406,133.49000549316406,134.60000610351562
2025-02-24 12:30:00-05:00,134.60000610351562,134.88999938964844,134.19000244140625,134.6199951171875
2025-02-24 13:30:00-05:00,134.6300048828125,134.875,132.66000366210938,132.72000122070312
2025-02-24 14:30:00-05:00,132.71009826660156,133.14999389648438,131.9199981689453,132.57000732421875
2025-02-24 15:30:00-05:00,132.5800018310547,133.0800018310547,130.0897979736328,130.10000610351562
2025-02-25 09:30:00-05:00,129.9600067138672,130.1999969482422,124.44000244140625,125.33999633789062
2025-02-25 10:30:00-05:00,125.3499984741211,127.33999633789062,125.05000305175781,126.19000244140625
2025-02-25 11:30:00-05:00,126.19999694824219,128.5399932861328,125.75,128.52499389648438
2025-02-25 12:30:00-05:00,128.52870178222656,129.88999938964844,128.32009887695312,128.3699951171875
2025-02-25 13:30:00-05:00,128.3800048828125,129.0,127.04000091552734,127.2699966430664
2025-02-25 14:30:00-05:00,127.26000213623047,129.3800048828125,127.18000030517578,128.81500244140625
2025-02-25 15:30:00-05:00,128.82000732421875,128.8800048828125,126.19000244140625,126.62999725341797
2025-02-26 09:30:00-05:00,129.98500061035156,131.60980224609375,129.0500030517578,130.4499969482422
2025-02-26 10:30:00-05:00,130.47000122070312,133.72999572753906,130.4499969482422,132.4149932861328
2025-02-26 11:30:00-05:00,132.4149932861328,133.0,131.72000122070312,132.55679321289062
2025-02-26 12:30:00-05:00,132.57989501953125,132.74000549316406,130.35000610351562,130.3751983642578
2025-02-26 13:30:00-05:00,130.36000061035156,131.1199951171875,128.49000549316406,129.88999938964844
2025-02-26 14:30:00-05:00,129.8800048828125,130.8800048828125,128.9600067138672,130.74000549316406
2025-02-26 15:30:00-05:00,130.6999969482422,132.08999633789062,130.02000427246094,131.52000427246094
2025-02-27 09:30:00-05:00,135.0,135.0,125.27999877929688,127.4800033569336
2025-02-27 10:30:00-05:00,127.4800033569336,128.0699005126953,125.51000213623047,126.27999877929688
2025-02-27 11:30:00-05:00,126.29000091552734,127.41000366210938,125.6500015258789,127.08000183105469
2025-02-27 12:30:00-05:00,127.08000183105469,128.4499969482422,126.27999877929688,127.61000061035156
2025-02-27 13:30:00-05:00,127.61499786376953,127.91000366210938,123.69000244140625,123.74500274658203
2025-02-27 14:30:00-05:00,123.74500274658203,124.69000244140625,121.57140350341797,121.91000366210938
2025-02-27 15:30:00-05:00,121.90499877929688,122.55729675292969,120.01000213623047,120.01000213623047
2025-02-28 09:30:00-05:00,118.03500366210938,122.7750015258789,116.41000366210938,122.7300033569336
2025-02-28 10:30:00-05:00,122.73500061035156,123.69999694824219,121.41999816894531,121.55999755859375
2025-02-28 11:30:00-05:00,121.54000091552734,122.7699966430664,121.13999938964844,122.18099975585938
2025-02-28 12:30:00-05:00,122.19000244140625,122.27760314941406,118.84500122070312,120.57990264892578
2025-02-28 13:30:00-05:00,120.58760070800781,121.2300033569336,119.68000030517578,120.47000122070312
2025-02-28 14:30:00-05:00,120.46389770507812,122.2300033569336,120.29000091552734,121.88500213623047
2025-02-28 15:30:00-05:00,121.87999725341797,125.06999969482422,121.2699966430664,125.05000305175781
2025-03-03 09:30:00-05:00,123.50499725341797,123.69999694824219,118.30000305175781,119.51000213623047
2025-03-03 10:30:00-05:00,119.51499938964844,120.19999694824219,118.51000213623047,119.22000122070312
2025-03-03 11:30:00-05:00,119.23999786376953,119.5,118.25,118.41000366210938
2025-03-03 12:30:00-05:00,118.41000366210938,118.43000030517578,114.51000213623047,115.23999786376953
2025-03-03 13:30:00-05:00,115.24440002441406,117.2699966430664,115.04000091552734,116.04499816894531
2025-03-03 14:30:00-05:00,116.03009796142578,117.62000274658203,112.27999877929688,113.16999816894531
2025-03-03 15:30:00-05:00,113.16000366210938,114.19999694824219,112.5,114.01000213623047
2025-03-04 09:30:00-05:00,110.72000122070312,115.13999938964844,110.11000061035156,111.61000061035156
2025-03-04 10:30:00-05:00,111.5999984741211,113.30000305175781,110.9000015258789,111.83000183105469
2025-03-04 11:30:00-05:00,111.81999969482422,116.5999984741211,111.81999969482422,116.01020050048828
2025-03-04 12:30:00-05:00,116.01499938964844,117.58000183105469,115.0999984741211,116.19999694824219
2025-03-04 13:30:00-05:00,116.20999908447266,118.25,115.87999725341797,117.7698974609375
2025-03-04 14:30:00-05:00,117.76499938964844,119.30999755859375,117.04000091552734,118.88999938964844
2025-03-04 15:30:00-05:00,118.9000015258789,119.01499938964844,115.05000305175781,115.95999908447266
2025-03-05 09:30:00-05:00,117.5199966430664,118.0,114.63999938964844,115.97000122070312
2025-03-05 10:30:00-05:00,115.97000122070312,116.86000061035156,114.51000213623047,115.40989685058594
2025-03-05 11:30:00-05:00,115.4000015258789,116.81999969482422,114.5199966430664,116.56310272216797
2025-03-05 12:30:00-05:00,116.55999755859375,117.91000366210938,116.11000061035156,116.2699966430664
2025-03-05 13:30:00-05:00,116.30000305175781,118.2300033569336,115.81999969482422,117.10980224609375
2025-03-05 14:30:00-05:00,117.11000061035156,118.2780990600586,116.7300033569336,117.66000366210938
2025-03-05 15:30:00-05:00,117.625,118.20899963378906,117.16999816894531,117.29000091552734
2025-03-06 09:30:00-05:00,113.5,115.3499984741211,112.30000305175781,114.84439849853516
2025-03-06 10:30:00-05:00,114.83999633789062,115.33999633789062,113.56999969482422,114.05999755859375
2025-03-06 11:30:00-05:00,114.04000091552734,114.76000213623047,111.20999908447266,111.6355972290039
2025-03-06 12:30:00-05:00,111.63999938964844,112.29000091552734,110.94999694824219,111.53500366210938
2025-03-06 13:30:00-05:00,111.52999877929688,111.90499877929688,110.33999633789062,110.52999877929688
2025-03-06 14:30:00-05:00,110.5199966430664,112.22000122070312,110.22000122070312,111.09719848632812
2025-03-06 15:30:00-05:00,111.08999633789062,111.4999008178711,110.41000366210938,110.58000183105469
2025-03-07 09:30:00-05:00,111.18000030517578,113.4800033569336,110.7300033569336,111.04000091552734
2025-03-07 10:30:00-05:00,111.0199966430664,111.79000091552734,109.51190185546875,109.69999694824219
2025-03-07 11:30:00-05:00,109.70500183105469,110.0,107.55999755859375,109.00499725341797
2025-03-07 12:30:00-05:00,109.0,111.29000091552734,108.69999694824219,110.50890350341797
2025-03-07 13:30:00-05:00,110.52999877929688,112.51499938964844,110.33000183105469,112.25
2025-03-07 14:30:00-05:00,112.26000213623047,112.91999816894531,111.29499816894531,112.6050033569336
2025-03-07 15:30:00-05:00,112.5999984741211,113.0999984741211,111.03500366210938,112.7300033569336
2025-03-10 09:30:00-04:00,109.88999938964844,111.8499984741211,108.01000213623047,108.06439971923828
2025-03-10 10:30:00-04:00,108.06999969482422,108.27999877929688,106.18000030517578,107.658203125
2025-03-10 11:30:00-04:00,107.66010284423828,108.91999816894531,106.8499984741211,108.08499908447266
2025-03-10 12:30:00-04:00,108.08999633789062,108.8499984741211,106.51000213623047,107.06009674072266
2025-03-10 13:30:00-04:00,107.05500030517578,107.31999969482422,106.2300033569336,106.76000213623047
2025-03-10 14:30:00-04:00,106.76000213623047,107.4000015258789,105.45999908447266,106.64990234375
2025-03-10 15:30:00-04:00,106.6500015258789,107.91000366210938,106.29000091552734,107.0199966430664
2025-03-11 09:30:00-04:00,107.00499725341797,110.98999786376953,106.0999984741211,106.30999755859375
2025-03-11 10:30:00-04:00,106.30500030517578,109.44000244140625,104.7699966430664,108.8949966430664
2025-03-11 11:30:00-04:00,108.87999725341797,110.5999984741211,108.27999877929688,108.81999969482422
2025-03-11 12:30:00-04:00,108.80500030517578,109.4000015258789,107.4800033569336,107.55999755859375
2025-03-11 13:30:00-04:00,107.56500244140625,110.73999786376953,107.44999694824219,110.43000030517578
2025-03-11 14:30:00-04:00,110.44000244140625,112.23600006103516,109.9800033569336,110.80860137939453
2025-03-11 15:30:00-04:00,110.80999755859375,111.02989959716797,108.63999938964844,108.63999938964844
2025-03-12 09:30:00-04:00,114.12000274658203,116.76000213623047,113.87999725341797,114.65010070800781
2025-03-12 10:30:00-04:00,114.6500015258789,115.2291030883789,112.87999725341797,114.51000213623047
2025-03-12 11:30:00-04:00,114.51090240478516,116.1050033569336,114.36009979248047,115.83499908447266
2025-03-12 12:30:00-04:00,115.8499984741211,116.5999984741211,115.44000244140625,116.11499786376953
2025-03-12 13:30:00-04:00,116.11000061035156,116.26000213623047,114.30000305175781,115.55500030517578
2025-03-12 14:30:00-04:00,115.55999755859375,116.04000091552734,115.08000183105469,115.44999694824219
2025-03-12 15:30:00-04:00,115.43000030517578,115.97989654541016,114.9800033569336,115.73999786376953
2025-03-13 09:30:00-04:00,117.0199966430664,117.76000213623047,113.79000091552734,116.65499877929688
2025-03-13 10:30:00-04:00,116.65499877929688,117.25,115.61000061035156,116.08000183105469
2025-03-13 11:30:00-04:00,116.08000183105469,116.69999694824219,115.41000366210938,115.86090087890625
2025-03-13 12:30:00-04:00,115.8499984741211,116.80000305175781,114.44999694824219,115.26499938964844
2025-03-13 13:30:00-04:00,115.26499938964844,116.94999694824219,115.11019897460938,116.94999694824219
2025-03-13 14:30:00-04:00,116.94999694824219,117.7300033569336,115.88999938964844,116.00499725341797
2025-03-13 15:30:00-04:00,116.01000213623047,116.3499984741211,115.12000274658203,115.70999908447266
2025-03-14 09:30:00-04:00,118.62000274658203,120.56500244140625,118.1500015258789,119.52490234375
2025-03-14 10:30:00-04:00,119.52899932861328,121.19000244140625,119.5000991821289,120.93000030517578
2025-03-14 11:30:00-04:00,120.93000030517578,121.87999725341797,120.5,120.51499938964844
2025-03-14 12:30:00-04:00,120.51010131835938,121.28500366210938,120.36000061035156,120.54499816894531
2025-03-14 13:30:00-04:00,120.54000091552734,120.8593978881836,120.11000061035156,120.2750015258789
2025-03-14 14:30:00-04:00,120.27999877929688,121.06849670410156,120.25,120.58499908447266
2025-03-14 15:30:00-04:00,120.58999633789062,121.80000305175781,120.58000183105469,121.44999694824219
2025-03-17 09:30:00-04:00,122.73750305175781,122.88999938964844,119.5,119.53500366210938
2025-03-17 10:30:00-04:00,119.54000091552734,120.2699966430664,118.87999725341797,119.29499816894531
2025-03-17 11:30:00-04:00,119.30500030517578,119.70999908447266,118.27999877929688,118.36509704589844
2025-03-17 12:30:00-04:00,118.37000274658203,119.25,118.02999877929688,119.17489624023438
2025-03-17 13:30:00-04:00,119.17500305175781,120.56999969482422,119.0,120.5
2025-03-17 14:30:00-04:00,120.48999786376953,121.08000183105469,120.2300033569336,120.3644027709961
2025-03-17 15:30:00-04:00,120.36000061035156,120.46499633789062,119.41999816894531,119.4800033569336
2025-03-18 09:30:00-04:00,118.05000305175781,118.5199966430664,114.54000091552734,115.83999633789062
2025-03-18 10:30:00-04:00,115.83000183105469,116.95999908447266,115.4800033569336,116.75499725341797
2025-03-18 11:30:00-04:00,116.75499725341797,117.68000030517578,116.1801986694336,117.63999938964844
2025-03-18 12:30:00-04:00,117.63999938964844,119.0199966430664,116.94000244140625,117.15499877929688
2025-03-18 13:30:00-04:00,117.16999816894531,117.6500015258789,115.7406997680664,116.63870239257812
2025-03-18 14:30:00-04:00,116.63999938964844,117.58000183105469,115.97000122070312,116.13500213623047
2025-03-18 15:30:00-04:00,116.13999938964844,116.29000091552734,114.94999694824219,115.58000183105469
2025-03-19 09:30:00-04:00,117.30500030517578,118.16000366210938,115.68000030517578,116.98999786376953
2025-03-19 10:30:00-04:00,116.98570251464844,117.41999816894531,116.29499816894531,117.24500274658203
2025-03-19 11:30:00-04:00,117.24500274658203,118.0999984741211,117.0,118.0250015258789
2025-03-19 12:30:00-04:00,118.0199966430664,118.25,117.2699966430664,117.45860290527344
2025-03-19 13:30:00-04:00,117.45999908447266,119.26000213623047,117.33699798583984,118.53600311279297
2025-03-19 14:30:00-04:00,118.53099822998047,120.44499969482422,118.18000030517578,118.25
2025-03-19 15:30:00-04:00,118.26499938964844,119.08000183105469,117.38999938964844,117.5199966430664
2025-03-20 09:30:00-04:00,116.5250015258789,119.44000244140625,116.47000122070312,118.9000015258789
2025-03-20 10:30:00-04:00,118.91000366210938,119.90499877929688,118.68009948730469,119.63999938964844
2025-03-20 11:30:00-04:00,119.62000274658203,120.19999694824219,118.18990325927734,118.29000091552734
2025-03-20 12:30:00-04:00,118.30999755859375,118.7750015258789,117.81999969482422,117.88899993896484
2025-03-20 13:30:00-04:00,117.9000015258789,119.06999969482422,117.83999633789062,118.0791015625
2025-03-20 14:30:00-04:00,118.06500244140625,118.68000030517578,117.73999786376953,118.04499816894531
2025-03-20 15:30:00-04:00,118.05000305175781,118.91999816894531,118.05000305175781,118.47000122070312
2025-03-21 09:30:00-04:00,116.95800018310547,117.66999816894531,115.41999816894531,116.46939849853516
2025-03-21 10:30:00-04:00,116.47000122070312,117.05000305175781,116.0199966430664,116.29000091552734
2025-03-21 11:30:00-04:00,116.29499816894531,117.62999725341797,116.2699966430664,117.3499984741211
2025-03-21 12:30:00-04:00,117.3550033569336,117.98999786376953,116.97000122070312,117.06500244140625
2025-03-21 13:30:00-04:00,117.06500244140625,117.55999755859375,116.81999969482422,117.19110107421875
2025-03-21 14:30:00-04:00,117.19000244140625,117.41000366210938,116.68499755859375,116.78500366210938
2025-03-21 15:30:00-04:00,116.77999877929688,117.80000305175781,116.4000015258789,117.63500213623047
2025-03-24 09:30:00-04:00,119.88999938964844,121.06999969482422,119.33999633789062,120.4800033569336
2025-03-24 10:30:00-04:00,120.47000122070312,122.22000122070312,120.33000183105469,122.04000091552734
2025-03-24 11:30:00-04:00,122.04010009765625,122.22000122070312,121.3499984741211,121.75
2025-03-24 12:30:00-04:00,121.75499725341797,122.08000183105469,121.37999725341797,121.72879791259766
2025-03-24 13:30:00-04:00,121.7249984741211,121.9800033569336,121.55999755859375,121.81500244140625
2025-03-24 14:30:00-04:00,121.81500244140625,122.08000183105469,121.6500015258789,121.79499816894531
2025-03-24 15:30:00-04:00,121.79499816894531,122.00990295410156,121.2300033569336,121.2300033569336
2025-03-25 09:30:00-04:00,120.56749725341797,120.94000244140625,118.91999816894531,119.9800033569336
2025-03-25 10:30:00-04:00,119.9800033569336,120.44000244140625,119.44499969482422,120.2615966796875
2025-03-25 11:30:00-04:00,120.2699966430664,120.98999786376953,120.04000091552734,120.66020202636719
2025-03-25 12:30:00-04:00,120.66999816894531,121.41000366210938,120.16999816894531,120.23500061035156
2025-03-25 13:30:00-04:00,120.23999786376953,121.0199966430664,120.23670196533203,120.71510314941406
2025-03-25 14:30:00-04:00,120.72000122070312,120.94999694824219,120.51000213623047,120.69499969482422
2025-03-25 15:30:00-04:00,120.69499969482422,121.29000091552734,120.51000213623047,120.6449966430664
2025-03-26 09:30:00-04:00,118.75499725341797,118.83999633789062,114.45500183105469,115.11499786376953
2025-03-26 10:30:00-04:00,115.11499786376953,115.63999938964844,114.73999786376953,115.16500091552734
2025-03-26 11:30:00-04:00,115.16000366210938,115.4000015258789,113.56999969482422,114.03500366210938
2025-03-26 12:30:00-04:00,114.03500366210938,114.27999877929688,113.38999938964844,113.45999908447266
2025-03-26 13:30:00-04:00,113.46499633789062,113.79000091552734,112.70999908447266,113.6449966430664
2025-03-26 14:30:00-04:00,113.6500015258789,113.7699966430664,112.76499938964844,113.26499938964844
2025-03-26 15:30:00-04:00,113.26499938964844,114.1500015258789,113.18000030517578,113.69999694824219
2025-03-27 09:30:00-04:00,111.34500122070312,113.28739929199219,110.66999816894531,112.81500244140625
2025-03-27 10:30:00-04:00,112.80999755859375,114.44999694824219,112.6500015258789,113.55000305175781
2025-03-27 11:30:00-04:00,113.55000305175781,113.55999755859375,111.95999908447266,112.50499725341797
2025-03-27 12:30:00-04:00,112.5,112.79000091552734,111.6500015258789,111.69139862060547
2025-03-27 13:30:00-04:00,111.69000244140625,112.53500366210938,111.5199966430664,112.1449966430664
2025-03-27 14:30:00-04:00,112.12999725341797,112.97000122070312,111.94999694824219,112.66999816894531
2025-03-27 15:30:00-04:00,112.6636962890625,112.68499755859375,111.18000030517578,111.43000030517578
2025-03-28 09:30:00-04:00,111.48500061035156,112.87000274658203,109.26000213623047,109.27880096435547
2025-03-28 10:30:00-04:00,109.27999877929688,110.1500015258789,109.07990264892578,109.65499877929688
2025-03-28 11:30:00-04:00,109.65499877929688,110.18389892578125,109.0999984741211,109.58499908447266
2025-03-28 12:30:00-04:00,109.58000183105469,110.1449966430664,109.23999786376953,109.4749984741211
2025-03-28 13:30:00-04:00,109.48500061035156,110.41819763183594,109.36000061035156,110.01499938964844
2025-03-28 14:30:00-04:00,110.01100158691406,110.61000061035156,109.86000061035156,109.91000366210938
2025-03-28 15:30:00-04:00,109.91000366210938,110.02999877929688,109.4000015258789,109.63999938964844
2025-03-31 09:30:00-04:00,105.11000061035156,106.01000213623047,103.6500015258789,103.88999938964844
2025-03-31 10:30:00-04:00,103.8949966430664,105.52999877929688,103.8949966430664,105.1895980834961
2025-03-31 11:30:00-04:00,105.18000030517578,106.01000213623047,104.7699966430664,105.9800033569336
2025-03-31 12:30:00-04:00,105.9749984741211,106.25,105.30999755859375,105.72000122070312
2025-03-31 13:30:00-04:00,105.72889709472656,107.56999969482422,105.55999755859375,107.55010223388672
2025-03-31 14:30:00-04:00,107.55000305175781,108.13999938964844,107.12000274658203,107.23999786376953
2025-03-31 15:30:00-04:00,107.25,108.95999908447266,107.13009643554688,108.7699966430664
2025-04-01 09:30:00-04:00,108.53250122070312,109.09369659423828,106.47000122070312,107.12999725341797
2025-04-01 10:30:00-04:00,107.14350128173828,109.48999786376953,107.07499694824219,108.91089630126953
2025-04-01 11:30:00-04:00,108.91999816894531,109.92990112304688,108.58000183105469,109.4000015258789
2025-04-01 12:30:00-04:00,109.41000366210938,109.45500183105469,108.44999694824219,108.80120086669922
2025-04-01 13:30:00-04:00,108.80000305175781,109.2300033569336,107.41000366210938,107.71990203857422
2025-04-01 14:30:00-04:00,107.70999908447266,108.95999908447266,107.63999938964844,108.61129760742188
2025-04-01 15:30:00-04:00,108.61000061035156,110.19999694824219,108.55999755859375,110.1500015258789
2025-04-02 09:30:00-04:00,107.30000305175781,109.72000122070312,106.79000091552734,108.99859619140625
2025-04-02 10:30:00-04:00,109.0,110.48999786376953,108.68000030517578,110.25
2025-04-02 11:30:00-04:00,110.23999786376953,111.15499877929688,109.61000061035156,111.15239715576172
2025-04-02 12:30:00-04:00,111.15129852294922,111.9800033569336,110.1500015258789,111.23500061035156
2025-04-02 13:30:00-04:00,111.22000122070312,111.25,109.31999969482422,109.32499694824219
2025-04-02 14:30:00-04:00,109.30000305175781,110.12999725341797,108.8499984741211,109.6500015258789
2025-04-02 15:30:00-04:00,109.6449966430664,110.76000213623047,109.38999938964844,110.37999725341797
2025-04-03 09:30:00-04:00,103.50499725341797,105.62999725341797,103.26219940185547,105.1500015258789
2025-04-03 10:30:00-04:00,105.1500015258789,105.4291000366211,102.01000213623047,102.96990203857422
2025-04-03 11:30:00-04:00,102.95500183105469,104.19000244140625,102.88500213623047,103.66100311279297
2025-04-03 12:30:00-04:00,103.66999816894531,103.87000274658203,102.75,103.0199966430664
2025-04-03 13:30:00-04:00,103.0198974609375,103.36000061035156,102.30000305175781,102.625
2025-04-03 14:30:00-04:00,102.62999725341797,104.0999984741211,102.53500366210938,102.66850280761719
2025-04-03 15:30:00-04:00,102.66999816894531,103.01000213623047,102.0,102.01000213623047
2025-04-04 09:30:00-04:00,98.94000244140625,100.12409973144531,94.55999755859375,94.60579681396484
2025-04-04 10:30:00-04:00,94.6050033569336,96.56999969482422,92.11000061035156,95.0999984741211
2025-04-04 11:30:00-04:00,95.0999984741211,95.8499984741211,93.62999725341797,93.82990264892578
2025-04-04 12:30:00-04:00,93.83000183105469,94.58000183105469,93.23999786376953,94.10009765625
2025-04-04 13:30:00-04:00,94.11000061035156,96.12989807128906,93.66500091552734,94.01000213623047
2025-04-04 14:30:00-04:00,94.0250015258789,95.55999755859375,93.26490020751953,95.16500091552734
2025-04-04 15:30:00-04:00,95.16999816894531,96.37999725341797,94.20999908447266,94.31999969482422
2025-04-07 09:30:00-04:00,87.52999877929688,101.73999786376953,86.62999725341797,93.61000061035156
2025-04-07 10:30:00-04:00,94.33000183105469,98.27999877929688,92.0199966430664,93.87999725341797
2025-04-07 11:30:00-04:00,93.86000061035156,97.56999969482422,93.86000061035156,95.87000274658203
2025-04-07 12:30:00-04:00,95.86000061035156,98.31999969482422,94.81199645996094,98.23290252685547
2025-04-07 13:30:00-04:00,98.20999908447266,99.69000244140625,97.17500305175781,97.41000366210938
2025-04-07 14:30:00-04:00,97.43070220947266,99.02999877929688,96.41999816894531,96.6500015258789
2025-04-07 15:30:00-04:00,96.66999816894531,98.37000274658203,96.2699966430664,97.70999908447266
2025-04-08 09:30:00-04:00,103.80500030517578,105.8499984741211,102.58999633789062,104.7300033569336
2025-04-08 10:30:00-04:00,104.72000122070312,105.2300033569336,102.0199966430664,102.05999755859375
2025-04-08 11:30:00-04:00,102.05999755859375,104.3656997680664,100.94999694824219,101.58499908447266
2025-04-08 12:30:00-04:00,101.58000183105469,101.81999969482422,98.69999694824219,98.77999877929688
2025-04-08 13:30:00-04:00,98.75499725341797,101.0,98.58000183105469,99.42990112304688
2025-04-08 14:30:00-04:00,99.42829895019531,101.0,95.2699966430664,96.31999969482422
2025-04-08 15:30:00-04:00,96.30999755859375,96.75,94.45999908447266,96.70999908447266
2025-04-09 09:30:00-04:00,98.87999725341797,101.18000030517578,97.53009796142578,99.97940063476562
2025-04-09 10:30:00-04:00,99.97000122070312,100.87000274658203,97.73999786376953,99.1688003540039
2025-04-09 11:30:00-04:00,99.16999816894531,99.70999908447266,98.0,99.44000244140625
2025-04-09 12:30:00-04:00,99.44000244140625,109.8499984741211,99.1500015258789,106.47000122070312
2025-04-09 13:30:00-04:00,106.47000122070312,112.98999786376953,101.56999969482422,112.02999877929688
2025-04-09 14:30:00-04:00,112.02999877929688,113.30000305175781,110.0999984741211,112.79000091552734
2025-04-09 15:30:00-04:00,112.79759979248047,115.0999984741211,112.7750015258789,114.25
2025-04-10 09:30:00-04:00,109.31999969482422,110.02999877929688,106.94000244140625,109.08000183105469
2025-04-10 10:30:00-04:00,109.05000305175781,110.86000061035156,107.88999938964844,107.8949966430664
2025-04-10 11:30:00-04:00,107.89129638671875,108.26799774169922,103.01000213623047,104.05000305175781
2025-04-10 12:30:00-04:00,104.02999877929688,108.37000274658203,103.94000244140625,106.47000122070312
2025-04-10 13:30:00-04:00,106.44999694824219,108.56999969482422,106.05000305175781,108.44400024414062
2025-04-10 14:30:00-04:00,108.44999694824219,108.9386978149414,106.41000366210938,106.44000244140625
2025-04-10 15:30:00-04:00,106.44000244140625,108.05999755859375,105.5,107.69999694824219
2025-04-11 09:30:00-04:00,108.58999633789062,110.69000244140625,107.55999755859375,107.69999694824219
2025-04-11 10:30:00-04:00,107.70999908447266,109.83499908447266,107.4800033569336,108.63999938964844
2025-04-11 11:30:00-04:00,108.6500015258789,109.98999786376953,108.43000030517578,109.44000244140625
2025-04-11 12:30:00-04:00,109.47000122070312,111.05999755859375,109.43000030517578,109.73999786376953
2025-04-11 13:30:00-04:00,109.73999786376953,111.54989624023438,109.29010009765625,110.3499984741211
2025-04-11 14:30:00-04:00,110.36000061035156,110.5199966430664,109.58000183105469,110.11000061035156
2025-04-11 15:30:00-04:00,110.1050033569336,111.0,109.83000183105469,110.69000244140625
2025-04-14 09:30:00-04:00,114.13999938964844,114.29000091552734,111.38009643554688,112.56700134277344
2025-04-14 10:30:00-04:00,112.56500244140625,112.98999786376953,111.30000305175781,111.33350372314453
2025-04-14 11:30:00-04:00,111.3499984741211,111.66000366210938,109.06999969482422,110.02999877929688
2025-04-14 12:30:00-04:00,110.02999877929688,111.19000244140625,109.93499755859375,110.44000244140625
2025-04-14 13:30:00-04:00,110.43000030517578,111.36000061035156,109.77999877929688,111.19999694824219
2025-04-14 14:30:00-04:00,111.19110107421875,111.87999725341797,111.0999984741211,111.3499984741211
2025-04-14 15:30:00-04:00,111.36000061035156,111.79000091552734,110.63999938964844,110.69999694824219
2025-04-15 09:30:00-04:00,110.97000122070312,112.76000213623047,110.5,111.01499938964844
2025-04-15 10:30:00-04:00,111.04000091552734,112.48999786376953,111.0,112.02999877929688
2025-04-15 11:30:00-04:00,112.03500366210938,113.61499786376953,111.79000091552734,113.26499938964844
2025-04-15 12:30:00-04:00,113.2699966430664,113.4000015258789,111.7301025390625,111.84010314941406
2025-04-15 13:30:00-04:00,111.83499908447266,112.63999938964844,111.7699966430664,112.12000274658203
2025-04-15 14:30:00-04:00,112.11499786376953,112.72000122070312,111.99500274658203,112.21009826660156
2025-04-15 15:30:00-04:00,112.21499633789062,112.3499984741211,111.94999694824219,112.0999984741211
2025-04-16 09:30:00-04:00,104.55000305175781,106.79000091552734,104.3499984741211,105.5199966430664
2025-04-16 10:30:00-04:00,105.5250015258789,105.58470153808594,103.80000305175781,105.17510223388672
2025-04-16 11:30:00-04:00,105.18000030517578,105.25,103.58000183105469,103.91500091552734
2025-04-16 12:30:00-04:00,103.91500091552734,104.16000366210938,103.1500015258789,103.93499755859375
2025-04-16 13:30:00-04:00,103.94000244140625,103.9800033569336,101.74120330810547,102.18499755859375
2025-04-16 14:30:00-04:00,102.18499755859375,102.25499725341797,100.44999694824219,101.00499725341797
2025-04-16 15:30:00-04:00,101.01000213623047,104.55000305175781,101.01000213623047,104.5
2025-04-17 09:30:00-04:00,104.42500305175781,104.47000122070312,100.4800033569336,100.49500274658203
2025-04-17 10:30:00-04:00,100.49569702148438,101.33000183105469,100.05000305175781,100.39820098876953
2025-04-17 11:30:00-04:00,100.3949966430664,101.4000015258789,100.16000366210938,101.23500061035156
2025-04-17 12:30:00-04:00,101.23509979248047,101.83999633789062,100.75170135498047,100.8311996459961
2025-04-17 13:30:00-04:00,100.83999633789062,102.37999725341797,100.79000091552734,102.15630340576172
2025-04-17 14:30:00-04:00,102.16000366210938,102.48999786376953,101.0199966430664,101.21499633789062
2025-04-17 15:30:00-04:00,101.20999908447266,101.69999694824219,100.8499984741211,101.41000366210938
2025-04-21 09:30:00-04:00,98.73500061035156,99.43000030517578,95.56999969482422,95.83499908447266
2025-04-21 10:30:00-04:00,95.83499908447266,96.56999969482422,95.6500015258789,95.88999938964844
2025-04-21 11:30:00-04:00,95.88999938964844,96.27999877929688,95.73999786376953,95.80000305175781
2025-04-21 12:30:00-04:00,95.80000305175781,96.38999938964844,95.1500015258789,95.36859893798828
2025-04-21 13:30:00-04:00,95.36000061035156,95.68000030517578,95.04000091552734,95.58999633789062
2025-04-21 14:30:00-04:00,95.58999633789062,95.86000061035156,95.1500015258789,95.5999984741211
2025-04-21 15:30:00-04:00,95.5999984741211,97.19999694824219,95.5999984741211,96.80000305175781
2025-04-22 09:30:00-04:00,98.76499938964844,99.37999725341797,97.36000061035156,99.0199966430664
2025-04-22 10:30:00-04:00,99.0199966430664,99.33999633789062,98.35009765625,98.8949966430664
2025-04-22 11:30:00-04:00,98.89640045166016,99.81099700927734,98.30000305175781,99.6500015258789
2025-04-22 12:30:00-04:00,99.65499877929688,99.7699966430664,97.95999908447266,98.1050033569336
2025-04-22 13:30:00-04:00,98.0999984741211,98.55999755859375,97.56999969482422,98.48500061035156
2025-04-22 14:30:00-04:00,98.49579620361328,98.83000183105469,97.5999984741211,97.70500183105469
2025-04-22 15:30:00-04:00,97.69999694824219,99.0,97.27999877929688,98.87999725341797
2025-04-23 09:30:00-04:00,104.52010345458984,104.80000305175781,102.58000183105469,104.18499755859375
2025-04-23 10:30:00-04:00,104.18499755859375,104.73999786376953,102.94000244140625,103.13700103759766
2025-04-23 11:30:00-04:00,103.1500015258789,103.47000122070312,102.62000274658203,103.36000061035156
2025-04-23 12:30:00-04:00,103.3550033569336,104.33000183105469,103.11000061035156,103.95999908447266
2025-04-23 13:30:00-04:00,103.97000122070312,104.23999786376953,103.55999755859375,103.71499633789062
2025-04-23 14:30:00-04:00,103.71499633789062,103.91999816894531,102.31999969482422,102.41999816894531
2025-04-23 15:30:00-04:00,102.41999816894531,102.87000274658203,102.0199966430664,102.53500366210938
2025-04-24 09:30:00-04:00,103.4749984741211,105.38500213623047,103.11000061035156,105.36869812011719
2025-04-24 10:30:00-04:00,105.36499786376953,105.9800033569336,104.7300033569336,105.34500122070312
2025-04-24 11:30:00-04:00,105.3499984741211,105.87999725341797,105.03790283203125,105.7489013671875
2025-04-24 12:30:00-04:00,105.73999786376953,106.37999725341797,105.66999816894531,106.29499816894531
2025-04-24 13:30:00-04:00,106.29830169677734,106.45999908447266,105.86000061035156,106.33470153808594
2025-04-24 14:30:00-04:00,106.33000183105469,106.5,105.51010131835938,105.7249984741211
2025-04-24 15:30:00-04:00,105.7249984741211,106.54000091552734,105.66999816894531,106.37999725341797
2025-04-25 09:30:00-04:00,106.86000061035156,108.0999984741211,105.7300033569336,107.54100036621094
2025-04-25 10:30:00-04:00,107.55999755859375,108.9800033569336,107.30999755859375,108.66000366210938
2025-04-25 11:30:00-04:00,108.66000366210938,109.5199966430664,108.4800033569336,109.4749984741211
2025-04-25 12:30:00-04:00,109.4749984741211,111.91999816894531,109.4749984741211,111.87000274658203
2025-04-25 13:30:00-04:00,111.85990142822266,111.89949798583984,109.82119750976562,110.83499908447266
2025-04-25 14:30:00-04:00,110.83999633789062,111.44000244140625,110.5999984741211,110.73500061035156
2025-04-25 15:30:00-04:00,110.73999786376953,111.0,110.19999694824219,110.95999908447266
2025-04-28 09:30:00-04:00,109.69499969482422,110.36990356445312,107.86000061035156,108.52519989013672
2025-04-28 10:30:00-04:00,108.52999877929688,108.68000030517578,106.3843994140625,106.5999984741211
2025-04-28 11:30:00-04:00,106.6050033569336,107.52999877929688,106.54019927978516,106.5509033203125
2025-04-28 12:30:00-04:00,106.55999755859375,107.25499725341797,106.0199966430664,106.27999877929688
2025-04-28 13:30:00-04:00,106.27999877929688,107.4000015258789,106.16999816894531,107.30000305175781
2025-04-28 14:30:00-04:00,107.29499816894531,108.29000091552734,107.08000183105469,108.19000244140625
2025-04-28 15:30:00-04:00,108.18000030517578,108.8499984741211,108.12000274658203,108.63999938964844
2025-04-29 09:30:00-04:00,107.7300033569336,109.70999908447266,107.44000244140625,108.52999877929688
2025-04-29 10:30:00-04:00,108.54000091552734,109.0999984741211,108.37999725341797,108.80979919433594
2025-04-29 11:30:00-04:00,108.80999755859375,109.2699966430664,108.53500366210938,108.875
2025-04-29 12:30:00-04:00,108.87999725341797,109.08000183105469,108.22000122070312,108.73500061035156
2025-04-29 13:30:00-04:00,108.73999786376953,110.19989776611328,108.73999786376953,109.9801025390625
2025-04-29 14:30:00-04:00,109.98519897460938,110.08000183105469,108.82009887695312,109.4000015258789
2025-04-29 15:30:00-04:00,109.4000015258789,109.52999877929688,108.7699966430664,108.91999816894531
2025-04-30 09:30:00-04:00,104.47000122070312,106.12000274658203,104.08000183105469,105.98500061035156
2025-04-30 10:30:00-04:00,105.9800033569336,106.5250015258789,105.66999816894531,106.375
2025-04-30 11:30:00-04:00,106.375,106.90499877929688,105.87999725341797,106.05500030517578
2025-04-30 12:30:00-04:00,106.05999755859375,106.5,105.63999938964844,106.47000122070312
2025-04-30 13:30:00-04:00,106.47010040283203,107.7699966430664,106.37999725341797,107.19499969482422
2025-04-30 14:30:00-04:00,107.19000244140625,107.83499908447266,107.04000091552734,107.25499725341797
2025-04-30 15:30:00-04:00,107.25,108.87999725341797,107.04000091552734,108.7750015258789
2025-05-01 09:30:00-04:00,113.0999984741211,114.07980346679688,112.08000183105469,113.33000183105469
2025-05-01 10:30:00-04:00,113.31999969482422,114.94000244140625,113.13369750976562,114.32499694824219
2025-05-01 11:30:00-04:00,114.33000183105469,114.41999816894531,113.05000305175781,113.65180206298828
2025-05-01 12:30:00-04:00,113.6500015258789,113.87000274658203,112.86000061035156,113.5647964477539
2025-05-01 13:30:00-04:00,113.56999969482422,113.91999816894531,112.9000015258789,113.66999816894531
2025-05-01 14:30:00-04:00,113.66999816894531,113.75,112.87999725341797,113.0
2025-05-01 15:30:00-04:00,113.0,113.04000091552734,111.31999969482422,111.52999877929688
2025-05-02 09:30:00-04:00,114.18000030517578,115.17500305175781,113.37000274658203,113.90499877929688
2025-05-02 10:30:00-04:00,113.9000015258789,114.80000305175781,113.48999786376953,114.65010070800781
2025-05-02 11:30:00-04:00,114.66000366210938,115.25,114.55000305175781,114.74500274658203
2025-05-02 12:30:00-04:00,114.74500274658203,114.97989654541016,113.94999694824219,114.364501953125
2025-05-02 13:30:00-04:00,114.36499786376953,114.87999725341797,114.19000244140625,114.80000305175781
2025-05-02 14:30:00-04:00,114.80999755859375,115.02999877929688,114.22000122070312,114.47000122070312
2025-05-02 15:30:00-04:00,114.47000122070312,114.62999725341797,113.9000015258789,114.38999938964844
2025-05-05 09:30:00-04:00,112.90499877929688,114.37999725341797,112.7699966430664,113.24500274658203
2025-05-05 10:30:00-04:00,113.24700164794922,113.97000122070312,112.66000366210938,113.9198989868164
2025-05-05 11:30:00-04:00,113.91999816894531,114.12000274658203,113.4000015258789,113.78500366210938
2025-05-05 12:30:00-04:00,113.87999725341797,114.16000366210938,113.8499984741211,114.12999725341797
2025-05-05 13:30:00-04:00,114.13500213623047,114.52999877929688,114.0999984741211,114.37100219726562
2025-05-05 14:30:00-04:00,114.37000274658203,114.66000366210938,114.04000091552734,114.3740005493164
2025-05-05 15:30:00-04:00,114.36000061035156,114.62000274658203,113.66999816894531,113.80999755859375
2025-05-06 09:30:00-04:00,111.44499969482422,112.97000122070312,110.8219985961914,112.65499877929688
2025-05-06 10:30:00-04:00,112.6500015258789,113.25,112.58000183105469,113.06999969482422
2025-05-06 11:30:00-04:00,113.06500244140625,113.79000091552734,112.5999984741211,113.01789855957031
2025-05-06 12:30:00-04:00,113.01010131835938,113.4000015258789,112.61000061035156,112.91999816894531
2025-05-06 13:30:00-04:00,112.93000030517578,113.77999877929688,112.72000122070312,113.68000030517578
2025-05-06 14:30:00-04:00,113.66999816894531,114.30000305175781,113.55999755859375,114.2300033569336
2025-05-06 15:30:00-04:00,114.23139953613281,114.73999786376953,113.37999725341797,113.44499969482422
2025-05-07 09:30:00-04:00,113.04499816894531,113.6500015258789,112.61499786376953,113.48030090332031
2025-05-07 10:30:00-04:00,113.4800033569336,113.66999816894531,112.93009948730469,113.29499816894531
2025-05-07 11:30:00-04:00,113.29000091552734,114.22000122070312,113.2300033569336,113.67990112304688
2025-05-07 12:30:00-04:00,113.68000030517578,114.12999725341797,113.59490203857422,113.94499969482422
2025-05-07 13:30:00-04:00,113.94999694824219,114.0,112.28179931640625,113.0000991821289
2025-05-07 14:30:00-04:00,112.99500274658203,113.87999725341797,112.7699966430664,113.23500061035156
2025-05-07 15:30:00-04:00,113.2300033569336,117.68000030517578,113.19000244140625,117.0199966430664
2025-05-08 09:30:00-04:00,118.4800033569336,118.58999633789062,116.48999786376953,117.23999786376953
2025-05-08 10:30:00-04:00,117.2300033569336,117.59500122070312,115.8499984741211,117.26000213623047
2025-05-08 11:30:00-04:00,117.26000213623047,118.44999694824219,117.02999877929688,118.04989624023438
2025-05-08 12:30:00-04:00,118.04499816894531,118.24500274658203,117.7300033569336,117.90489959716797
2025-05-08 13:30:00-04:00,117.90499877929688,118.19100189208984,117.52999877929688,117.9749984741211
2025-05-08 14:30:00-04:00,117.97460174560547,118.68000030517578,117.86000061035156,118.54049682617188
2025-05-08 15:30:00-04:00,118.55000305175781,118.5999984741211,117.29499816894531,117.37000274658203
2025-05-09 09:30:00-04:00,117.34500122070312,118.2300033569336,115.8499984741211,116.13159942626953
2025-05-09 10:30:00-04:00,116.12999725341797,116.7699966430664,115.20999908447266,116.37750244140625
2025-05-09 11:30:00-04:00,116.37999725341797,116.7699966430664,115.9800033569336,116.28500366210938
2025-05-09 12:30:00-04:00,116.28019714355469,116.66999816894531,116.11000061035156,116.43000030517578
2025-05-09 13:30:00-04:00,116.42150115966797,116.91999816894531,116.2300033569336,116.58000183105469
2025-05-09 14:30:00-04:00,116.5802001953125,116.80000305175781,116.47000122070312,116.7251968383789
2025-05-09 15:30:00-04:00,116.7249984741211,116.86499786376953,116.43000030517578,116.62069702148438
2025-05-12 09:30:00-04:00,121.94000244140625,122.81999969482422,120.47000122070312,120.86000061035156
2025-05-12 10:30:00-04:00,120.86000061035156,121.8499984741211,120.27999877929688,121.65139770507812
2025-05-12 11:30:00-04:00,121.65499877929688,122.72000122070312,121.44499969482422,122.37129974365234
2025-05-12 12:30:00-04:00,122.375,122.93000030517578,122.33000183105469,122.6614990234375
2025-05-12 13:30:00-04:00,122.66500091552734,122.94000244140625,122.47000122070312,122.73500061035156
2025-05-12 14:30:00-04:00,122.73500061035156,123.0,122.47000122070312,122.58499908447266
2025-05-12 15:30:00-04:00,122.58000183105469,123.0,122.07009887695312,122.98999786376953
2025-05-13 09:30:00-04:00,124.97000122070312,129.49989318847656,124.47000122070312,129.21499633789062
2025-05-13 10:30:00-04:00,129.22500610351562,130.8300018310547,128.9199981689453,129.8300018310547
2025-05-13 11:30:00-04:00,129.8350067138672,130.47999572753906,129.32000732421875,130.4600067138672
2025-05-13 12:30:00-04:00,130.4499969482422,130.99000549316406,130.08999633789062,130.8350067138672
2025-05-13 13:30:00-04:00,130.8350067138672,131.21890258789062,129.86000061035156,130.44500732421875
2025-05-13 14:30:00-04:00,130.4499969482422,130.6750030517578,129.72000122070312,130.21499633789062
2025-05-13 15:30:00-04:00,130.21499633789062,130.4499969482422,129.82000732421875,129.83999633789062
2025-05-14 09:30:00-04:00,133.1699981689453,134.86000061035156,131.67999267578125,132.66000366210938
2025-05-14 10:30:00-04:00,132.63999938964844,134.27999877929688,132.3699951171875,134.15499877929688
2025-05-14 11:30:00-04:00,134.15499877929688,135.11000061035156,133.9600067138672,134.97000122070312
2025-05-14 12:30:00-04:00,134.97830200195312,135.43499755859375,133.9600067138672,134.4600067138672
2025-05-14 13:30:00-04:00,134.46090698242188,135.14999389648438,134.22999572753906,134.55999755859375
2025-05-14 14:30:00-04:00,134.55499267578125,135.32000732421875,134.55149841308594,134.88999938964844
2025-05-14 15:30:00-04:00,134.88999938964844,135.39500427246094,134.25999450683594,135.34710693359375
2025-05-15 09:30:00-04:00,134.2949981689453,134.72000122070312,132.66000366210938,133.27000427246094
2025-05-15 10:30:00-04:00,133.3000030517578,134.49000549316406,132.84010314941406,134.38499450683594
2025-05-15 11:30:00-04:00,134.39999389648438,135.25,134.2100067138672,135.2165985107422
2025-05-15 12:30:00-04:00,135.21499633789062,136.3000030517578,135.10000610351562,136.22000122070312
2025-05-15 13:30:00-04:00,136.22000122070312,136.22000122070312,134.75999450683594,135.36000061035156
2025-05-15 14:30:00-04:00,135.36000061035156,135.58999633789062,133.58999633789062,133.73500061035156
2025-05-15 15:30:00-04:00,133.73500061035156,134.9499969482422,133.72999572753906,134.89999389648438
2025-05-16 09:30:00-04:00,136.25,136.30999755859375,135.02000427246094,135.4250030517578
2025-05-16 10:30:00-04:00,135.4250030517578,135.42999267578125,133.4600067138672,134.86500549316406
2025-05-16 11:30:00-04:00,134.86000061035156,135.3300018310547,134.57000732421875,134.7949981689453
2025-05-16 12:30:00-04:00,134.8000030517578,135.82989501953125,134.42999267578125,135.82179260253906
2025-05-16 13:30:00-04:00,135.82009887695312,136.25,134.95199584960938,135.03500366210938
2025-05-16 14:30:00-04:00,135.03500366210938,135.63999938964844,135.01499938964844,135.08030700683594
2025-05-16 15:30:00-04:00,135.0850067138672,135.4199981689453,134.875,135.32000732421875
2025-05-19 09:30:00-04:00,132.83999633789062,135.8699951171875,132.57000732421875,135.28500366210938
2025-05-19 10:30:00-04:00,135.2949981689453,135.39999389648438,134.27999877929688,134.9250030517578
2025-05-19 11:30:00-04:00,134.9199981689453,135.72000122070312,132.85000610351562,135.22500610351562
2025-05-19 12:30:00-04:00,135.22109985351562,135.6999969482422,134.69000244140625,135.27499389648438
2025-05-19 13:30:00-04:00,135.27999877929688,135.69000244140625,133.0,135.0850067138672
2025-05-19 14:30:00-04:00,135.0850067138672,135.47000122070312,134.99000549316406,135.1199951171875
2025-05-19 15:30:00-04:00,135.1199951171875,135.60000610351562,135.0800018310547,135.49000549316406
2025-05-20 09:30:00-04:00,134.2899932861328,134.5800018310547,132.6199951171875,132.9499969482422
2025-05-20 10:30:00-04:00,132.94000244140625,133.9199981689453,132.75,133.77499389648438
2025-05-20 11:30:00-04:00,133.77999877929688,134.25999450683594,133.63999938964844,134.0845947265625
2025-05-20 12:30:00-04:00,134.0850067138672,134.44000244140625,134.02999877929688,134.10499572753906
2025-05-20 13:30:00-04:00,134.10000610351562,134.24000549316406,133.3699951171875,133.4499969482422
2025-05-20 14:30:00-04:00,133.4499969482422,133.9199981689453,133.02999877929688,133.81500244140625
2025-05-20 15:30:00-04:00,133.82000732421875,134.4600067138672,133.8000030517578,134.3800048828125
2025-05-21 09:30:00-04:00,133.0449981689453,134.89999389648438,133.0,134.0850067138672
2025-05-21 10:30:00-04:00,134.08999633789062,135.97999572753906,133.77000427246094,135.87579345703125
2025-05-21 11:30:00-04:00,135.875,137.39999389648438,135.72000122070312,137.0850067138672
2025-05-21 12:30:00-04:00,137.0850067138672,137.39999389648438,133.11500549316406,133.21499633789062
2025-05-21 13:30:00-04:00,133.22999572753906,134.22000122070312,132.28469848632812,132.84500122070312
2025-05-21 14:30:00-04:00,132.84500122070312,133.44500732421875,130.58999633789062,131.07870483398438
2025-05-21 15:30:00-04:00,131.0800018310547,132.41000366210938,131.07000732421875,131.72999572753906
2025-05-22 09:30:00-04:00,132.17999267578125,133.9499969482422,131.55479431152344,133.0399932861328
2025-05-22 10:30:00-04:00,133.0399932861328,133.5,132.52999877929688,132.8800048828125
2025-05-22 11:30:00-04:00,132.8800048828125,133.85000610351562,132.5800018310547,133.39500427246094
2025-05-22 12:30:00-04:00,133.40499877929688,133.6699981689453,133.00999450683594,133.51100158691406
2025-05-22 13:30:00-04:00,133.51730346679688,133.72000122070312,133.11000061035156,133.3350067138672
2025-05-22 14:30:00-04:00,133.3302001953125,134.25,133.21499633789062,133.918701171875
2025-05-22 15:30:00-04:00,133.9199981689453,133.97000122070312,132.66000366210938,132.78990173339844
2025-05-23 09:30:00-04:00,129.99000549316406,131.19500732421875,129.1699981689453,130.52999877929688
2025-05-23 10:30:00-04:00,130.5500030517578,131.47999572753906,130.19000244140625,130.97999572753906
2025-05-23 11:30:00-04:00,130.9600067138672,131.2899932861328,130.6300048828125,131.00999450683594
2025-05-23 12:30:00-04:00,131.01109313964844,132.0989990234375,130.75,131.9499969482422
2025-05-23 13:30:00-04:00,131.94979858398438,132.67999267578125,131.4199981689453,132.13499450683594
2025-05-23 14:30:00-04:00,132.1300048828125,132.38999938964844,131.3000030517578,131.6239013671875
2025-05-23 15:30:00-04:00,131.625,132.0,131.13999938964844,131.30999755859375
2025-05-27 09:30:00-04:00,134.15249633789062,135.39999389648438,133.30999755859375,135.2917938232422
2025-05-27 10:30:00-04:00,135.3000030517578,135.55999755859375,134.94000244140625,135.2100067138672
2025-05-27 11:30:00-04:00,135.21499633789062,135.4499969482422,134.83999633789062,135.26199340820312
2025-05-27 12:30:00-04:00,135.26499938964844,135.66000366210938,135.17999267578125,135.60000610351562
2025-05-27 13:30:00-04:00,135.6011962890625,135.64999389648438,135.0449981689453,135.25160217285156
2025-05-27 14:30:00-04:00,135.2550048828125,135.4600067138672,135.00999450683594,135.13999938964844
2025-05-27 15:30:00-04:00,135.13999938964844,135.5,134.72000122070312,135.49000549316406
2025-05-28 09:30:00-04:00,136.0500030517578,136.3000030517578,135.0,135.26499938964844
2025-05-28 10:30:00-04:00,135.25999450683594,135.6300048828125,134.8000030517578,135.59190368652344
2025-05-28 11:30:00-04:00,135.59500122070312,136.10000610351562,135.47999572753906,135.9403076171875
2025-05-28 12:30:00-04:00,135.93499755859375,136.5,135.52000427246094,136.4499969482422
2025-05-28 13:30:00-04:00,136.4499969482422,137.25,136.24000549316406,136.6699981689453
2025-05-28 14:30:00-04:00,136.66000366210938,137.19000244140625,136.31500244140625,136.8300018310547
2025-05-28 15:30:00-04:00,136.8300018310547,136.8300018310547,134.7899932861328,134.8115997314453
2025-05-29 09:30:00-04:00,142.24000549316406,143.49000549316406,139.2899932861328,140.61929321289062
2025-05-29 10:30:00-04:00,140.61500549316406,141.94000244140625,140.17999267578125,141.66000366210938
2025-05-29 11:30:00-04:00,141.65499877929688,141.7100067138672,140.05499267578125,140.57020568847656
2025-05-29 12:30:00-04:00,140.57000732421875,141.0500030517578,139.67999267578125,139.875
2025-05-29 13:30:00-04:00,139.87010192871094,139.99000549316406,137.91000366210938,138.44419860839844
2025-05-29 14:30:00-04:00,138.44500732421875,139.42999267578125,138.44000244140625,138.91000366210938
2025-05-29 15:30:00-04:00,138.89999389648438,139.4600067138672,138.44000244140625,139.17999267578125
2025-05-30 09:30:00-04:00,138.72999572753906,139.61000061035156,135.8000030517578,137.36000061035156
2025-05-30 10:30:00-04:00,137.35000610351562,137.4499969482422,135.5449981689453,136.10499572753906
2025-05-30 11:30:00-04:00,136.10499572753906,136.22000122070312,133.38999938964844,133.58999633789062
2025-05-30 12:30:00-04:00,133.58999633789062,134.91000366210938,132.9199981689453,134.46229553222656
2025-05-30 13:30:00-04:00,134.4600067138672,135.10000610351562,133.7899932861328,134.77999877929688
2025-05-30 14:30:00-04:00,134.77999877929688,135.47000122070312,134.2100067138672,135.26499938964844
2025-05-30 15:30:00-04:00,135.27000427246094,135.74000549316406,134.4199981689453,134.83999633789062
2025-06-02 09:30:00-04:00,135.5399932861328,137.66000366210938,135.4199981689453,136.66009521484375
2025-06-02 10:30:00-04:00,136.66000366210938,137.17999267578125,136.0,136.45989990234375
2025-06-02 11:30:00-04:00,136.47000122070312,137.63999938964844,136.36000061035156,137.4075927734375
2025-06-02 12:30:00-04:00,137.38999938964844,137.73500061035156,137.05999755859375,137.57000732421875
2025-06-02 13:30:00-04:00,137.5601043701172,138.1199951171875,137.1199951171875,138.03140258789062
2025-06-02 14:30:00-04:00,138.0399932861328,138.0500030517578,137.50999450683594,137.625
2025-06-02 15:30:00-04:00,137.62669372558594,137.6999969482422,136.9600067138672,137.3699951171875
2025-06-03 09:30:00-04:00,138.77999877929688,141.5,137.9550018310547,141.3000030517578
2025-06-03 10:30:00-04:00,141.2917022705078,142.0,140.8800048828125,141.8199005126953
2025-06-03 11:30:00-04:00,141.80999755859375,141.9398956298828,140.32000732421875,141.56500244140625
2025-06-03 12:30:00-04:00,141.56820678710938,141.86000061035156,141.5500030517578,141.61500549316406
2025-06-03 13:30:00-04:00,141.6165008544922,141.6750030517578,140.25999450683594,141.15980529785156
2025-06-03 14:30:00-04:00,141.16000366210938,141.52999877929688,140.91000366210938,141.4499969482422
2025-06-03 15:30:00-04:00,141.44500732421875,141.47999572753906,141.0399932861328,141.27000427246094
2025-06-04 09:30:00-04:00,142.22000122070312,142.38999938964844,139.5449981689453,140.98500061035156
2025-06-04 10:30:00-04:00,140.98500061035156,141.5500030517578,140.7100067138672,141.3249969482422
2025-06-04 11:30:00-04:00,141.32000732421875,141.4199981689453,140.47999572753906,140.51010131835938
2025-06-04 12:30:00-04:00,140.50999450683594,140.97000122070312,140.35009765625,140.7899932861328
2025-06-04 13:30:00-04:00,140.7899932861328,141.6300048828125,140.66000366210938,141.61880493164062
2025-06-04 14:30:00-04:00,141.6199951171875,141.9600067138672,141.4217071533203,141.6699981689453
2025-06-04 15:30:00-04:00,141.6750030517578,141.97000122070312,141.38999938964844,141.83009338378906
2025-06-05 09:30:00-04:00,142.14999389648438,143.1999969482422,140.74000549316406,141.97830200195312
2025-06-05 10:30:00-04:00,141.97000122070312,143.25,141.0800018310547,143.0388946533203
2025-06-05 11:30:00-04:00,143.03179931640625,144.0,142.58990478515625,143.0050048828125
2025-06-05 12:30:00-04:00,143.0,143.0749969482422,140.77999877929688,141.57870483398438
2025-06-05 13:30:00-04:00,141.57350158691406,141.78990173339844,139.7899932861328,140.71499633789062
2025-06-05 14:30:00-04:00,140.71499633789062,141.125,138.8300018310547,139.59010314941406
2025-06-05 15:30:00-04:00,139.61000061035156,140.89999389648438,139.57069396972656,139.9499969482422
2025-06-06 09:30:00-04:00,142.53500366210938,143.27000427246094,141.50999450683594,141.64500427246094
2025-06-06 10:30:00-04:00,141.64500427246094,142.7899932861328,141.5800018310547,141.69500732421875
2025-06-06 11:30:00-04:00,141.89999389648438,142.8800048828125,141.66000366210938,142.25999450683594
2025-06-06 12:30:00-04:00,142.26499938964844,142.41000366210938,141.5399932861328,142.11500549316406
2025-06-06 13:30:00-04:00,142.11500549316406,142.72999572753906,142.02999877929688,142.36500549316406
2025-06-06 14:30:00-04:00,142.3614959716797,142.86000061035156,141.9600067138672,142.07179260253906
2025-06-06 15:30:00-04:00,142.07000732421875,142.11000061035156,141.63999938964844,141.69000244140625
2025-06-09 09:30:00-04:00,143.26499938964844,144.6999969482422,142.89999389648438,144.375
2025-06-09 10:30:00-04:00,144.375,145.0,143.0800018310547,143.1800994873047
2025-06-09 11:30:00-04:00,143.19000244140625,143.50010681152344,141.94000244140625,142.22500610351562
2025-06-09 12:30:00-04:00,142.22999572753906,143.04510498046875,142.16000366210938,142.77000427246094
2025-06-09 13:30:00-04:00,142.77499389648438,142.89999389648438,141.97000122070312,142.83990478515625
2025-06-09 14:30:00-04:00,142.8300018310547,143.02999877929688,142.52999877929688,142.77499389648438
2025-06-09 15:30:00-04:00,142.77000427246094,142.77999877929688,142.19000244140625,142.5500030517578
2025-06-10 09:30:00-04:00,142.6699981689453,143.07000732421875,141.80999755859375,142.8000030517578
2025-06-10 10:30:00-04:00,142.7949981689453,143.13980102539062,142.30999755859375,142.68699645996094
2025-06-10 11:30:00-04:00,142.67999267578125,143.14990234375,141.52499389648438,143.11500549316406
2025-06-10 12:30:00-04:00,143.1199951171875,143.28500366210938,142.64999389648438,142.65499877929688
2025-06-10 13:30:00-04:00,142.6501007080078,143.1300048828125,142.10499572753906,143.11990356445312
2025-06-10 14:30:00-04:00,143.1199951171875,144.2899932861328,142.88999938964844,144.0
2025-06-10 15:30:00-04:00,143.99000549316406,144.0,143.22999572753906,143.9499969482422
2025-06-11 09:30:00-04:00,144.61000061035156,144.99000549316406,143.02000427246094,144.477294921875
2025-06-11 10:30:00-04:00,144.48500061035156,144.6898956298828,143.42999267578125,144.1501007080078
2025-06-11 11:30:00-04:00,144.1199951171875,144.22999572753906,142.7729949951172,143.37989807128906
2025-06-11 12:30:00-04:00,143.3759002685547,143.85000610351562,143.0218048095703,143.7100067138672
2025-06-11 13:30:00-04:00,143.72500610351562,143.8000030517578,142.02000427246094,142.4716033935547
2025-06-11 14:30:00-04:00,142.47000122070312,142.9600067138672,141.8699951171875,142.39999389648438
2025-06-11 15:30:00-04:00,142.39500427246094,143.0,142.2899932861328,142.83999633789062
2025-06-12 09:30:00-04:00,141.97999572753906,144.17999267578125,141.8699951171875,144.06500244140625
2025-06-12 10:30:00-04:00,144.07000732421875,145.0,143.9949951171875,144.45120239257812
2025-06-12 11:30:00-04:00,144.44500732421875,144.72000122070312,143.97000122070312,144.4499969482422
2025-06-12 12:30:00-04:00,144.4550018310547,144.60000610351562,144.02999877929688,144.3300018310547
2025-06-12 13:30:00-04:00,144.3249969482422,144.8350067138672,144.32000732421875,144.47500610351562
2025-06-12 14:30:00-04:00,144.47500610351562,144.89999389648438,144.25,144.7550048828125
2025-06-12 15:30:00-04:00,144.75,145.0,144.5,145.0
2025-06-13 09:30:00-04:00,142.47999572753906,143.5800018310547,141.0749969482422,141.1999969482422
2025-06-13 10:30:00-04:00,141.1999969482422,142.94000244140625,141.0800018310547,142.91650390625
2025-06-13 11:30:00-04:00,142.9149932861328,143.3699951171875,142.8719024658203,143.0749969482422
2025-06-13 12:30:00-04:00,143.0800018310547,143.36000061035156,142.49000549316406,142.65499877929688
2025-06-13 13:30:00-04:00,142.65499877929688,142.8498992919922,141.56500244140625,141.60000610351562
2025-06-13 14:30:00-04:00,141.58999633789062,142.0800018310547,140.85499572753906,141.5050048828125
2025-06-13 15:30:00-04:00,141.5050048828125,142.0,141.4600067138672,141.9600067138672
2025-06-16 09:30:00-04:00,143.34500122070312,144.88999938964844,143.20010375976562,144.47999572753906
2025-06-16 10:30:00-04:00,144.47500610351562,146.1750030517578,144.02000427246094,145.4698028564453
2025-06-16 11:30:00-04:00,145.4600067138672,146.05999755859375,145.4019012451172,145.9550018310547
2025-06-16 12:30:00-04:00,145.96499633789062,146.0399932861328,145.360107421875,145.625
2025-06-16 13:30:00-04:00,145.625,145.6999969482422,145.02999877929688,145.22999572753906
2025-06-16 14:30:00-04:00,145.2216033935547,145.25999450683594,144.7100067138672,144.97000122070312
2025-06-16 15:30:00-04:00,144.97500610351562,145.0,144.27000427246094,144.6699981689453
2025-06-17 09:30:00-04:00,144.49000549316406,145.22000122070312,144.0200958251953,144.3986053466797
2025-06-17 10:30:00-04:00,144.38999938964844,144.9499969482422,144.24000549316406,144.50999450683594
2025-06-17 11:30:00-04:00,144.50999450683594,145.1649932861328,144.22000122070312,145.02000427246094
2025-06-17 12:30:00-04:00,145.02000427246094,145.125,144.25,144.8300018310547
2025-06-17 13:30:00-04:00,144.82000732421875,145.07000732421875,143.9600067138672,144.17999267578125
2025-06-17 14:30:00-04:00,144.19000244140625,144.5,143.77999877929688,144.27609252929688
2025-06-17 15:30:00-04:00,144.27499389648438,144.74000549316406,144.00999450683594,144.0399932861328
2025-06-18 09:30:00-04:00,144.0050048828125,145.3300018310547,143.1199951171875,145.22000122070312
2025-06-18 10:30:00-04:00,145.22000122070312,145.6199951171875,144.75999450683594,144.99000549316406
2025-06-18 11:30:00-04:00,145.0500030517578,145.60000610351562,144.91000366210938,145.27999877929688
2025-06-18 12:30:00-04:00,145.27420043945312,145.60000610351562,145.08999633789062,145.13499450683594
2025-06-18 13:30:00-04:00,145.13499450683594,145.5,144.7100067138672,145.0500030517578
2025-06-18 14:30:00-04:00,145.05999755859375,145.27999877929688,143.91000366210938,144.17990112304688
2025-06-18 15:30:00-04:00,144.1699981689453,145.60000610351562,144.0800018310547,145.47000122070312
2025-06-20 09:30:00-04:00,145.43499755859375,146.1999969482422,144.10000610351562,144.625
2025-06-20 10:30:00-04:00,144.6300048828125,145.02999877929688,142.64999389648438,143.89990234375
2025-06-20 11:30:00-04:00,143.8780059814453,144.47000122070312,143.67999267578125,143.9550018310547
2025-06-20 12:30:00-04:00,143.9550018310547,144.33999633789062,143.452392578125,143.48500061035156
2025-06-20 13:30:00-04:00,143.49000549316406,144.27999877929688,143.22000122070312,144.15499877929688
2025-06-20 14:30:00-04:00,144.15499877929688,144.32000732421875,143.57179260253906,143.78990173339844
2025-06-20 15:30:00-04:00,143.7899932861328,143.97999572753906,143.13999938964844,143.77999877929688
2025-06-23 09:30:00-04:00,142.47999572753906,144.3000030517578,142.32000732421875,143.6300048828125
2025-06-23 10:30:00-04:00,143.63999938964844,144.2100067138672,143.52999877929688,143.80999755859375
2025-06-23 11:30:00-04:00,143.69500732421875,144.0500030517578,142.85000610351562,142.92999267578125
2025-06-23 12:30:00-04:00,142.92999267578125,144.44000244140625,142.02999877929688,144.4058074951172
2025-06-23 13:30:00-04:00,144.40499877929688,144.74000549316406,143.8800048828125,143.90989685058594
2025-06-23 14:30:00-04:00,143.91000366210938,144.38999938964844,143.75,143.84500122070312
2025-06-23 15:30:00-04:00,143.83999633789062,144.3699951171875,143.66180419921875,144.1750030517578
2025-06-24 09:30:00-04:00,145.55999755859375,147.89999389648438,145.5,147.02000427246094
2025-06-24 10:30:00-04:00,147.02000427246094,147.42999267578125,146.8000030517578,146.90499877929688
2025-06-24 11:30:00-04:00,146.91000366210938,147.1999969482422,146.5500030517578,147.1649932861328
2025-06-24 12:30:00-04:00,147.1649932861328,147.4499969482422,147.0,147.19500732421875
2025-06-24 13:30:00-04:00,147.19000244140625,147.60000610351562,147.18499755859375,147.35009765625
2025-06-24 14:30:00-04:00,147.35499572753906,147.5399932861328,147.1699981689453,147.22850036621094
2025-06-24 15:30:00-04:00,147.22500610351562,147.9600067138672,147.18499755859375,147.8300018310547
2025-06-25 09:30:00-04:00,149.30999755859375,152.55999755859375,149.27999877929688,152.2050018310547
2025-06-25 10:30:00-04:00,152.2050018310547,153.0,151.52999877929688,152.0500030517578
2025-06-25 11:30:00-04:00,152.04299926757812,152.1999969482422,151.38999938964844,152.14129638671875
2025-06-25 12:30:00-04:00,152.14500427246094,153.92999267578125,151.97000122070312,153.89999389648438
2025-06-25 13:30:00-04:00,153.90589904785156,154.00999450683594,153.18020629882812,153.9322967529297
2025-06-25 14:30:00-04:00,153.94000244140625,154.4499969482422,153.36000061035156,153.75439453125
2025-06-25 15:30:00-04:00,153.75,154.41000366210938,153.33999633789062,154.30999755859375
2025-06-26 09:30:00-04:00,155.97500610351562,156.49000549316406,154.03500366210938,156.44859313964844
2025-06-26 10:30:00-04:00,156.44500732421875,156.71499633789062,154.7899932861328,154.95989990234375
2025-06-26 11:30:00-04:00,154.9499969482422,155.7299041748047,154.80999755859375,155.625
2025-06-26 12:30:00-04:00,155.625,156.17999267578125,155.11500549316406,156.02999877929688
2025-06-26 13:30:00-04:00,156.03990173339844,156.49000549316406,155.75999450683594,156.0850067138672
2025-06-26 14:30:00-04:00,156.0850067138672,156.08999633789062,155.42999267578125,155.46429443359375
2025-06-26 15:30:00-04:00,155.4600067138672,155.58999633789062,154.875,155.0800018310547
2025-06-27 09:30:00-04:00,156.0,157.44500732421875,155.25999450683594,157.42010498046875
2025-06-27 10:30:00-04:00,157.4250030517578,158.0,156.77999877929688,157.91009521484375
2025-06-27 11:30:00-04:00,157.9199981689453,158.7100067138672,157.2899932861328,157.69000244140625
2025-06-27 12:30:00-04:00,157.67849731445312,157.8000030517578,156.9600067138672,157.48500061035156
2025-06-27 13:30:00-04:00,157.49000549316406,157.5800018310547,156.27000427246094,156.30499267578125
2025-06-27 14:30:00-04:00,156.30499267578125,156.8300018310547,155.4600067138672,156.47000122070312
2025-06-27 15:30:00-04:00,156.47000122070312,157.85000610351562,156.45010375976562,157.75
2025-06-30 09:30:00-04:00,158.40499877929688,158.46240234375,155.9600067138672,157.10000610351562
2025-06-30 10:30:00-04:00,157.11000061035156,157.58999633789062,156.7550048828125,157.04989624023438
2025-06-30 11:30:00-04:00,157.0500030517578,158.27000427246094,156.9550018310547,157.7100067138672
2025-06-30 12:30:00-04:00,157.6999969482422,158.1699981689453,157.65499877929688,157.82550048828125
2025-06-30 13:30:00-04:00,157.8249969482422,158.11000061035156,157.5399932861328,157.57989501953125
2025-06-30 14:30:00-04:00,157.57000732421875,158.10000610351562,156.83999633789062,157.94500732421875
2025-06-30 15:30:00-04:00,157.94500732421875,158.66000366210938,157.8300018310547,157.8699951171875
2025-07-01 09:30:00-04:00,156.25999450683594,157.1999969482422,154.39010620117188,154.6300048828125
2025-07-01 10:30:00-04:00,154.63499450683594,154.83999633789062,151.49000549316406,152.88499450683594
2025-07-01 11:30:00-04:00,152.8800048828125,153.49000549316406,152.22000122070312,153.39500427246094
2025-07-01 12:30:00-04:00,153.39500427246094,154.97999572753906,153.310302734375,154.27499389648438
2025-07-01 13:30:00-04:00,154.27200317382812,154.8800048828125,154.00999450683594,154.35169982910156
2025-07-01 14:30:00-04:00,154.35000610351562,154.63999938964844,152.91009521484375,153.72999572753906
2025-07-01 15:30:00-04:00,153.72000122070312,154.1300048828125,153.2100067138672,153.27999877929688
2025-07-02 09:30:00-04:00,153.02999877929688,156.16000366210938,152.97999572753906,156.08140563964844
2025-07-02 10:30:00-04:00,156.0800018310547,157.60000610351562,155.89999389648438,156.36500549316406
2025-07-02 11:30:00-04:00,156.36500549316406,157.375,156.06019592285156,157.093505859375
2025-07-02 12:30:00-04:00,157.13499450683594,157.57000732421875,156.83999633789062,157.2053985595703
2025-07-02 13:30:00-04:00,157.2050018310547,157.30499267578125,156.7050018310547,156.9550018310547
2025-07-02 14:30:00-04:00,156.9499969482422,157.39439392089844,156.50999450683594,156.8874969482422
2025-07-02 15:30:00-04:00,156.88499450683594,157.42999267578125,156.8000030517578,157.24000549316406
2025-07-03 09:30:00-04:00,158.35000610351562,160.97999572753906,157.77000427246094,160.6300048828125
2025-07-03 10:30:00-04:00,160.63499450683594,160.82000732421875,159.17999267578125,159.80499267578125
2025-07-03 11:30:00-04:00,159.8000030517578,159.97000122070312,159.30999755859375,159.37969970703125
2025-07-07 09:30:00-04:00,158.1999969482422,159.30540466308594,158.02999877929688,158.30999755859375
2025-07-07 10:30:00-04:00,158.32000732421875,158.6199951171875,157.3419952392578,158.27999877929688
2025-07-07 11:30:00-04:00,158.25999450683594,158.6999969482422,157.6967010498047,158.22000122070312
2025-07-07 12:30:00-04:00,158.19500732421875,158.58990478515625,158.03500366210938,158.3188018798828
2025-07-07 13:30:00-04:00,158.3144989013672,158.77000427246094,157.72999572753906,157.8249969482422
2025-07-07 14:30:00-04:00,157.82000732421875,158.6300048828125,157.75,158.3000946044922
2025-07-07 15:30:00-04:00,158.30999755859375,158.60000610351562,158.0800018310547,158.24000549316406
2025-07-08 09:30:00-04:00,159.3300018310547,159.72999572753906,158.3916015625,159.07000732421875
2025-07-08 10:30:00-04:00,159.06649780273438,159.2899932861328,158.6699981689453,159.0800018310547
2025-07-08 11:30:00-04:00,159.0850067138672,159.8699951171875,158.92999267578125,159.72999572753906
2025-07-08 12:30:00-04:00,159.74000549316406,159.7899932861328,159.2799072265625,159.5850067138672
2025-07-08 13:30:00-04:00,159.5800018310547,160.22000122070312,159.25,159.5399932861328
2025-07-08 14:30:00-04:00,159.5500030517578,159.94000244140625,159.36500549316406,159.89500427246094
2025-07-08 15:30:00-04:00,159.89500427246094,160.0800018310547,159.6999969482422,160.00010681152344
2025-07-09 09:30:00-04:00,161.19000244140625,164.4199981689453,161.16000366210938,163.06869506835938
2025-07-09 10:30:00-04:00,163.06500244140625,163.4499969482422,162.44000244140625,163.35000610351562
2025-07-09 11:30:00-04:00,163.3450927734375,163.3800048828125,162.89999389648438,163.27000427246094
2025-07-09 12:30:00-04:00,163.27029418945312,163.3699951171875,162.52999877929688,162.56500244140625
2025-07-09 13:30:00-04:00,162.55999755859375,163.0384063720703,162.49000549316406,162.81500244140625
2025-07-09 14:30:00-04:00,162.81500244140625,163.2100067138672,162.5500030517578,162.85000610351562
2025-07-09 15:30:00-04:00,162.84500122070312,163.02000427246094,162.57009887695312,162.8300018310547
2025-07-10 09:30:00-04:00,164.36000061035156,164.3699951171875,161.88999938964844,162.41000366210938
2025-07-10 10:30:00-04:00,162.39999389648438,162.8000030517578,161.61000061035156,162.59669494628906
2025-07-10 11:30:00-04:00,162.59500122070312,163.32000732421875,162.57000732421875,163.2747039794922
2025-07-10 12:30:00-04:00,163.2799072265625,163.65989685058594,163.0,163.44769287109375
2025-07-10 13:30:00-04:00,163.44500732421875,164.49000549316406,163.38999938964844,163.72999572753906
2025-07-10 14:30:00-04:00,163.72500610351562,164.32000732421875,163.64999389648438,164.05999755859375
2025-07-10 15:30:00-04:00,164.05999755859375,164.27999877929688,163.8000030517578,164.10499572753906
2025-07-11 09:30:00-04:00,163.71499633789062,167.59500122070312,163.52000427246094,167.35989379882812
2025-07-11 10:30:00-04:00,167.375,167.88999938964844,166.11000061035156,166.4949951171875
2025-07-11 11:30:00-04:00,166.49000549316406,167.1199951171875,165.92999267578125,166.47869873046875
2025-07-11 12:30:00-04:00,166.47479248046875,166.69000244140625,165.99000549316406,166.1822967529297
2025-07-11 13:30:00-04:00,166.19000244140625,166.25,165.3699951171875,165.68150329589844
2025-07-11 14:30:00-04:00,165.67999267578125,166.08990478515625,164.8300018310547,165.09500122070312
2025-07-11 15:30:00-04:00,165.0998992919922,165.27000427246094,164.8699951171875,164.8800048828125
2025-07-14 09:30:00-04:00,165.4250030517578,165.49000549316406,162.02000427246094,163.72000122070312
2025-07-14 10:30:00-04:00,163.72500610351562,165.28500366210938,163.33999633789062,164.75469970703125
2025-07-14 11:30:00-04:00,164.75759887695312,165.25,164.58999633789062,164.97000122070312
2025-07-14 12:30:00-04:00,164.97500610351562,165.36000061035156,164.57000732421875,165.08009338378906
2025-07-14 13:30:00-04:00,165.0800018310547,165.22000122070312,164.69000244140625,164.82000732421875
2025-07-14 14:30:00-04:00,164.8000030517578,165.0399932861328,164.32000732421875,164.40330505371094
2025-07-14 15:30:00-04:00,164.40499877929688,164.52999877929688,164.0,164.07000732421875
2025-07-15 09:30:00-04:00,171.13999938964844,172.25100708007812,169.1981964111328,171.57839965820312
2025-07-15 10:30:00-04:00,171.57029724121094,172.39999389648438,170.6846923828125,171.38499450683594
2025-07-15 11:30:00-04:00,171.38999938964844,171.60499572753906,171.02999877929688,171.38499450683594
2025-07-15 12:30:00-04:00,171.3699951171875,171.5500030517578,170.36000061035156,170.52499389648438
2025-07-15 13:30:00-04:00,170.52999877929688,171.11000061035156,170.25,170.91180419921875
2025-07-15 14:30:00-04:00,170.9149932861328,170.9600067138672,169.94000244140625,170.1999053955078
2025-07-15 15:30:00-04:00,170.19500732421875,170.97999572753906,170.13999938964844,170.5500030517578
2025-07-16 09:30:00-04:00,171.0,171.75,169.61000061035156,169.96490478515625
2025-07-16 10:30:00-04:00,169.96499633789062,170.65499877929688,169.28770446777344,170.37860107421875
2025-07-16 11:30:00-04:00,170.39010620117188,170.68479919433594,168.89999389648438,170.39500427246094
2025-07-16 12:30:00-04:00,170.38499450683594,171.4199981689453,170.33009338378906,170.9022979736328
2025-07-16 13:30:00-04:00,170.91000366210938,171.095703125,170.6240997314453,171.0050048828125
2025-07-16 14:30:00-04:00,171.0050048828125,171.14999389648438,170.6750030517578,170.77999877929688
2025-07-16 15:30:00-04:00,170.77999877929688,171.4499053955078,170.75999450683594,171.33999633789062
2025-07-17 09:30:00-04:00,172.05999755859375,173.64019775390625,170.8300018310547,172.92999267578125
2025-07-17 10:30:00-04:00,172.92999267578125,173.34500122070312,172.63999938964844,173.11500549316406
2025-07-17 11:30:00-04:00,173.11000061035156,174.16000366210938,172.93499755859375,173.860107421875
2025-07-17 12:30:00-04:00,173.86500549316406,173.97999572753906,173.36000061035156,173.72000122070312
2025-07-17 13:30:00-04:00,173.71499633789062,173.9167022705078,173.0800018310547,173.2989959716797
2025-07-17 14:30:00-04:00,173.2899932861328,173.68850708007812,173.1750030517578,173.28500366210938
2025-07-17 15:30:00-04:00,173.28500366210938,173.50999450683594,173.00999450683594,173.1114044189453
2025-07-18 09:30:00-04:00,173.72999572753906,174.24000549316406,171.93499755859375,172.08999633789062
2025-07-18 10:30:00-04:00,172.08999633789062,172.74839782714844,171.25999450683594,172.16009521484375
2025-07-18 11:30:00-04:00,172.1699981689453,172.5800018310547,171.97999572753906,172.15469360351562
2025-07-18 12:30:00-04:00,172.16000366210938,172.75,171.8000030517578,172.64999389648438
2025-07-18 13:30:00-04:00,172.64520263671875,172.73500061035156,172.11500549316406,172.4149932861328
2025-07-18 14:30:00-04:00,172.4152069091797,172.4199981689453,171.88999938964844,172.07000732421875
2025-07-18 15:30:00-04:00,172.0800018310547,172.4250030517578,171.8249969482422,172.38999938964844
2025-07-21 09:30:00-04:00,172.73500061035156,173.3800048828125,171.67999267578125,173.08009338378906
2025-07-21 10:30:00-04:00,173.0850067138672,173.1649932861328,172.4499969482422,172.6981964111328
2025-07-21 11:30:00-04:00,172.69009399414062,172.82000732421875,171.4499969482422,172.02940368652344
2025-07-21 12:30:00-04:00,172.02999877929688,172.6199951171875,171.99000549316406,172.55479431152344
2025-07-21 13:30:00-04:00,172.55819702148438,172.80999755859375,172.47000122070312,172.70480346679688
2025-07-21 14:30:00-04:00,172.6999969482422,172.72999572753906,171.86000061035156,171.9600067138672
2025-07-21 15:30:00-04:00,171.9600067138672,172.14999389648438,171.05999755859375,171.4600067138672
2025-07-22 09:30:00-04:00,171.22000122070312,171.35000610351562,164.5800018310547,166.0847930908203
2025-07-22 10:30:00-04:00,166.0800018310547,168.1999969482422,166.0800018310547,167.86000061035156
2025-07-22 11:30:00-04:00,167.86000061035156,168.63999938964844,167.49000549316406,167.5509033203125
2025-07-22 12:30:00-04:00,167.5500030517578,168.3699951171875,167.35000610351562,168.26499938964844
2025-07-22 13:30:00-04:00,168.25999450683594,168.4199981689453,167.360107421875,167.90029907226562
2025-07-22 14:30:00-04:00,167.89999389648438,168.16000366210938,167.72999572753906,167.88499450683594
2025-07-22 15:30:00-04:00,167.8800048828125,168.0,166.75999450683594,167.00999450683594
2025-07-23 09:30:00-04:00,169.52000427246094,170.39999389648438,167.97000122070312,169.1300048828125
2025-07-23 10:30:00-04:00,169.1300048828125,169.8000030517578,168.47000122070312,169.52330017089844
2025-07-23 11:30:00-04:00,169.5050048828125,169.8800048828125,168.52999877929688,168.6199951171875
2025-07-23 12:30:00-04:00,168.6199951171875,169.27999877929688,168.55999755859375,169.03500366210938
2025-07-23 13:30:00-04:00,169.03990173339844,171.25999450683594,168.97999572753906,170.65750122070312
2025-07-23 14:30:00-04:00,170.65130615234375,171.05999755859375,170.4600067138672,170.7100067138672
2025-07-23 15:30:00-04:00,170.6999969482422,170.86000061035156,170.1707000732422,170.8300018310547
2025-07-24 09:30:00-04:00,172.4499969482422,173.4499969482422,171.3000030517578,172.08999633789062
2025-07-24 10:30:00-04:00,172.08999633789062,173.1999053955078,171.99000549316406,172.67849731445312
2025-07-24 11:30:00-04:00,172.69189453125,173.08999633789062,172.39999389648438,172.94500732421875
2025-07-24 12:30:00-04:00,172.94000244140625,173.67999267578125,172.77000427246094,173.43240356445312
2025-07-24 13:30:00-04:00,173.42999267578125,173.8300018310547,173.22000122070312,173.4550018310547
2025-07-24 14:30:00-04:00,173.4550018310547,173.75999450683594,173.25999450683594,173.6501007080078
2025-07-24 15:30:00-04:00,173.66000366210938,173.82000732421875,173.31500244140625,173.77999877929688
2025-07-25 09:30:00-04:00,173.61500549316406,174.72000122070312,172.96499633789062,174.46189880371094
2025-07-25 10:30:00-04:00,174.46820068359375,174.67999267578125,173.63999938964844,174.06809997558594
2025-07-25 11:30:00-04:00,174.07000732421875,174.52999877929688,173.75,174.3800048828125
2025-07-25 12:30:00-04:00,174.38999938964844,174.5,173.8300018310547,173.8843994140625
2025-07-25 13:30:00-04:00,173.88499450683594,173.97000122070312,173.00999450683594,173.64999389648438
2025-07-25 14:30:00-04:00,173.64999389648438,174.05999755859375,173.41000366210938,173.7949981689453
2025-07-25 15:30:00-04:00,173.7899932861328,173.99000549316406,173.25,173.49000549316406
2025-07-28 09:30:00-04:00,174.02000427246094,175.57000732421875,173.97000122070312,174.9250030517578
2025-07-28 10:30:00-04:00,174.9199981689453,175.25999450683594,174.2550048828125,174.92999267578125
2025-07-28 11:30:00-04:00,174.9250030517578,175.13999938964844,174.67999267578125,175.0299072265625
2025-07-28 12:30:00-04:00,175.02020263671875,175.27999877929688,174.6999969482422,175.2100067138672
2025-07-28 13:30:00-04:00,175.1999969482422,175.69509887695312,175.19869995117188,175.47500610351562
2025-07-28 14:30:00-04:00,175.47999572753906,176.27499389648438,175.2100067138672,176.15499877929688
2025-07-28 15:30:00-04:00,176.16000366210938,176.97999572753906,175.8300018310547,176.75
2025-07-29 09:30:00-04:00,177.9600067138672,179.3800048828125,177.6300048828125,178.13999938964844
2025-07-29 10:30:00-04:00,178.14999389648438,178.58999633789062,175.67010498046875,175.85989379882812
2025-07-29 11:30:00-04:00,175.85499572753906,176.77999877929688,175.1699981689453,176.33999633789062
2025-07-29 12:30:00-04:00,176.34500122070312,176.66000366210938,175.83169555664062,176.19529724121094
2025-07-29 13:30:00-04:00,176.1999969482422,176.6300048828125,175.8000030517578,176.2050018310547
2025-07-29 14:30:00-04:00,176.2050018310547,176.57510375976562,175.77000427246094,175.8249969482422
2025-07-29 15:30:00-04:00,175.8300018310547,175.97039794921875,175.23789978027344,175.50999450683594
2025-07-30 09:30:00-04:00,176.5500030517578,178.74000549316406,176.0399932861328,178.4600067138672
2025-07-30 10:30:00-04:00,178.46009826660156,179.27999877929688,178.19000244140625,178.26519775390625
2025-07-30 11:30:00-04:00,178.26019287109375,179.1999969482422,178.1446990966797,178.80499267578125
2025-07-30 12:30:00-04:00,178.8000946044922,179.39999389648438,178.8000946044922,179.00669860839844
2025-07-30 13:30:00-04:00,179.00999450683594,179.67999267578125,178.8800048828125,179.55499267578125
2025-07-30 14:30:00-04:00,179.55499267578125,179.88999938964844,177.55999755859375,178.58999633789062
2025-07-30 15:30:00-04:00,178.58999633789062,179.39999389648438,178.5800018310547,179.2899932861328
2025-07-31 09:30:00-04:00,182.92999267578125,183.2899932861328,180.39999389648438,181.57000732421875
2025-07-31 10:30:00-04:00,181.57009887695312,181.72000122070312,178.68350219726562,179.889892578125
2025-07-31 11:30:00-04:00,179.88999938964844,181.49000549316406,179.8000030517578,181.3780059814453
2025-07-31 12:30:00-04:00,181.37229919433594,181.4949951171875,178.82000732421875,179.02000427246094
2025-07-31 13:30:00-04:00,179.0,179.44000244140625,175.92999267578125,177.36500549316406
2025-07-31 14:30:00-04:00,177.36500549316406,178.1699981689453,177.2100067138672,177.41969299316406
2025-07-31 15:30:00-04:00,177.4250030517578,178.1699981689453,177.14500427246094,177.85000610351562
2025-08-01 09:30:00-04:00,174.08999633789062,175.03500366210938,170.88999938964844,174.97500610351562
2025-08-01 10:30:00-04:00,174.97999572753906,176.0,174.33999633789062,174.77999877929688
2025-08-01 11:30:00-04:00,174.77000427246094,176.5399932861328,174.64999389648438,175.82000732421875
2025-08-01 12:30:00-04:00,175.82000732421875,175.8699951171875,172.6649932861328,173.10989379882812
2025-08-01 13:30:00-04:00,173.10499572753906,173.6999969482422,171.7949981689453,173.2799072265625
2025-08-01 14:30:00-04:00,173.27499389648438,174.14999389648438,172.72999572753906,173.75
2025-08-01 15:30:00-04:00,173.7449951171875,174.6999969482422,173.19500732421875,173.58999633789062
2025-08-04 09:30:00-04:00,175.16000366210938,178.10000610351562,174.55999755859375,177.9499969482422
2025-08-04 10:30:00-04:00,177.95140075683594,178.10000610351562,176.92999267578125,177.8498992919922
2025-08-04 11:30:00-04:00,177.8300018310547,179.03529357910156,177.64999389648438,178.9250030517578
2025-08-04 12:30:00-04:00,178.9250030517578,179.10000610351562,178.61000061035156,179.02999877929688
2025-08-04 13:30:00-04:00,179.0399932861328,179.81500244140625,178.69000244140625,179.27000427246094
2025-08-04 14:30:00-04:00,179.27479553222656,179.66000366210938,178.94000244140625,179.31390380859375
2025-08-04 15:30:00-04:00,179.3101043701172,179.99000549316406,179.11000061035156,179.97000122070312
2025-08-05 09:30:00-04:00,179.6199951171875,180.25999450683594,177.75,178.24000549316406
2025-08-05 10:30:00-04:00,178.25,178.48829650878906,175.89999389648438,176.88499450683594
2025-08-05 11:30:00-04:00,176.8800048828125,178.26499938964844,176.22000122070312,177.92999267578125
2025-08-05 12:30:00-04:00,177.9199981689453,178.22000122070312,177.00999450683594,178.02999877929688
2025-08-05 13:30:00-04:00,178.0399932861328,179.11439514160156,177.9499969482422,178.50999450683594
2025-08-05 14:30:00-04:00,178.51010131835938,178.82000732421875,177.65150451660156,178.77520751953125
2025-08-05 15:30:00-04:00,178.77499389648438,178.97500610351562,178.1199951171875,178.25999450683594
2025-08-06 09:30:00-04:00,176.3249969482422,179.42999267578125,176.25,178.0399932861328
2025-08-06 10:30:00-04:00,178.02999877929688,178.39999389648438,176.80189514160156,178.14999389648438
2025-08-06 11:30:00-04:00,178.14999389648438,179.3800048828125,178.02000427246094,178.23500061035156
2025-08-06 12:30:00-04:00,178.22999572753906,178.4499969482422,177.65809631347656,178.42999267578125
2025-08-06 13:30:00-04:00,178.4199981689453,179.27999877929688,178.2689971923828,179.22999572753906
2025-08-06 14:30:00-04:00,179.22000122070312,179.86000061035156,178.8800048828125,179.6649932861328
2025-08-06 15:30:00-04:00,179.66000366210938,179.89999389648438,179.32000732421875,179.41000366210938
2025-08-07 09:30:00-04:00,181.5500030517578,183.8800048828125,181.3000030517578,182.47999572753906
2025-08-07 10:30:00-04:00,182.47500610351562,183.08999633789062,181.14999389648438,181.52999877929688
2025-08-07 11:30:00-04:00,181.52000427246094,182.02499389648438,180.47999572753906,181.14999389648438
2025-08-07 12:30:00-04:00,181.13510131835938,181.3350067138672,179.4199981689453,179.97000122070312
2025-08-07 13:30:00-04:00,179.96499633789062,180.27000427246094,178.7949981689453,179.42010498046875
2025-08-07 14:30:00-04:00,179.4250030517578,180.24000549316406,179.1199951171875,179.47000122070312
2025-08-07 15:30:00-04:00,179.47000122070312,180.88999938964844,179.4199981689453,180.8699951171875
2025-08-08 09:30:00-04:00,181.5500030517578,182.7689971923828,180.39999389648438,182.19500732421875
2025-08-08 10:30:00-04:00,182.19000244140625,183.3000030517578,182.04449462890625,183.01499938964844
2025-08-08 11:30:00-04:00,183.0050048828125,183.2899932861328,182.25,182.90809631347656
2025-08-08 12:30:00-04:00,182.9149932861328,182.9199981689453,181.61000061035156,181.88499450683594
2025-08-08 13:30:00-04:00,181.8800048828125,182.88999938964844,181.85000610351562,182.61500549316406
2025-08-08 14:30:00-04:00,182.60009765625,183.05999755859375,182.58009338378906,182.69500732421875
2025-08-08 15:30:00-04:00,182.69500732421875,183.05999755859375,182.1649932861328,182.75
2025-08-11 09:30:00-04:00,182.16000366210938,183.66000366210938,180.25,183.3455047607422
2025-08-11 10:30:00-04:00,183.34500122070312,183.67999267578125,182.3699951171875,183.1800994873047
2025-08-11 11:30:00-04:00,183.16439819335938,183.83999633789062,182.8800048828125,183.73500061035156
2025-08-11 12:30:00-04:00,183.73500061035156,183.80499267578125,182.85499572753906,183.23550415039062
2025-08-11 13:30:00-04:00,183.23500061035156,183.46499633789062,182.59010314941406,182.89999389648438
2025-08-11 14:30:00-04:00,182.91000366210938,183.08999633789062,182.10000610351562,182.16000366210938
2025-08-11 15:30:00-04:00,182.16000366210938,182.5800018310547,181.5,182.0850067138672
2025-08-12 09:30:00-04:00,182.9600067138672,182.99000549316406,179.4600067138672,180.92999267578125
2025-08-12 10:30:00-04:00,180.9232940673828,182.55999755859375,180.75450134277344,182.0146942138672
2025-08-12 11:30:00-04:00,182.01010131835938,182.75,181.7602996826172,182.27499389648438
2025-08-12 12:30:00-04:00,182.27000427246094,182.6999969482422,181.75,182.24000549316406
2025-08-12 13:30:00-04:00,182.24000549316406,183.08999633789062,182.1750030517578,183.06500244140625
2025-08-12 14:30:00-04:00,183.0800018310547,183.3300018310547,182.69000244140625,182.7845001220703
2025-08-12 15:30:00-04:00,182.7899932861328,184.47999572753906,182.25999450683594,183.10000610351562
2025-08-13 09:30:00-04:00,182.61500549316406,183.968994140625,180.97999572753906,181.41099548339844
2025-08-13 10:30:00-04:00,181.39500427246094,181.80929565429688,179.35000610351562,180.13180541992188
2025-08-13 11:30:00-04:00,180.139892578125,181.08999633789062,179.5749969482422,180.0500030517578
2025-08-13 12:30:00-04:00,180.0399932861328,181.00999450683594,179.39999389648438,180.99000549316406
2025-08-13 13:30:00-04:00,180.97999572753906,181.66000366210938,180.47000122070312,181.32989501953125
2025-08-13 14:30:00-04:00,181.3249969482422,181.9199981689453,181.06100463867188,181.26499938964844
2025-08-13 15:30:00-04:00,181.26499938964844,181.64999389648438,180.6300048828125,181.57000732421875
2025-08-14 09:30:00-04:00,179.7949981689453,182.66700744628906,179.4600067138672,182.5800018310547
2025-08-14 10:30:00-04:00,182.57850646972656,183.02000427246094,181.00999450683594,181.3800048828125
2025-08-14 11:30:00-04:00,181.3800048828125,182.19000244140625,180.9600067138672,181.14349365234375
2025-08-14 12:30:00-04:00,181.13999938964844,182.1999969482422,181.11000061035156,182.1649932861328
2025-08-14 13:30:00-04:00,182.1649932861328,182.1699981689453,181.4499969482422,181.52499389648438
2025-08-14 14:30:00-04:00,181.52999877929688,182.05999755859375,181.4217071533203,181.9600067138672
2025-08-14 15:30:00-04:00,181.9550018310547,182.24000549316406,181.7899932861328,182.0
2025-08-15 09:30:00-04:00,181.75999450683594,181.89999389648438,178.04469299316406,179.92010498046875
2025-08-15 10:30:00-04:00,179.9250030517578,180.04989624023438,178.75,179.5050048828125
2025-08-15 11:30:00-04:00,179.5050048828125,179.61000061035156,178.41000366210938,178.92999267578125
2025-08-15 12:30:00-04:00,178.9250030517578,179.8000030517578,178.8350067138672,179.70010375976562
2025-08-15 13:30:00-04:00,179.6999969482422,180.30999755859375,179.69000244140625,180.17999267578125
2025-08-15 14:30:00-04:00,180.18499755859375,180.25,179.48500061035156,179.97000122070312
2025-08-15 15:30:00-04:00,179.97999572753906,180.5399932861328,179.92999267578125,180.44000244140625
2025-08-18 09:30:00-04:00,180.64999389648438,182.93499755859375,180.60450744628906,182.67999267578125
2025-08-18 10:30:00-04:00,182.67999267578125,182.69500732421875,180.94000244140625,181.1519012451172
2025-08-18 11:30:00-04:00,181.16000366210938,181.8300018310547,181.07000732421875,181.7657928466797
2025-08-18 12:30:00-04:00,181.75999450683594,181.91000366210938,180.9499969482422,181.49920654296875
2025-08-18 13:30:00-04:00,181.48500061035156,181.82000732421875,181.13499450683594,181.76210021972656
2025-08-18 14:30:00-04:00,181.75999450683594,182.61000061035156,181.75010681152344,182.19500732421875
2025-08-18 15:30:00-04:00,182.19500732421875,182.3800048828125,181.97000122070312,181.97999572753906
2025-08-19 09:30:00-04:00,182.42999267578125,182.5,178.52999877929688,178.66490173339844
2025-08-19 10:30:00-04:00,178.66000366210938,179.13999938964844,177.3000030517578,178.27749633789062
2025-08-19 11:30:00-04:00,178.27499389648438,178.6649932861328,176.80499267578125,177.53990173339844
2025-08-19 12:30:00-04:00,177.5399932861328,177.75999450683594,175.75,176.69509887695312
2025-08-19 13:30:00-04:00,176.6699981689453,177.22999572753906,176.4199981689453,176.5749053955078
2025-08-19 14:30:00-04:00,176.5800018310547,176.75999450683594,175.66000366210938,176.33250427246094
2025-08-19 15:30:00-04:00,176.3350067138672,176.5800018310547,175.49000549316406,175.64999389648438
2025-08-20 09:30:00-04:00,175.10000610351562,175.11000061035156,168.80099487304688,170.30999755859375
2025-08-20 10:30:00-04:00,170.30999755859375,172.47999572753906,168.89999389648438,172.4250030517578
2025-08-20 11:30:00-04:00,172.4199981689453,174.11000061035156,171.6999969482422,174.0500030517578
2025-08-20 12:30:00-04:00,174.05499267578125,174.0800018310547,172.64999389648438,173.47500610351562
2025-08-20 13:30:00-04:00,173.47000122070312,174.4199981689453,172.56019592285156,172.8249969482422
2025-08-20 14:30:00-04:00,172.82989501953125,174.86000061035156,172.75,174.5800018310547
2025-08-20 15:30:00-04:00,174.5800018310547,175.5299072265625,174.42999267578125,175.38999938964844
2025-08-21 09:30:00-04:00,174.8300018310547,176.89999389648438,173.97999572753906,176.47500610351562
2025-08-21 10:30:00-04:00,176.47149658203125,176.47149658203125,174.60069274902344,174.96499633789062
2025-08-21 11:30:00-04:00,174.92999267578125,175.63999938964844,174.11000061035156,174.22569274902344
2025-08-21 12:30:00-04:00,174.22000122070312,174.80999755859375,173.80999755859375,174.26499938964844
2025-08-21 13:30:00-04:00,174.26499938964844,175.19000244140625,174.2550048828125,174.7449951171875
2025-08-21 14:30:00-04:00,174.75999450683594,175.0872039794922,174.27000427246094,174.80189514160156
2025-08-21 15:30:00-04:00,174.8000030517578,175.1300048828125,174.52000427246094,174.9709930419922
2025-08-22 09:30:00-04:00,172.65499877929688,177.86000061035156,171.1999969482422,176.32000732421875
2025-08-22 10:30:00-04:00,176.30499267578125,178.3000030517578,176.07000732421875,178.1300048828125
2025-08-22 11:30:00-04:00,178.125,178.58999633789062,176.8800048828125,177.00579833984375
2025-08-22 12:30:00-04:00,177.00999450683594,178.3000030517578,176.88999938964844,178.2949981689453
2025-08-22 13:30:00-04:00,178.2949981689453,178.4199981689453,177.8300018310547,178.11500549316406
2025-08-22 14:30:00-04:00,178.11500549316406,178.5399932861328,177.74000549316406,178.0601043701172
2025-08-22 15:30:00-04:00,178.06500244140625,178.41000366210938,177.63999938964844,178.02000427246094
2025-08-25 09:30:00-04:00,178.35499572753906,179.40989685058594,176.57000732421875,178.99000549316406
2025-08-25 10:30:00-04:00,178.97999572753906,181.25,178.86419677734375,181.22140502929688
2025-08-25 11:30:00-04:00,181.23500061035156,181.91000366210938,181.0399932861328,181.5240936279297
2025-08-25 12:30:00-04:00,181.50999450683594,181.71499633789062,180.6199951171875,181.0
2025-08-25 13:30:00-04:00,181.00010681152344,181.47999572753906,180.74000549316406,181.33990478515625
2025-08-25 14:30:00-04:00,181.3350067138672,181.6699981689453,180.9199981689453,181.03500366210938
2025-08-25 15:30:00-04:00,181.02999877929688,181.25,179.5800018310547,179.83999633789062
2025-08-26 09:30:00-04:00,180.00999450683594,181.22999572753906,178.80999755859375,180.97999572753906
2025-08-26 10:30:00-04:00,180.9600067138672,181.75999450683594,180.67999267578125,180.8800048828125
2025-08-26 11:30:00-04:00,180.8699951171875,181.9499969482422,180.77999877929688,181.68499755859375
2025-08-26 12:30:00-04:00,181.69000244140625,181.75,181.22000122070312,181.6199951171875
2025-08-26 13:30:00-04:00,181.61500549316406,181.8699951171875,180.88999938964844,181.81500244140625
2025-08-26 14:30:00-04:00,181.81500244140625,182.27000427246094,181.75,182.02549743652344
2025-08-26 15:30:00-04:00,182.02000427246094,182.38999938964844,181.52999877929688,181.6999969482422
2025-08-27 09:30:00-04:00,182.07000732421875,182.07000732421875,179.10020446777344,181.05999755859375
2025-08-27 10:30:00-04:00,181.06179809570312,182.44000244140625,181.05999755859375,181.58999633789062
2025-08-27 11:30:00-04:00,181.5800018310547,182.22999572753906,181.11000061035156,181.40420532226562
2025-08-27 12:30:00-04:00,181.39999389648438,182.07000732421875,181.2899932861328,181.93499755859375
2025-08-27 13:30:00-04:00,181.93499755859375,182.49000549316406,181.6300048828125,182.22259521484375
2025-08-27 14:30:00-04:00,182.22000122070312,182.22999572753906,180.92999267578125,181.6645965576172
2025-08-27 15:30:00-04:00,181.6649932861328,181.8300018310547,181.27000427246094,181.60000610351562
2025-08-28 09:30:00-04:00,180.82000732421875,184.47000122070312,176.41000366210938,177.69500732421875
2025-08-28 10:30:00-04:00,177.67190551757812,180.60499572753906,177.61749267578125,179.156494140625
2025-08-28 11:30:00-04:00,179.15499877929688,179.82000732421875,178.3800048828125,179.69000244140625
2025-08-28 12:30:00-04:00,179.67999267578125,179.97000122070312,178.69000244140625,179.91419982910156
2025-08-28 13:30:00-04:00,179.9149932861328,180.85000610351562,179.79100036621094,180.82969665527344
2025-08-28 14:30:00-04:00,180.8249969482422,181.5500030517578,179.97000122070312,180.0800018310547
2025-08-28 15:30:00-04:00,180.0850067138672,181.0800018310547,179.99000549316406,180.1999969482422
2025-08-29 09:30:00-04:00,178.11000061035156,178.11000061035156,173.75999450683594,175.06500244140625
2025-08-29 10:30:00-04:00,175.05999755859375,175.22999572753906,173.3699951171875,174.77499389648438
2025-08-29 11:30:00-04:00,174.75999450683594,174.8498992919922,173.61000061035156,174.14999389648438
2025-08-29 12:30:00-04:00,174.14999389648438,174.77000427246094,173.14500427246094,173.52000427246094
2025-08-29 13:30:00-04:00,173.53500366210938,174.2899932861328,173.25,173.55670166015625
2025-08-29 14:30:00-04:00,173.57420349121094,174.2698974609375,173.56500244140625,174.0399932861328
2025-08-29 15:30:00-04:00,174.0449981689453,174.50999450683594,173.35000610351562,174.27999877929688
2025-09-02 09:30:00-04:00,170.0500030517578,172.37899780273438,168.64999389648438,170.63360595703125
2025-09-02 10:30:00-04:00,170.6300048828125,170.63999938964844,168.52999877929688,169.05999755859375
2025-09-02 11:30:00-04:00,169.0500030517578,169.09730529785156,167.2200927734375,167.93499755859375
2025-09-02 12:30:00-04:00,167.94000244140625,169.35000610351562,167.85000610351562,169.23500061035156
2025-09-02 13:30:00-04:00,169.22999572753906,169.6199951171875,168.97999572753906,169.1981964111328
2025-09-02 14:30:00-04:00,169.1999969482422,170.44000244140625,169.03500366210938,170.2949981689453
2025-09-02 15:30:00-04:00,170.2899932861328,171.1199951171875,170.27999877929688,170.75
2025-09-03 09:30:00-04:00,170.96600341796875,171.82000732421875,169.52000427246094,171.35000610351562
2025-09-03 10:30:00-04:00,171.35000610351562,172.41000366210938,170.5800018310547,170.70590209960938
2025-09-03 11:30:00-04:00,170.70579528808594,171.77999877929688,170.33999633789062,171.52499389648438
2025-09-03 12:30:00-04:00,171.52999877929688,171.5449981689453,170.57009887695312,170.7834930419922
2025-09-03 13:30:00-04:00,170.77999877929688,170.9499969482422,169.22000122070312,169.36000061035156
2025-09-03 14:30:00-04:00,169.36500549316406,169.6654052734375,168.875,169.36500549316406
2025-09-03 15:30:00-04:00,169.36000061035156,170.63499450683594,169.36000061035156,170.6300048828125
2025-09-04 09:30:00-04:00,170.5500030517578,171.86000061035156,169.41000366210938,170.8614959716797
2025-09-04 10:30:00-04:00,170.86000061035156,171.3083038330078,170.0800018310547,170.8000030517578
2025-09-04 11:30:00-04:00,170.8083953857422,170.94000244140625,170.2100067138672,170.46420288085938
2025-09-04 12:30:00-04:00,170.46499633789062,171.17999267578125,170.39349365234375,170.4499969482422
2025-09-04 13:30:00-04:00,170.4550018310547,170.86000061035156,170.35000610351562,170.41220092773438
2025-09-04 14:30:00-04:00,170.4149932861328,171.1300048828125,170.39999389648438,170.90499877929688
2025-09-04 15:30:00-04:00,170.88999938964844,171.7375946044922,170.8300018310547,171.64999389648438
2025-09-05 09:30:00-04:00,168.02999877929688,169.02999877929688,164.22479248046875,165.13729858398438
2025-09-05 10:30:00-04:00,165.1300048828125,166.13999938964844,164.07000732421875,166.08999633789062
2025-09-05 11:30:00-04:00,166.08680725097656,166.99000549316406,165.86000061035156,166.36549377441406
2025-09-05 12:30:00-04:00,166.3699951171875,167.13999938964844,166.25999450683594,166.5850067138672
2025-09-05 13:30:00-04:00,166.5850067138672,166.88999938964844,165.8800048828125,166.76010131835938
2025-09-05 14:30:00-04:00,166.75999450683594,167.14999389648438,166.02999877929688,167.09500122070312
2025-09-05 15:30:00-04:00,167.08999633789062,167.19500732421875,166.50999450683594,167.0399932861328
2025-09-08 09:30:00-04:00,167.55999755859375,170.9600067138672,167.4499969482422,170.25999450683594
2025-09-08 10:30:00-04:00,170.25,170.4550018310547,169.5399932861328,169.9698944091797
2025-09-08 11:30:00-04:00,169.9600067138672,170.25,169.25,170.1649932861328
2025-09-08 12:30:00-04:00,170.16000366210938,170.19509887695312,169.5,169.86500549316406
2025-09-08 13:30:00-04:00,169.8699951171875,170.16000366210938,169.52999877929688,169.71499633789062
2025-09-08 14:30:00-04:00,169.7100067138672,169.91000366210938,168.9499969482422,169.14500427246094
2025-09-08 15:30:00-04:00,169.14999389648438,169.80999755859375,168.11000061035156,168.3699951171875
2025-09-09 09:30:00-04:00,168.9199981689453,169.63999938964844,167.48989868164062,168.0800018310547
2025-09-09 10:30:00-04:00,168.07000732421875,168.13999938964844,166.74009704589844,167.7550048828125
2025-09-09 11:30:00-04:00,167.7550048828125,168.92999267578125,167.44500732421875,168.7050018310547
2025-09-09 12:30:00-04:00,168.7100067138672,168.8000030517578,167.93580627441406,168.0850067138672
2025-09-09 13:30:00-04:00,168.08999633789062,168.59500122070312,167.84500122070312,168.2449951171875
2025-09-09 14:30:00-04:00,168.25990295410156,170.3699951171875,168.1300048828125,170.23989868164062
2025-09-09 15:30:00-04:00,170.24000549316406,170.9799041748047,169.83999633789062,170.7584991455078
2025-09-10 09:30:00-04:00,176.64999389648438,178.9499969482422,175.47999572753906,177.64999389648438
2025-09-10 10:30:00-04:00,177.64999389648438,179.2899932861328,177.60000610351562,178.61419677734375
2025-09-10 11:30:00-04:00,178.6199951171875,178.72999572753906,177.47999572753906,177.99000549316406
2025-09-10 12:30:00-04:00,177.97999572753906,178.14999389648438,177.3699951171875,178.00509643554688
2025-09-10 13:30:00-04:00,178.0050048828125,178.32000732421875,176.14999389648438,176.27499389648438
2025-09-10 14:30:00-04:00,176.27000427246094,176.7657928466797,175.9600067138672,176.72500610351562
2025-09-10 15:30:00-04:00,176.72999572753906,177.54510498046875,176.67999267578125,177.3300018310547
2025-09-11 09:30:00-04:00,179.69000244140625,180.27999877929688,176.9250030517578,177.2550048828125
2025-09-11 10:30:00-04:00,177.2550048828125,178.44000244140625,177.14999389648438,178.09500122070312
2025-09-11 11:30:00-04:00,178.08999633789062,178.52999877929688,177.42999267578125,177.55810546875
2025-09-11 12:30:00-04:00,177.56419372558594,177.6999969482422,176.9499969482422,177.0941925048828
2025-09-11 13:30:00-04:00,177.09500122070312,177.73989868164062,176.47999572753906,177.5749969482422
2025-09-11 14:30:00-04:00,177.5800018310547,177.74000549316406,176.977294921875,177.1199951171875
2025-09-11 15:30:00-04:00,177.1199951171875,177.5,176.89999389648438,177.08999633789062
2025-09-12 09:30:00-04:00,177.5,178.0800018310547,176.4499969482422,177.77499389648438
2025-09-12 10:30:00-04:00,177.77639770507812,178.58999633789062,177.63999938964844,177.6750030517578
2025-09-12 11:30:00-04:00,177.6649932861328,178.17999267578125,177.3249969482422,178.11000061035156
2025-09-12 12:30:00-04:00,178.10000610351562,178.21839904785156,177.5,177.52499389648438
2025-09-12 13:30:00-04:00,177.52000427246094,177.9501953125,177.44500732421875,177.4700927734375
2025-09-12 14:30:00-04:00,177.4720001220703,177.94000244140625,177.41000366210938,177.68499755859375
2025-09-12 15:30:00-04:00,177.6842041015625,178.0,177.39999389648438,177.7899932861328
2025-09-15 09:30:00-04:00,175.66000366210938,176.57000732421875,174.50999450683594,175.48899841308594
2025-09-15 10:30:00-04:00,175.49000549316406,177.25,174.8300018310547,177.02169799804688
2025-09-15 11:30:00-04:00,177.02999877929688,178.08999633789062,176.7700958251953,177.5850067138672
2025-09-15 12:30:00-04:00,177.5850067138672,178.27999877929688,177.14500427246094,177.27000427246094
2025-09-15 13:30:00-04:00,177.2718963623047,177.8800048828125,177.22000122070312,177.52499389648438
2025-09-15 14:30:00-04:00,177.52499389648438,177.85000610351562,176.92340087890625,177.19500732421875
2025-09-15 15:30:00-04:00,177.1920928955078,178.85000610351562,176.9149932861328,177.77999877929688
2025-09-16 09:30:00-04:00,177.0,177.1199951171875,175.7100067138672,176.31500244140625
2025-09-16 10:30:00-04:00,176.30999755859375,176.85000610351562,175.82000732421875,176.13999938964844
2025-09-16 11:30:00-04:00,176.1300048828125,176.19500732421875,174.80999755859375,175.26499938964844
2025-09-16 12:30:00-04:00,175.26499938964844,175.39999389648438,174.9499969482422,175.14999389648438
2025-09-16 13:30:00-04:00,175.154296875,175.17999267578125,174.64999389648438,174.77499389648438
2025-09-16 14:30:00-04:00,174.77999877929688,175.22000122070312,174.67999267578125,174.75
2025-09-16 15:30:00-04:00,174.7449951171875,175.16000366210938,174.3800048828125,174.8300018310547
2025-09-17 09:30:00-04:00,172.5800018310547,173.1999969482422,169.76499938964844,170.1199951171875
2025-09-17 10:30:00-04:00,170.1300048828125,170.77999877929688,169.6699981689453,170.40499877929688
2025-09-17 11:30:00-04:00,170.39999389648438,170.4600067138672,169.30999755859375,169.87840270996094
2025-09-17 12:30:00-04:00,169.88999938964844,170.27999877929688,169.27000427246094,170.23500061035156
2025-09-17 13:30:00-04:00,170.25,171.60000610351562,168.64999389648438,170.19580078125
2025-09-17 14:30:00-04:00,170.2100067138672,171.39999389648438,168.41000366210938,171.18850708007812
2025-09-17 15:30:00-04:00,171.19639587402344,171.27999877929688,170.1199951171875,170.2100067138672
2025-09-18 09:30:00-04:00,174.0570068359375,175.8000030517578,172.9600067138672,175.77490234375
2025-09-18 10:30:00-04:00,175.77000427246094,176.38999938964844,175.08999633789062,176.2550048828125
2025-09-18 11:30:00-04:00,176.25570678710938,176.57000732421875,175.46499633789062,176.25999450683594
2025-09-18 12:30:00-04:00,176.2519073486328,176.92999267578125,176.1999969482422,176.6199951171875
2025-09-18 13:30:00-04:00,176.6199951171875,176.72900390625,176.0,176.55499267578125
2025-09-18 14:30:00-04:00,176.55499267578125,177.08999633789062,176.2899932861328,176.34500122070312
2025-09-18 15:30:00-04:00,176.33999633789062,177.10000610351562,174.2100067138672,176.27999877929688
2025-09-19 09:30:00-04:00,176.10000610351562,177.789306640625,175.17999267578125,177.7050018310547
2025-09-19 10:30:00-04:00,177.6999969482422,178.0800018310547,176.1649932861328,176.3000030517578
2025-09-19 11:30:00-04:00,176.298095703125,176.57989501953125,175.8000030517578,176.0677032470703
2025-09-19 12:30:00-04:00,176.05999755859375,176.10000610351562,175.55999755859375,175.88499450683594
2025-09-19 13:30:00-04:00,175.88499450683594,176.22500610351562,175.57260131835938,175.59500122070312
2025-09-19 14:30:00-04:00,175.59500122070312,176.47999572753906,175.5500030517578,176.31500244140625
2025-09-19 15:30:00-04:00,176.30999755859375,178.0,175.8300018310547,176.5019073486328
2025-09-22 09:30:00-04:00,175.35000610351562,176.07000732421875,174.70530700683594,175.4199981689453
2025-09-22 10:30:00-04:00,175.4199981689453,176.0800018310547,175.27000427246094,175.46009826660156
2025-09-22 11:30:00-04:00,175.47000122070312,182.49000549316406,175.39999389648438,182.1999969482422
2025-09-22 12:30:00-04:00,182.1999969482422,184.5500030517578,182.02999877929688,182.9949951171875
2025-09-22 13:30:00-04:00,182.99000549316406,183.69000244140625,182.3350067138672,182.68499755859375
2025-09-22 14:30:00-04:00,182.68499755859375,183.9573974609375,182.52000427246094,183.26010131835938
2025-09-22 15:30:00-04:00,183.27000427246094,183.80099487304688,182.63999938964844,183.61000061035156
2025-09-23 09:30:00-04:00,181.53140258789062,182.4199981689453,179.14500427246094,180.6522979736328
2025-09-23 10:30:00-04:00,180.66000366210938,180.77000427246094,179.41099548339844,180.21499633789062
2025-09-23 11:30:00-04:00,180.22999572753906,180.3699951171875,179.34500122070312,179.485595703125
2025-09-23 12:30:00-04:00,179.49000549316406,179.75,178.57000732421875,178.69000244140625
2025-09-23 13:30:00-04:00,178.69000244140625,178.77000427246094,177.3000030517578,177.89500427246094
2025-09-23 14:30:00-04:00,177.89999389648438,178.61000061035156,177.63999938964844,178.10000610351562
2025-09-23 15:30:00-04:00,178.11000061035156,178.9149932861328,176.2100067138672,178.4499969482422
2025-09-24 09:30:00-04:00,179.25,179.6300048828125,177.60000610351562,178.4949951171875
2025-09-24 10:30:00-04:00,178.47999572753906,178.875,177.9199981689453,178.3542022705078
2025-09-24 11:30:00-04:00,178.35499572753906,178.3800048828125,175.39999389648438,176.2449951171875
2025-09-24 12:30:00-04:00,176.2550048828125,177.22129821777344,175.74000549316406,177.12010192871094
2025-09-24 13:30:00-04:00,177.1300048828125,177.33999633789062,176.4801025390625,176.72000122070312
2025-09-24 14:30:00-04:00,176.73500061035156,177.33999633789062,176.54510498046875,177.05999755859375
2025-09-24 15:30:00-04:00,177.0699005126953,177.22000122070312,176.7050018310547,176.8800048828125
2025-09-25 09:30:00-04:00,174.0,177.64999389648438,173.125,177.14500427246094
2025-09-25 10:30:00-04:00,177.15499877929688,178.57000732421875,176.92999267578125,178.0301055908203
2025-09-25 11:30:00-04:00,178.02999877929688,180.25999450683594,178.02999877929688,179.26510620117188
2025-09-25 12:30:00-04:00,179.27000427246094,179.75790405273438,177.40440368652344,177.9799041748047
2025-09-25 13:30:00-04:00,177.97500610351562,178.13999938964844,175.5482940673828,177.20989990234375
2025-09-25 14:30:00-04:00,177.20179748535156,177.75,176.77000427246094,177.0749969482422
2025-09-25 15:30:00-04:00,177.0800018310547,177.94000244140625,176.83999633789062,177.67999267578125
2025-09-26 09:30:00-04:00,177.0,178.63999938964844,174.92999267578125,175.58999633789062
2025-09-26 10:30:00-04:00,175.59010314941406,176.77769470214844,175.36500549316406,176.7449951171875
2025-09-26 11:30:00-04:00,176.75,176.89999389648438,175.77999877929688,176.52999877929688
2025-09-26 12:30:00-04:00,176.52650451660156,177.57000732421875,176.1699981689453,177.15499877929688
2025-09-26 13:30:00-04:00,177.1533966064453,177.9199981689453,176.9705047607422,177.7342987060547
2025-09-26 14:30:00-04:00,177.74000549316406,177.80999755859375,177.17999267578125,177.68499755859375
2025-09-26 15:30:00-04:00,177.6800994873047,178.27999877929688,177.49899291992188,178.19000244140625
2025-09-29 09:30:00-04:00,181.5,184.0,181.4600067138672,183.375
2025-09-29 10:30:00-04:00,183.375,183.8800048828125,182.1699981689453,182.3249969482422
2025-09-29 11:30:00-04:00,182.3249969482422,182.57000732421875,181.44000244140625,182.02999877929688
2025-09-29 12:30:00-04:00,182.03819274902344,182.30799865722656,181.27999877929688,181.9031982421875
2025-09-29 13:30:00-04:00,181.89999389648438,182.26739501953125,181.67999267578125,181.7100067138672
2025-09-29 14:30:00-04:00,181.6999969482422,181.84500122070312,180.6699981689453,180.89500427246094
2025-09-29 15:30:00-04:00,180.88999938964844,181.94000244140625,180.8699951171875,181.82000732421875
2025-09-30 09:30:00-04:00,182.0,184.94000244140625,181.47999572753906,184.73989868164062
2025-09-30 10:30:00-04:00,184.73500061035156,187.35000610351562,184.55990600585938,186.30990600585938
2025-09-30 11:30:00-04:00,186.2949981689453,187.1199951171875,185.60000610351562,186.73500061035156
2025-09-30 12:30:00-04:00,186.73500061035156,186.9499969482422,185.32000732421875,185.625
2025-09-30 13:30:00-04:00,185.6199951171875,186.4600067138672,185.22999572753906,186.2725067138672
2025-09-30 14:30:00-04:00,186.27000427246094,186.30999755859375,185.00999450683594,185.88999938964844
2025-09-30 15:30:00-04:00,185.88999938964844,186.77000427246094,185.3000030517578,186.55999755859375
2025-10-01 09:30:00-04:00,186.0,186.6699981689453,183.89999389648438,186.65499877929688
2025-10-01 10:30:00-04:00,186.65499877929688,187.86500549316406,186.314697265625,186.55999755859375
2025-10-01 11:30:00-04:00,186.55999755859375,187.52999877929688,186.4199981689453,186.60499572753906
2025-10-01 12:30:00-04:00,186.61500549316406,188.13999938964844,186.48500061035156,187.57000732421875
2025-10-01 13:30:00-04:00,187.5800018310547,187.9499969482422,187.3000030517578,187.48440551757812
2025-10-01 14:30:00-04:00,187.48500061035156,187.69000244140625,187.14999389648438,187.18350219726562
2025-10-01 15:30:00-04:00,187.17999267578125,187.4600067138672,186.36000061035156,187.1699981689453
2025-10-02 09:30:00-04:00,189.6199951171875,191.0500030517578,188.26499938964844,190.1049041748047
2025-10-02 10:30:00-04:00,190.10499572753906,190.4199981689453,188.89999389648438,189.85499572753906
2025-10-02 11:30:00-04:00,189.85499572753906,189.89169311523438,188.9499969482422,189.2100067138672
2025-10-02 12:30:00-04:00,189.18499755859375,189.47999572753906,188.77000427246094,189.11929321289062
2025-10-02 13:30:00-04:00,189.1199951171875,189.24000549316406,188.61000061035156,188.87510681152344
2025-10-02 14:30:00-04:00,188.8699951171875,189.30499267578125,188.71009826660156,189.18499755859375
2025-10-02 15:30:00-04:00,189.18499755859375,189.24000549316406,188.5,188.9199981689453
2025-10-03 09:30:00-04:00,189.18499755859375,190.36000061035156,188.3300018310547,188.94369506835938
2025-10-03 10:30:00-04:00,188.9499969482422,189.8000030517578,188.3699951171875,189.47390747070312
2025-10-03 11:30:00-04:00,189.47000122070312,189.54930114746094,188.4199981689453,188.7001953125
2025-10-03 12:30:00-04:00,188.6999969482422,188.6999969482422,186.9499969482422,187.17750549316406
2025-10-03 13:30:00-04:00,187.16000366210938,187.52000427246094,185.3800048828125,187.47500610351562
2025-10-03 14:30:00-04:00,187.47999572753906,187.7449951171875,187.02999877929688,187.3249969482422
2025-10-03 15:30:00-04:00,187.32000732421875,188.0,186.22999572753906,187.62100219726562
2025-10-06 09:30:00-04:00,185.55999755859375,187.2299041748047,183.3300018310547,185.5
2025-10-06 10:30:00-04:00,185.5399932861328,186.19000244140625,184.2100067138672,185.9698944091797
2025-10-06 11:30:00-04:00,185.97999572753906,187.22999572753906,185.97999572753906,186.92999267578125
2025-10-06 12:30:00-04:00,186.93370056152344,186.9600067138672,186.00999450683594,186.14990234375
2025-10-06 13:30:00-04:00,186.14999389648438,186.2100067138672,185.38999938964844,185.58999633789062
2025-10-06 14:30:00-04:00,185.59719848632812,186.0500030517578,185.49000549316406,185.80999755859375
2025-10-06 15:30:00-04:00,185.80999755859375,186.02810668945312,185.42999267578125,185.52999877929688
2025-10-07 09:30:00-04:00,186.25999450683594,189.05999755859375,186.1999969482422,188.01510620117188
2025-10-07 10:30:00-04:00,188.02000427246094,188.58999633789062,184.7801055908203,185.24000549316406
2025-10-07 11:30:00-04:00,185.24000549316406,186.1699981689453,184.40499877929688,185.47000122070312
2025-10-07 12:30:00-04:00,185.47000122070312,186.4149932861328,185.46499633789062,185.90980529785156
2025-10-07 13:30:00-04:00,185.86500549316406,186.0399932861328,185.14999389648438,185.89500427246094
2025-10-07 14:30:00-04:00,185.91000366210938,185.96499633789062,185.4250946044922,185.5863037109375
2025-10-07 15:30:00-04:00,185.58999633789062,185.67999267578125,184.50999450683594,184.9600067138672
2025-10-08 09:30:00-04:00,186.6300048828125,189.4199981689453,186.5399932861328,189.0449981689453
2025-10-08 10:30:00-04:00,189.0449981689453,189.2261962890625,187.75,188.27000427246094
2025-10-08 11:30:00-04:00,188.27000427246094,188.39500427246094,187.61380004882812,188.18499755859375
2025-10-08 12:30:00-04:00,188.17999267578125,188.48980712890625,187.76499938964844,188.14999389648438
2025-10-08 13:30:00-04:00,188.16000366210938,188.88999938964844,188.1199951171875,188.42239379882812
2025-10-08 14:30:00-04:00,188.42999267578125,188.75,187.98500061035156,188.58999633789062
2025-10-08 15:30:00-04:00,188.58999633789062,189.19000244140625,188.2949981689453,189.07000732421875
2025-10-09 09:30:00-04:00,191.97869873046875,195.1999969482422,191.2449951171875,194.05499267578125
2025-10-09 10:30:00-04:00,193.38999938964844,194.51499938964844,192.22000122070312,193.73500061035156
2025-10-09 11:30:00-04:00,193.6363067626953,194.53509521484375,193.61000061035156,193.85000610351562
2025-10-09 12:30:00-04:00,193.875,193.89999389648438,192.5001983642578,192.61000061035156
2025-10-09 13:30:00-04:00,192.73570251464844,193.0522003173828,192.4669952392578,192.875
2025-10-09 14:30:00-04:00,192.4503936767578,193.2115936279297,192.24000549316406,193.1199951171875
2025-10-09 15:30:00-04:00,192.75,192.90499877929688,192.2949981689453,192.2949981689453
2025-10-10 09:30:00-04:00,192.61000061035156,195.2550048828125,192.22000122070312,195.2550048828125
2025-10-10 10:30:00-04:00,195.12600708007812,195.6199951171875,188.375,188.5998992919922
2025-10-10 11:30:00-04:00,188.17349243164062,190.08999633789062,187.00999450683594,189.14999389648438
2025-10-10 12:30:00-04:00,189.13999938964844,189.66000366210938,186.64089965820312,188.16000366210938
2025-10-10 13:30:00-04:00,188.14999389648438,188.4600067138672,186.97999572753906,187.72000122070312
2025-10-10 14:30:00-04:00,187.72000122070312,187.9600067138672,186.11000061035156,186.39999389648438
2025-10-10 15:30:00-04:00,186.4199981689453,186.55999755859375,182.8000030517578,183.13999938964844
2025-10-13 09:30:00-04:00,187.96499633789062,190.10989379882812,187.38999938964844,188.49000549316406
2025-10-13 10:30:00-04:00,188.5,188.77499389648438,185.97000122070312,188.27499389648438
2025-10-13 11:30:00-04:00,188.27999877929688,188.64999389648438,187.69000244140625,188.43179321289062
2025-10-13 12:30:00-04:00,188.4208984375,189.42999267578125,188.2700958251953,188.5500030517578
2025-10-13 13:30:00-04:00,188.5500030517578,188.6558074951172,187.66000366210938,187.9250030517578
2025-10-13 14:30:00-04:00,187.9250030517578,188.17999267578125,187.25,187.80259704589844
2025-10-13 15:30:00-04:00,187.8000030517578,188.89999389648438,187.52000427246094,188.32000732421875
2025-10-14 09:30:00-04:00,184.77999877929688,184.8000030517578,179.6999969482422,182.38499450683594
2025-10-14 10:30:00-04:00,182.3800048828125,182.42999267578125,180.94500732421875,181.5500030517578
2025-10-14 11:30:00-04:00,181.55999755859375,183.53599548339844,181.35000610351562,183.43629455566406
2025-10-14 12:30:00-04:00,183.44000244140625,184.1999969482422,182.91000366210938,183.22500610351562
2025-10-14 13:30:00-04:00,183.22999572753906,183.30999755859375,181.52349853515625,182.17999267578125
2025-10-14 14:30:00-04:00,182.17999267578125,182.3699951171875,181.72000122070312,181.89990234375
2025-10-14 15:30:00-04:00,181.89599609375,181.9199981689453,179.8300018310547,180.07000732421875
2025-10-15 09:30:00-04:00,184.83999633789062,184.8699951171875,181.02000427246094,182.36990356445312
2025-10-15 10:30:00-04:00,182.3697967529297,183.2100067138672,181.5,181.71090698242188
2025-10-15 11:30:00-04:00,181.7100067138672,181.73899841308594,179.86090087890625,180.69020080566406
2025-10-15 12:30:00-04:00,180.69000244140625,180.74000549316406,177.2899932861328,178.17999267578125
2025-10-15 13:30:00-04:00,178.17999267578125,180.0207061767578,178.0850067138672,179.79490661621094
2025-10-15 14:30:00-04:00,179.7949981689453,180.67999267578125,179.6999969482422,180.16000366210938
2025-10-15 15:30:00-04:00,180.1699981689453,180.3699951171875,178.60459899902344,179.8699951171875
2025-10-16 09:30:00-04:00,182.19000244140625,183.02000427246094,181.24000549316406,182.41000366210938
2025-10-16 10:30:00-04:00,182.4199981689453,183.27999877929688,181.97000122070312,182.32139587402344
2025-10-16 11:30:00-04:00,182.32249450683594,182.7899932861328,180.82000732421875,180.96499633789062
2025-10-16 12:30:00-04:00,180.97000122070312,182.35000610351562,179.77000427246094,182.3300018310547
2025-10-16 13:30:00-04:00,182.3249969482422,182.52000427246094,179.8800048828125,180.33999633789062
2025-10-16 14:30:00-04:00,180.34010314941406,181.61000061035156,179.82000732421875,180.78500366210938
2025-10-16 15:30:00-04:00,180.8000030517578,182.00999450683594,180.49000549316406,181.81100463867188
2025-10-17 09:30:00-04:00,180.00999450683594,183.52999877929688,179.8000030517578,183.27999877929688
2025-10-17 10:30:00-04:00,183.27999877929688,183.35499572753906,180.57000732421875,180.8719940185547
2025-10-17 11:30:00-04:00,180.8800048828125,182.78509521484375,180.02000427246094,182.6300048828125
2025-10-17 12:30:00-04:00,182.6199951171875,182.97000122070312,182.00999450683594,182.36000061035156
2025-10-17 13:30:00-04:00,182.3699951171875,183.86500549316406,181.92999267578125,183.69000244140625
2025-10-17 14:30:00-04:00,183.6909942626953,184.10000610351562,183.2550048828125,183.7100067138672
2025-10-17 15:30:00-04:00,183.7100067138672,183.7899932861328,182.83999633789062,183.24000549316406
2025-10-20 09:30:00-04:00,183.07000732421875,185.05499267578125,181.72999572753906,184.94400024414062
2025-10-20 10:30:00-04:00,184.94000244140625,185.1999969482422,183.1300048828125,183.78500366210938
2025-10-20 11:30:00-04:00,183.77999877929688,183.8800048828125,183.02999877929688,183.80999755859375
2025-10-20 12:30:00-04:00,183.80999755859375,184.25990295410156,183.47999572753906,183.8159942626953
2025-10-20 13:30:00-04:00,183.80999755859375,183.96499633789062,183.47000122070312,183.63409423828125
2025-10-20 14:30:00-04:00,183.62530517578125,183.7949981689453,182.60000610351562,182.95530700683594
2025-10-20 15:30:00-04:00,182.9600067138672,183.1300048828125,182.4499969482422,182.57000732421875
2025-10-21 09:30:00-04:00,182.77999877929688,182.77999877929688,179.93499755859375,180.18499755859375
2025-10-21 10:30:00-04:00,180.1959991455078,182.18649291992188,179.8000030517578,181.91000366210938
2025-10-21 11:30:00-04:00,181.91000366210938,182.6510009765625,181.46009826660156,182.49000549316406
2025-10-21 12:30:00-04:00,182.49000549316406,182.49549865722656,181.0601043701172,181.47999572753906
2025-10-21 13:30:00-04:00,181.4801025390625,181.68499755859375,180.97000122070312,181.22999572753906
2025-10-21 14:30:00-04:00,181.22999572753906,181.47000122070312,180.92999267578125,181.3350067138672
2025-10-21 15:30:00-04:00,181.3350067138672,181.61990356445312,181.0800018310547,181.13999938964844
2025-10-22 09:30:00-04:00,181.1300048828125,183.44000244140625,180.2899932861328,180.3968963623047
2025-10-22 10:30:00-04:00,180.4199981689453,180.88999938964844,178.7899932861328,178.87010192871094
2025-10-22 11:30:00-04:00,178.89999389648438,179.9600067138672,177.89999389648438,179.22000122070312
2025-10-22 12:30:00-04:00,179.22000122070312,179.4387969970703,177.22999572753906,177.69000244140625
2025-10-22 13:30:00-04:00,177.67999267578125,178.04600524902344,176.77000427246094,177.7050018310547
2025-10-22 14:30:00-04:00,177.69000244140625,179.6300048828125,177.58999633789062,179.47669982910156
2025-10-22 15:30:00-04:00,179.47999572753906,180.38999938964844,179.4600067138672,180.2899932861328
2025-10-23 09:30:00-04:00,180.375,181.75999450683594,179.79010009765625,181.58009338378906
2025-10-23 10:30:00-04:00,181.5800018310547,182.39999389648438,181.22500610351562,181.9949951171875
2025-10-23 11:30:00-04:00,182.0,182.5,181.35409545898438,181.82000732421875
2025-10-23 12:30:00-04:00,181.82000732421875,182.2899932861328,181.57000732421875,181.78500366210938
2025-10-23 13:30:00-04:00,181.77999877929688,182.9409942626953,181.7440948486328,182.7100067138672
2025-10-23 14:30:00-04:00,182.7100067138672,183.02999877929688,182.64999389648438,182.78500366210938
2025-10-23 15:30:00-04:00,182.78500366210938,182.7899932861328,181.8800048828125,182.1999969482422
2025-10-24 09:30:00-04:00,183.8350067138672,186.02999877929688,183.5,184.61500549316406
2025-10-24 10:30:00-04:00,184.60000610351562,185.52999877929688,184.3300018310547,185.19000244140625
2025-10-24 11:30:00-04:00,185.19000244140625,185.60000610351562,185.0800018310547,185.08999633789062
2025-10-24 12:30:00-04:00,185.08999633789062,185.39999389648438,184.89999389648438,185.0
2025-10-24 13:30:00-04:00,185.00999450683594,185.64999389648438,184.99009704589844,185.27499389648438
2025-10-24 14:30:00-04:00,185.27000427246094,187.47000122070312,185.01499938964844,186.91000366210938
2025-10-24 15:30:00-04:00,186.91000366210938,187.0,186.06500244140625,186.25999450683594
2025-10-27 09:30:00-04:00,189.97999572753906,191.27000427246094,188.43179321289062,189.8800048828125
2025-10-27 10:30:00-04:00,189.8800048828125,191.47000122070312,189.6999969482422,190.92449951171875
2025-10-27 11:30:00-04:00,190.92410278320312,191.25,190.72149658203125,190.9250030517578
2025-10-27 12:30:00-04:00,190.92999267578125,191.77499389648438,190.77999877929688,191.3341064453125
2025-10-27 13:30:00-04:00,191.3350067138672,191.4499969482422,190.5399932861328,190.55999755859375
2025-10-27 14:30:00-04:00,190.55499267578125,190.9250030517578,190.27000427246094,190.7252960205078
2025-10-27 15:30:00-04:00,190.72999572753906,191.75,190.7100067138672,191.42999267578125
2025-10-28 09:30:00-04:00,193.0500030517578,195.468994140625,192.5601043701172,192.8249969482422
2025-10-28 10:30:00-04:00,192.8249969482422,193.34500122070312,192.1999969482422,192.80499267578125
2025-10-28 11:30:00-04:00,192.8000030517578,194.2100067138672,191.91000366210938,193.70010375976562
2025-10-28 12:30:00-04:00,193.7050018310547,196.57000732421875,193.26820373535156,194.58929443359375
2025-10-28 13:30:00-04:00,194.58999633789062,199.5399932861328,194.5,199.31199645996094
2025-10-28 14:30:00-04:00,199.31500244140625,202.20590209960938,199.05999755859375,202.01499938964844
2025-10-28 15:30:00-04:00,202.01499938964844,203.14999389648438,200.64999389648438,201.02999877929688
2025-10-29 09:30:00-04:00,207.97999572753906,212.1898956298828,207.08999633789062,210.61000061035156
2025-10-29 10:30:00-04:00,210.6199951171875,211.60000610351562,207.86500549316406,208.7949981689453
2025-10-29 11:30:00-04:00,208.7899932861328,209.07000732421875,205.02999877929688,206.58999633789062
2025-10-29 12:30:00-04:00,206.57899475097656,207.7899932861328,205.4499969482422,206.78900146484375
2025-10-29 13:30:00-04:00,206.77999877929688,208.02499389648438,206.22999572753906,206.94000244140625
2025-10-29 14:30:00-04:00,206.94000244140625,207.39999389648438,204.77999877929688,207.0399932861328
2025-10-29 15:30:00-04:00,207.02499389648438,208.0500030517578,206.52000427246094,207.0500030517578
2025-10-30 09:30:00-04:00,205.2050018310547,206.13999938964844,201.41000366210938,202.20590209960938
2025-10-30 10:30:00-04:00,202.1999969482422,203.85000610351562,202.0500030517578,203.0749969482422
2025-10-30 11:30:00-04:00,203.0800018310547,203.83999633789062,202.05999755859375,203.42990112304688
2025-10-30 12:30:00-04:00,203.42999267578125,203.82989501953125,202.44070434570312,203.05499267578125
2025-10-30 13:30:00-04:00,203.05999755859375,204.4799041748047,202.77999877929688,203.5904998779297
2025-10-30 14:30:00-04:00,203.5850067138672,204.27000427246094,201.8800048828125,202.54989624023438
2025-10-30 15:30:00-04:00,202.55999755859375,203.13999938964844,201.97999572753906,202.8000030517578
2025-10-31 09:30:00-04:00,206.4499969482422,207.97000122070312,204.6199951171875,205.47999572753906
2025-10-31 10:30:00-04:00,205.49000549316406,206.6199951171875,204.9600067138672,205.2801055908203
2025-10-31 11:30:00-04:00,205.2899932861328,205.6699981689453,203.22999572753906,203.98500061035156
2025-10-31 12:30:00-04:00,203.97999572753906,204.3800048828125,202.07000732421875,202.8365020751953
2025-10-31 13:30:00-04:00,202.80999755859375,204.36990356445312,202.42999267578125,204.27000427246094
2025-10-31 14:30:00-04:00,204.27999877929688,204.77000427246094,203.33999633789062,204.41000366210938
2025-10-31 15:30:00-04:00,204.41000366210938,204.6699981689453,202.38999938964844,202.41000366210938
2025-11-03 09:30:00-05:00,208.05499267578125,209.4499969482422,206.8000030517578,207.7949981689453
2025-11-03 10:30:00-05:00,207.7949981689453,208.5399932861328,207.02999877929688,207.9149932861328
2025-11-03 11:30:00-05:00,207.91000366210938,209.88999938964844,207.6999969482422,209.4199981689453
2025-11-03 12:30:00-05:00,209.4199981689453,211.3350067138672,209.38999938964844,210.95989990234375
2025-11-03 13:30:00-05:00,210.9550018310547,211.0500030517578,207.5,207.7050018310547
2025-11-03 14:30:00-05:00,207.69000244140625,208.42999267578125,206.8300018310547,207.0749969482422
2025-11-03 15:30:00-05:00,207.0800018310547,207.38999938964844,206.3300018310547,207.0
2025-11-04 09:30:00-05:00,202.94500732421875,203.9698944091797,200.89999389648438,201.6595001220703
2025-11-04 10:30:00-05:00,201.64500427246094,202.39999389648438,200.92410278320312,201.85000610351562
2025-11-04 11:30:00-05:00,201.85000610351562,202.3000030517578,199.8000030517578,200.97500610351562
2025-11-04 12:30:00-05:00,200.97760009765625,201.24000549316406,199.8000030517578,199.82510375976562
2025-11-04 13:30:00-05:00,199.82000732421875,200.85000610351562,199.20010375976562,200.19000244140625
2025-11-04 14:30:00-05:00,200.17999267578125,200.22999572753906,198.5800018310547,199.88499450683594
2025-11-04 15:30:00-05:00,199.88999938964844,200.25999450683594,197.92999267578125,198.5399932861328
2025-11-05 09:30:00-05:00,198.72000122070312,201.02000427246094,196.97999572753906,200.6300048828125
2025-11-05 10:30:00-05:00,200.63009643554688,202.9199981689453,200.33999633789062,202.33999633789062
2025-11-05 11:30:00-05:00,202.34010314941406,202.39999389648438,201.13999938964844,201.27000427246094
2025-11-05 12:30:00-05:00,201.27499389648438,201.8000030517578,200.67999267578125,200.9499969482422
2025-11-05 13:30:00-05:00,200.9499969482422,202.27499389648438,200.82000732421875,201.03500366210938
2025-11-05 14:30:00-05:00,201.0399932861328,201.52999877929688,199.14999389648438,199.5301055908203
2025-11-05 15:30:00-05:00,199.52999877929688,199.53500366210938,194.97000122070312,195.1699981689453
2025-11-06 09:30:00-05:00,196.35499572753906,197.6199951171875,192.00999450683594,193.06500244140625
2025-11-06 10:30:00-05:00,193.0782012939453,193.30999755859375,189.4499969482422,190.6999969482422
2025-11-06 11:30:00-05:00,190.68499755859375,190.75,186.3800048828125,186.82000732421875
2025-11-06 12:30:00-05:00,186.80999755859375,189.68499755859375,186.57000732421875,189.20640563964844
2025-11-06 13:30:00-05:00,189.19000244140625,190.58999633789062,188.335205078125,190.5
2025-11-06 14:30:00-05:00,190.49000549316406,190.69000244140625,189.28500366210938,189.82000732421875
2025-11-06 15:30:00-05:00,189.81500244140625,189.97999572753906,187.10000610351562,188.1699981689453
2025-11-07 09:30:00-05:00,184.86000061035156,185.6999969482422,181.75999450683594,182.42799377441406
2025-11-07 10:30:00-05:00,182.4346923828125,182.82000732421875,178.9199981689453,180.11219787597656
2025-11-07 11:30:00-05:00,180.10000610351562,182.61500549316406,179.6999969482422,182.05999755859375
2025-11-07 12:30:00-05:00,182.0399932861328,184.5,181.52999877929688,184.44000244140625
2025-11-07 13:30:00-05:00,184.44000244140625,185.47999572753906,183.67019653320312,184.98500061035156
2025-11-07 14:30:00-05:00,184.99000549316406,187.47000122070312,184.9499969482422,186.13499450683594
2025-11-07 15:30:00-05:00,186.13499450683594,188.30999755859375,186.13499450683594,188.2299041748047
2025-11-10 09:30:00-05:00,195.11000061035156,197.0500030517578,193.9199981689453,196.6199951171875
2025-11-10 10:30:00-05:00,196.6199951171875,197.6699981689453,194.02999877929688,194.12179565429688
2025-11-10 11:30:00-05:00,194.1199951171875,196.1199951171875,193.7899932861328,195.8656005859375
2025-11-10 12:30:00-05:00,195.88499450683594,197.2689971923828,195.860107421875,196.71180725097656
2025-11-10 13:30:00-05:00,196.72500610351562,198.0800018310547,196.5850067138672,197.9199981689453
2025-11-10 14:30:00-05:00,197.9138946533203,198.9199981689453,197.68499755859375,198.74000549316406
2025-11-10 15:30:00-05:00,198.73500061035156,199.94000244140625,198.6300048828125,199.0399932861328
2025-11-11 09:30:00-05:00,195.15499877929688,195.4199981689453,192.08999633789062,192.52999877929688
2025-11-11 10:30:00-05:00,192.5399932861328,193.28990173339844,191.55999755859375,192.375
2025-11-11 11:30:00-05:00,192.3800048828125,193.22000122070312,191.3000030517578,192.4199981689453
2025-11-11 12:30:00-05:00,192.4149932861328,193.97000122070312,192.27499389648438,193.64999389648438
2025-11-11 13:30:00-05:00,193.66000366210938,194.6300048828125,193.13499450683594,193.97509765625
2025-11-11 14:30:00-05:00,193.97979736328125,194.33990478515625,193.55999755859375,194.10499572753906
2025-11-11 15:30:00-05:00,194.10499572753906,194.3000030517578,192.8300018310547,193.22999572753906
2025-11-12 09:30:00-05:00,195.69500732421875,195.88999938964844,191.59010314941406,192.69000244140625
2025-11-12 10:30:00-05:00,192.69000244140625,193.1470947265625,191.4600067138672,193.10000610351562
2025-11-12 11:30:00-05:00,193.0850067138672,193.55999755859375,191.6699981689453,192.0500030517578
2025-11-12 12:30:00-05:00,192.0399932861328,193.11500549316406,191.75999450683594,192.6300048828125
2025-11-12 13:30:00-05:00,192.6082000732422,193.26589965820312,192.02000427246094,192.12989807128906
2025-11-12 14:30:00-05:00,192.1300048828125,192.47999572753906,191.1300048828125,192.41000366210938
2025-11-12 15:30:00-05:00,192.39999389648438,193.89999389648438,192.32069396972656,193.85000610351562
2025-11-13 09:30:00-05:00,191.0399932861328,191.44000244140625,186.9499969482422,188.09609985351562
2025-11-13 10:30:00-05:00,188.10000610351562,188.13999938964844,185.3800048828125,186.2899932861328
2025-11-13 11:30:00-05:00,186.2949981689453,187.1699981689453,185.35000610351562,186.92990112304688
2025-11-13 12:30:00-05:00,186.9199981689453,187.22999572753906,184.56500244140625,184.86500549316406
2025-11-13 13:30:00-05:00,184.86000061035156,186.0449981689453,183.85000610351562,186.00999450683594
2025-11-13 14:30:00-05:00,186.0,186.4866943359375,185.02000427246094,185.9499969482422
2025-11-13 15:30:00-05:00,185.9600067138672,187.1999969482422,185.72000122070312,186.9600067138672
2025-11-14 09:30:00-05:00,182.86000061035156,187.82000732421875,180.5800018310547,186.9644012451172
2025-11-14 10:30:00-05:00,186.95509338378906,190.57000732421875,186.85000610351562,189.97979736328125
2025-11-14 11:30:00-05:00,189.97999572753906,190.68179321289062,189.33999633789062,190.03500366210938
2025-11-14 12:30:00-05:00,190.0399932861328,190.27999877929688,188.6300048828125,189.1999969482422
2025-11-14 13:30:00-05:00,189.19000244140625,190.02000427246094,188.39999389648438,189.9600067138672
2025-11-14 14:30:00-05:00,189.97999572753906,191.00999450683594,189.75,190.10000610351562
2025-11-14 15:30:00-05:00,190.10000610351562,190.4600067138672,189.36000061035156,190.27999877929688
2025-11-17 09:30:00-05:00,185.89999389648438,189.0,184.92999267578125,187.5500030517578
2025-11-17 10:30:00-05:00,187.5500030517578,187.88999938964844,185.74000549316406,187.1999969482422
2025-11-17 11:30:00-05:00,187.20010375976562,188.3000030517578,186.5,187.5800018310547
2025-11-17 12:30:00-05:00,187.58999633789062,187.9199981689453,186.27000427246094,186.72999572753906
2025-11-17 13:30:00-05:00,186.72000122070312,187.5500030517578,184.8800048828125,185.3300018310547
2025-11-17 14:30:00-05:00,185.3300018310547,185.60000610351562,184.32000732421875,184.93499755859375
2025-11-17 15:30:00-05:00,184.94000244140625,186.7899932861328,184.66000366210938,186.58999633789062
2025-11-18 09:30:00-05:00,183.3300018310547,184.27000427246094,179.64999389648438,181.85000610351562
2025-11-18 10:30:00-05:00,181.86000061035156,183.0800018310547,180.17010498046875,182.88999938964844
2025-11-18 11:30:00-05:00,182.89999389648438,183.7100067138672,181.4344940185547,181.5800018310547
2025-11-18 12:30:00-05:00,181.57000732421875,184.61000061035156,181.39999389648438,183.6199951171875
2025-11-18 13:30:00-05:00,183.63999938964844,184.5,183.1300048828125,183.4499969482422
2025-11-18 14:30:00-05:00,183.4698944091797,184.64999389648438,182.39999389648438,182.91000366210938
2025-11-18 15:30:00-05:00,182.88999938964844,183.10000610351562,181.19000244140625,181.3000030517578
2025-11-19 09:30:00-05:00,184.8000030517578,187.80999755859375,183.27999877929688,187.6300048828125
2025-11-19 10:30:00-05:00,187.63589477539062,187.85409545898438,184.8699951171875,185.38999938964844
2025-11-19 11:30:00-05:00,185.3800048828125,185.49000549316406,183.89039611816406,184.38999938964844
2025-11-19 12:30:00-05:00,184.38490295410156,185.60000610351562,182.83009338378906,184.25999450683594
2025-11-19 13:30:00-05:00,184.25,185.8800048828125,184.1199951171875,184.6300048828125
2025-11-19 14:30:00-05:00,184.6300048828125,187.05999755859375,184.36000061035156,186.7050018310547
2025-11-19 15:30:00-05:00,186.71499633789062,187.3459014892578,185.75,186.69180297851562
2025-11-20 09:30:00-05:00,195.9499969482422,196.0,192.2899932861328,193.9199981689453
2025-11-20 10:30:00-05:00,193.91000366210938,194.64999389648438,188.49000549316406,189.75999450683594
2025-11-20 11:30:00-05:00,189.7301025390625,189.9499053955078,182.35000610351562,183.68519592285156
2025-11-20 12:30:00-05:00,183.685302734375,185.8800048828125,181.77999877929688,184.50999450683594
2025-11-20 13:30:00-05:00,184.5,184.8699951171875,180.9499969482422,182.72000122070312
2025-11-20 14:30:00-05:00,182.7100067138672,183.75,181.3699951171875,182.3800048828125
2025-11-20 15:30:00-05:00,182.38499450683594,182.99000549316406,179.85000610351562,180.94000244140625
2025-11-21 09:30:00-05:00,181.23500061035156,182.3000030517578,175.47999572753906,175.7899932861328
2025-11-21 10:30:00-05:00,175.80999755859375,178.94000244140625,172.94000244140625,178.86000061035156
2025-11-21 11:30:00-05:00,178.85470581054688,181.41000366210938,178.8000030517578,181.07000732421875
2025-11-21 12:30:00-05:00,181.0800018310547,181.9550018310547,178.61000061035156,179.33470153808594
2025-11-21 13:30:00-05:00,179.32000732421875,184.55999755859375,179.1300048828125,184.19000244140625
2025-11-21 14:30:00-05:00,184.19349670410156,184.4550018310547,180.35000610351562,180.38999938964844
2025-11-21 15:30:00-05:00,180.3699951171875,180.91000366210938,178.5,178.94000244140625
2025-11-24 09:30:00-05:00,179.5,180.8699951171875,176.47999572753906,178.0
2025-11-24 10:30:00-05:00,178.00860595703125,182.32000732421875,177.67999267578125,182.08999633789062
2025-11-24 11:30:00-05:00,182.05999755859375,183.1300048828125,181.61000061035156,182.47000122070312
2025-11-24 12:30:00-05:00,182.46499633789062,183.3699951171875,181.8350067138672,182.10000610351562
2025-11-24 13:30:00-05:00,182.09500122070312,182.55999755859375,181.27999877929688,181.8699951171875
2025-11-24 14:30:00-05:00,181.87620544433594,182.47999572753906,181.08399963378906,181.6699981689453
2025-11-24 15:30:00-05:00,181.6699981689453,183.47999572753906,181.2100067138672,182.5500030517578
2025-11-25 09:30:00-05:00,174.91000366210938,175.0,169.5500030517578,171.0749969482422
2025-11-25 10:30:00-05:00,171.07000732421875,174.8800048828125,171.0281982421875,174.7238006591797
2025-11-25 11:30:00-05:00,174.72000122070312,175.99000549316406,174.13009643554688,175.53500366210938
2025-11-25 12:30:00-05:00,175.52999877929688,176.47999572753906,175.07020568847656,176.2050018310547
2025-11-25 13:30:00-05:00,176.2050018310547,176.83999633789062,174.33999633789062,174.77499389648438
2025-11-25 14:30:00-05:00,174.77999877929688,176.97000122070312,173.6199951171875,176.84170532226562
2025-11-25 15:30:00-05:00,176.84500122070312,178.16000366210938,176.7100067138672,177.8000030517578
2025-11-26 09:30:00-05:00,181.6300048828125,182.91000366210938,178.24000549316406,179.5850067138672
2025-11-26 10:30:00-05:00,179.5850067138672,181.11000061035156,179.5850067138672,180.91000366210938
2025-11-26 11:30:00-05:00,180.9199981689453,181.72999572753906,180.125,180.77999877929688
2025-11-26 12:30:00-05:00,180.78030395507812,181.5,180.38999938964844,180.80999755859375
2025-11-26 13:30:00-05:00,180.80999755859375,180.84500122070312,179.793701171875,180.5500030517578
2025-11-26 14:30:00-05:00,180.5500030517578,180.75999450683594,179.92999267578125,180.50999450683594
2025-11-26 15:30:00-05:00,180.5050048828125,180.75,179.875,180.19000244140625
2025-11-28 09:30:00-05:00,178.7895965576172,179.2899932861328,176.97000122070312,177.2899932861328
2025-11-28 10:30:00-05:00,177.24000549316406,178.0800018310547,176.75,177.08140563964844
2025-11-28 11:30:00-05:00,177.0850067138672,177.33999633789062,176.53140258789062,177.1342010498047
2025-12-01 09:30:00-05:00,174.6999969482422,179.13999938964844,173.67999267578125,178.86000061035156
2025-12-01 10:30:00-05:00,178.85000610351562,180.00999450683594,178.22000122070312,178.9600067138672
2025-12-01 11:30:00-05:00,178.94000244140625,180.0800018310547,178.8300018310547,179.8350067138672
2025-12-01 12:30:00-05:00,179.8350067138672,180.3000030517578,179.1699981689453,179.40499877929688
2025-12-01 13:30:00-05:00,179.41000366210938,179.9853973388672,178.86000061035156,179.08999633789062
2025-12-01 14:30:00-05:00,179.08999633789062,179.47999572753906,178.62489318847656,179.37989807128906
2025-12-01 15:30:00-05:00,179.3800048828125,180.0,179.22000122070312,179.99000549316406
2025-12-02 09:30:00-05:00,182.25,185.66000366210938,182.07009887695312,183.2550048828125
2025-12-02 10:30:00-05:00,183.22500610351562,184.63999938964844,180.1699981689453,180.55999755859375
2025-12-02 11:30:00-05:00,180.52999877929688,182.25999450683594,180.0,182.16000366210938
2025-12-02 12:30:00-05:00,182.16000366210938,182.3800048828125,181.08009338378906,181.71499633789062
2025-12-02 13:30:00-05:00,181.7100067138672,181.84500122070312,180.75,181.0
2025-12-02 14:30:00-05:00,180.97999572753906,181.77999877929688,180.93499755859375,181.42999267578125
2025-12-02 15:30:00-05:00,181.41749572753906,181.6999969482422,181.0,181.36000061035156
2025-12-03 09:30:00-05:00,181.06500244140625,181.2191925048828,179.110107421875,180.3300018310547
2025-12-03 10:30:00-05:00,180.32000732421875,182.4199981689453,179.9300994873047,180.5500030517578
2025-12-03 11:30:00-05:00,180.5449981689453,181.22000122070312,179.82000732421875,180.375
2025-12-03 12:30:00-05:00,180.3699951171875,180.97999572753906,180.0644989013672,180.64999389648438
2025-12-03 13:30:00-05:00,180.66000366210938,181.27999877929688,180.4420928955078,180.7449951171875
2025-12-03 14:30:00-05:00,180.7440948486328,180.9600067138672,179.91000366210938,180.02000427246094
2025-12-03 15:30:00-05:00,180.02000427246094,180.02999877929688,179.27999877929688,179.63999938964844
2025-12-04 09:30:00-05:00,180.86000061035156,183.11000061035156,180.06500244140625,181.08009338378906
2025-12-04 10:30:00-05:00,181.0850067138672,183.02000427246094,181.00999450683594,182.63510131835938
2025-12-04 11:30:00-05:00,182.63259887695312,184.51499938964844,182.4949951171875,183.5449981689453
2025-12-04 12:30:00-05:00,183.5399932861328,184.11000061035156,183.05999755859375,183.61500549316406
2025-12-04 13:30:00-05:00,183.60000610351562,183.7899932861328,182.0,182.31500244140625
2025-12-04 14:30:00-05:00,182.3101043701172,183.23590087890625,182.25,182.32350158691406
2025-12-04 15:30:00-05:00,182.3249969482422,183.47999572753906,182.27999877929688,183.39999389648438
2025-12-05 09:30:00-05:00,183.86000061035156,184.66000366210938,180.91000366210938,182.7698974609375
2025-12-05 10:30:00-05:00,182.75,183.34500122070312,181.50999450683594,182.05999755859375
2025-12-05 11:30:00-05:00,182.07000732421875,182.50999450683594,181.5800018310547,181.77980041503906
2025-12-05 12:30:00-05:00,181.77999877929688,182.3699951171875,181.50999450683594,182.24000549316406
2025-12-05 13:30:00-05:00,182.22999572753906,182.49000549316406,181.14999389648438,181.45509338378906
2025-12-05 14:30:00-05:00,181.47000122070312,182.0800018310547,181.32000732421875,181.8574981689453
2025-12-05 15:30:00-05:00,181.83999633789062,182.63999938964844,181.3000030517578,182.35000610351562
2025-12-08 09:30:00-05:00,182.6300048828125,185.6999969482422,182.39999389648438,183.05059814453125
2025-12-08 10:30:00-05:00,183.0500030517578,184.53990173339844,182.86000061035156,183.48500061035156
2025-12-08 11:30:00-05:00,183.47000122070312,183.6898956298828,182.91000366210938,183.40499877929688
2025-12-08 12:30:00-05:00,183.40390014648438,187.99000549316406,182.89999389648438,185.89410400390625
2025-12-08 13:30:00-05:00,185.8800048828125,186.0800018310547,183.72999572753906,184.7064971923828
2025-12-08 14:30:00-05:00,184.70010375976562,185.0800018310547,184.31019592285156,184.88499450683594
2025-12-08 15:30:00-05:00,184.89999389648438,185.60000610351562,184.22999572753906,185.5800018310547
2025-12-09 09:30:00-05:00,185.5500030517578,185.59249877929688,183.32000732421875,184.6300048828125
2025-12-09 10:30:00-05:00,184.6300048828125,185.71670532226562,184.14999389648438,185.07000732421875
2025-12-09 11:30:00-05:00,185.07000732421875,185.14999389648438,184.27999877929688,184.88800048828125
2025-12-09 12:30:00-05:00,184.88999938964844,185.17999267578125,184.75,184.8582000732422
2025-12-09 13:30:00-05:00,184.85000610351562,184.97999572753906,184.47999572753906,184.5449981689453
2025-12-09 14:30:00-05:00,184.5449981689453,184.75,184.02000427246094,184.3300018310547
2025-12-09 15:30:00-05:00,184.3300018310547,185.5500030517578,184.19479370117188,184.97000122070312
2025-12-10 09:30:00-05:00,184.99000549316406,185.47999572753906,183.66000366210938,183.85960388183594
2025-12-10 10:30:00-05:00,183.85000610351562,184.02000427246094,182.03500366210938,182.8455047607422
2025-12-10 11:30:00-05:00,182.83999633789062,182.94000244140625,182.14010620117188,182.57000732421875
2025-12-10 12:30:00-05:00,182.56500244140625,183.42999267578125,182.36000061035156,182.61000061035156
2025-12-10 13:30:00-05:00,182.61000061035156,183.86000061035156,182.4499969482422,183.09579467773438
2025-12-10 14:30:00-05:00,183.1300048828125,184.6999969482422,182.4949951171875,183.7899932861328
2025-12-10 15:30:00-05:00,183.7899932861328,184.0500030517578,183.46499633789062,183.77999877929688
2025-12-11 09:30:00-05:00,180.27499389648438,180.4199981689453,176.6199951171875,178.0850067138672
2025-12-11 10:30:00-05:00,178.10000610351562,178.27000427246094,176.83200073242188,177.05990600585938
2025-12-11 11:30:00-05:00,177.0500030517578,178.77000427246094,176.9250030517578,178.4862060546875
2025-12-11 12:30:00-05:00,178.49000549316406,179.77099609375,178.49000549316406,179.30499267578125
2025-12-11 13:30:00-05:00,179.3000030517578,180.99000549316406,179.02000427246094,180.906494140625
2025-12-11 14:30:00-05:00,180.91000366210938,181.32000732421875,179.97000122070312,180.36990356445312
2025-12-11 15:30:00-05:00,180.36000061035156,181.08999633789062,180.1342010498047,180.9355010986328
2025-12-12 09:30:00-05:00,181.25999450683594,182.82000732421875,179.32000732421875,179.5399932861328
2025-12-12 10:30:00-05:00,179.52999877929688,180.14999389648438,175.83999633789062,176.63499450683594
2025-12-12 11:30:00-05:00,176.60000610351562,177.38999938964844,175.2100067138672,176.52000427246094
2025-12-12 12:30:00-05:00,176.52999877929688,178.17999267578125,176.2100067138672,177.4499969482422
2025-12-12 13:30:00-05:00,177.45150756835938,177.78579711914062,176.03500366210938,176.2136993408203
2025-12-12 14:30:00-05:00,176.2100067138672,176.66000366210938,175.67999267578125,175.90499877929688
2025-12-12 15:30:00-05:00,175.89999389648438,176.01499938964844,174.6199951171875,174.99000549316406
2025-12-15 09:30:00-05:00,177.0,178.33990478515625,175.031005859375,175.45159912109375
2025-12-15 10:30:00-05:00,175.44000244140625,178.4149932861328,175.33999633789062,178.2519989013672
2025-12-15 11:30:00-05:00,178.25999450683594,178.32000732421875,177.17999267578125,177.59500122070312
2025-12-15 12:30:00-05:00,177.5998992919922,177.97000122070312,176.80999755859375,177.125
2025-12-15 13:30:00-05:00,177.11000061035156,177.66000366210938,176.67999267578125,177.13999938964844
2025-12-15 14:30:00-05:00,177.14999389648438,177.2449951171875,176.1199951171875,176.3300018310547
2025-12-15 15:30:00-05:00,176.3300018310547,176.8300018310547,175.91000366210938,176.22999572753906
2025-12-16 09:30:00-05:00,176.25999450683594,177.49000549316406,174.89999389648438,176.1501007080078
2025-12-16 10:30:00-05:00,176.14999389648438,177.30499267578125,175.57000732421875,176.02000427246094
2025-12-16 11:30:00-05:00,176.02000427246094,177.0915985107422,175.69009399414062,176.48500061035156
2025-12-16 12:30:00-05:00,176.47999572753906,176.97500610351562,176.10000610351562,176.22000122070312
2025-12-16 13:30:00-05:00,176.22000122070312,177.67999267578125,176.02000427246094,176.74000549316406
2025-12-16 14:30:00-05:00,176.7449951171875,177.19000244140625,176.5050048828125,177.17880249023438
2025-12-16 15:30:00-05:00,177.1750030517578,178.19500732421875,177.1699981689453,177.50999450683594
2025-12-17 09:30:00-05:00,176.10000610351562,176.1300048828125,173.38499450683594,174.3800048828125
2025-12-17 10:30:00-05:00,174.3699951171875,174.4499969482422,170.6300048828125,171.13499450683594
2025-12-17 11:30:00-05:00,171.1300048828125,171.72999572753906,170.30999755859375,171.4499053955078
2025-12-17 12:30:00-05:00,171.4499969482422,172.82000732421875,171.30999755859375,172.25
2025-12-17 13:30:00-05:00,172.24000549316406,172.3300018310547,170.85009765625,170.9499053955078
2025-12-17 14:30:00-05:00,170.92999267578125,171.69000244140625,170.66009521484375,171.19000244140625
2025-12-17 15:30:00-05:00,171.19000244140625,171.82000732421875,170.75,170.9199981689453
2025-12-18 09:30:00-05:00,174.52999877929688,175.25,171.82000732421875,175.0399932861328
2025-12-18 10:30:00-05:00,175.0399932861328,176.14999389648438,174.75999450683594,174.88009643554688
2025-12-18 11:30:00-05:00,174.8699951171875,176.0399932861328,173.72999572753906,174.0399932861328
2025-12-18 12:30:00-05:00,174.02999877929688,175.3800048828125,173.91000366210938,174.91439819335938
2025-12-18 13:30:00-05:00,174.91000366210938,175.22999572753906,174.24000549316406,174.5500030517578
2025-12-18 14:30:00-05:00,174.55999755859375,174.89999389648438,173.66000366210938,174.6750030517578
2025-12-18 15:30:00-05:00,174.67250061035156,174.9600067138672,173.92999267578125,174.00999450683594
2025-12-19 09:30:00-05:00,176.6649932861328,180.6999969482422,176.35000610351562,178.66000366210938
2025-12-19 10:30:00-05:00,178.63999938964844,179.57000732421875,178.35000610351562,179.3000030517578
2025-12-19 11:30:00-05:00,179.32000732421875,180.99000549316406,179.27000427246094,180.5200958251953
2025-12-19 12:30:00-05:00,180.5200958251953,181.07000732421875,179.76499938964844,179.96499633789062
2025-12-19 13:30:00-05:00,179.96400451660156,180.8000030517578,179.42999267578125,180.57420349121094
2025-12-19 14:30:00-05:00,180.57000732421875,180.97999572753906,180.22999572753906,180.44850158691406
2025-12-19 15:30:00-05:00,180.44000244140625,181.4499969482422,179.94009399414062,180.99000549316406
2025-12-22 09:30:00-05:00,183.3800048828125,183.94000244140625,182.49000549316406,183.39999389648438
2025-12-22 10:30:00-05:00,183.41000366210938,184.16000366210938,182.6699981689453,183.6300048828125
2025-12-22 11:30:00-05:00,183.6199951171875,183.6649932861328,183.00999450683594,183.10000610351562
2025-12-22 12:30:00-05:00,183.10499572753906,183.3000030517578,182.7899932861328,183.22560119628906
2025-12-22 13:30:00-05:00,183.22999572753906,183.48500061035156,182.99000549316406,183.3800048828125
2025-12-22 14:30:00-05:00,183.38999938964844,183.57679748535156,183.1999969482422,183.28500366210938
2025-12-22 15:30:00-05:00,183.28500366210938,183.8000030517578,183.23500061035156,183.61000061035156
2025-12-23 09:30:00-05:00,184.39480590820312,185.47999572753906,183.5,185.27499389648438
2025-12-23 10:30:00-05:00,185.27999877929688,188.0500030517578,185.10000610351562,187.91009521484375
2025-12-23 11:30:00-05:00,187.9149932861328,188.6300048828125,187.1199951171875,188.2144012451172
2025-12-23 12:30:00-05:00,188.22000122070312,188.47999572753906,187.77999877929688,187.9949951171875
2025-12-23 13:30:00-05:00,187.9949951171875,188.8000030517578,187.89999389648438,188.61810302734375
2025-12-23 14:30:00-05:00,188.61000061035156,188.86000061035156,188.3800048828125,188.78640747070312
2025-12-23 15:30:00-05:00,188.77999877929688,189.3300018310547,188.7100067138672,189.2100067138672
2025-12-24 09:30:00-05:00,188.0,188.72000122070312,186.58999633789062,187.22999572753906
2025-12-24 10:30:00-05:00,187.22650146484375,188.02999877929688,186.95089721679688,187.94500732421875
2025-12-24 11:30:00-05:00,187.94500732421875,188.47999572753906,187.9199981689453,188.22500610351562
2025-12-26 09:30:00-05:00,190.0,192.2899932861328,189.61000061035156,191.5800018310547
2025-12-26 10:30:00-05:00,191.57000732421875,192.19000244140625,190.8300018310547,191.02499389648438
2025-12-26 11:30:00-05:00,191.03700256347656,191.35000610351562,190.4600067138672,190.77969360351562
2025-12-26 12:30:00-05:00,190.77000427246094,191.55999755859375,190.6300048828125,191.53289794921875
2025-12-26 13:30:00-05:00,191.53500366210938,192.69000244140625,191.49000549316406,192.24000549316406
2025-12-26 14:30:00-05:00,192.24440002441406,192.30999755859375,191.38380432128906,191.42999267578125
2025-12-26 15:30:00-05:00,191.4199981689453,191.67300415039062,190.4199981689453,190.5399932861328
2025-12-29 09:30:00-05:00,187.0,188.7550048828125,185.91000366210938,187.2550048828125
2025-12-29 10:30:00-05:00,187.25999450683594,187.73500061035156,186.47999572753906,187.24459838867188
2025-12-29 11:30:00-05:00,187.24000549316406,187.5800018310547,186.7899932861328,186.8800048828125
2025-12-29 12:30:00-05:00,186.87989807128906,187.639892578125,186.80999755859375,187.45989990234375
2025-12-29 13:30:00-05:00,187.4550018310547,187.83999633789062,187.0500030517578,187.375
2025-12-29 14:30:00-05:00,187.3800048828125,188.10499572753906,187.3699951171875,187.96449279785156
2025-12-29 15:30:00-05:00,187.97000122070312,188.39999389648438,187.74009704589844,188.22999572753906
2025-12-30 09:30:00-05:00,188.375,188.92999267578125,186.92999267578125,187.17030334472656
2025-12-30 10:30:00-05:00,187.1699981689453,188.50999450683594,187.10499572753906,188.25999450683594
2025-12-30 11:30:00-05:00,188.25,188.41000366210938,187.72999572753906,187.90989685058594
2025-12-30 12:30:00-05:00,187.90499877929688,188.25,187.6999969482422,188.21600341796875
2025-12-30 13:30:00-05:00,188.2100067138672,188.35499572753906,187.9001007080078,188.15420532226562
2025-12-30 14:30:00-05:00,188.14999389648438,188.1999969482422,187.41000366210938,187.5800018310547
2025-12-30 15:30:00-05:00,187.5800018310547,187.9250030517578,187.5,187.5500030517578
2025-12-31 09:30:00-05:00,189.75,190.55999755859375,188.08999633789062,189.01499938964844
2025-12-31 10:30:00-05:00,189.00999450683594,189.13999938964844,188.158203125,188.8459930419922
2025-12-31 11:30:00-05:00,188.84500122070312,189.27999877929688,188.67999267578125,188.91990661621094
2025-12-31 12:30:00-05:00,188.91600036621094,189.02000427246094,188.5,188.97000122070312
2025-12-31 13:30:00-05:00,188.96499633789062,189.05499267578125,188.00999450683594,188.0449981689453
2025-12-31 14:30:00-05:00,188.0500030517578,188.0998992919922,187.08999633789062,187.13499450683594
2025-12-31 15:30:00-05:00,187.13999938964844,187.47000122070312,186.49000549316406,186.49000549316406
2026-01-02 09:30:00-05:00,190.0,192.92990112304688,189.7301025390625,190.58900451660156
2026-01-02 10:30:00-05:00,190.57000732421875,191.73500061035156,188.2899932861328,189.59939575195312
2026-01-02 11:30:00-05:00,189.60000610351562,190.06500244140625,189.0800018310547,189.47999572753906
2026-01-02 12:30:00-05:00,189.5,189.94000244140625,189.16000366210938,189.3616943359375
2026-01-02 13:30:00-05:00,189.3699951171875,189.6999969482422,188.25999450683594,189.20570373535156
2026-01-02 14:30:00-05:00,189.2050018310547,189.6199951171875,188.5500030517578,188.9550018310547
2026-01-02 15:30:00-05:00,188.9499969482422,189.0399932861328,188.47999572753906,188.80990600585938
2026-01-05 09:30:00-05:00,191.71499633789062,193.6300048828125,189.38999938964844,190.0749969482422
2026-01-05 10:30:00-05:00,190.07000732421875,190.88999938964844,189.25999450683594,190.19000244140625
2026-01-05 11:30:00-05:00,190.18499755859375,190.49000549316406,187.07000732421875,187.6199951171875
2026-01-05 12:30:00-05:00,187.61000061035156,188.10000610351562,186.9949951171875,187.78500366210938
2026-01-05 13:30:00-05:00,187.77999877929688,188.24000549316406,186.3800048828125,186.64320373535156
2026-01-05 14:30:00-05:00,186.64999389648438,187.57000732421875,186.14999389648438,187.47000122070312
2026-01-05 15:30:00-05:00,187.47000122070312,188.16000366210938,187.27999877929688,188.11000061035156
2026-01-06 09:30:00-05:00,190.42999267578125,192.1739959716797,189.1300048828125,191.39999389648438
2026-01-06 10:30:00-05:00,191.3896026611328,191.52499389648438,187.8699951171875,188.58999633789062
2026-01-06 11:30:00-05:00,188.58999633789062,190.02999877929688,188.39500427246094,189.03990173339844
2026-01-06 12:30:00-05:00,189.0399932861328,189.6999969482422,188.27000427246094,188.2899932861328
2026-01-06 13:30:00-05:00,188.17999267578125,188.3000030517578,187.52000427246094,187.9600067138672
2026-01-06 14:30:00-05:00,188.0500030517578,188.27999877929688,186.87010192871094,186.94000244140625
2026-01-06 15:30:00-05:00,186.94000244140625,187.64999389648438,186.82000732421875,187.25
2026-01-07 09:30:00-05:00,188.57000732421875,191.36000061035156,186.55999755859375,191.01499938964844
2026-01-07 10:30:00-05:00,191.02000427246094,191.0709991455078,188.47000122070312,189.5800018310547
2026-01-07 11:30:00-05:00,189.57000732421875,190.60000610351562,189.46499633789062,190.0030059814453
2026-01-07 12:30:00-05:00,190.0050048828125,190.2100067138672,189.5800018310547,189.625
2026-01-07 13:30:00-05:00,189.625,190.0,189.1999969482422,189.2801055908203
2026-01-07 14:30:00-05:00,189.28500366210938,189.77999877929688,188.75,188.99000549316406
2026-01-07 15:30:00-05:00,188.97999572753906,189.25999450683594,188.77499389648438,189.25
2026-01-08 09:30:00-05:00,189.0,189.3800048828125,184.66009521484375,186.10000610351562
2026-01-08 10:30:00-05:00,186.0800018310547,186.9499969482422,184.6199951171875,184.8800048828125
2026-01-08 11:30:00-05:00,184.8699951171875,185.44500732421875,184.05999755859375,184.25579833984375
2026-01-08 12:30:00-05:00,184.2550048828125,184.8800048828125,183.8300018310547,184.75
2026-01-08 13:30:00-05:00,184.74000549316406,184.88999938964844,183.7100067138672,184.14999389648438
2026-01-08 14:30:00-05:00,184.15499877929688,185.27000427246094,184.13999938964844,185.18649291992188
2026-01-08 15:30:00-05:00,185.2100067138672,185.33999633789062,184.64999389648438,185.1300048828125
2026-01-09 09:30:00-05:00,185.05499267578125,185.82000732421875,183.67010498046875,184.96200561523438
2026-01-09 10:30:00-05:00,184.99000549316406,185.61000061035156,184.30999755859375,185.30999755859375
2026-01-09 11:30:00-05:00,185.30499267578125,185.6999969482422,184.69000244140625,184.9541015625
2026-01-09 12:30:00-05:00,184.9499969482422,185.22999572753906,184.63999938964844,185.18499755859375
2026-01-09 13:30:00-05:00,185.18499755859375,186.33999633789062,185.0800018310547,185.88009643554688
2026-01-09 14:30:00-05:00,185.88499450683594,186.0800018310547,185.50999450683594,185.55499267578125
2026-01-09 15:30:00-05:00,185.5500030517578,185.63999938964844,184.80999755859375,184.85000610351562
2026-01-12 09:30:00-05:00,183.19000244140625,186.1999969482422,183.1199951171875,184.6199951171875
2026-01-12 10:30:00-05:00,184.61549377441406,185.28500366210938,183.72999572753906,185.23989868164062
2026-01-12 11:30:00-05:00,185.23500061035156,186.89500427246094,184.63999938964844,186.28500366210938
2026-01-12 12:30:00-05:00,186.27999877929688,186.8800048828125,185.8000030517578,186.7801055908203
2026-01-12 13:30:00-05:00,186.77999877929688,187.1199951171875,186.51499938964844,186.99000549316406
2026-01-12 14:30:00-05:00,186.99240112304688,187.0,185.92010498046875,186.00999450683594
2026-01-12 15:30:00-05:00,186.0050048828125,186.03750610351562,184.5500030517578,184.89999389648438
2026-01-13 09:30:00-05:00,184.30999755859375,184.97999572753906,183.6313018798828,183.91749572753906
2026-01-13 10:30:00-05:00,183.91000366210938,185.8000030517578,183.41000366210938,185.22999572753906
2026-01-13 11:30:00-05:00,185.24000549316406,188.10989379882812,185.08999633789062,186.39999389648438
2026-01-13 12:30:00-05:00,186.39999389648438,186.5865020751953,184.58999633789062,185.0699005126953
2026-01-13 13:30:00-05:00,185.07000732421875,185.1699981689453,184.42999267578125,184.78990173339844
2026-01-13 14:30:00-05:00,184.77999877929688,184.8800048828125,184.21499633789062,184.72000122070312
2026-01-13 15:30:00-05:00,184.7227020263672,185.85000610351562,184.50010681152344,185.82000732421875
2026-01-14 09:30:00-05:00,184.3300018310547,184.4499969482422,180.91000366210938,181.6750030517578
2026-01-14 10:30:00-05:00,181.65460205078125,182.6300048828125,181.23500061035156,181.98500061035156
2026-01-14 11:30:00-05:00,181.99169921875,182.1300048828125,181.3625030517578,182.10000610351562
2026-01-14 12:30:00-05:00,182.08999633789062,182.32000732421875,181.5449981689453,182.22000122070312
2026-01-14 13:30:00-05:00,182.22000122070312,182.25,181.5500946044922,181.82000732421875
2026-01-14 14:30:00-05:00,181.83999633789062,182.61000061035156,180.8300018310547,182.14999389648438
2026-01-14 15:30:00-05:00,182.14999389648438,183.3300018310547,182.07000732421875,183.1699981689453
2026-01-15 09:30:00-05:00,186.49000549316406,189.17999267578125,186.38499450683594,187.60000610351562
2026-01-15 10:30:00-05:00,187.60000610351562,188.5500030517578,186.83009338378906,187.5200958251953
2026-01-15 11:30:00-05:00,187.50999450683594,189.2899932861328,187.3300018310547,188.61349487304688
2026-01-15 12:30:00-05:00,188.6199951171875,189.24000549316406,188.14999389648438,189.2301025390625
2026-01-15 13:30:00-05:00,189.22999572753906,189.6999969482422,188.23500061035156,188.39500427246094
2026-01-15 14:30:00-05:00,188.38999938964844,189.38499450683594,187.17999267578125,187.4250030517578
2026-01-15 15:30:00-05:00,187.4199981689453,187.52999877929688,186.3300018310547,187.13999938964844
2026-01-16 09:30:00-05:00,188.9875030517578,190.44000244140625,187.62010192871094,187.63839721679688
2026-01-16 10:30:00-05:00,187.63009643554688,188.1696014404297,187.08999633789062,187.99000549316406
2026-01-16 11:30:00-05:00,187.98500061035156,188.375,187.6300048828125,188.02999877929688
2026-01-16 12:30:00-05:00,188.02000427246094,188.25,187.42999267578125,187.93499755859375
2026-01-16 13:30:00-05:00,187.94000244140625,188.4136962890625,187.64500427246094,187.69000244140625
2026-01-16 14:30:00-05:00,187.6800994873047,188.02499389648438,187.61500549316406,187.74000549316406
2026-01-16 15:30:00-05:00,187.74000549316406,187.86000061035156,186.0800018310547,186.22999572753906
2026-01-20 09:30:00-05:00,181.89999389648438,182.375,179.58999633789062,180.8000030517578
2026-01-20 10:30:00-05:00,180.77000427246094,181.85000610351562,179.81500244140625,180.3199005126953
2026-01-20 11:30:00-05:00,180.31500244140625,180.47999572753906,179.55999755859375,180.0198974609375
2026-01-20 12:30:00-05:00,180.00999450683594,180.08999633789062,179.27000427246094,179.52000427246094
2026-01-20 13:30:00-05:00,179.5,179.97999572753906,178.89999389648438,179.43499755859375
2026-01-20 14:30:00-05:00,179.41000366210938,179.63999938964844,178.35499572753906,178.4949951171875
2026-01-20 15:30:00-05:00,178.4949951171875,178.92999267578125,177.6199951171875,178.2100067138672
2026-01-21 09:30:00-05:00,179.55999755859375,180.96009826660156,178.47000122070312,180.80999755859375
2026-01-21 10:30:00-05:00,180.80999755859375,183.74000549316406,180.6999969482422,182.73550415039062
2026-01-21 11:30:00-05:00,182.72000122070312,182.75,179.35000610351562,179.43499755859375
2026-01-21 12:30:00-05:00,179.43499755859375,180.50999450683594,179.19500732421875,180.2449951171875
2026-01-21 13:30:00-05:00,180.26010131835938,183.08999633789062,180.14010620117188,182.97999572753906
2026-01-21 14:30:00-05:00,183.39500427246094,185.37899780273438,182.86000061035156,183.7899932861328
2026-01-21 15:30:00-05:00,183.77999877929688,184.72000122070312,183.05999755859375,183.33999633789062
2026-01-22 09:30:00-05:00,184.7449951171875,186.16000366210938,183.92999267578125,184.8699951171875
2026-01-22 10:30:00-05:00,184.8699951171875,185.8350067138672,184.47999572753906,185.73550415039062
2026-01-22 11:30:00-05:00,185.73399353027344,186.1699981689453,184.66000366210938,184.97500610351562
2026-01-22 12:30:00-05:00,185.08999633789062,185.23500061035156,184.4149932861328,184.72549438476562
2026-01-22 13:30:00-05:00,184.7100067138672,184.8800048828125,184.2805938720703,184.65499877929688
2026-01-22 14:30:00-05:00,184.64999389648438,184.86000061035156,184.08999633789062,184.11000061035156
2026-01-22 15:30:00-05:00,184.10000610351562,184.8699951171875,183.92999267578125,184.85000610351562
2026-01-23 09:30:00-05:00,188.52000427246094,189.44000244140625,186.82330322265625,187.65499877929688
2026-01-23 10:30:00-05:00,187.64500427246094,188.08999633789062,187.1300048828125,187.75999450683594
2026-01-23 11:30:00-05:00,187.75,188.1999969482422,187.19500732421875,187.74009704589844
2026-01-23 12:30:00-05:00,187.75,188.09500122070312,187.14500427246094,187.89500427246094
2026-01-23 13:30:00-05:00,187.80999755859375,188.41000366210938,187.51499938964844,187.8300018310547
2026-01-23 14:30:00-05:00,187.80999755859375,188.02999877929688,187.11000061035156,187.22999572753906
2026-01-23 15:30:00-05:00,187.22000122070312,187.9149932861328,187.13999938964844,187.6699981689453
2026-01-26 09:30:00-05:00,187.07000732421875,189.1199951171875,186.85000610351562,187.3459930419922
2026-01-26 10:30:00-05:00,187.33450317382812,187.61000061035156,186.00999450683594,186.80499267578125
2026-01-26 11:30:00-05:00,186.7899932861328,187.24000549316406,186.44000244140625,186.66000366210938
2026-01-26 12:30:00-05:00,186.63999938964844,186.7100067138672,185.99000549316406,186.42999267578125
2026-01-26 13:30:00-05:00,186.41000366210938,187.0800018310547,186.41000366210938,186.5749969482422
2026-01-26 14:30:00-05:00,186.56869506835938,186.67999267578125,186.0,186.44500732421875
2026-01-26 15:30:00-05:00,186.4499969482422,186.8000030517578,186.24000549316406,186.38999938964844
2026-01-27 09:30:00-05:00,187.24000549316406,189.5050048828125,185.6999969482422,188.91510009765625
2026-01-27 10:30:00-05:00,188.9199981689453,190.0,188.88999938964844,189.70579528808594
2026-01-27 11:30:00-05:00,189.7100067138672,190.0,189.41000366210938,189.68499755859375
2026-01-27 12:30:00-05:00,189.69000244140625,190.0,188.89999389648438,189.48500061035156
2026-01-27 13:30:00-05:00,189.49000549316406,189.77999877929688,189.0449981689453,189.125
2026-01-27 14:30:00-05:00,189.1300048828125,189.72000122070312,188.9499969482422,189.4250030517578
2026-01-27 15:30:00-05:00,189.4199981689453,189.42999267578125,188.47279357910156,188.5399932861328
2026-01-28 09:30:00-05:00,191.2899932861328,192.35000610351562,190.1300048828125,191.40499877929688
2026-01-28 10:30:00-05:00,191.40499877929688,192.03990173339844,190.72300720214844,191.77999877929688
2026-01-28 11:30:00-05:00,191.77000427246094,191.77000427246094,189.83999633789062,191.09579467773438
2026-01-28 12:30:00-05:00,191.0850067138672,191.78799438476562,190.8249969482422,191.72000122070312
2026-01-28 13:30:00-05:00,191.73500061035156,192.2100067138672,191.3800048828125,191.52000427246094
2026-01-28 14:30:00-05:00,191.50999450683594,192.32000732421875,190.90370178222656,191.6230010986328
2026-01-28 15:30:00-05:00,191.6199951171875,191.7899932861328,190.8699951171875,191.52999877929688
2026-01-29 09:30:00-05:00,191.33999633789062,193.47999572753906,188.2899932861328,188.92999267578125
2026-01-29 10:30:00-05:00,188.92999267578125,189.0,186.05999755859375,187.8350067138672
2026-01-29 11:30:00-05:00,187.8300018310547,189.83999633789062,187.69000244140625,189.5449981689453
2026-01-29 12:30:00-05:00,189.5399932861328,190.69000244140625,189.1699981689453,190.05499267578125
2026-01-29 13:30:00-05:00,190.05999755859375,190.77999877929688,189.7050018310547,190.36000061035156
2026-01-29 14:30:00-05:00,190.36000061035156,191.4499969482422,190.02000427246094,190.94500732421875
2026-01-29 15:30:00-05:00,190.93499755859375,192.77000427246094,190.86000061035156,192.42999267578125
2026-01-30 09:30:00-05:00,191.21499633789062,193.42999267578125,190.90960693359375,191.65499877929688
2026-01-30 10:30:00-05:00,191.64500427246094,194.49000549316406,191.22500610351562,192.231201171875
2026-01-30 11:30:00-05:00,192.2191925048828,193.07000732421875,191.5800018310547,192.8300018310547
2026-01-30 12:30:00-05:00,192.8350067138672,193.02999877929688,190.49000549316406,191.27000427246094
2026-01-30 13:30:00-05:00,191.27999877929688,191.9199981689453,190.52000427246094,191.47000122070312
2026-01-30 14:30:00-05:00,191.47000122070312,191.69500732421875,189.47000122070312,189.84500122070312
2026-01-30 15:30:00-05:00,189.83999633789062,191.74000549316406,189.7899932861328,191.28500366210938
2026-02-02 09:30:00-05:00,187.1999969482422,189.1750030517578,186.4199981689453,188.58749389648438
2026-02-02 10:30:00-05:00,188.57000732421875,189.3800048828125,187.8699951171875,189.139892578125
2026-02-02 11:30:00-05:00,189.1300048828125,189.8249969482422,188.5050048828125,189.21009826660156
2026-02-02 12:30:00-05:00,189.21009826660156,190.3000030517578,189.11000061035156,189.73500061035156
2026-02-02 13:30:00-05:00,189.72999572753906,190.10000610351562,189.47000122070312,189.9199981689453
2026-02-02 14:30:00-05:00,189.9149932861328,189.9600067138672,186.08009338378906,186.1750030517578
2026-02-02 15:30:00-05:00,186.18499755859375,186.30999755859375,184.8800048828125,185.69000244140625
2026-02-03 09:30:00-05:00,186.23500061035156,186.24000549316406,179.55999755859375,180.29989624023438
2026-02-03 10:30:00-05:00,180.27999877929688,180.9600067138672,179.0800018310547,179.10000610351562
2026-02-03 11:30:00-05:00,179.09010314941406,180.49000549316406,179.09010314941406,180.00010681152344
2026-02-03 12:30:00-05:00,180.0,180.0749969482422,178.64999389648438,179.1584930419922
2026-02-03 13:30:00-05:00,179.14500427246094,179.52000427246094,178.0500030517578,178.69500732421875
2026-02-03 14:30:00-05:00,178.6750030517578,179.02000427246094,176.22999572753906,178.69700622558594
2026-02-03 15:30:00-05:00,178.69509887695312,180.48500061035156,178.67999267578125,180.3300018310547
2026-02-04 09:30:00-05:00,179.44000244140625,179.57000732421875,176.6199951171875,177.19520568847656
2026-02-04 10:30:00-05:00,177.1999969482422,177.55999755859375,174.4842071533203,175.25
2026-02-04 11:30:00-05:00,175.24000549316406,175.3000030517578,173.27000427246094,173.35000610351562
2026-02-04 12:30:00-05:00,173.33999633789062,174.32000732421875,171.91000366210938,174.12660217285156
2026-02-04 13:30:00-05:00,174.13999938964844,175.00999450683594,172.89999389648438,174.94009399414062
2026-02-04 14:30:00-05:00,174.92999267578125,176.13999938964844,174.25,175.27099609375
2026-02-04 15:30:00-05:00,175.27110290527344,175.88999938964844,174.19500732421875,174.1999969482422
2026-02-05 09:30:00-05:00,174.9250030517578,176.80999755859375,171.30999755859375,171.5850067138672
2026-02-05 10:30:00-05:00,171.5800018310547,174.25999450683594,171.44000244140625,174.2550048828125
2026-02-05 11:30:00-05:00,174.27000427246094,175.77479553222656,174.17999267578125,175.28500366210938
2026-02-05 12:30:00-05:00,175.29989624023438,175.6999969482422,174.02000427246094,174.3300018310547
2026-02-05 13:30:00-05:00,174.30999755859375,174.74000549316406,172.89999389648438,173.6699981689453
2026-02-05 14:30:00-05:00,173.65499877929688,174.22000122070312,172.1699981689453,172.26010131835938
2026-02-05 15:30:00-05:00,172.25,172.5,171.02999877929688,171.82000732421875
2026-02-06 09:30:00-05:00,176.69000244140625,182.88499450683594,174.60000610351562,182.64999389648438
2026-02-06 10:30:00-05:00,182.6425018310547,184.2899932861328,181.8000030517578,183.97999572753906
2026-02-06 11:30:00-05:00,183.97999572753906,184.64500427246094,182.91000366210938,184.5312042236328
2026-02-06 12:30:00-05:00,184.52000427246094,185.1699981689453,184.2100067138672,184.5102996826172
2026-02-06 13:30:00-05:00,184.5135040283203,185.02000427246094,184.13499450683594,184.44500732421875
2026-02-06 14:30:00-05:00,184.4499969482422,185.58999633789062,184.3000030517578,185.3350067138672
2026-02-06 15:30:00-05:00,185.3300018310547,187.0,185.1999969482422,185.41000366210938
2026-02-09 09:30:00-05:00,184.10000610351562,193.66000366210938,184.0,190.66000366210938
2026-02-09 10:30:00-05:00,190.6999969482422,192.14999389648438,190.6999969482422,191.8249969482422
2026-02-09 11:30:00-05:00,191.80999755859375,192.52000427246094,191.30499267578125,191.58999633789062
2026-02-09 12:30:00-05:00,191.58999633789062,192.05990600585938,190.77999877929688,190.9929962158203
2026-02-09 13:30:00-05:00,190.985107421875,191.5,190.63999938964844,191.00999450683594
2026-02-09 14:30:00-05:00,191.0050048828125,198.72500610351562,189.6300048828125,189.89999389648438
2026-02-09 15:30:00-05:00,189.88999938964844,190.5,189.53500366210938,189.7899932861328
2026-02-10 09:30:00-05:00,191.40499877929688,192.47999572753906,188.1199951171875,189.17320251464844
2026-02-10 10:30:00-05:00,189.16000366210938,190.3300018310547,188.84500122070312,189.12010192871094
2026-02-10 11:30:00-05:00,189.1199951171875,190.16000366210938,188.91000366210938,189.69000244140625
2026-02-10 12:30:00-05:00,189.67999267578125,190.44000244140625,189.19000244140625,189.2449951171875
2026-02-10 13:30:00-05:00,189.24000549316406,189.60000610351562,189.07000732421875,189.21499633789062
2026-02-10 14:30:00-05:00,189.22000122070312,189.55499267578125,188.4199981689453,189.10000610351562
2026-02-10 15:30:00-05:00,189.10000610351562,189.42999267578125,188.3800048828125,188.61000061035156
2026-02-11 09:30:00-05:00,192.4199981689453,193.25999450683594,188.77000427246094,188.9199981689453
2026-02-11 10:30:00-05:00,188.9250030517578,192.18499755859375,188.8699951171875,191.289794921875
2026-02-11 11:30:00-05:00,191.27999877929688,192.10499572753906,190.3699951171875,191.98500061035156
2026-02-11 12:30:00-05:00,191.97999572753906,192.27999877929688,191.10000610351562,191.43099975585938
2026-02-11 13:30:00-05:00,191.44000244140625,192.2100067138672,190.97000122070312,192.0449981689453
2026-02-11 14:30:00-05:00,192.0399932861328,192.15499877929688,190.9550018310547,191.05999755859375
2026-02-11 15:30:00-05:00,191.0500030517578,191.36000061035156,189.9600067138672,190.02999877929688
2026-02-12 09:30:00-05:00,193.02999877929688,193.60000610351562,190.52000427246094,191.69000244140625
2026-02-12 10:30:00-05:00,191.70069885253906,191.8199005126953,187.24000549316406,187.30499267578125
2026-02-12 11:30:00-05:00,187.32000732421875,189.97999572753906,187.22999572753906,189.5749969482422
2026-02-12 12:30:00-05:00,189.55999755859375,190.52999877929688,188.5399932861328,189.25
2026-02-12 13:30:00-05:00,189.25,190.0,188.9199981689453,189.0500030517578
2026-02-12 14:30:00-05:00,189.07000732421875,189.47999572753906,187.50999450683594,187.60000610351562
2026-02-12 15:30:00-05:00,187.58999633789062,187.97999572753906,186.50999450683594,186.91000366210938
2026-02-13 09:30:00-05:00,187.46499633789062,187.47000122070312,182.17999267578125,184.0800018310547
2026-02-13 10:30:00-05:00,184.05999755859375,185.17999267578125,182.30130004882812,183.59500122070312
2026-02-13 11:30:00-05:00,183.58999633789062,184.7100067138672,183.0850067138672,184.5500030517578
2026-02-13 12:30:00-05:00,184.55999755859375,184.97999572753906,183.4600067138672,184.22000122070312
2026-02-13 13:30:00-05:00,184.24000549316406,184.86000061035156,183.55999755859375,183.69000244140625
2026-02-13 14:30:00-05:00,183.72000122070312,184.27999877929688,182.0500030517578,182.30589294433594
2026-02-13 15:30:00-05:00,182.2949981689453,183.1199951171875,181.58999633789062,182.78500366210938
2026-02-17 09:30:00-05:00,181.72000122070312,183.4199981689453,179.17999267578125,180.41000366210938
2026-02-17 10:30:00-05:00,180.39999389648438,184.3699951171875,179.27000427246094,183.5800018310547
2026-02-17 11:30:00-05:00,183.57000732421875,184.75,183.19000244140625,184.7050018310547
2026-02-17 12:30:00-05:00,184.7449951171875,185.5,183.6199951171875,185.35000610351562
2026-02-17 13:30:00-05:00,185.36000061035156,186.4499053955078,185.0,186.41700744628906
2026-02-17 14:30:00-05:00,186.42999267578125,187.14999389648438,185.3300018310547,185.4250030517578
2026-02-17 15:30:00-05:00,185.3800048828125,185.5,184.36000061035156,184.97999572753906
2026-02-18 09:30:00-05:00,188.75,190.2299041748047,187.35000610351562,189.77569580078125
2026-02-18 10:30:00-05:00,189.77000427246094,190.3699951171875,189.25,189.77499389648438
2026-02-18 11:30:00-05:00,189.77000427246094,189.9550018310547,188.66000366210938,189.139892578125
2026-02-18 12:30:00-05:00,189.139892578125,189.69500732421875,188.89500427246094,188.94000244140625
2026-02-18 13:30:00-05:00,188.94000244140625,189.12989807128906,188.1999969482422,188.56419372558594
2026-02-18 14:30:00-05:00,188.55499267578125,188.6699981689453,186.75999450683594,186.97000122070312
2026-02-18 15:30:00-05:00,186.9600067138672,188.5,186.91000366210938,187.88999938964844
2026-02-19 09:30:00-05:00,187.02999877929688,188.2899932861328,185.66000366210938,187.6190948486328
2026-02-19 10:30:00-05:00,187.61000061035156,188.42999267578125,186.9199981689453,187.30999755859375
2026-02-19 11:30:00-05:00,187.3300018310547,187.7899932861328,186.39999389648438,186.6300048828125
2026-02-19 12:30:00-05:00,186.6199951171875,186.6750030517578,185.7899932861328,186.19940185546875
2026-02-19 13:30:00-05:00,186.17999267578125,187.05999755859375,186.15939331054688,186.52999877929688
2026-02-19 14:30:00-05:00,186.52149963378906,187.06500244140625,186.3625946044922,186.79510498046875
2026-02-19 15:30:00-05:00,186.7899932861328,187.93899536132812,186.72000122070312,187.88999938964844
2026-02-20 09:30:00-05:00,186.52000427246094,189.33999633789062,185.93780517578125,187.81500244140625
2026-02-20 10:30:00-05:00,187.83999633789062,190.3300018310547,187.51499938964844,188.7949981689453
2026-02-20 11:30:00-05:00,188.7949981689453,190.1999969482422,187.6300048828125,187.94000244140625
2026-02-20 12:30:00-05:00,187.93499755859375,188.97999572753906,187.86000061035156,188.67999267578125
2026-02-20 13:30:00-05:00,188.6999969482422,190.08999633789062,188.3300018310547,189.36500549316406
2026-02-20 14:30:00-05:00,189.36000061035156,189.88999938964844,188.94000244140625,189.4199981689453
2026-02-20 15:30:00-05:00,189.42999267578125,190.0,189.3699951171875,189.8300018310547
2026-02-23 09:30:00-05:00,191.44500732421875,193.9499969482422,190.9199981689453,191.32000732421875
2026-02-23 10:30:00-05:00,191.3300018310547,191.6696014404297,189.5749969482422,190.49659729003906
2026-02-23 11:30:00-05:00,190.49000549316406,191.32000732421875,190.42230224609375,190.9499969482422
2026-02-23 12:30:00-05:00,190.94000244140625,191.74000549316406,189.72500610351562,191.4600067138672
2026-02-23 13:30:00-05:00,191.45590209960938,191.75,190.57000732421875,190.5800018310547
2026-02-23 14:30:00-05:00,190.57000732421875,190.9499969482422,190.19000244140625,190.88999938964844
2026-02-23 15:30:00-05:00,190.88999938964844,191.64999389648438,190.64999389648438,191.61000061035156
2026-02-24 09:30:00-05:00,191.48500061035156,192.07000732421875,187.39999389648438,192.00999450683594
2026-02-24 10:30:00-05:00,192.0,193.25,191.71499633789062,192.14999389648438
2026-02-24 11:30:00-05:00,192.1501007080078,193.75,191.8800048828125,193.23500061035156
2026-02-24 12:30:00-05:00,193.23989868164062,193.60000610351562,192.8800048828125,192.94009399414062
2026-02-24 13:30:00-05:00,192.94500732421875,193.08999633789062,192.16000366210938,192.42999267578125
2026-02-24 14:30:00-05:00,192.43499755859375,193.0500030517578,192.4001007080078,192.78500366210938
2026-02-24 15:30:00-05:00,192.7899932861328,193.77000427246094,192.66000366210938,192.8699951171875
2026-02-25 09:30:00-05:00,194.47000122070312,196.55999755859375,193.8000030517578,196.04510498046875
2026-02-25 10:30:00-05:00,196.04010009765625,196.6199951171875,195.5,196.33999633789062
2026-02-25 11:30:00-05:00,196.3300018310547,197.62989807128906,196.3300018310547,197.36000061035156
2026-02-25 12:30:00-05:00,197.35009765625,197.52999877929688,196.60499572753906,196.7299041748047
2026-02-25 13:30:00-05:00,196.72500610351562,197.4499969482422,196.4810028076172,197.0998992919922
2026-02-25 14:30:00-05:00,197.08900451660156,197.3699951171875,196.67999267578125,196.89500427246094
2026-02-25 15:30:00-05:00,196.88999938964844,197.2100067138672,195.52000427246094,195.8800048828125
2026-02-26 09:30:00-05:00,194.2100067138672,194.2100067138672,185.5800018310547,186.09500122070312
2026-02-26 10:30:00-05:00,186.10000610351562,187.93980407714844,184.5800018310547,187.8249969482422
2026-02-26 11:30:00-05:00,187.77999877929688,187.97000122070312,185.85000610351562,187.5749969482422
2026-02-26 12:30:00-05:00,187.57000732421875,188.1199951171875,184.86000061035156,185.35499572753906
2026-02-26 13:30:00-05:00,185.34500122070312,186.6999969482422,184.822998046875,185.29989624023438
2026-02-26 14:30:00-05:00,185.2949981689453,185.82000732421875,184.31500244140625,184.6898956298828
2026-02-26 15:30:00-05:00,184.67999267578125,185.5500030517578,184.33999633789062,184.89999389648438
2026-02-27 09:30:00-05:00,181.22000122070312,182.5800018310547,179.57000732421875,181.8350067138672
2026-02-27 10:30:00-05:00,181.83999633789062,182.25,181.0,181.02000427246094
2026-02-27 11:30:00-05:00,181.02999877929688,181.4600067138672,179.0500030517578,179.9149932861328
2026-02-27 12:30:00-05:00,179.9250030517578,180.2899932861328,178.64999389648438,178.97000122070312
2026-02-27 13:30:00-05:00,178.97889709472656,179.30999755859375,178.10000610351562,178.6649932861328
2026-02-27 14:30:00-05:00,178.6699981689453,179.6999969482422,178.4199981689453,178.89999389648438
2026-02-27 15:30:00-05:00,178.88999938964844,178.98500061035156,176.3800048828125,177.16000366210938
2026-03-02 09:30:00-05:00,174.8000030517578,181.3800048828125,174.63999938964844,180.5
2026-03-02 10:30:00-05:00,180.49000549316406,181.80999755859375,180.00999450683594,180.9199981689453
2026-03-02 11:30:00-05:00,180.93499755859375,183.4600067138672,180.83999633789062,183.05999755859375
2026-03-02 12:30:00-05:00,183.05499267578125,183.05599975585938,182.2100067138672,182.44509887695312
2026-03-02 13:30:00-05:00,182.4499969482422,182.91000366210938,181.9499969482422,182.64500427246094
2026-03-02 14:30:00-05:00,182.64500427246094,183.0500030517578,181.64500427246094,182.14999389648438
2026-03-02 15:30:00-05:00,182.1699981689453,182.8300018310547,181.99000549316406,182.36000061035156
2026-03-03 09:30:00-05:00,178.4774932861328,180.52999877929688,177.72000122070312,177.77000427246094
2026-03-03 10:30:00-05:00,177.75999450683594,180.0050048828125,176.9199981689453,179.31500244140625
2026-03-03 11:30:00-05:00,179.31500244140625,180.64999389648438,178.94000244140625,180.10499572753906
2026-03-03 12:30:00-05:00,180.10000610351562,180.39999389648438,178.97999572753906,180.14999389648438
2026-03-03 13:30:00-05:00,180.1699981689453,180.89999389648438,179.44000244140625,179.5500030517578
2026-03-03 14:30:00-05:00,179.55999755859375,180.8699951171875,179.14999389648438,180.2050018310547
2026-03-03 15:30:00-05:00,180.1999969482422,180.56500244140625,179.89999389648438,179.99000549316406
2026-03-04 09:30:00-05:00,180.3699951171875,183.5500030517578,180.05999755859375,183.47000122070312
2026-03-04 10:30:00-05:00,183.47999572753906,183.63999938964844,181.8000030517578,182.39999389648438
2026-03-04 11:30:00-05:00,182.39999389648438,183.14500427246094,182.32080078125,182.48500061035156
2026-03-04 12:30:00-05:00,182.49000549316406,183.36000061035156,182.19000244140625,183.04989624023438
2026-03-04 13:30:00-05:00,183.0399932861328,184.6999969482422,182.97999572753906,184.30499267578125
2026-03-04 14:30:00-05:00,184.30499267578125,184.33999633789062,182.60000610351562,183.07000732421875
2026-03-04 15:30:00-05:00,183.0749969482422,183.33999633789062,182.60000610351562,182.89999389648438
2026-03-05 09:30:00-05:00,181.1699981689453,182.7899932861328,180.80999755859375,181.69500732421875
2026-03-05 10:30:00-05:00,181.6999969482422,184.05999755859375,180.85499572753906,182.77999877929688
2026-03-05 11:30:00-05:00,182.8000030517578,183.8300018310547,181.07000732421875,181.07000732421875
2026-03-05 12:30:00-05:00,181.07000732421875,181.22000122070312,177.88999938964844,178.87989807128906
2026-03-05 13:30:00-05:00,178.8699951171875,181.02000427246094,178.8000030517578,180.72999572753906
2026-03-05 14:30:00-05:00,180.72999572753906,182.38999938964844,179.88999938964844,181.875
2026-03-05 15:30:00-05:00,181.8800048828125,183.4199981689453,181.70010375976562,183.3300018310547
2026-03-06 09:30:00-05:00,179.83999633789062,182.756103515625,179.63999938964844,181.82009887695312
2026-03-06 10:30:00-05:00,181.82000732421875,182.40499877929688,180.89999389648438,181.7100067138672
2026-03-06 11:30:00-05:00,181.718505859375,182.49000549316406,181.02999877929688,181.13999938964844
2026-03-06 12:30:00-05:00,181.13999938964844,181.8249969482422,180.52000427246094,181.46009826660156
2026-03-06 13:30:00-05:00,181.4499969482422,181.7698974609375,180.19000244140625,180.52999877929688
2026-03-06 14:30:00-05:00,180.52000427246094,180.77000427246094,176.9499969482422,177.1300048828125
2026-03-06 15:30:00-05:00,177.13999938964844,178.37989807128906,176.82009887695312,177.72999572753906
2026-03-09 09:30:00-04:00,176.8300018310547,178.50999450683594,175.55999755859375,178.11000061035156
2026-03-09 10:30:00-04:00,178.08999633789062,179.47999572753906,177.99000549316406,179.18499755859375
2026-03-09 11:30:00-04:00,179.16000366210938,180.62730407714844,178.8000030517578,180.49000549316406
2026-03-09 12:30:00-04:00,180.49000549316406,180.91000366210938,179.17999267578125,179.38999938964844
2026-03-09 13:30:00-04:00,179.39999389648438,180.22000122070312,179.02000427246094,179.91000366210938
2026-03-09 14:30:00-04:00,179.89999389648438,182.07000732421875,179.2899932861328,182.02609252929688
2026-03-09 15:30:00-04:00,182.02999877929688,182.91000366210938,181.4499969482422,182.67999267578125
2026-03-10 09:30:00-04:00,182.39999389648438,184.22500610351562,182.01010131835938,184.0449981689453
2026-03-10 10:30:00-04:00,184.0399932861328,186.44000244140625,184.00999450683594,185.9499969482422
2026-03-10 11:30:00-04:00,185.97000122070312,186.1199951171875,185.04969787597656,185.3076934814453
2026-03-10 12:30:00-04:00,185.32000732421875,186.22500610351562,185.22999572753906,186.13499450683594
2026-03-10 13:30:00-04:00,186.1300048828125,186.1300048828125,184.10000610351562,184.889892578125
2026-03-10 14:30:00-04:00,184.88999938964844,185.27000427246094,184.02000427246094,184.39999389648438
2026-03-10 15:30:00-04:00,184.39999389648438,184.83999633789062,183.25,184.75999450683594
2026-03-11 09:30:00-04:00,185.9199981689453,187.6199951171875,184.94000244140625,186.91000366210938
2026-03-11 10:30:00-04:00,186.89010620117188,186.94000244140625,185.06080627441406,185.0749969482422
2026-03-11 11:30:00-04:00,185.0760955810547,185.80650329589844,184.83999633789062,185.55499267578125
2026-03-11 12:30:00-04:00,185.5500030517578,186.0699005126953,185.25,185.61000061035156
2026-03-11 13:30:00-04:00,185.6199951171875,185.6999969482422,184.45010375976562,185.1540069580078
2026-03-11 14:30:00-04:00,185.16000366210938,185.74000549316406,185.02000427246094,185.36000061035156
2026-03-11 15:30:00-04:00,185.36990356445312,186.0399932861328,185.22999572753906,186.00999450683594
2026-03-12 09:30:00-04:00,184.0500030517578,184.86000061035156,182.0500030517578,182.0850067138672
2026-03-12 10:30:00-04:00,182.0850067138672,182.9600067138672,181.75,182.8800048828125
2026-03-12 11:30:00-04:00,182.8699951171875,184.94000244140625,182.7700958251953,184.25999450683594
2026-03-12 12:30:00-04:00,184.25999450683594,184.72000122070312,183.53500366210938,183.75999450683594
2026-03-12 13:30:00-04:00,183.77000427246094,184.19000244140625,183.1699981689453,183.55499267578125
2026-03-12 14:30:00-04:00,183.5399932861328,183.6199951171875,182.77999877929688,183.44000244140625
2026-03-12 15:30:00-04:00,183.43499755859375,183.6699981689453,182.7200927734375,183.00999450683594
2026-03-13 09:30:00-04:00,184.91000366210938,186.08999633789062,183.61000061035156,183.92210388183594
2026-03-13 10:30:00-04:00,183.9250030517578,184.25,181.66000366210938,181.88340759277344
2026-03-13 11:30:00-04:00,181.88999938964844,182.25,180.72000122070312,181.13999938964844
2026-03-13 12:30:00-04:00,181.13499450683594,181.75999450683594,180.92999267578125,181.5399932861328
2026-03-13 13:30:00-04:00,181.5399932861328,181.58920288085938,180.00999450683594,180.5449981689453
2026-03-13 14:30:00-04:00,180.5399932861328,181.13999938964844,180.27999877929688,180.6999969482422
2026-03-13 15:30:00-04:00,180.7100067138672,180.8249969482422,179.94000244140625,180.26499938964844
2026-03-16 09:30:00-04:00,182.97000122070312,185.0500030517578,182.87440490722656,184.07000732421875
2026-03-16 10:30:00-04:00,184.07000732421875,184.9199981689453,183.30499267578125,184.72779846191406
2026-03-16 11:30:00-04:00,184.72000122070312,184.94000244140625,183.6300048828125,183.89500427246094
2026-03-16 12:30:00-04:00,183.90499877929688,185.05999755859375,183.78500366210938,184.76010131835938
2026-03-16 13:30:00-04:00,184.77000427246094,185.52999877929688,184.27000427246094,184.93499755859375
2026-03-16 14:30:00-04:00,184.9398956298828,188.8699951171875,181.67999267578125,181.83380126953125
2026-03-16 15:30:00-04:00,181.85000610351562,183.65499877929688,181.41000366210938,183.1300048828125
2026-03-17 09:30:00-04:00,185.0500030517578,185.39999389648438,181.89999389648438,183.08999633789062
2026-03-17 10:30:00-04:00,183.0800018310547,183.41000366210938,182.24029541015625,182.43499755859375
2026-03-17 11:30:00-04:00,182.43499755859375,183.10000610351562,181.68040466308594,182.69830322265625
2026-03-17 12:30:00-04:00,182.6999969482422,182.9499969482422,181.8699951171875,182.41000366210938
2026-03-17 13:30:00-04:00,182.41000366210938,183.47000122070312,182.39999389648438,183.0399932861328
2026-03-17 14:30:00-04:00,183.02999877929688,183.15989685058594,182.05999755859375,182.64010620117188
2026-03-17 15:30:00-04:00,182.63009643554688,182.92999267578125,181.80999755859375,181.9600067138672
2026-03-18 09:30:00-04:00,182.49000549316406,183.3800048828125,180.72999572753906,182.2794952392578
2026-03-18 10:30:00-04:00,182.2805938720703,183.23500061035156,181.83999633789062,182.5399932861328
2026-03-18 11:30:00-04:00,182.5399932861328,182.85000610351562,182.32000732421875,182.74000549316406
2026-03-18 12:30:00-04:00,182.74000549316406,182.7550048828125,181.8300018310547,182.07000732421875
2026-03-18 13:30:00-04:00,182.07000732421875,183.14999389648438,181.82000732421875,182.31500244140625
2026-03-18 14:30:00-04:00,182.30999755859375,182.39500427246094,180.8800048828125,181.2449951171875
2026-03-18 15:30:00-04:00,181.22999572753906,181.38499450683594,180.3300018310547,180.35000610351562
2026-03-19 09:30:00-04:00,178.00999450683594,178.39930725097656,175.78500366210938,177.58999633789062
2026-03-19 10:30:00-04:00,177.58999633789062,179.0500030517578,177.55499267578125,178.23219299316406
2026-03-19 11:30:00-04:00,178.24000549316406,178.94000244140625,177.6649932861328,178.78500366210938
2026-03-19 12:30:00-04:00,178.7899932861328,178.89999389648438,177.55999755859375,178.5449981689453
2026-03-19 13:30:00-04:00,178.5399932861328,179.24000549316406,177.97000122070312,178.9698944091797
2026-03-19 14:30:00-04:00,178.97999572753906,179.97999572753906,178.08999633789062,179.13499450683594
2026-03-19 15:30:00-04:00,179.1300048828125,179.14990234375,177.91000366210938,178.5
2026-03-20 09:30:00-04:00,178.0,178.25999450683594,175.42999267578125,175.73500061035156
2026-03-20 10:30:00-04:00,175.75,176.25,175.0,175.69500732421875
2026-03-20 11:30:00-04:00,175.6999969482422,176.4499969482422,175.55999755859375,175.98849487304688
2026-03-20 12:30:00-04:00,175.98500061035156,175.98500061035156,175.02999877929688,175.07000732421875
2026-03-20 13:30:00-04:00,175.06500244140625,175.08999633789062,173.9600067138672,174.26010131835938
2026-03-20 14:30:00-04:00,174.26499938964844,174.33999633789062,172.37010192871094,172.42999267578125
2026-03-20 15:30:00-04:00,172.4250030517578,173.0399932861328,171.72500610351562,173.0
2026-03-23 09:30:00-04:00,177.25,178.2279052734375,175.87010192871094,177.875
2026-03-23 10:30:00-04:00,177.86500549316406,178.3699951171875,177.22999572753906,177.5800018310547
2026-03-23 11:30:00-04:00,177.58999633789062,177.77000427246094,174.75999450683594,174.80999755859375
2026-03-23 12:30:00-04:00,174.81500244140625,175.88999938964844,174.80349731445312,175.2949981689453
2026-03-23 13:30:00-04:00,175.27999877929688,176.41000366210938,175.27999877929688,176.10499572753906
2026-03-23 14:30:00-04:00,176.10000610351562,176.9600067138672,176.08999633789062,176.22999572753906
2026-03-23 15:30:00-04:00,176.22500610351562,176.6999969482422,175.5,175.50999450683594
2026-03-24 09:30:00-04:00,174.76199340820312,175.89990234375,173.97999572753906,174.25
2026-03-24 10:30:00-04:00,174.2550048828125,176.16000366210938,174.13499450683594,175.61500549316406
2026-03-24 11:30:00-04:00,175.61000061035156,175.89939880371094,174.9199981689453,175.3249969482422
2026-03-24 12:30:00-04:00,175.3300018310547,175.47999572753906,174.38499450683594,174.70730590820312
2026-03-24 13:30:00-04:00,174.6999969482422,175.60000610351562,174.41990661621094,175.4250030517578
2026-03-24 14:30:00-04:00,175.42999267578125,176.22000122070312,175.3000030517578,175.51499938964844
2026-03-24 15:30:00-04:00,175.51780700683594,175.6199951171875,174.86000061035156,175.30999755859375
2026-03-25 09:30:00-04:00,177.10000610351562,180.30999755859375,176.86000061035156,180.05999755859375
2026-03-25 10:30:00-04:00,180.0500030517578,181.21499633789062,179.1999969482422,180.0
2026-03-25 11:30:00-04:00,179.9949951171875,180.05589294433594,178.73500061035156,179.1199951171875
2026-03-25 12:30:00-04:00,179.11000061035156,179.33970642089844,178.50999450683594,178.92999267578125
2026-03-25 13:30:00-04:00,178.94000244140625,179.57000732421875,178.66000366210938,179.02000427246094
2026-03-25 14:30:00-04:00,179.02000427246094,179.1999969482422,177.8300018310547,178.60000610351562
2026-03-25 15:30:00-04:00,178.59500122070312,179.1199951171875,178.25,178.6699981689453
2026-03-26 09:30:00-04:00,176.1699981689453,176.5,174.80990600585938,174.82000732421875
2026-03-26 10:30:00-04:00,174.81500244140625,175.15989685058594,173.0399932861328,174.07009887695312
2026-03-26 11:30:00-04:00,174.06500244140625,174.8300018310547,173.7050018310547,173.77499389648438
2026-03-26 12:30:00-04:00,173.77499389648438,174.0,173.33999633789062,173.54010009765625
2026-03-26 13:30:00-04:00,173.5399932861328,173.7100067138672,171.83999633789062,172.09500122070312
2026-03-26 14:30:00-04:00,172.09500122070312,172.5,171.5500030517578,172.125
2026-03-26 15:30:00-04:00,172.12319946289062,172.14999389648438,171.13999938964844,171.22999572753906
2026-03-27 09:30:00-04:00,169.99000549316406,170.97000122070312,167.8000030517578,167.85000610351562
2026-03-27 10:30:00-04:00,167.8300018310547,169.5699005126953,167.5500030517578,169.5699005126953
2026-03-27 11:30:00-04:00,169.55999755859375,169.94000244140625,168.7100067138672,168.82000732421875
2026-03-27 12:30:00-04:00,168.80999755859375,169.27000427246094,167.8300018310547,167.83999633789062
2026-03-27 13:30:00-04:00,167.83999633789062,168.24000549316406,167.61000061035156,168.0
2026-03-27 14:30:00-04:00,168.0050048828125,168.27000427246094,167.22000122070312,167.42999267578125
2026-03-27 15:30:00-04:00,167.44000244140625,167.92999267578125,167.00999450683594,167.4600067138672
2026-03-30 09:30:00-04:00,168.73500061035156,169.4499969482422,166.2100067138672,166.91000366210938
2026-03-30 10:30:00-04:00,166.90499877929688,168.25,166.27000427246094,167.0050048828125
2026-03-30 11:30:00-04:00,167.0,168.02000427246094,166.35000610351562,166.47500610351562
2026-03-30 12:30:00-04:00,166.47999572753906,166.9199981689453,165.80999755859375,165.875
2026-03-30 13:30:00-04:00,165.8699951171875,166.4499969482422,165.58999633789062,165.69500732421875
2026-03-30 14:30:00-04:00,165.6999969482422,166.07000732421875,164.2949981689453,164.46310424804688
2026-03-30 15:30:00-04:00,164.46499633789062,165.5399932861328,164.27000427246094,165.05999755859375
2026-03-31 09:30:00-04:00,166.97000122070312,171.0749969482422,166.9600067138672,170.97999572753906
2026-03-31 10:30:00-04:00,170.97999572753906,171.3800048828125,169.55999755859375,170.30499267578125
2026-03-31 11:30:00-04:00,170.3000030517578,171.27999877929688,169.7550048828125,171.0500030517578
2026-03-31 12:30:00-04:00,171.0500030517578,173.8800048828125,170.7550048828125,173.27499389648438
2026-03-31 13:30:00-04:00,173.27999877929688,173.72999572753906,172.27999877929688,173.26499938964844
2026-03-31 14:30:00-04:00,173.25999450683594,174.27499389648438,173.02000427246094,173.93499755859375
2026-03-31 15:30:00-04:00,173.92999267578125,174.6199951171875,173.85499572753906,174.3800048828125
2026-04-01 09:30:00-04:00,176.0,176.60000610351562,174.75999450683594,176.1999969482422
2026-04-01 10:30:00-04:00,176.19000244140625,177.11500549316406,175.5050048828125,176.48500061035156
2026-04-01 11:30:00-04:00,176.47999572753906,177.3699951171875,176.39999389648438,177.10000610351562
2026-04-01 12:30:00-04:00,177.10000610351562,177.1649932861328,176.61000061035156,176.6649932861328
2026-04-01 13:30:00-04:00,176.6649932861328,176.72000122070312,174.8699951171875,175.0800018310547
2026-04-01 14:30:00-04:00,175.0800018310547,176.32000732421875,174.80499267578125,176.00999450683594
2026-04-01 15:30:00-04:00,176.0050048828125,176.25999450683594,175.50010681152344,175.8000030517578
2026-04-02 09:30:00-04:00,172.17999267578125,175.10000610351562,171.3699951171875,174.0449981689453
2026-04-02 10:30:00-04:00,174.02999877929688,177.14999389648438,173.9199981689453,176.67999267578125
2026-04-02 11:30:00-04:00,176.6999969482422,177.02000427246094,175.72000122070312,176.125
2026-04-02 12:30:00-04:00,176.1199951171875,176.9199981689453,175.77000427246094,176.77499389648438
2026-04-02 13:30:00-04:00,176.7899932861328,177.0500030517578,176.110107421875,176.5399932861328
2026-04-02 14:30:00-04:00,176.5500030517578,177.47000122070312,176.52000427246094,176.90499877929688
2026-04-02 15:30:00-04:00,176.89999389648438,177.47999572753906,176.86000061035156,177.39999389648438
2026-04-06 09:30:00-04:00,177.15499877929688,177.7899932861328,175.75999450683594,176.77999877929688
2026-04-06 10:30:00-04:00,176.77999877929688,176.9550018310547,176.18350219726562,176.48609924316406
2026-04-06 11:30:00-04:00,176.49000549316406,177.61000061035156,176.4499969482422,177.15499877929688
2026-04-06 12:30:00-04:00,177.1501007080078,177.44000244140625,176.10000610351562,176.93499755859375
2026-04-06 13:30:00-04:00,176.9320068359375,177.3000030517578,176.44500732421875,176.98500061035156
2026-04-06 14:30:00-04:00,176.97500610351562,177.4199981689453,176.75,177.2200927734375
2026-04-06 15:30:00-04:00,177.22000122070312,177.67999267578125,177.0749969482422,177.63999938964844
2026-04-07 09:30:00-04:00,175.75,176.99000549316406,174.44000244140625,175.0800018310547
2026-04-07 10:30:00-04:00,175.08999633789062,175.1699981689453,173.66000366210938,175.01010131835938
2026-04-07 11:30:00-04:00,175.02000427246094,175.9499053955078,174.69000244140625,175.41000366210938
2026-04-07 12:30:00-04:00,175.39999389648438,175.9470977783203,175.27999877929688,175.38999938964844
2026-04-07 13:30:00-04:00,175.38999938964844,176.17999267578125,175.34500122070312,175.69960021972656
2026-04-07 14:30:00-04:00,175.69500732421875,176.8699951171875,174.9801025390625,176.2899932861328
2026-04-07 15:30:00-04:00,176.27499389648438,178.2050018310547,176.0800018310547,178.09500122070312
2026-04-08 09:30:00-04:00,184.4499969482422,185.25,181.2550048828125,181.8000030517578
2026-04-08 10:30:00-04:00,181.79510498046875,181.92970275878906,180.30999755859375,181.3000030517578
2026-04-08 11:30:00-04:00,181.3000030517578,182.02999877929688,181.1300048828125,181.4499969482422
2026-04-08 12:30:00-04:00,181.4499969482422,181.80999755859375,181.375,181.44500732421875
2026-04-08 13:30:00-04:00,181.44500732421875,182.17999267578125,181.2949981689453,181.70030212402344
2026-04-08 14:30:00-04:00,181.7075958251953,182.0500030517578,181.10000610351562,181.7050018310547
2026-04-08 15:30:00-04:00,181.6999969482422,182.3000030517578,181.64999389648438,182.10000610351562
2026-04-09 09:30:00-04:00,181.83999633789062,182.25999450683594,180.62010192871094,181.625
2026-04-09 10:30:00-04:00,181.61000061035156,183.52999877929688,181.38999938964844,182.8350067138672
2026-04-09 11:30:00-04:00,182.8300018310547,183.9600067138672,182.72000122070312,183.53500366210938
2026-04-09 12:30:00-04:00,183.52999877929688,183.88999938964844,183.10000610351562,183.4600067138672
2026-04-09 13:30:00-04:00,183.4550018310547,183.73959350585938,183.0,183.10000610351562
2026-04-09 14:30:00-04:00,183.0800018310547,183.8300018310547,182.9199981689453,183.64500427246094
2026-04-09 15:30:00-04:00,183.64999389648438,184.0800018310547,183.60000610351562,183.85000610351562
2026-04-10 09:30:00-04:00,184.4199981689453,187.9199981689453,184.3000030517578,187.8249969482422
2026-04-10 10:30:00-04:00,187.8350067138672,190.0,187.72999572753906,189.47999572753906
2026-04-10 11:30:00-04:00,189.48500061035156,189.5800018310547,188.09500122070312,188.45469665527344
2026-04-10 12:30:00-04:00,188.4499969482422,188.6199951171875,187.92999267578125,188.1470947265625
2026-04-10 13:30:00-04:00,188.13999938964844,189.0,187.9600067138672,188.5850067138672
2026-04-10 14:30:00-04:00,188.5800018310547,189.69000244140625,188.38009643554688,189.38999938964844
2026-04-10 15:30:00-04:00,189.38499450683594,189.38499450683594,188.11000061035156,188.63999938964844
2026-04-13 09:30:00-04:00,186.02000427246094,188.47999572753906,185.74000549316406,188.41990661621094
2026-04-13 10:30:00-04:00,188.41000366210938,189.64999389648438,188.13499450683594,188.6107940673828
2026-04-13 11:30:00-04:00,188.6199951171875,188.89990234375,187.9199981689453,188.44509887695312
2026-04-13 12:30:00-04:00,188.44000244140625,188.64990234375,187.85000610351562,188.2050018310547
2026-04-13 13:30:00-04:00,188.2100067138672,188.4199981689453,187.97000122070312,188.0198974609375
2026-04-13 14:30:00-04:00,188.00999450683594,188.88999938964844,187.99000549316406,188.7050018310547
2026-04-13 15:30:00-04:00,188.6999969482422,189.4550018310547,188.38999938964844,189.2100067138672
2026-04-14 09:30:00-04:00,190.8300018310547,193.30999755859375,190.8000030517578,192.86000061035156
2026-04-14 10:30:00-04:00,192.8699951171875,193.72999572753906,192.66000366210938,193.44500732421875
2026-04-14 11:30:00-04:00,193.44500732421875,194.94000244140625,193.3300018310547,194.79989624023438
2026-04-14 12:30:00-04:00,194.80589294433594,194.99000549316406,194.33999633789062,194.72500610351562
2026-04-14 13:30:00-04:00,194.72999572753906,194.89999389648438,194.38999938964844,194.5800018310547
2026-04-14 14:30:00-04:00,194.5749969482422,196.33999633789062,194.56500244140625,196.20989990234375
2026-04-14 15:30:00-04:00,196.1999969482422,196.5,195.57000732421875,196.49000549316406
2026-04-15 09:30:00-04:00,196.5500030517578,199.5800018310547,196.25999450683594,199.24000549316406
2026-04-15 10:30:00-04:00,199.25990295410156,199.94000244140625,199.02000427246094,199.80999755859375
2026-04-15 11:30:00-04:00,199.7949981689453,200.39999389648438,199.08999633789062,199.125
2026-04-15 12:30:00-04:00,199.1201934814453,199.13999938964844,196.13999938964844,196.97000122070312
2026-04-15 13:30:00-04:00,196.9550018310547,197.7100067138672,195.74000549316406,196.9698944091797
2026-04-15 14:30:00-04:00,196.9600067138672,198.27000427246094,196.95249938964844,198.23989868164062
2026-04-15 15:30:00-04:00,198.24000549316406,199.1699981689453,198.02000427246094,198.8677978515625
2026-04-16 09:30:00-04:00,197.42999267578125,197.75999450683594,195.80999755859375,197.3699951171875
2026-04-16 10:30:00-04:00,197.3699951171875,199.85000610351562,197.30999755859375,199.00999450683594
2026-04-16 11:30:00-04:00,199.02000427246094,199.6300048828125,198.40029907226562,198.6199951171875
2026-04-16 12:30:00-04:00,198.61500549316406,198.85000610351562,197.75,198.4149932861328
2026-04-16 13:30:00-04:00,198.4174041748047,198.7299041748047,197.3000030517578,197.4949951171875
2026-04-16 14:30:00-04:00,197.49000549316406,198.38999938964844,197.48500061035156,198.1199951171875
2026-04-16 15:30:00-04:00,198.1199951171875,198.77000427246094,198.09500122070312,198.24000549316406
2026-04-17 09:30:00-04:00,199.8800048828125,201.67999267578125,199.27000427246094,200.375
2026-04-17 10:30:00-04:00,200.375,200.99000549316406,200.02000427246094,200.63999938964844
2026-04-17 11:30:00-04:00,200.63499450683594,201.39999389648438,200.22999572753906,200.69000244140625
2026-04-17 12:30:00-04:00,200.6999969482422,200.8699951171875,199.47000122070312,199.8800048828125
2026-04-17 13:30:00-04:00,199.8699951171875,200.88510131835938,199.84010314941406,200.64999389648438
2026-04-17 14:30:00-04:00,200.66000366210938,201.47999572753906,200.5500030517578,201.25999450683594
2026-04-17 15:30:00-04:00,201.27999877929688,201.6999969482422,201.1199951171875,201.64999389648438
2026-04-20 09:30:00-04:00,199.97999572753906,200.52000427246094,198.4199981689453,199.1300048828125
2026-04-20 10:30:00-04:00,199.11500549316406,199.41929626464844,197.83970642089844,199.27000427246094
2026-04-20 11:30:00-04:00,199.25999450683594,199.45989990234375,198.4199981689453,199.18499755859375
2026-04-20 12:30:00-04:00,199.1999969482422,199.8000030517578,199.13999938964844,199.5299072265625
2026-04-20 13:30:00-04:00,199.52999877929688,200.72999572753906,199.4499969482422,200.58999633789062
2026-04-20 14:30:00-04:00,200.60000610351562,201.24000549316406,200.3800048828125,201.1300048828125
2026-04-20 15:30:00-04:00,201.1300048828125,202.16000366210938,201.08999633789062,202.11000061035156
2026-04-21 09:30:00-04:00,202.1300048828125,202.75,200.83999633789062,201.88999938964844
2026-04-21 10:30:00-04:00,201.88999938964844,202.0500030517578,200.57090759277344,201.0500030517578
2026-04-21 11:30:00-04:00,201.05999755859375,201.3800048828125,199.8699951171875,199.89500427246094
2026-04-21 12:30:00-04:00,199.88999938964844,200.31910705566406,199.0,199.32000732421875
2026-04-21 13:30:00-04:00,199.34010314941406,200.3800048828125,199.25999450683594,199.93099975585938
2026-04-21 14:30:00-04:00,199.9499969482422,200.97000122070312,199.9499969482422,200.95700073242188
2026-04-21 15:30:00-04:00,200.9600067138672,201.16000366210938,199.17999267578125,199.91000366210938
2026-04-22 09:30:00-04:00,201.0,201.10000610351562,199.32000732421875,200.36000061035156
2026-04-22 10:30:00-04:00,200.35009765625,201.8699951171875,200.2899932861328,201.6009063720703
2026-04-22 11:30:00-04:00,201.60000610351562,201.6999969482422,200.92999267578125,201.09500122070312
2026-04-22 12:30:00-04:00,201.08999633789062,201.97999572753906,200.9499969482422,201.7449951171875
2026-04-22 13:30:00-04:00,201.75999450683594,202.4875030517578,201.6199951171875,201.6649932861328
2026-04-22 14:30:00-04:00,201.6649932861328,202.02000427246094,201.22999572753906,201.6750030517578
2026-04-22 15:30:00-04:00,201.66990661621094,202.5,201.59500122070312,202.4199981689453
2026-04-23 09:30:00-04:00,202.39999389648438,203.82899475097656,201.10499572753906,201.76010131835938
2026-04-23 10:30:00-04:00,201.78880310058594,203.11000061035156,201.76010131835938,202.5084991455078
2026-04-23 11:30:00-04:00,202.5050048828125,202.72000122070312,200.9600067138672,201.10629272460938
2026-04-23 12:30:00-04:00,201.10499572753906,201.91000366210938,199.2100067138672,199.43499755859375
2026-04-23 13:30:00-04:00,199.4499969482422,200.13999938964844,197.22059631347656,199.13999938964844
2026-04-23 14:30:00-04:00,199.13999938964844,199.64999389648438,198.185302734375,199.11000061035156
2026-04-23 15:30:00-04:00,199.1199951171875,199.7100067138672,198.6999969482422,199.7100067138672
2026-04-24 09:30:00-04:00,199.9600067138672,203.22000122070312,199.80999755859375,202.60499572753906
2026-04-24 10:30:00-04:00,202.60499572753906,209.74000549316406,202.47999572753906,208.9158935546875
2026-04-24 11:30:00-04:00,208.91969299316406,210.0,208.3300018310547,209.5749969482422
2026-04-24 12:30:00-04:00,209.5749969482422,210.9499969482422,209.02999877929688,209.3300018310547
2026-04-24 13:30:00-04:00,209.30999755859375,209.72000122070312,208.14999389648438,208.1927032470703
2026-04-24 14:30:00-04:00,208.18499755859375,209.2790069580078,207.68499755859375,208.51800537109375
2026-04-24 15:30:00-04:00,208.50999450683594,208.61000061035156,207.5500030517578,208.19000244140625
2026-04-27 09:30:00-04:00,209.64500427246094,211.9499969482422,208.39999389648438,208.69500732421875
2026-04-27 10:30:00-04:00,208.6999969482422,209.92999267578125,207.3800048828125,209.8800048828125
2026-04-27 11:30:00-04:00,209.88999938964844,211.63999938964844,209.77000427246094,211.4550018310547
2026-04-27 12:30:00-04:00,211.4600067138672,214.25999450683594,211.40499877929688,213.61000061035156
2026-04-27 13:30:00-04:00,213.6199951171875,216.25999450683594,213.5800018310547,215.6999969482422
2026-04-27 14:30:00-04:00,215.6649932861328,216.3800048828125,214.82000732421875,215.49000549316406
2026-04-27 15:30:00-04:00,215.48500061035156,216.82000732421875,215.3000030517578,216.6300048828125
2026-04-28 09:30:00-04:00,209.5050048828125,213.6699981689453,208.1999969482422,212.375
2026-04-28 10:30:00-04:00,212.3699951171875,212.74000549316406,208.35000610351562,209.10000610351562
2026-04-28 11:30:00-04:00,209.10989379882812,210.65499877929688,208.58999633789062,210.11000061035156
2026-04-28 12:30:00-04:00,210.10000610351562,210.9550018310547,209.30999755859375,210.7899932861328
2026-04-28 13:30:00-04:00,210.7899932861328,213.0,210.78500366210938,212.84500122070312
2026-04-28 14:30:00-04:00,212.8498992919922,214.72999572753906,212.47000122070312,214.06500244140625
2026-04-28 15:30:00-04:00,214.05999755859375,214.42999267578125,213.0,213.14999389648438
2026-04-29 09:30:00-04:00,212.71499633789062,212.71499633789062,209.75,211.11000061035156
2026-04-29 10:30:00-04:00,211.11000061035156,211.9499969482422,210.24000549316406,210.8000030517578
2026-04-29 11:30:00-04:00,210.80999755859375,211.39999389648438,209.66000366210938,209.6699981689453
2026-04-29 12:30:00-04:00,209.66000366210938,209.86000061035156,208.55999755859375,209.43699645996094
2026-04-29 13:30:00-04:00,209.4499969482422,209.69000244140625,207.5941925048828,208.0449981689453
2026-04-29 14:30:00-04:00,208.0500030517578,209.5,207.5758056640625,209.3249969482422
2026-04-29 15:30:00-04:00,209.30999755859375,209.44000244140625,208.60000610351562,209.31500244140625
2026-04-30 09:30:00-04:00,209.93899536132812,210.3000030517578,199.44000244140625,200.61500549316406
2026-04-30 10:30:00-04:00,200.61000061035156,202.4600067138672,198.6999969482422,201.3209991455078
2026-04-30 11:30:00-04:00,201.3000030517578,201.82000732421875,199.4199981689453,200.13999938964844
2026-04-30 12:30:00-04:00,200.14500427246094,201.0500030517578,199.32000732421875,200.47999572753906
2026-04-30 13:30:00-04:00,200.47999572753906,201.72999572753906,200.25999450683594,200.77499389648438
2026-04-30 14:30:00-04:00,200.77000427246094,202.0,200.74000549316406,200.82000732421875
2026-04-30 15:30:00-04:00,200.80999755859375,201.0084991455078,199.5,199.52999877929688
2026-05-01 09:30:00-04:00,201.27999877929688,203.0,199.13999938964844,199.3000030517578
2026-05-01 10:30:00-04:00,199.30499267578125,200.0500030517578,197.1199951171875,198.92999267578125
2026-05-01 11:30:00-04:00,198.92999267578125,199.85000610351562,198.47999572753906,198.65499877929688
2026-05-01 12:30:00-04:00,198.64239501953125,200.1999969482422,198.55999755859375,199.85000610351562
2026-05-01 13:30:00-04:00,199.85000610351562,200.2899932861328,198.92999267578125,199.13009643554688
2026-05-01 14:30:00-04:00,199.1300048828125,199.8300018310547,198.17999267578125,199.71499633789062
2026-05-01 15:30:00-04:00,199.72000122070312,199.9199981689453,198.22000122070312,198.4199981689453
2026-05-04 09:30:00-04:00,199.5399932861328,201.72999572753906,197.33999633789062,197.375
2026-05-04 10:30:00-04:00,197.3800048828125,198.39999389648438,194.74000549316406,195.75599670410156
2026-05-04 11:30:00-04:00,195.8000030517578,196.5894012451172,194.86000061035156,196.22000122070312
2026-05-04 12:30:00-04:00,196.22979736328125,197.82000732421875,196.11000061035156,197.3000030517578
2026-05-04 13:30:00-04:00,197.2899932861328,199.1999969482422,196.91000366210938,198.22999572753906
2026-05-04 14:30:00-04:00,198.24000549316406,198.72999572753906,197.35000610351562,198.63999938964844
2026-05-04 15:30:00-04:00,198.6300048828125,199.17999267578125,198.0,198.55999755859375
