date,open,high,low,close,volume
2023-05-24 09:30:00-04:00,182.22999572753906,182.94000244140625,178.22000122070312,178.66000366210938,42319156
2023-05-24 10:30:00-04:00,178.66000366210938,181.49000549316406,178.3800048828125,180.97999572753906,20989322
2023-05-24 11:30:00-04:00,180.97999572753906,182.52999877929688,180.39999389648438,181.18820190429688,16668716
2023-05-24 12:30:00-04:00,181.17849731445312,182.52000427246094,180.8800048828125,182.33999633789062,13914048
2023-05-24 13:30:00-04:00,182.33999633789062,183.80999755859375,182.0417022705078,182.39739990234375,15164394
2023-05-24 14:30:00-04:00,182.4053955078125,183.66000366210938,181.64999389648438,183.38009643554688,14272287
2023-05-24 15:30:00-04:00,183.39999389648438,184.22000122070312,182.75999450683594,182.86000061035156,9484093
2023-05-25 09:30:00-04:00,186.5399932861328,186.77999877929688,180.5800018310547,182.52000427246094,27665935
2023-05-25 10:30:00-04:00,182.5500030517578,185.0399932861328,182.17999267578125,184.39500427246094,17181211
2023-05-25 11:30:00-04:00,184.40499877929688,185.30999755859375,183.44000244140625,185.25999450683594,11625470
2023-05-25 12:30:00-04:00,185.27000427246094,185.61000061035156,183.9499969482422,184.28799438476562,9363950
2023-05-25 13:30:00-04:00,184.2904052734375,185.77000427246094,184.07000732421875,184.7299041748047,9484488
2023-05-25 14:30:00-04:00,184.7100067138672,184.77630615234375,182.75,184.48500061035156,11184917
2023-05-25 15:30:00-04:00,184.5,184.88999938964844,184.1699981689453,184.44000244140625,5938047
2023-05-26 09:30:00-04:00,184.6199951171875,190.72999572753906,184.52999877929688,190.27999877929688,36731766
2023-05-26 10:30:00-04:00,190.27999877929688,191.52999877929688,189.7100067138672,191.22999572753906,20439938
2023-05-26 11:30:00-04:00,191.24000549316406,194.85000610351562,191.24000549316406,194.13999938964844,22646949
2023-05-26 12:30:00-04:00,194.13609313964844,198.60000610351562,193.97000122070312,197.1199951171875,26830579
2023-05-26 13:30:00-04:00,197.13999938964844,197.7899932861328,195.1699981689453,196.02000427246094,19036706
2023-05-26 14:30:00-04:00,196.02000427246094,197.25,194.63999938964844,195.01559448242188,16987814
2023-05-26 15:30:00-04:00,195.0124053955078,195.0500030517578,191.88999938964844,193.16000366210938,14816869
2023-05-30 09:30:00-04:00,199.97000122070312,204.47999572753906,197.52999877929688,200.1844024658203,48688752
2023-05-30 10:30:00-04:00,200.1999969482422,201.49000549316406,199.08999633789062,199.9600067138672,17697443
2023-05-30 11:30:00-04:00,199.9799041748047,201.14999389648438,199.3300018310547,199.52000427246094,12842963
2023-05-30 12:30:00-04:00,199.5399932861328,200.22999572753906,198.52999877929688,198.94000244140625,10829157
2023-05-30 13:30:00-04:00,198.92999267578125,200.2899932861328,197.58419799804688,200.04989624023438,11905400
2023-05-30 14:30:00-04:00,200.0399932861328,201.99000549316406,200.0399932861328,201.09750366210938,15582091
2023-05-30 15:30:00-04:00,201.1082000732422,201.44000244140625,200.07000732421875,201.19000244140625,8281455
2023-05-31 09:30:00-04:00,201.77000427246094,202.99000549316406,196.24000549316406,197.3800048828125,39480687
2023-05-31 10:30:00-04:00,197.3800048828125,198.39999389648438,195.1199951171875,195.9949951171875,20825295
2023-05-31 11:30:00-04:00,195.9949951171875,197.44000244140625,195.36000061035156,196.3865966796875,13592671
2023-05-31 12:30:00-04:00,196.38169860839844,198.07000732421875,195.9499969482422,198.02999877929688,11937462
2023-05-31 13:30:00-04:00,198.04319763183594,200.6699981689453,197.8719940185547,200.5,17305802
2023-05-31 14:30:00-04:00,200.4600067138672,200.61000061035156,198.54269409179688,198.9698944091797,13951689
2023-05-31 15:30:00-04:00,198.97000122070312,203.9499969482422,198.63999938964844,203.92999267578125,16272612
2023-06-01 09:30:00-04:00,202.58999633789062,205.99000549316406,199.3699951171875,201.72000122070312,41669547
2023-06-01 10:30:00-04:00,201.74000549316406,204.99000549316406,200.8730926513672,204.0399932861328,21216890
2023-06-01 11:30:00-04:00,204.02999877929688,206.88999938964844,203.35000610351562,206.4149932861328,18729009
2023-06-01 12:30:00-04:00,206.39999389648438,207.19000244140625,205.0,206.94039916992188,15210230
2023-06-01 13:30:00-04:00,206.94500732421875,208.69000244140625,206.44949340820312,208.2613067626953,16486707
2023-06-01 14:30:00-04:00,208.27000427246094,209.8000030517578,207.36090087890625,207.90660095214844,19224289
2023-06-01 15:30:00-04:00,207.9062957763672,208.35000610351562,206.77999877929688,207.5,11457757
2023-06-02 09:30:00-04:00,210.14999389648438,214.25,209.7519989013672,213.72999572753906,47033658
2023-06-02 10:30:00-04:00,213.72999572753906,216.94000244140625,213.2406005859375,216.63499450683594,31370506
2023-06-02 11:30:00-04:00,216.62269592285156,217.25,214.6199951171875,215.3852996826172,21314737
2023-06-02 12:30:00-04:00,215.38499450683594,216.91000366210938,215.02999877929688,216.48500061035156,16098149
2023-06-02 13:30:00-04:00,216.49000549316406,216.5998992919922,213.82000732421875,215.39999389648438,16741786
2023-06-02 14:30:00-04:00,215.41000366210938,216.1999969482422,214.3000030517578,214.8800048828125,16568864
2023-06-02 15:30:00-04:00,214.8800048828125,215.02999877929688,213.52000427246094,213.97000122070312,10705898
2023-06-05 09:30:00-04:00,219.0,221.2899932861328,216.39999389648438,217.12420654296875,47211858
2023-06-05 10:30:00-04:00,217.12420654296875,220.1999969482422,216.75999450683594,218.9665069580078,23596104
2023-06-05 11:30:00-04:00,218.92999267578125,219.27000427246094,216.82000732421875,218.50990295410156,18851094
2023-06-05 12:30:00-04:00,218.50999450683594,219.38999938964844,217.32000732421875,217.61000061035156,13742348
2023-06-05 13:30:00-04:00,217.61000061035156,218.55999755859375,216.20680236816406,216.48829650878906,14277222
2023-06-05 14:30:00-04:00,216.46009826660156,217.1699981689453,214.52000427246094,216.89500427246094,19667947
2023-06-05 15:30:00-04:00,216.8800048828125,218.1999969482422,216.75999450683594,217.58999633789062,9829475
2023-06-06 09:30:00-04:00,216.13999938964844,216.86000061035156,212.52999877929688,214.75999450683594,37368922
2023-06-06 10:30:00-04:00,214.77999877929688,219.0800018310547,214.75,217.83999633789062,28331438
2023-06-06 11:30:00-04:00,217.84500122070312,220.97000122070312,217.77000427246094,220.75999450683594,22536960
2023-06-06 12:30:00-04:00,220.75,220.88999938964844,217.82000732421875,219.7989959716797,18667914
2023-06-06 13:30:00-04:00,219.7899932861328,220.4499969482422,219.0050048828125,220.3000030517578,12227868
2023-06-06 14:30:00-04:00,220.30499267578125,220.64999389648438,219.27999877929688,219.94000244140625,11750915
2023-06-06 15:30:00-04:00,219.9499969482422,221.91000366210938,218.92999267578125,221.2899932861328,10567260
2023-06-07 09:30:00-04:00,228.0,230.82960510253906,225.8000030517578,228.39999389648438,55213813
2023-06-07 10:30:00-04:00,228.3800048828125,229.8000030517578,224.5500030517578,228.8000030517578,32171005
2023-06-07 11:30:00-04:00,228.80140686035156,229.51010131835938,223.1999969482422,223.8050994873047,26825777
2023-06-07 12:30:00-04:00,223.80999755859375,225.75,223.77200317382812,224.79100036621094,17861071
2023-06-07 13:30:00-04:00,224.81500244140625,227.24000549316406,223.92999267578125,226.2299041748047,17669579
2023-06-07 14:30:00-04:00,226.22000122070312,226.35000610351562,224.27999877929688,225.19000244140625,17837640
2023-06-07 15:30:00-04:00,225.19000244140625,226.07000732421875,223.24000549316406,224.61000061035156,13287485
2023-06-08 09:30:00-04:00,224.22000122070312,229.27000427246094,223.00999450683594,228.9600067138672,38135630
2023-06-08 10:30:00-04:00,228.96090698242188,233.3300018310547,228.60000610351562,232.6649932861328,32803392
2023-06-08 11:30:00-04:00,232.67999267578125,233.1999969482422,231.14999389648438,232.59860229492188,20007882
2023-06-08 12:30:00-04:00,232.60000610351562,232.6199951171875,230.67999267578125,231.86129760742188,12809013
2023-06-08 13:30:00-04:00,231.85000610351562,233.08999633789062,230.85000610351562,232.68899536132812,14659463
2023-06-08 14:30:00-04:00,232.69000244140625,234.5050048828125,232.3800048828125,234.05990600585938,17114246
2023-06-08 15:30:00-04:00,234.05999755859375,235.22999572753906,233.35000610351562,234.85000610351562,12367615
2023-06-09 09:30:00-04:00,249.07000732421875,252.4199981689453,245.09190368652344,250.64370727539062,66855890
2023-06-09 10:30:00-04:00,250.64999389648438,251.3000030517578,245.83999633789062,247.03500366210938,34350454
2023-06-09 11:30:00-04:00,247.02630615234375,249.1999969482422,242.75,244.1199951171875,24875526
2023-06-09 12:30:00-04:00,244.1298065185547,247.8800048828125,242.02000427246094,247.34500122070312,23037631
2023-06-09 13:30:00-04:00,247.3699951171875,247.5500030517578,245.25999450683594,246.61000061035156,16410867
2023-06-09 14:30:00-04:00,246.6300048828125,246.8699951171875,243.3699951171875,244.1649932861328,19170074
2023-06-09 15:30:00-04:00,244.1649932861328,245.32000732421875,243.27000427246094,244.3800048828125,11739796
2023-06-12 09:30:00-04:00,248.5,249.9199981689453,245.8800048828125,247.31390380859375,44059894
2023-06-12 10:30:00-04:00,247.31390380859375,248.3000030517578,244.58999633789062,246.80909729003906,27128907
2023-06-12 11:30:00-04:00,246.80999755859375,247.97999572753906,245.5,246.92970275878906,15418590
2023-06-12 12:30:00-04:00,246.93429565429688,247.99000549316406,246.32000732421875,247.1074981689453,12490392
2023-06-12 13:30:00-04:00,247.11000061035156,249.39999389648438,246.6999969482422,248.92990112304688,17599506
2023-06-12 14:30:00-04:00,248.92999267578125,250.97000122070312,248.1699981689453,249.75,18713465
2023-06-12 15:30:00-04:00,249.75,250.08999633789062,248.9199981689453,249.8800048828125,9869878
2023-06-13 09:30:00-04:00,253.9499969482422,255.8300018310547,251.39999389648438,252.1999969482422,44803404
2023-06-13 10:30:00-04:00,252.17999267578125,254.97000122070312,251.33999633789062,254.6219024658203,24162173
2023-06-13 11:30:00-04:00,254.63499450683594,258.9700012207031,253.77999877929688,258.6199951171875,27309047
2023-06-13 12:30:00-04:00,258.6499938964844,259.19000244140625,257.47100830078125,258.739990234375,15979505
2023-06-13 13:30:00-04:00,258.760009765625,259.67999267578125,255.6300048828125,255.9199981689453,19110110
2023-06-13 14:30:00-04:00,255.9550018310547,259.3800048828125,255.6999969482422,258.2449951171875,16423242
2023-06-13 15:30:00-04:00,258.260009765625,258.989990234375,257.8399963378906,258.7698974609375,8563673
2023-06-14 09:30:00-04:00,260.1700134277344,261.45001220703125,255.25,259.9985046386719,47712794
2023-06-14 10:30:00-04:00,260.0,261.57000732421875,257.6654968261719,258.3500061035156,22773590
2023-06-14 11:30:00-04:00,258.3800048828125,258.4700012207031,256.0799865722656,257.989990234375,15330038
2023-06-14 12:30:00-04:00,257.9700012207031,259.17999267578125,257.29998779296875,258.1050109863281,11752519
2023-06-14 13:30:00-04:00,258.1199951171875,258.6899108886719,250.5,253.08990478515625,26683056
2023-06-14 14:30:00-04:00,253.05560302734375,258.44000244140625,252.2100067138672,256.42999267578125,28674130
2023-06-14 15:30:00-04:00,256.4549865722656,257.0,254.25,256.760009765625,11362786
2023-06-15 09:30:00-04:00,248.39999389648438,257.95001220703125,247.2899932861328,257.4549865722656,51368397
2023-06-15 10:30:00-04:00,257.489990234375,257.5799865722656,255.61000061035156,257.4700012207031,21100269
2023-06-15 11:30:00-04:00,257.4700012207031,258.95001220703125,254.27000427246094,254.625,21147914
2023-06-15 12:30:00-04:00,254.6529998779297,257.20001220703125,254.47000122070312,256.8900146484375,17137592
2023-06-15 13:30:00-04:00,256.8900146484375,257.75,254.8300018310547,256.1549987792969,16887129
2023-06-15 14:30:00-04:00,256.1546936035156,257.4599914550781,255.14999389648438,255.77499389648438,16852617
2023-06-15 15:30:00-04:00,255.75,257.1400146484375,254.63999938964844,255.80999755859375,10731227
2023-06-16 09:30:00-04:00,258.9200134277344,263.4700012207031,257.2091064453125,261.968505859375,49516844
2023-06-16 10:30:00-04:00,261.9588928222656,262.3999938964844,258.04998779296875,258.6401062011719,25100126
2023-06-16 11:30:00-04:00,258.6499938964844,261.1600036621094,257.55999755859375,261.0400085449219,19746139
2023-06-16 12:30:00-04:00,261.05499267578125,261.760009765625,260.2101135253906,260.82000732421875,14480234
2023-06-16 13:30:00-04:00,260.82000732421875,262.6899108886719,260.42999267578125,262.4700012207031,14939271
2023-06-16 14:30:00-04:00,262.468994140625,263.6000061035156,259.3700866699219,259.94989013671875,23233088
2023-06-16 15:30:00-04:00,259.989990234375,261.6099853515625,259.989990234375,260.5400085449219,11357051
2023-06-20 09:30:00-04:00,262.5,266.7300109863281,261.8700866699219,262.44000244140625,43956783
2023-06-20 10:30:00-04:00,262.44000244140625,264.95001220703125,261.8999938964844,264.6825866699219,21789579
2023-06-20 11:30:00-04:00,264.69659423828125,268.9700012207031,264.4100036621094,268.7499084472656,19487382
2023-06-20 12:30:00-04:00,268.760009765625,271.5299072265625,267.8599853515625,270.756103515625,22537612
2023-06-20 13:30:00-04:00,270.75,271.510009765625,269.4599914550781,271.2992858886719,18328329
2023-06-20 14:30:00-04:00,271.29998779296875,272.7200012207031,270.0299987792969,272.6983947753906,16591708
2023-06-20 15:30:00-04:00,272.70001220703125,274.75,272.32000732421875,274.4599914550781,15339809
2023-06-21 09:30:00-04:00,275.1300048828125,276.989990234375,265.1099853515625,267.7886962890625,63355834
2023-06-21 10:30:00-04:00,267.7500915527344,269.8944091796875,260.1400146484375,264.2699890136719,38460083
2023-06-21 11:30:00-04:00,264.260009765625,266.2799987792969,261.2900085449219,261.9031982421875,24087677
2023-06-21 12:30:00-04:00,261.885009765625,263.0,257.7799987792969,259.0899963378906,24049713
2023-06-21 13:30:00-04:00,259.0718994140625,263.9700012207031,258.9700012207031,263.8599853515625,20497513
2023-06-21 14:30:00-04:00,263.8599853515625,264.70001220703125,262.0899963378906,263.1199951171875,19780526
2023-06-21 15:30:00-04:00,263.1300048828125,263.5199890136719,259.2699890136719,259.4599914550781,14043998
2023-06-22 09:30:00-04:00,250.77000427246094,261.70001220703125,248.25,261.57501220703125,57186742
2023-06-22 10:30:00-04:00,261.57501220703125,261.7438049316406,256.8299865722656,259.1449890136719,26236141
2023-06-22 11:30:00-04:00,259.1300048828125,263.7300109863281,258.54998779296875,262.3500061035156,21625238
2023-06-22 12:30:00-04:00,262.3500061035156,262.5400085449219,259.7099914550781,262.2099914550781,14730208
2023-06-22 13:30:00-04:00,262.239990234375,264.1499938964844,261.9100036621094,263.1449890136719,15105297
2023-06-22 14:30:00-04:00,263.1600036621094,264.2799987792969,262.2900085449219,262.9898986816406,14889517
2023-06-22 15:30:00-04:00,262.9898986816406,265.0,262.3999938964844,264.5899963378906,10809534
2023-06-23 09:30:00-04:00,259.2900085449219,262.0199890136719,252.8000030517578,254.74000549316406,49167611
2023-06-23 10:30:00-04:00,254.72000122070312,258.1099853515625,254.5500030517578,256.7799987792969,26846431
2023-06-23 11:30:00-04:00,256.79998779296875,260.80999755859375,255.7100067138672,260.69500732421875,20949682
2023-06-23 12:30:00-04:00,260.75,262.45001220703125,260.1000061035156,262.1099853515625,16322022
2023-06-23 13:30:00-04:00,262.1091003417969,262.42999267578125,258.760009765625,259.05999755859375,17867424
2023-06-23 14:30:00-04:00,259.0299987792969,259.0400085449219,255.11000061035156,255.44000244140625,22320237
2023-06-23 15:30:00-04:00,255.4499969482422,257.9200134277344,254.67999267578125,256.54998779296875,13786912
2023-06-26 09:30:00-04:00,250.06500244140625,258.3699951171875,250.0,254.72000122070312,41727003
2023-06-26 10:30:00-04:00,254.72999572753906,255.10000610351562,248.52999877929688,249.32000732421875,30950945
2023-06-26 11:30:00-04:00,249.3000030517578,251.19000244140625,242.64999389648438,243.83999633789062,28917560
2023-06-26 12:30:00-04:00,243.82000732421875,246.6300048828125,243.1300048828125,246.34280395507812,21650096
2023-06-26 13:30:00-04:00,246.360107421875,246.5198974609375,243.85000610351562,245.58999633789062,15799677
2023-06-26 14:30:00-04:00,245.52000427246094,247.1999969482422,244.39999389648438,244.67999267578125,18082713
2023-06-26 15:30:00-04:00,244.7100067138672,244.9499969482422,240.6999969482422,241.02000427246094,16072466
2023-06-27 09:30:00-04:00,243.24000549316406,247.10000610351562,240.85000610351562,245.06520080566406,49230945
2023-06-27 10:30:00-04:00,245.08999633789062,246.3000030517578,241.8000030517578,244.95159912109375,24743514
2023-06-27 11:30:00-04:00,244.9510955810547,245.72999572753906,243.43499755859375,244.7301025390625,17202681
2023-06-27 12:30:00-04:00,244.75,247.50999450683594,244.36000061035156,247.27000427246094,16228643
2023-06-27 13:30:00-04:00,247.3000030517578,250.1999969482422,247.2899932861328,248.91290283203125,21082537
2023-06-27 14:30:00-04:00,248.94000244140625,249.27999877929688,246.5800018310547,249.0137939453125,19312492
2023-06-27 15:30:00-04:00,249.02850341796875,250.389892578125,248.5305938720703,250.1999969482422,12164394
2023-06-28 09:30:00-04:00,249.6999969482422,257.29998779296875,248.88999938964844,257.2950134277344,43536328
2023-06-28 10:30:00-04:00,257.30999755859375,259.8800048828125,254.89999389648438,255.9906005859375,30984827
2023-06-28 11:30:00-04:00,255.99000549316406,258.8800048828125,255.60000610351562,256.20001220703125,20438010
2023-06-28 12:30:00-04:00,256.2049865722656,256.9100036621094,253.89999389648438,256.31988525390625,20522481
2023-06-28 13:30:00-04:00,256.29010009765625,256.989990234375,254.05999755859375,256.2550048828125,15397779
2023-06-28 14:30:00-04:00,256.25,257.1400146484375,254.47999572753906,256.010009765625,16196593
2023-06-28 15:30:00-04:00,255.97999572753906,256.54998779296875,255.3101043701172,256.3999938964844,8945305
2023-06-29 09:30:00-04:00,258.0299987792969,260.739990234375,253.61000061035156,255.47999572753906,40589891
2023-06-29 10:30:00-04:00,255.47999572753906,258.6400146484375,254.1999969482422,258.1260986328125,22360742
2023-06-29 11:30:00-04:00,258.139892578125,258.92999267578125,256.6199951171875,257.6300048828125,15350098
2023-06-29 12:30:00-04:00,257.6214904785156,257.6600036621094,254.4499969482422,256.4255065917969,16109059
2023-06-29 13:30:00-04:00,256.42999267578125,256.69000244140625,254.67999267578125,255.8300018310547,12242348
2023-06-29 14:30:00-04:00,255.85000610351562,257.30938720703125,255.10000610351562,256.32000732421875,13040954
2023-06-29 15:30:00-04:00,256.29998779296875,257.5899963378906,255.83999633789062,257.5299987792969,9094163
2023-06-30 09:30:00-04:00,260.6000061035156,264.239990234375,259.8900146484375,263.4849853515625,36708547
2023-06-30 10:30:00-04:00,263.489990234375,264.45001220703125,262.5299987792969,263.8558044433594,17282027
2023-06-30 11:30:00-04:00,263.8500061035156,263.875,261.6000061035156,263.69500732421875,13867972
2023-06-30 12:30:00-04:00,263.70001220703125,264.0899963378906,263.0299987792969,263.385009765625,9951960
2023-06-30 13:30:00-04:00,263.3800048828125,263.92999267578125,262.55999755859375,262.80999755859375,9358361
2023-06-30 14:30:00-04:00,262.82000732421875,263.1600036621094,262.010009765625,262.9989929199219,11522906
2023-06-30 15:30:00-04:00,262.9800109863281,263.098388671875,261.6300048828125,261.6791076660156,9086213
2023-07-03 09:30:00-04:00,276.489990234375,284.25,276.0799865722656,281.65618896484375,58094907
2023-07-03 10:30:00-04:00,281.6400146484375,282.0199890136719,277.3204040527344,277.7958068847656,25144839
2023-07-03 11:30:00-04:00,277.79998779296875,278.54998779296875,275.1099853515625,277.67999267578125,21690225
2023-07-05 09:30:00-04:00,280.25,282.9393005371094,278.0,280.90460205078125,37722837
2023-07-05 10:30:00-04:00,280.88470458984375,281.34991455078125,278.0299987792969,278.5,19234880
2023-07-05 11:30:00-04:00,278.5,280.20001220703125,277.6000061035156,279.3699951171875,15612276
2023-07-05 12:30:00-04:00,279.3800048828125,281.2300109863281,278.8800048828125,280.79998779296875,14127743
2023-07-05 13:30:00-04:00,280.7900085449219,281.0498962402344,278.75,279.4100036621094,12675485
2023-07-05 14:30:00-04:00,279.44989013671875,282.3900146484375,279.42999267578125,282.32989501953125,15309690
2023-07-05 15:30:00-04:00,282.30999755859375,283.8500061035156,281.80999755859375,282.44000244140625,12527968
2023-07-06 09:30:00-04:00,278.0899963378906,279.9700012207031,272.8800048828125,275.3800048828125,39505205
2023-07-06 10:30:00-04:00,275.3900146484375,276.47918701171875,274.2699890136719,275.20001220703125,18586728
2023-07-06 11:30:00-04:00,275.17999267578125,278.3598937988281,274.9700927734375,277.9372863769531,15746517
2023-07-06 12:30:00-04:00,277.9100036621094,278.7099914550781,276.29998779296875,276.5299987792969,13144999
2023-07-06 13:30:00-04:00,276.5101013183594,277.75,275.57000732421875,277.06500244140625,11938572
2023-07-06 14:30:00-04:00,277.05010986328125,278.20001220703125,276.95001220703125,277.57000732421875,10056467
2023-07-06 15:30:00-04:00,277.55999755859375,277.8399963378906,276.30999755859375,276.5400085449219,7094205
2023-07-07 09:30:00-04:00,278.42999267578125,280.7799987792969,275.2099914550781,276.5899963378906,34795406
2023-07-07 10:30:00-04:00,276.59100341796875,277.8900146484375,274.04998779296875,277.45989990234375,18861599
2023-07-07 11:30:00-04:00,277.45001220703125,279.3800048828125,276.85760498046875,278.6449890136719,13112624
2023-07-07 12:30:00-04:00,278.6400146484375,279.9599914550781,278.1499938964844,279.67498779296875,11645008
2023-07-07 13:30:00-04:00,279.6700134277344,279.7392883300781,278.54998779296875,279.0299987792969,8094367
2023-07-07 14:30:00-04:00,279.0199890136719,279.2200012207031,275.30999755859375,275.42999267578125,13620654
2023-07-07 15:30:00-04:00,275.42999267578125,276.1499938964844,273.7699890136719,274.42999267578125,10745798
2023-07-10 09:30:00-04:00,276.4700012207031,277.5199890136719,267.80010986328125,272.0303955078125,35725553
2023-07-10 10:30:00-04:00,272.0400085449219,272.8699951171875,268.1700134277344,270.05999755859375,19442911
2023-07-10 11:30:00-04:00,270.0450134277344,270.8500061035156,265.1000061035156,267.1199951171875,18872228
2023-07-10 12:30:00-04:00,267.10528564453125,269.2699890136719,266.6300048828125,268.54998779296875,13300263
2023-07-10 13:30:00-04:00,268.6000061035156,269.8900146484375,267.8999938964844,269.43890380859375,11342059
2023-07-10 14:30:00-04:00,269.41119384765625,270.3599853515625,268.4200134277344,268.9400939941406,11601502
2023-07-10 15:30:00-04:00,268.9100036621094,269.70001220703125,268.42999267578125,269.5000915527344,6682521
2023-07-11 09:30:00-04:00,268.6499938964844,270.8500061035156,266.8999938964844,269.6000061035156,28243794
2023-07-11 10:30:00-04:00,269.6000061035156,270.8999938964844,267.5299987792969,268.5799865722656,14866721
2023-07-11 11:30:00-04:00,268.5799865722656,269.19000244140625,266.6600036621094,267.05499267578125,11235426
2023-07-11 12:30:00-04:00,267.07000732421875,268.4599914550781,266.8599853515625,268.44189453125,8771876
2023-07-11 13:30:00-04:00,268.44000244140625,268.57000732421875,266.3699951171875,267.1473083496094,10502632
2023-07-11 14:30:00-04:00,267.1600036621094,269.05999755859375,266.8500061035156,269.0201110839844,8691988
2023-07-11 15:30:00-04:00,269.0400085449219,270.1796875,268.5400085449219,269.82000732421875,7403116
2023-07-12 09:30:00-04:00,276.32501220703125,276.5199890136719,272.0,273.864990234375,32440849
2023-07-12 10:30:00-04:00,273.860107421875,274.659912109375,272.29998779296875,273.4849853515625,15806637
2023-07-12 11:30:00-04:00,273.5,273.6700134277344,271.4599914550781,272.8349914550781,13229133
2023-07-12 12:30:00-04:00,272.8349914550781,273.6600036621094,272.15008544921875,273.3999938964844,7656667
2023-07-12 13:30:00-04:00,273.4100036621094,274.44000244140625,273.07000732421875,274.2300109863281,7734971
2023-07-12 14:30:00-04:00,274.2398986816406,274.2699890136719,272.25,272.70001220703125,8868061
2023-07-12 15:30:00-04:00,272.7200012207031,272.9800109863281,271.8052062988281,272.0,6526162
2023-07-13 09:30:00-04:00,274.5899963378906,274.9700012207031,270.9100036621094,271.0799865722656,25098019
2023-07-13 10:30:00-04:00,271.1000061035156,272.889892578125,270.6000061035156,271.6099853515625,14663326
2023-07-13 11:30:00-04:00,271.614990234375,273.6799011230469,271.0299987792969,273.57501220703125,11260432
2023-07-13 12:30:00-04:00,273.55999755859375,274.95001220703125,272.75,274.7850036621094,12234314
2023-07-13 13:30:00-04:00,274.7850036621094,276.32000732421875,274.6199951171875,276.19000244140625,14315318
2023-07-13 14:30:00-04:00,276.2073059082031,279.1700134277344,275.94000244140625,278.4230041503906,17973715
2023-07-13 15:30:00-04:00,278.4200134277344,279.45001220703125,277.55999755859375,277.9700012207031,10447436
2023-07-14 09:30:00-04:00,277.010009765625,280.5400085449219,276.30999755859375,279.43499755859375,27782689
2023-07-14 10:30:00-04:00,279.43499755859375,279.95001220703125,276.5,279.364990234375,16160615
2023-07-14 11:30:00-04:00,279.3599853515625,283.69000244140625,279.2300109863281,283.32000732421875,19347717
2023-07-14 12:30:00-04:00,283.3263854980469,285.29998779296875,281.2799987792969,283.5899963378906,20337769
2023-07-14 13:30:00-04:00,283.6000061035156,283.9700012207031,280.55999755859375,280.6390075683594,10875958
2023-07-14 14:30:00-04:00,280.6499938964844,280.95001220703125,278.7799987792969,279.95721435546875,13584471
2023-07-14 15:30:00-04:00,279.9800109863281,281.4800109863281,279.760009765625,281.3900146484375,7311675
2023-07-17 09:30:00-04:00,286.625,292.2300109863281,286.0400085449219,287.02520751953125,41360733
2023-07-17 10:30:00-04:00,287.0299987792969,288.17999267578125,283.57000732421875,286.6272888183594,23790389
2023-07-17 11:30:00-04:00,286.6199951171875,288.8999938964844,286.05999755859375,286.67529296875,14929993
2023-07-17 12:30:00-04:00,286.69000244140625,287.70001220703125,285.3599853515625,286.4649963378906,11655730
2023-07-17 13:30:00-04:00,286.45001220703125,289.0,286.29998779296875,288.80999755859375,11569780
2023-07-17 14:30:00-04:00,288.80999755859375,290.6300048828125,288.3500061035156,289.0700988769531,14446592
2023-07-17 15:30:00-04:00,289.05999755859375,290.5,288.6499938964844,290.3500061035156,8741439
2023-07-18 09:30:00-04:00,290.1499938964844,290.5199890136719,286.26019287109375,286.5950012207031,31719624
2023-07-18 10:30:00-04:00,286.5899963378906,289.4800109863281,286.010009765625,288.8800048828125,15799604
2023-07-18 11:30:00-04:00,288.90509033203125,288.9800109863281,287.5,288.4599914550781,10907592
2023-07-18 12:30:00-04:00,288.45001220703125,291.3999938964844,288.3500061035156,290.6600036621094,13049077
2023-07-18 13:30:00-04:00,290.67999267578125,292.260009765625,290.3299865722656,291.8999938964844,10255032
2023-07-18 14:30:00-04:00,291.8949890136719,293.7699890136719,291.5929870605469,292.79998779296875,13878426
2023-07-18 15:30:00-04:00,292.79998779296875,295.260009765625,292.75,293.3699951171875,12363523
2023-07-19 09:30:00-04:00,296.0400085449219,297.4800109863281,294.2300109863281,296.79998779296875,29993839
2023-07-19 10:30:00-04:00,296.79998779296875,299.0,296.760009765625,298.1000061035156,19988208
2023-07-19 11:30:00-04:00,298.1000061035156,299.2900085449219,294.45001220703125,294.9800109863281,19382397
2023-07-19 12:30:00-04:00,294.9599914550781,295.1300048828125,292.5,294.59600830078125,16497970
2023-07-19 13:30:00-04:00,294.5899963378906,294.7200012207031,291.3500061035156,292.2301025390625,12876649
2023-07-19 14:30:00-04:00,292.260009765625,293.8500061035156,289.5201110839844,293.7098083496094,17663420
2023-07-19 15:30:00-04:00,293.7283935546875,294.0,291.0199890136719,291.1199951171875,9774073
2023-07-20 09:30:00-04:00,277.5,280.92999267578125,272.010009765625,272.69000244140625,47693612
2023-07-20 10:30:00-04:00,272.69000244140625,272.7149963378906,269.4599914550781,270.8599853515625,26749279
2023-07-20 11:30:00-04:00,270.864990234375,274.05999755859375,270.010009765625,270.0199890136719,17675492
2023-07-20 12:30:00-04:00,270.0111083984375,270.70001220703125,264.2099914550781,266.130615234375,24700843
2023-07-20 13:30:00-04:00,266.1199951171875,266.95001220703125,264.1199951171875,264.5409851074219,17382938
2023-07-20 14:30:00-04:00,264.57501220703125,265.57159423828125,261.20001220703125,262.4067077636719,19907769
2023-07-20 15:30:00-04:00,262.43499755859375,265.54998779296875,262.41009521484375,262.9200134277344,12975228
2023-07-21 09:30:00-04:00,268.0,268.0,256.6000061035156,256.6720886230469,42013564
2023-07-21 10:30:00-04:00,256.67999267578125,262.45001220703125,255.8000030517578,262.4399108886719,24319430
2023-07-21 11:30:00-04:00,262.44000244140625,262.45001220703125,259.70001220703125,261.389404296875,15832085
2023-07-21 12:30:00-04:00,261.36968994140625,265.989990234375,261.281005859375,265.9501037597656,17264725
2023-07-21 13:30:00-04:00,265.9599914550781,267.4800109863281,262.5,263.1440124511719,17009056
2023-07-21 14:30:00-04:00,263.1499938964844,264.8800048828125,261.22198486328125,262.3399963378906,15312151
2023-07-21 15:30:00-04:00,262.3399963378906,262.3900146484375,259.3599853515625,259.95001220703125,12025413
2023-07-24 09:30:00-04:00,255.85000610351562,262.7200012207031,254.1199951171875,262.25,36953186
2023-07-24 10:30:00-04:00,262.2698974609375,265.1700134277344,259.510009765625,263.93548583984375,23391389
2023-07-24 11:30:00-04:00,263.9200134277344,267.5899963378906,263.29998779296875,266.82989501953125,19160933
2023-07-24 12:30:00-04:00,266.8699951171875,267.79998779296875,265.3999938964844,267.125,14600612
2023-07-24 13:30:00-04:00,267.1600036621094,269.8500061035156,266.82000732421875,268.2799987792969,15227535
2023-07-24 14:30:00-04:00,268.260009765625,269.5799865722656,267.45001220703125,267.6596984863281,13673222
2023-07-24 15:30:00-04:00,267.6415100097656,269.1600036621094,267.6400146484375,269.1077880859375,8826885
2023-07-25 09:30:00-04:00,272.3800048828125,272.8999938964844,267.70001220703125,268.3399963378906,34735635
2023-07-25 10:30:00-04:00,268.3699951171875,268.7298889160156,265.4100036621094,267.8399963378906,20864966
2023-07-25 11:30:00-04:00,267.8699951171875,269.3800048828125,266.8800048828125,268.1564025878906,13783191
2023-07-25 12:30:00-04:00,268.13848876953125,270.0379943847656,267.5,269.3949890136719,10907515
2023-07-25 13:30:00-04:00,269.3900146484375,270.239990234375,268.19000244140625,269.68548583984375,10119606
2023-07-25 14:30:00-04:00,269.69500732421875,269.9800109863281,267.05999755859375,267.4154052734375,10804433
2023-07-25 15:30:00-04:00,267.4200134277344,267.6499938964844,265.0,265.260009765625,8887557
2023-07-26 09:30:00-04:00,263.25,268.0400085449219,261.75,266.8500061035156,24770710
2023-07-26 10:30:00-04:00,266.8500061035156,267.8299865722656,263.5700988769531,263.8349914550781,15591731
2023-07-26 11:30:00-04:00,263.8349914550781,264.92999267578125,263.19000244140625,263.8999938964844,10204086
2023-07-26 12:30:00-04:00,263.8949890136719,264.6600036621094,262.7200012207031,264.3900146484375,9283273
2023-07-26 13:30:00-04:00,264.3900146484375,265.70001220703125,263.05999755859375,263.760009765625,10315712
2023-07-26 14:30:00-04:00,263.7900085449219,266.3865051269531,263.3500061035156,264.54998779296875,15675309
2023-07-26 15:30:00-04:00,264.57391357421875,265.2900085449219,263.40008544921875,264.4649963378906,7384301
2023-07-27 09:30:00-04:00,268.30999755859375,269.1300048828125,263.4200134277344,263.4667053222656,24925173
2023-07-27 10:30:00-04:00,263.4599914550781,266.20001220703125,263.3299865722656,266.0320129394531,13444253
2023-07-27 11:30:00-04:00,266.0400085449219,267.3299865722656,265.2799987792969,267.1700134277344,10289111
2023-07-27 12:30:00-04:00,267.17999267578125,267.4800109863281,262.5,262.94500732421875,12307639
2023-07-27 13:30:00-04:00,262.90008544921875,263.2493896484375,259.5,259.6199035644531,13423121
2023-07-27 14:30:00-04:00,259.5799865722656,260.3598937988281,256.0299987792969,257.1549987792969,17132418
2023-07-27 15:30:00-04:00,257.1700134277344,257.5899963378906,255.3000030517578,255.72999572753906,8833245
2023-07-28 09:30:00-04:00,259.8599853515625,264.0,258.231201171875,262.214111328125,27839859
2023-07-28 10:30:00-04:00,262.2049865722656,265.0,260.55010986328125,264.3349914550781,17578510
2023-07-28 11:30:00-04:00,264.3349914550781,266.8800048828125,264.29998779296875,266.6830139160156,15851440
2023-07-28 12:30:00-04:00,266.6700134277344,267.04998779296875,265.2300109863281,265.7806091308594,11663770
2023-07-28 13:30:00-04:00,265.7799987792969,266.2300109863281,263.8999938964844,266.19000244140625,11645895
2023-07-28 14:30:00-04:00,266.19500732421875,267.25,265.1401062011719,265.3700866699219,12029039
2023-07-28 15:30:00-04:00,265.3800048828125,266.7099914550781,265.2699890136719,266.5400085449219,8068744
2023-07-31 09:30:00-04:00,267.4800109863281,269.0799865722656,263.7799987792969,266.1900939941406,25882557
2023-07-31 10:30:00-04:00,266.2250061035156,267.2398986816406,264.6000061035156,266.0862121582031,12747351
2023-07-31 11:30:00-04:00,266.0880126953125,268.63079833984375,265.2099914550781,268.19989013671875,12812456
2023-07-31 12:30:00-04:00,268.19000244140625,268.69000244140625,266.4800109863281,266.5899963378906,9996460
2023-07-31 13:30:00-04:00,266.5799865722656,268.3299865722656,266.55999755859375,267.5799865722656,7603474
2023-07-31 14:30:00-04:00,267.6000061035156,268.04998779296875,266.42999267578125,266.9200134277344,7358159
2023-07-31 15:30:00-04:00,266.9200134277344,267.55999755859375,265.82000732421875,267.489990234375,5738841
2023-08-01 09:30:00-04:00,266.260009765625,266.4700012207031,261.64801025390625,262.4700927734375,24594251
2023-08-01 10:30:00-04:00,262.5199890136719,264.1000061035156,262.2200012207031,263.6050109863281,14648845
2023-08-01 11:30:00-04:00,263.6138000488281,263.9071960449219,260.5,260.7049865722656,11902885
2023-08-01 12:30:00-04:00,260.7049865722656,262.1499938964844,260.25,261.19000244140625,9302125
2023-08-01 13:30:00-04:00,261.1499938964844,261.9200134277344,260.29998779296875,261.45001220703125,7509493
2023-08-01 14:30:00-04:00,261.4599914550781,262.17999267578125,260.7200012207031,261.01251220703125,7163225
2023-08-01 15:30:00-04:00,261.0199890136719,261.7200012207031,260.3599853515625,261.081787109375,5280558
2023-08-02 09:30:00-04:00,255.57000732421875,259.5199890136719,254.0301055908203,255.92539978027344,29868964
2023-08-02 10:30:00-04:00,255.95620727539062,257.5799865722656,253.3300018310547,254.28500366210938,17376667
2023-08-02 11:30:00-04:00,254.2863006591797,255.27999877929688,250.49000549316406,251.41000366210938,16422148
2023-08-02 12:30:00-04:00,251.38999938964844,254.52999877929688,251.36000061035156,253.85499572753906,10462467
2023-08-02 13:30:00-04:00,253.85499572753906,255.3699951171875,252.94000244140625,255.17990112304688,9369334
2023-08-02 14:30:00-04:00,255.16000366210938,255.47999572753906,253.02000427246094,253.2198944091797,9341974
2023-08-02 15:30:00-04:00,253.2100067138672,254.64990234375,253.0800018310547,254.16000366210938,5987441
2023-08-03 09:30:00-04:00,253.0,257.5,252.58999633789062,253.24000549316406,27350136
2023-08-03 10:30:00-04:00,253.22579956054688,257.20001220703125,253.1199951171875,256.3200988769531,17829987
2023-08-03 11:30:00-04:00,256.3500061035156,257.1000061035156,255.44000244140625,255.83990478515625,10981248
2023-08-03 12:30:00-04:00,255.85000610351562,258.5899963378906,255.52000427246094,257.7001953125,9961730
2023-08-03 13:30:00-04:00,257.70001220703125,258.75,257.0199890136719,258.44000244140625,9071032
2023-08-03 14:30:00-04:00,258.4649963378906,260.489990234375,258.29998779296875,259.59991455078125,13448276
2023-08-03 15:30:00-04:00,259.5987854003906,260.1098937988281,258.7200012207031,259.29998779296875,6340299
2023-08-04 09:30:00-04:00,261.42999267578125,264.7699890136719,257.29998779296875,257.9949951171875,28416536
2023-08-04 10:30:00-04:00,257.9613952636719,259.79998779296875,256.5,259.05999755859375,14988321
2023-08-04 11:30:00-04:00,259.05999755859375,260.44000244140625,258.1000061035156,259.80999755859375,11174841
2023-08-04 12:30:00-04:00,259.8500061035156,261.0400085449219,259.2099914550781,259.55999755859375,9461472
2023-08-04 13:30:00-04:00,259.57989501953125,259.8999938964844,255.39999389648438,255.6649932861328,11613168
2023-08-04 14:30:00-04:00,255.6699981689453,256.04998779296875,253.63999938964844,254.24000549316406,13793550
2023-08-04 15:30:00-04:00,254.26040649414062,254.66990661621094,253.11000061035156,253.86000061035156,7627313
2023-08-07 09:30:00-04:00,251.4499969482422,253.65109252929688,245.0,248.173095703125,34264352
2023-08-07 10:30:00-04:00,248.1300048828125,249.1999969482422,243.8800048828125,244.0041046142578,20107900
2023-08-07 11:30:00-04:00,243.97999572753906,247.05999755859375,242.75999450683594,246.94500732421875,14586959
2023-08-07 12:30:00-04:00,246.94529724121094,247.03799438476562,245.33999633789062,246.72000122070312,9692880
2023-08-07 13:30:00-04:00,246.72999572753906,249.5,246.3000030517578,248.72999572753906,10837641
2023-08-07 14:30:00-04:00,248.73989868164062,250.53990173339844,248.50999450683594,249.64920043945312,11356526
2023-08-07 15:30:00-04:00,249.625,251.5800018310547,249.30999755859375,251.41000366210938,7579167
2023-08-08 09:30:00-04:00,248.5,250.39999389648438,245.00999450683594,250.11990356445312,29109305
2023-08-08 10:30:00-04:00,250.1199951171875,250.9199981689453,247.44000244140625,248.0,18182904
2023-08-08 11:30:00-04:00,248.02000427246094,248.58999633789062,246.3000030517578,247.88499450683594,11790960
2023-08-08 12:30:00-04:00,247.875,249.63999938964844,247.13009643554688,249.1699981689453,9867750
2023-08-08 13:30:00-04:00,249.14999389648438,250.28990173339844,248.35000610351562,249.70010375976562,9586834
2023-08-08 14:30:00-04:00,249.71009826660156,250.4600067138672,248.91000366210938,249.5,9717895
2023-08-08 15:30:00-04:00,249.49000549316406,250.32000732421875,248.62869262695312,249.6199951171875,6545063
2023-08-09 09:30:00-04:00,249.55999755859375,250.47869873046875,245.7803955078125,246.7100067138672,24050973
2023-08-09 10:30:00-04:00,246.7100067138672,247.3000030517578,242.1999969482422,243.41929626464844,19573325
2023-08-09 11:30:00-04:00,243.41000366210938,245.2899932861328,243.0,243.97000122070312,13726711
2023-08-09 12:30:00-04:00,243.92999267578125,245.64999389648438,243.05999755859375,245.1699981689453,10371991
2023-08-09 13:30:00-04:00,245.17010498046875,246.4600067138672,244.66000366210938,246.05999755859375,9017802
2023-08-09 14:30:00-04:00,246.06500244140625,246.63999938964844,243.92059326171875,244.72500610351562,10007670
2023-08-09 15:30:00-04:00,244.75149536132812,244.9084014892578,241.89999389648438,242.19009399414062,10934510
2023-08-10 09:30:00-04:00,245.39999389648438,251.5800018310547,244.52999877929688,250.97329711914062,31833967
2023-08-10 10:30:00-04:00,250.9600067138672,251.8000030517578,246.08999633789062,246.6300048828125,21405948
2023-08-10 11:30:00-04:00,246.6300048828125,247.2100067138672,243.8000030517578,244.59010314941406,16741662
2023-08-10 12:30:00-04:00,244.6147003173828,246.41000366210938,244.10000610351562,244.82000732421875,10508598
2023-08-10 13:30:00-04:00,244.8000030517578,245.97999572753906,243.0,245.47999572753906,11482935
2023-08-10 14:30:00-04:00,245.47500610351562,246.19000244140625,244.02999877929688,245.02000427246094,9924244
2023-08-10 15:30:00-04:00,245.0,245.89999389648438,244.39999389648438,245.3699951171875,5850080
2023-08-11 09:30:00-04:00,241.77000427246094,242.6699981689453,238.02000427246094,240.94000244140625,30979374
2023-08-11 10:30:00-04:00,240.97999572753906,242.63999938964844,239.8000030517578,240.69000244140625,16245457
2023-08-11 11:30:00-04:00,240.67999267578125,242.39999389648438,239.32000732421875,242.37550354003906,11828891
2023-08-11 12:30:00-04:00,242.35499572753906,243.1999053955078,240.8000030517578,242.38999938964844,10883223
2023-08-11 13:30:00-04:00,242.35000610351562,243.07000732421875,241.39999389648438,242.66000366210938,8810723
2023-08-11 14:30:00-04:00,242.64999389648438,243.7899932861328,242.35000610351562,242.9600067138672,11801571
2023-08-11 15:30:00-04:00,242.9600067138672,243.07000732421875,241.97999572753906,242.64999389648438,7084501
2023-08-14 09:30:00-04:00,235.6999969482422,238.9600067138672,233.75,238.01010131835938,32605640
2023-08-14 10:30:00-04:00,238.02000427246094,240.66000366210938,237.50999450683594,238.99000549316406,16140772
2023-08-14 11:30:00-04:00,238.99000549316406,239.2100067138672,236.7100067138672,238.26910400390625,13609001
2023-08-14 12:30:00-04:00,238.2700958251953,239.61700439453125,238.0,238.7698974609375,11440203
2023-08-14 13:30:00-04:00,238.75999450683594,239.02000427246094,237.36000061035156,238.34840393066406,8435277
2023-08-14 14:30:00-04:00,238.36000061035156,239.05999755859375,237.66000366210938,238.4250030517578,8527449
2023-08-14 15:30:00-04:00,238.4199981689453,239.83999633789062,238.22999572753906,239.75999450683594,5923609
2023-08-15 09:30:00-04:00,238.72999572753906,240.5,235.1300048828125,235.35989379882812,26716080
2023-08-15 10:30:00-04:00,235.36000061035156,236.38999938964844,234.27000427246094,235.35079956054688,15361364
2023-08-15 11:30:00-04:00,235.35000610351562,236.13999938964844,234.50999450683594,235.25,9619012
2023-08-15 12:30:00-04:00,235.25,235.6237030029297,233.1999969482422,233.92269897460938,10095261
2023-08-15 13:30:00-04:00,233.92149353027344,234.08999633789062,232.85060119628906,233.1300048828125,8552960
2023-08-15 14:30:00-04:00,233.13999938964844,234.39999389648438,232.61000061035156,232.74000549316406,8159310
2023-08-15 15:30:00-04:00,232.77000427246094,233.74000549316406,232.62010192871094,232.94500732421875,6770075
2023-08-16 09:30:00-04:00,228.02000427246094,233.97000122070312,227.4499969482422,231.17999267578125,32272024
2023-08-16 10:30:00-04:00,231.14500427246094,232.58990478515625,228.39999389648438,228.77999877929688,18140560
2023-08-16 11:30:00-04:00,228.7899932861328,229.27999877929688,226.6699981689453,226.9282989501953,16401589
2023-08-16 12:30:00-04:00,226.93910217285156,228.8300018310547,226.8699951171875,228.55999755859375,10220284
2023-08-16 13:30:00-04:00,228.54429626464844,229.35000610351562,226.9499969482422,228.96009826660156,11395897
2023-08-16 14:30:00-04:00,228.97000122070312,229.47000122070312,226.25,227.02999877929688,11527970
2023-08-16 15:30:00-04:00,227.05999755859375,227.6199951171875,225.3800048828125,225.55999755859375,8891243
2023-08-17 09:30:00-04:00,226.05999755859375,226.74000549316406,221.5312042236328,224.41380310058594,33755865
2023-08-17 10:30:00-04:00,224.38499450683594,225.67999267578125,223.05999755859375,223.38999938964844,20758545
2023-08-17 11:30:00-04:00,223.4199981689453,225.17999267578125,222.8000030517578,224.86500549316406,13206836
2023-08-17 12:30:00-04:00,224.889892578125,225.52999877929688,223.5,223.88999938964844,11373009
2023-08-17 13:30:00-04:00,223.88999938964844,223.92660522460938,221.91000366210938,222.12989807128906,10838609
2023-08-17 14:30:00-04:00,222.11500549316406,222.139892578125,219.38009643554688,220.139892578125,16354051
2023-08-17 15:30:00-04:00,220.14089965820312,220.22999572753906,218.8300018310547,219.19000244140625,10304209
2023-08-18 09:30:00-04:00,214.1199951171875,217.5800018310547,213.5,215.7100067138672,39347553
2023-08-18 10:30:00-04:00,215.74000549316406,216.63929748535156,212.75999450683594,212.97369384765625,24345007
2023-08-18 11:30:00-04:00,212.9958953857422,216.89999389648438,212.36000061035156,214.61000061035156,20741901
2023-08-18 12:30:00-04:00,214.64019775390625,216.64999389648438,214.25,215.22999572753906,15805761
2023-08-18 13:30:00-04:00,215.2230987548828,215.8000030517578,214.25,215.06629943847656,11903509
2023-08-18 14:30:00-04:00,215.00999450683594,216.32000732421875,214.1699981689453,214.92999267578125,11957676
2023-08-18 15:30:00-04:00,214.94000244140625,216.30999755859375,214.6699981689453,215.42999267578125,8161649
2023-08-21 09:30:00-04:00,221.5511932373047,229.94000244140625,220.5800018310547,226.92489624023438,43582533
2023-08-21 10:30:00-04:00,226.97999572753906,227.41000366210938,224.75999450683594,225.05999755859375,22174901
2023-08-21 11:30:00-04:00,225.05999755859375,227.4499969482422,224.5500030517578,227.22000122070312,13712586
2023-08-21 12:30:00-04:00,227.1999969482422,228.6199951171875,226.94369506835938,228.14999389648438,12047272
2023-08-21 13:30:00-04:00,228.13290405273438,230.4499969482422,228.07000732421875,230.02999877929688,13807744
2023-08-21 14:30:00-04:00,230.05880737304688,231.05999755859375,229.5800018310547,230.15350341796875,12618648
2023-08-21 15:30:00-04:00,230.14999389648438,232.13429260253906,229.44000244140625,231.27999877929688,9865529
2023-08-22 09:30:00-04:00,240.25,240.82000732421875,234.6999969482422,235.2200927734375,43590032
2023-08-22 10:30:00-04:00,235.25,236.5500030517578,233.0319061279297,233.0800018310547,19979070
2023-08-22 11:30:00-04:00,233.08639526367188,234.1199951171875,229.5500030517578,231.67999267578125,17620000
2023-08-22 12:30:00-04:00,231.67990112304688,234.18499755859375,231.44000244140625,232.28500366210938,15281288
2023-08-22 13:30:00-04:00,232.3000030517578,233.77000427246094,230.79010009765625,233.39149475097656,12867738
2023-08-22 14:30:00-04:00,233.41000366210938,234.19000244140625,232.10000610351562,232.5998992919922,12311734
2023-08-22 15:30:00-04:00,232.5800018310547,233.47999572753906,231.82000732421875,233.19000244140625,7030695
2023-08-23 09:30:00-04:00,229.33999633789062,234.70989990234375,229.2899932861328,234.02999877929688,30533205
2023-08-23 10:30:00-04:00,234.01499938964844,235.58999633789062,233.1999969482422,235.3300018310547,16436082
2023-08-23 11:30:00-04:00,235.35899353027344,237.13999938964844,234.88999938964844,236.5050048828125,13572772
2023-08-23 12:30:00-04:00,236.57000732421875,236.8800048828125,235.25999450683594,236.6761016845703,9136107
2023-08-23 13:30:00-04:00,236.67999267578125,238.97999572753906,236.66659545898438,237.8699951171875,11390277
2023-08-23 14:30:00-04:00,237.85499572753906,238.27000427246094,237.05999755859375,237.86000061035156,8509321
2023-08-23 15:30:00-04:00,237.85000610351562,238.25,236.50999450683594,236.84249877929688,5848928
2023-08-24 09:30:00-04:00,238.4127960205078,238.58999633789062,229.24000549316406,229.29269409179688,30261862
2023-08-24 10:30:00-04:00,229.27499389648438,231.64999389648438,228.1800994873047,231.07989501953125,18530562
2023-08-24 11:30:00-04:00,231.05999755859375,233.1300048828125,229.6999969482422,232.7299041748047,13004291
2023-08-24 12:30:00-04:00,232.72999572753906,234.44000244140625,231.82000732421875,232.1199951171875,10529155
2023-08-24 13:30:00-04:00,232.1300048828125,233.77999877929688,231.92999267578125,232.52999877929688,8815959
2023-08-24 14:30:00-04:00,232.52000427246094,232.9799041748047,230.6199951171875,230.88040161132812,9157610
2023-08-24 15:30:00-04:00,230.91000366210938,231.22999572753906,229.86000061035156,230.00999450683594,6402116
2023-08-25 09:30:00-04:00,231.30999755859375,237.75999450683594,230.92999267578125,233.61129760742188,31928323
2023-08-25 10:30:00-04:00,233.63999938964844,234.9199981689453,230.41000366210938,234.36000061035156,18945705
2023-08-25 11:30:00-04:00,234.360595703125,235.25,232.5500030517578,234.86000061035156,12342061
2023-08-25 12:30:00-04:00,234.83999633789062,236.11990356445312,234.14999389648438,234.91000366210938,9700209
2023-08-25 13:30:00-04:00,234.92999267578125,238.49000549316406,234.28070068359375,238.4333953857422,10371728
2023-08-25 14:30:00-04:00,238.4600067138672,238.89999389648438,237.27000427246094,238.52850341796875,12465362
2023-08-25 15:30:00-04:00,238.52999877929688,239.0,237.57000732421875,238.5800018310547,7686760
2023-08-28 09:30:00-04:00,243.92999267578125,244.3800048828125,237.1999969482422,240.25,33986594
2023-08-28 10:30:00-04:00,240.24009704589844,240.8699951171875,237.80999755859375,239.4600067138672,16700354
2023-08-28 11:30:00-04:00,239.46499633789062,239.86000061035156,235.52000427246094,236.1649932861328,16162243
2023-08-28 12:30:00-04:00,236.1833953857422,239.14999389648438,235.35000610351562,239.05999755859375,11933765
2023-08-28 13:30:00-04:00,239.0800018310547,239.1199951171875,236.02999877929688,237.14999389648438,9736432
2023-08-28 14:30:00-04:00,237.13189697265625,238.5,236.5500030517578,237.61500549316406,8798929
2023-08-28 15:30:00-04:00,237.58999633789062,239.67999267578125,237.47000122070312,238.88999938964844,6875789
2023-08-29 09:30:00-04:00,238.375,249.66000366210938,237.77000427246094,249.2200927734375,38176761
2023-08-29 10:30:00-04:00,249.24000549316406,251.88999938964844,248.58999633789062,251.4499969482422,26034317
2023-08-29 11:30:00-04:00,251.47500610351562,254.6488037109375,250.91000366210938,253.8300018310547,17464291
2023-08-29 12:30:00-04:00,253.8699951171875,254.8699951171875,252.65499877929688,253.2904052734375,12603046
2023-08-29 13:30:00-04:00,253.3000030517578,255.36990356445312,253.10000610351562,254.97520446777344,12262129
2023-08-29 14:30:00-04:00,254.96749877929688,257.0400085449219,254.47999572753906,256.6476135253906,13560119
2023-08-29 15:30:00-04:00,256.6400146484375,257.4800109863281,255.41000366210938,257.239990234375,9658288
2023-08-30 09:30:00-04:00,254.1999969482422,256.3800048828125,250.58999633789062,252.97059631347656,38724936
2023-08-30 10:30:00-04:00,252.9700927734375,255.88999938964844,252.97000122070312,255.41009521484375,17835679
2023-08-30 11:30:00-04:00,255.41009521484375,260.510009765625,255.25,260.0191955566406,18148239
2023-08-30 12:30:00-04:00,259.989990234375,260.1400146484375,257.74310302734375,257.9100036621094,11831843
2023-08-30 13:30:00-04:00,257.92999267578125,259.25,254.91000366210938,254.9149932861328,13713014
2023-08-30 14:30:00-04:00,254.91000366210938,257.6499938964844,254.2100067138672,255.94000244140625,12359526
2023-08-30 15:30:00-04:00,255.97000122070312,257.55999755859375,255.82000732421875,256.95001220703125,6886112
2023-08-31 09:30:00-04:00,255.97999572753906,259.6600036621094,255.0500030517578,258.19000244140625,31064241
2023-08-31 10:30:00-04:00,258.20001220703125,259.7900085449219,257.5006103515625,258.8399963378906,18747297
2023-08-31 11:30:00-04:00,258.82000732421875,259.9200134277344,257.0,257.20001220703125,14351001
2023-08-31 12:30:00-04:00,257.2099914550781,258.1648864746094,255.64999389648438,257.7349853515625,11943014
2023-08-31 13:30:00-04:00,257.7500915527344,259.1300048828125,256.79998779296875,258.82501220703125,8599500
2023-08-31 14:30:00-04:00,258.8349914550781,259.4800109863281,258.0202941894531,258.9100036621094,8572877
2023-08-31 15:30:00-04:00,258.9700012207031,261.17999267578125,257.8900146484375,258.027099609375,9019177
2023-09-01 09:30:00-04:00,257.260009765625,259.07940673828125,251.0500946044922,252.57000732421875,35063467
2023-09-01 10:30:00-04:00,252.5500030517578,252.5511016845703,246.97000122070312,248.056396484375,23937651
2023-09-01 11:30:00-04:00,248.08999633789062,248.51499938964844,245.4600067138672,246.77000427246094,16126759
2023-09-01 12:30:00-04:00,246.76370239257812,247.99000549316406,246.36000061035156,246.62379455566406,11353569
2023-09-01 13:30:00-04:00,246.62069702148438,247.07000732421875,242.50999450683594,242.91000366210938,16014620
2023-09-01 14:30:00-04:00,242.9199981689453,244.3000030517578,242.00999450683594,244.0865020751953,15204391
2023-09-01 15:30:00-04:00,244.08999633789062,245.47999572753906,243.89999389648438,244.99000549316406,9946706
2023-09-05 09:30:00-04:00,245.0,253.72000122070312,244.86000061035156,252.14999389648438,42978033
2023-09-05 10:30:00-04:00,252.14930725097656,253.99000549316406,251.0800018310547,252.2899932861328,19399372
2023-09-05 11:30:00-04:00,252.27490234375,255.80999755859375,252.0919952392578,255.514404296875,15227832
2023-09-05 12:30:00-04:00,255.5500030517578,256.8999938964844,255.13999938964844,255.36000061035156,14724897
2023-09-05 13:30:00-04:00,255.35000610351562,257.5,255.10000610351562,257.32159423828125,12871130
2023-09-05 14:30:00-04:00,257.3299865722656,258.0,256.5799865722656,257.2749938964844,12179750
2023-09-05 15:30:00-04:00,257.2900085449219,257.80499267578125,255.9499969482422,256.4800109863281,8191241
2023-09-06 09:30:00-04:00,254.18760681152344,254.82989501953125,245.38999938964844,245.64999389648438,39651964
2023-09-06 10:30:00-04:00,245.66000366210938,247.60000610351562,245.05999755859375,247.18919372558594,17778505
2023-09-06 11:30:00-04:00,247.17999267578125,249.7041015625,247.1300048828125,249.36000061035156,12956554
2023-09-06 12:30:00-04:00,249.36000061035156,251.0800018310547,247.41000366210938,250.57269287109375,13957489
2023-09-06 13:30:00-04:00,250.57000732421875,251.98989868164062,250.14999389648438,251.4748992919922,12365670
2023-09-06 14:30:00-04:00,251.5,252.44000244140625,250.9600067138672,251.65890502929688,11030109
2023-09-06 15:30:00-04:00,251.64999389648438,252.24000549316406,251.23159790039062,251.99000549316406,6494587
2023-09-07 09:30:00-04:00,244.0,248.6999969482422,243.26499938964844,245.25929260253906,35897863
2023-09-07 10:30:00-04:00,245.26499938964844,246.94000244140625,243.50999450683594,246.07989501953125,17260405
2023-09-07 11:30:00-04:00,246.05870056152344,250.38999938964844,246.02000427246094,249.7100067138672,14452877
2023-09-07 12:30:00-04:00,249.7100067138672,251.1999969482422,248.91000366210938,250.82000732421875,12279241
2023-09-07 13:30:00-04:00,250.88999938964844,252.80999755859375,250.3000030517578,250.84669494628906,13165657
2023-09-07 14:30:00-04:00,250.86000061035156,252.19000244140625,250.2100067138672,251.6649932861328,11400163
2023-09-07 15:30:00-04:00,251.66909790039062,252.33990478515625,251.0,251.49000549316406,7354484
2023-09-08 09:30:00-04:00,251.22000122070312,256.5199890136719,250.30999755859375,254.76499938964844,35130817
2023-09-08 10:30:00-04:00,254.8800048828125,255.25,251.39999389648438,253.75999450683594,17598415
2023-09-08 11:30:00-04:00,253.75250244140625,254.35000610351562,250.41000366210938,250.52999877929688,13598223
2023-09-08 12:30:00-04:00,250.50390625,250.88999938964844,246.6699981689453,247.33399963378906,18135137
2023-09-08 13:30:00-04:00,247.36000061035156,248.8800048828125,246.83999633789062,247.283203125,13973344
2023-09-08 14:30:00-04:00,247.30999755859375,248.5500030517578,246.92379760742188,248.3885040283203,11077515
2023-09-08 15:30:00-04:00,248.3867950439453,248.77999877929688,247.75,248.4600067138672,6773021
2023-09-11 09:30:00-04:00,264.2699890136719,265.94000244140625,260.6099853515625,264.3299865722656,53314289
2023-09-11 10:30:00-04:00,264.3280029296875,270.45001220703125,263.2001037597656,270.0899963378906,30209688
2023-09-11 11:30:00-04:00,270.0799865722656,272.5299072265625,269.55010986328125,271.8500061035156,24846580
2023-09-11 12:30:00-04:00,271.8393859863281,272.17999267578125,270.3500061035156,271.8992004394531,15831394
2023-09-11 13:30:00-04:00,271.909912109375,274.2300109863281,271.86199951171875,274.159912109375,16757186
2023-09-11 14:30:00-04:00,274.1700134277344,274.8500061035156,273.5299987792969,274.6099853515625,16030152
2023-09-11 15:30:00-04:00,274.614990234375,274.6400146484375,272.54998779296875,273.6449890136719,12393053
2023-09-12 09:30:00-04:00,270.760009765625,278.3900146484375,268.3299865722656,273.57000732421875,47468081
2023-09-12 10:30:00-04:00,273.54998779296875,275.5,269.8900146484375,271.67999267578125,23785642
2023-09-12 11:30:00-04:00,271.69000244140625,272.96990966796875,270.6000061035156,270.8544006347656,13723027
2023-09-12 12:30:00-04:00,270.85089111328125,271.1400146484375,268.55999755859375,270.57659912109375,13835420
2023-09-12 13:30:00-04:00,270.58990478515625,270.9482116699219,266.6000061035156,267.9800109863281,14993208
2023-09-12 14:30:00-04:00,267.9800109863281,268.4200134277344,266.760009765625,268.0885009765625,12172572
2023-09-12 15:30:00-04:00,268.1000061035156,268.1400146484375,266.8900146484375,267.3900146484375,7638543
2023-09-13 09:30:00-04:00,270.07000732421875,274.9800109863281,268.1000061035156,270.56988525390625,40560087
2023-09-13 10:30:00-04:00,270.57000732421875,273.19000244140625,270.1199951171875,272.389892578125,17387611
2023-09-13 11:30:00-04:00,272.364990234375,273.0799865722656,270.0,271.17999267578125,12369899
2023-09-13 12:30:00-04:00,271.20001220703125,272.5382995605469,270.6499938964844,272.1405944824219,9678107
2023-09-13 13:30:00-04:00,272.16558837890625,273.67999267578125,271.45001220703125,272.6050109863281,11048168
2023-09-13 14:30:00-04:00,272.5899963378906,272.8299865722656,270.0,271.1300048828125,11953621
2023-09-13 15:30:00-04:00,271.1300048828125,271.5,270.5,271.2799987792969,6196322
2023-09-14 09:30:00-04:00,271.0,274.6199951171875,270.489990234375,273.19500732421875,34882630
2023-09-14 10:30:00-04:00,273.2099914550781,276.17999267578125,273.19000244140625,274.96600341796875,20143367
2023-09-14 11:30:00-04:00,274.9700012207031,275.4200134277344,273.3500061035156,274.2799987792969,13267379
2023-09-14 12:30:00-04:00,274.2900085449219,275.8699951171875,274.0299987792969,274.67999267578125,9461835
2023-09-14 13:30:00-04:00,274.70001220703125,275.9100036621094,274.6499938964844,275.45001220703125,8898809
2023-09-14 14:30:00-04:00,275.44500732421875,276.70941162109375,274.93011474609375,275.5899963378906,12096485
2023-09-14 15:30:00-04:00,275.5799865722656,276.44000244140625,275.2699890136719,276.0199890136719,6193641
2023-09-15 09:30:00-04:00,278.8057861328125,278.9800109863281,271.6499938964844,275.0,40536913
2023-09-15 10:30:00-04:00,275.0199890136719,276.0400085449219,272.7900085449219,273.9075927734375,19318190
2023-09-15 11:30:00-04:00,273.893798828125,275.6000061035156,273.5299987792969,275.27740478515625,13277079
2023-09-15 12:30:00-04:00,275.2864074707031,276.5570068359375,274.29998779296875,274.57000732421875,12219532
2023-09-15 13:30:00-04:00,274.5899963378906,275.0299987792969,271.4200134277344,271.69000244140625,12104218
2023-09-15 14:30:00-04:00,271.7283020019531,273.84930419921875,271.0,273.510009765625,13635684
2023-09-15 15:30:00-04:00,273.54998779296875,278.0,272.7699890136719,274.4100036621094,8865675
2023-09-18 09:30:00-04:00,271.1600036621094,271.44000244140625,263.7601013183594,266.20001220703125,35450004
2023-09-18 10:30:00-04:00,266.2381896972656,267.9100036621094,264.4800109863281,267.9100036621094,16449581
2023-09-18 11:30:00-04:00,267.9198913574219,268.639892578125,266.25,267.04998779296875,11971336
2023-09-18 12:30:00-04:00,267.07501220703125,267.9859924316406,266.7002868652344,267.2650146484375,8560628
2023-09-18 13:30:00-04:00,267.2650146484375,268.42999267578125,265.9599914550781,266.19000244140625,8575163
2023-09-18 14:30:00-04:00,266.19500732421875,266.7099914550781,264.760009765625,265.8349914550781,11293696
2023-09-18 15:30:00-04:00,265.83050537109375,265.9389953613281,264.7099914550781,265.20001220703125,6479282
2023-09-19 09:30:00-04:00,264.3500061035156,267.8500061035156,261.20001220703125,263.8599853515625,34173943
2023-09-19 10:30:00-04:00,263.8399963378906,264.9198913574219,262.0799865722656,264.8699951171875,15654616
2023-09-19 11:30:00-04:00,264.8699951171875,265.2799987792969,263.5600891113281,264.5849914550781,10924325
2023-09-19 12:30:00-04:00,264.55999755859375,266.80999755859375,263.6400146484375,266.0397033691406,11568642
2023-09-19 13:30:00-04:00,266.04998779296875,267.5,265.8999938964844,266.0350036621094,11133995
2023-09-19 14:30:00-04:00,266.0199890136719,267.4700012207031,265.2200927734375,266.2099914550781,11368263
2023-09-19 15:30:00-04:00,266.2049865722656,266.7900085449219,265.6199951171875,266.4599914550781,5788089
2023-09-20 09:30:00-04:00,267.0400085449219,268.6000061035156,265.3100891113281,267.55999755859375,27086446
2023-09-20 10:30:00-04:00,267.54998779296875,268.1499938964844,265.4601135253906,265.8599853515625,11754807
2023-09-20 11:30:00-04:00,265.8349914550781,268.07000732421875,265.6199951171875,268.02130126953125,8605776
2023-09-20 12:30:00-04:00,268.0205993652344,273.92999267578125,267.28009033203125,271.57000732421875,18991534
2023-09-20 13:30:00-04:00,271.5899963378906,272.260009765625,269.20001220703125,271.67999267578125,16594801
2023-09-20 14:30:00-04:00,271.7279968261719,273.54998779296875,266.1000061035156,267.0199890136719,22315111
2023-09-20 15:30:00-04:00,267.0227966308594,267.1300048828125,262.4606018066406,262.4830017089844,14049609
2023-09-21 09:30:00-04:00,257.8500061035156,260.389892578125,254.2100067138672,256.2666931152344,39171449
2023-09-21 10:30:00-04:00,256.260009765625,258.54998779296875,255.89999389648438,257.348388671875,17014458
2023-09-21 11:30:00-04:00,257.3500061035156,258.3599853515625,256.9601135253906,258.2799987792969,10970900
2023-09-21 12:30:00-04:00,258.2699890136719,260.8599853515625,258.2699890136719,259.9100036621094,15853497
2023-09-21 13:30:00-04:00,259.9049987792969,260.2590026855469,256.79998779296875,257.1000061035156,10971050
2023-09-21 14:30:00-04:00,257.0799865722656,257.6300048828125,255.22000122070312,256.9399108886719,13254800
2023-09-21 15:30:00-04:00,256.94500732421875,257.6700134277344,255.3699951171875,255.64999389648438,9062584
2023-09-22 09:30:00-04:00,257.3999938964844,257.7887878417969,252.1300048828125,254.10440063476562,34976975
2023-09-22 10:30:00-04:00,254.1300048828125,256.1400146484375,253.63009643554688,255.1999969482422,15931964
2023-09-22 11:30:00-04:00,255.22850036621094,255.90989685058594,253.41000366210938,253.93240356445312,11518006
2023-09-22 12:30:00-04:00,253.9499969482422,254.66000366210938,249.6300048828125,249.64999389648438,15176565
2023-09-22 13:30:00-04:00,249.6533966064453,250.44000244140625,245.7100067138672,247.19000244140625,19572077
2023-09-22 14:30:00-04:00,247.19000244140625,248.14999389648438,245.4600067138672,247.2899932861328,16049157
2023-09-22 15:30:00-04:00,247.3000030517578,247.54820251464844,244.47999572753906,244.74000549316406,10619438
2023-09-25 09:30:00-04:00,243.3800048828125,244.8800048828125,238.30999755859375,242.00999450683594,37259197
2023-09-25 10:30:00-04:00,242.0,246.17999267578125,241.6999969482422,244.72000122070312,16850771
2023-09-25 11:30:00-04:00,244.72999572753906,247.07000732421875,244.5601043701172,246.78489685058594,13078933
2023-09-25 12:30:00-04:00,246.7899932861328,246.86000061035156,244.5500946044922,245.22000122070312,10238112
2023-09-25 13:30:00-04:00,245.27000427246094,246.5399932861328,244.94000244140625,245.37989807128906,8521043
2023-09-25 14:30:00-04:00,245.35000610351562,246.2100067138672,244.02000427246094,245.8300018310547,9790080
2023-09-25 15:30:00-04:00,245.8300018310547,247.10000610351562,245.41000366210938,247.05999755859375,6679752
2023-09-26 09:30:00-04:00,242.97999572753906,246.55999755859375,241.66009521484375,245.9499969482422,31570548
2023-09-26 10:30:00-04:00,245.9499969482422,249.5500030517578,245.77000427246094,246.9398956298828,18905667
2023-09-26 11:30:00-04:00,246.93629455566406,248.64630126953125,246.15150451660156,247.36000061035156,11540785
2023-09-26 12:30:00-04:00,247.3159942626953,247.6699981689453,244.97000122070312,245.0500030517578,9904545
2023-09-26 13:30:00-04:00,245.07000732421875,245.4499053955078,242.9199981689453,243.67010498046875,11776893
2023-09-26 14:30:00-04:00,243.66000366210938,244.89999389648438,243.5301055908203,243.72000122070312,9721332
2023-09-26 15:30:00-04:00,243.75999450683594,244.67999267578125,243.56100463867188,244.1300048828125,6252970
2023-09-27 09:30:00-04:00,244.26199340820312,245.3300018310547,241.4199981689453,244.01429748535156,32407775
2023-09-27 10:30:00-04:00,243.97999572753906,244.41000366210938,240.7301025390625,242.5699005126953,18538680
2023-09-27 11:30:00-04:00,242.55499267578125,242.92999267578125,238.57000732421875,239.0500030517578,15780207
2023-09-27 12:30:00-04:00,239.0500030517578,239.5500030517578,234.5800018310547,234.97500610351562,20061602
2023-09-27 13:30:00-04:00,234.95010375976562,238.24989318847656,234.74000549316406,238.0601043701172,16541286
2023-09-27 14:30:00-04:00,238.0780029296875,242.29989624023438,238.0780029296875,241.5,21127232
2023-09-27 15:30:00-04:00,241.4521026611328,241.9698944091797,239.52149963378906,240.47999572753906,9467288
2023-09-28 09:30:00-04:00,240.02000427246094,243.3000030517578,238.64999389648438,239.6199951171875,30907003
2023-09-28 10:30:00-04:00,239.6186065673828,244.10000610351562,238.77999877929688,244.0800018310547,18277804
2023-09-28 11:30:00-04:00,244.0800018310547,247.5500030517578,243.860107421875,247.05369567871094,19909829
2023-09-28 12:30:00-04:00,247.0800018310547,247.14999389648438,244.58889770507812,246.08990478515625,13465648
2023-09-28 13:30:00-04:00,246.08999633789062,247.14999389648438,245.0,246.8300018310547,10650500
2023-09-28 14:30:00-04:00,246.85000610351562,246.91000366210938,244.2200927734375,246.19180297851562,11682227
2023-09-28 15:30:00-04:00,246.2100067138672,247.0,244.55999755859375,246.3699951171875,9815247
2023-09-29 09:30:00-04:00,250.0,254.6699981689453,248.60000610351562,252.5500030517578,39033504
2023-09-29 10:30:00-04:00,252.57000732421875,254.16000366210938,251.24000549316406,251.28599548339844,19564383
2023-09-29 11:30:00-04:00,251.30999755859375,252.49000549316406,250.72000122070312,251.97999572753906,14690602
2023-09-29 12:30:00-04:00,252.0,252.6300048828125,248.0,249.23500061035156,14767181
2023-09-29 13:30:00-04:00,249.2100067138672,249.47999572753906,246.35000610351562,248.1199951171875,14585894
2023-09-29 14:30:00-04:00,248.13999938964844,250.60000610351562,247.6199951171875,250.0399932861328,13932031
2023-09-29 15:30:00-04:00,250.05799865722656,251.14999389648438,249.5301055908203,250.22999572753906,8616112
2023-10-02 09:30:00-04:00,244.80999755859375,250.77999877929688,242.6199951171875,248.10240173339844,40207030
2023-10-02 10:30:00-04:00,248.14999389648438,254.19000244140625,247.4019012451172,254.07000732421875,20227976
2023-10-02 11:30:00-04:00,254.07000732421875,254.2799072265625,251.07000732421875,252.16000366210938,15427957
2023-10-02 12:30:00-04:00,252.16000366210938,253.1199951171875,248.52999877929688,250.2899932861328,14364033
2023-10-02 13:30:00-04:00,250.32000732421875,250.57000732421875,248.10000610351562,248.83200073242188,11596394
2023-10-02 14:30:00-04:00,248.86000061035156,250.60000610351562,247.8800048828125,249.98989868164062,11577517
2023-10-02 15:30:00-04:00,249.9700927734375,251.75,249.8350067138672,251.61720275878906,7312341
2023-10-03 09:30:00-04:00,248.61000061035156,250.02000427246094,246.08009338378906,247.4499969482422,32417376
2023-10-03 10:30:00-04:00,247.47999572753906,248.0,244.4499969482422,246.8699951171875,17609045
2023-10-03 11:30:00-04:00,246.86000061035156,249.74000549316406,246.25,249.06500244140625,13575714
2023-10-03 12:30:00-04:00,249.06390380859375,249.24000549316406,247.64999389648438,247.8300018310547,8709223
2023-10-03 13:30:00-04:00,247.85000610351562,248.36990356445312,246.19000244140625,246.32200622558594,9309443
2023-10-03 14:30:00-04:00,246.32000732421875,247.41700744628906,245.47000122070312,245.58999633789062,9920584
2023-10-03 15:30:00-04:00,245.5800018310547,246.86500549316406,245.19000244140625,246.6300048828125,7477637
2023-10-04 09:30:00-04:00,248.13999938964844,253.3000030517578,247.60000610351562,251.3800048828125,37494655
2023-10-04 10:30:00-04:00,251.41949462890625,256.989990234375,251.3520965576172,255.94000244140625,24536398
2023-10-04 11:30:00-04:00,255.9499969482422,257.6679992675781,255.30999755859375,257.45001220703125,14021932
2023-10-04 12:30:00-04:00,257.44769287109375,258.45989990234375,256.784912109375,257.1300048828125,12204507
2023-10-04 13:30:00-04:00,257.1499938964844,258.05999755859375,256.4100036621094,257.9599914550781,10746374
2023-10-04 14:30:00-04:00,257.9599914550781,260.5198974609375,257.739990234375,260.05999755859375,14179173
2023-10-04 15:30:00-04:00,260.0799865722656,261.8599853515625,259.95001220703125,261.260009765625,11828902
2023-10-05 09:30:00-04:00,260.0,263.6000061035156,257.57000732421875,259.6549987792969,39191467
2023-10-05 10:30:00-04:00,259.6499938964844,259.75,256.25,258.0415954589844,19436712
2023-10-05 11:30:00-04:00,258.0400085449219,260.0,257.23419189453125,259.71990966796875,14497042
2023-10-05 12:30:00-04:00,259.69061279296875,260.1000061035156,257.9501037597656,259.48199462890625,11373685
2023-10-05 13:30:00-04:00,259.4700012207031,261.95001220703125,259.010009765625,261.6600036621094,12700528
2023-10-05 14:30:00-04:00,261.6650085449219,262.3900146484375,260.2650146484375,260.7715148925781,12375026
2023-10-05 15:30:00-04:00,260.7699890136719,261.1499938964844,259.82000732421875,260.1000061035156,7225859
2023-10-06 09:30:00-04:00,253.97999572753906,255.0800018310547,250.64999389648438,254.25,39211808
2023-10-06 10:30:00-04:00,254.27999877929688,255.50379943847656,252.99000549316406,254.16000366210938,18894536
2023-10-06 11:30:00-04:00,254.1999969482422,258.3799133300781,254.125,257.64990234375,16434167
2023-10-06 12:30:00-04:00,257.6300048828125,260.2799987792969,257.32000732421875,259.7893981933594,12139136
2023-10-06 13:30:00-04:00,259.79998779296875,260.6199951171875,258.760009765625,260.5707092285156,10399041
2023-10-06 14:30:00-04:00,260.5889892578125,261.6499938964844,260.4703063964844,261.3799133300781,11619039
2023-10-06 15:30:00-04:00,261.3599853515625,261.3800048828125,260.260009765625,260.54998779296875,6859176
2023-10-09 09:30:00-04:00,255.30999755859375,256.6199951171875,253.47000122070312,254.91000366210938,27717739
2023-10-09 10:30:00-04:00,254.9138946533203,255.24000549316406,252.0500030517578,253.77999877929688,15729188
2023-10-09 11:30:00-04:00,253.7899932861328,255.67999267578125,253.0800018310547,255.36000061035156,10957088
2023-10-09 12:30:00-04:00,255.335693359375,255.8800048828125,254.1199951171875,255.77999877929688,9168604
2023-10-09 13:30:00-04:00,255.80999755859375,260.1299133300781,255.77439880371094,260.0965881347656,14759016
2023-10-09 14:30:00-04:00,260.0799865722656,261.0400085449219,259.25,260.73748779296875,13470034
2023-10-09 15:30:00-04:00,260.7300109863281,261.3599853515625,259.2001037597656,259.6199951171875,7921383
2023-10-10 09:30:00-04:00,257.75,265.8985900878906,257.6499938964844,265.2349853515625,36007181
2023-10-10 10:30:00-04:00,265.25,268.7300109863281,265.2134094238281,268.375,22737464
2023-10-10 11:30:00-04:00,268.3999938964844,268.94000244140625,265.510009765625,266.54150390625,14215080
2023-10-10 12:30:00-04:00,266.54998779296875,266.8900146484375,262.8900146484375,264.3800048828125,15751578
2023-10-10 13:30:00-04:00,264.3800048828125,264.7499084472656,262.79998779296875,262.8605041503906,12499835
2023-10-10 14:30:00-04:00,262.8900146484375,265.6099853515625,262.8100891113281,264.239990234375,12377247
2023-10-10 15:30:00-04:00,264.25,264.5400085449219,263.3399963378906,263.55999755859375,6988772
2023-10-11 09:30:00-04:00,266.20001220703125,268.6000061035156,263.5799865722656,264.1400146484375,33035862
2023-10-11 10:30:00-04:00,264.1099853515625,266.45001220703125,263.0799865722656,264.1600036621094,16949645
2023-10-11 11:30:00-04:00,264.1600036621094,264.75,261.0400085449219,262.0,14815516
2023-10-11 12:30:00-04:00,262.0050048828125,263.17999267578125,261.30999755859375,261.9695129394531,9619845
2023-10-11 13:30:00-04:00,261.95001220703125,263.9599914550781,260.8999938964844,263.3299865722656,11007837
2023-10-11 14:30:00-04:00,263.3349914550781,264.1300048828125,262.2300109863281,263.2650146484375,9294410
2023-10-11 15:30:00-04:00,263.239990234375,263.8800048828125,262.9200134277344,262.95001220703125,6099867
2023-10-12 09:30:00-04:00,262.9200134277344,265.4100036621094,260.95001220703125,263.1221923828125,31837905
2023-10-12 10:30:00-04:00,263.1000061035156,264.0799865722656,261.6499938964844,263.2200012207031,15985392
2023-10-12 11:30:00-04:00,263.239990234375,264.9599914550781,262.9700927734375,264.4599914550781,11163363
2023-10-12 12:30:00-04:00,264.4800109863281,265.3900146484375,259.6400146484375,259.7699890136719,15612777
2023-10-12 13:30:00-04:00,259.760009765625,260.4100036621094,256.6307067871094,259.1000061035156,17129852
2023-10-12 14:30:00-04:00,259.0899963378906,259.4800109863281,257.9601135253906,258.30999755859375,10867227
2023-10-12 15:30:00-04:00,258.30999755859375,259.739990234375,258.239990234375,258.90399169921875,6735751
2023-10-13 09:30:00-04:00,258.8999938964844,259.6000061035156,254.88999938964844,255.24000549316406,29888643
2023-10-13 10:30:00-04:00,255.22999572753906,256.3799133300781,253.02000427246094,253.49000549316406,18566452
2023-10-13 11:30:00-04:00,253.50999450683594,254.36000061035156,252.4499969482422,253.82000732421875,13024907
2023-10-13 12:30:00-04:00,253.83700561523438,254.39939880371094,251.52000427246094,251.52659606933594,9604365
2023-10-13 13:30:00-04:00,251.52999877929688,252.27000427246094,250.38360595703125,250.72149658203125,10606198
2023-10-13 14:30:00-04:00,250.72999572753906,252.47999572753906,250.22000122070312,251.40499877929688,10432275
2023-10-13 15:30:00-04:00,251.42999267578125,251.6999969482422,250.22000122070312,251.1300048828125,7383274
2023-10-16 09:30:00-04:00,250.0500030517578,254.1699981689453,248.47999572753906,253.09730529785156,27961121
2023-10-16 10:30:00-04:00,253.10000610351562,253.8699951171875,251.8699951171875,252.41000366210938,13738741
2023-10-16 11:30:00-04:00,252.36000061035156,253.13999938964844,251.4499969482422,253.01119995117188,9676203
2023-10-16 12:30:00-04:00,253.0,253.37989807128906,250.82000732421875,251.9499053955078,8899066
2023-10-16 13:30:00-04:00,251.9600067138672,255.39990234375,251.7100067138672,254.5657958984375,11175073
2023-10-16 14:30:00-04:00,254.5500030517578,255.17999267578125,253.77999877929688,255.0,9180495
2023-10-16 15:30:00-04:00,255.0,255.2277069091797,253.67999267578125,253.97000122070312,5826028
2023-10-17 09:30:00-04:00,250.10000610351562,251.88999938964844,247.0800018310547,251.0200958251953,27008343
2023-10-17 10:30:00-04:00,251.0312957763672,254.37600708007812,250.8000946044922,253.82220458984375,15433527
2023-10-17 11:30:00-04:00,253.83999633789062,256.9299011230469,253.39999389648438,256.0,13744853
2023-10-17 12:30:00-04:00,255.97999572753906,257.1830139160156,254.3699951171875,254.41000366210938,10341532
2023-10-17 13:30:00-04:00,254.40379333496094,255.44000244140625,253.67250061035156,255.1300048828125,9778916
2023-10-17 14:30:00-04:00,255.1300048828125,256.218994140625,254.29409790039062,254.9199981689453,9261509
2023-10-17 15:30:00-04:00,254.9600067138672,255.05999755859375,253.9199981689453,254.85000610351562,5717077
2023-10-18 09:30:00-04:00,252.6999969482422,254.6300048828125,250.3800048828125,250.4781036376953,22850389
2023-10-18 10:30:00-04:00,250.44009399414062,250.4698944091797,247.0709991455078,248.0164031982422,19109225
2023-10-18 11:30:00-04:00,248.0,248.7198944091797,246.0,246.0399932861328,14340594
2023-10-18 12:30:00-04:00,246.0399932861328,246.27000427246094,243.01600646972656,245.24159240722656,17686254
2023-10-18 13:30:00-04:00,245.23590087890625,245.2799072265625,243.55999755859375,244.4199981689453,10955928
2023-10-18 14:30:00-04:00,244.42999267578125,244.7899932861328,242.0800018310547,242.79100036621094,13490807
2023-10-18 15:30:00-04:00,242.8300018310547,243.47999572753906,242.32000732421875,242.5500030517578,8220744
2023-10-19 09:30:00-04:00,225.9499969482422,230.61000061035156,222.22000122070312,222.60000610351562,56543625
2023-10-19 10:30:00-04:00,222.5800018310547,223.7899932861328,218.6699981689453,220.08999633789062,28166114
2023-10-19 11:30:00-04:00,220.07000732421875,222.5,219.47999572753906,221.56500244140625,19971959
2023-10-19 12:30:00-04:00,221.54469299316406,222.13999938964844,219.02000427246094,222.02999877929688,14582263
2023-10-19 13:30:00-04:00,221.0500030517578,221.13999938964844,218.72999572753906,218.86000061035156,15843711
2023-10-19 14:30:00-04:00,218.8699951171875,219.00999450683594,216.77999877929688,218.52000427246094,18814819
2023-10-19 15:30:00-04:00,218.57000732421875,221.0,217.30999755859375,220.11000061035156,11573432
2023-10-20 09:30:00-04:00,217.00999450683594,218.860595703125,214.0904998779297,215.16940307617188,39485045
2023-10-20 10:30:00-04:00,215.152099609375,215.83999633789062,211.32000732421875,211.639892578125,22488986
2023-10-20 11:30:00-04:00,211.63999938964844,213.39999389648438,210.4199981689453,212.4799041748047,20913419
2023-10-20 12:30:00-04:00,212.47999572753906,215.75,212.4300994873047,215.3520050048828,16420699
2023-10-20 13:30:00-04:00,215.3800048828125,215.72000122070312,211.72000122070312,211.91000366210938,13166571
2023-10-20 14:30:00-04:00,211.8800048828125,213.47999572753906,211.33999633789062,212.81919860839844,12440417
2023-10-20 15:30:00-04:00,212.80999755859375,213.3199005126953,211.65499877929688,211.92999267578125,9524762
2023-10-23 09:30:00-04:00,210.0,210.5800018310547,202.50999450683594,209.64990234375,47591091
2023-10-23 10:30:00-04:00,209.66000366210938,215.39999389648438,208.57000732421875,215.35000610351562,27189470
2023-10-23 11:30:00-04:00,215.3300018310547,216.11000061035156,213.14999389648438,214.63999938964844,20137832
2023-10-23 12:30:00-04:00,214.64999389648438,216.97999572753906,212.94000244140625,213.639892578125,16312360
2023-10-23 13:30:00-04:00,213.61000061035156,215.41000366210938,213.24440002441406,213.8000030517578,13595447
2023-10-23 14:30:00-04:00,213.80999755859375,214.5699005126953,211.4199981689453,211.88999938964844,13883409
2023-10-23 15:30:00-04:00,211.8699951171875,212.75999450683594,211.4199981689453,212.02999877929688,8194056
2023-10-24 09:30:00-04:00,216.5,222.0500030517578,214.82139587402344,220.3863067626953,39527562
2023-10-24 10:30:00-04:00,220.36000061035156,220.59640502929688,216.27999877929688,216.4949951171875,20064954
2023-10-24 11:30:00-04:00,216.47999572753906,217.63999938964844,215.0500030517578,215.5399932861328,14420997
2023-10-24 12:30:00-04:00,215.5500030517578,217.8300018310547,214.11000061035156,217.7050018310547,13466861
2023-10-24 13:30:00-04:00,217.6649932861328,218.32000732421875,216.39700317382812,216.8739013671875,11549914
2023-10-24 14:30:00-04:00,216.88499450683594,217.4600067138672,215.67999267578125,216.02999877929688,9612707
2023-10-24 15:30:00-04:00,216.0500030517578,216.94000244140625,215.89999389648438,216.55999755859375,6591954
2023-10-25 09:30:00-04:00,215.8800048828125,219.2799072265625,214.25999450683594,217.05499267578125,30510706
2023-10-25 10:30:00-04:00,217.10000610351562,220.10000610351562,216.9875946044922,218.67010498046875,19341376
2023-10-25 11:30:00-04:00,218.70989990234375,218.8800048828125,215.02999877929688,216.72540283203125,13100796
2023-10-25 12:30:00-04:00,216.7176055908203,217.14990234375,214.1199951171875,214.49000549316406,10910347
2023-10-25 13:30:00-04:00,214.47000122070312,215.77000427246094,212.94009399414062,214.80490112304688,12106958
2023-10-25 14:30:00-04:00,214.8000030517578,215.14999389648438,212.85000610351562,213.26600646972656,9743570
2023-10-25 15:30:00-04:00,213.27000427246094,213.83999633789062,212.1999969482422,212.39999389648438,6911629
2023-10-26 09:30:00-04:00,211.32000732421875,214.8000030517578,207.1199951171875,210.97999572753906,33908040
2023-10-26 10:30:00-04:00,210.94500732421875,213.00999450683594,208.27999877929688,208.82240295410156,18445782
2023-10-26 11:30:00-04:00,208.83999633789062,209.47000122070312,205.4199981689453,206.389892578125,15721328
2023-10-26 12:30:00-04:00,206.38999938964844,207.25,204.8800048828125,205.8419952392578,12869815
2023-10-26 13:30:00-04:00,205.8300018310547,208.0399932861328,205.22999572753906,207.5500030517578,10450028
2023-10-26 14:30:00-04:00,207.5200958251953,209.5699005126953,207.17100524902344,207.77000427246094,11041472
2023-10-26 15:30:00-04:00,207.75,207.7899932861328,205.2899932861328,205.6699981689453,8899208
2023-10-27 09:30:00-04:00,210.60000610351562,212.41000366210938,204.86000061035156,208.5,31284136
2023-10-27 10:30:00-04:00,208.52499389648438,214.63999938964844,203.38999938964844,210.07000732421875,15737816
2023-10-27 11:30:00-04:00,210.0800018310547,214.1999969482422,205.4499969482422,208.8000030517578,10958258
2023-10-27 12:30:00-04:00,208.8300018310547,209.2899932861328,207.14999389648438,208.08999633789062,8633384
2023-10-27 13:30:00-04:00,208.0850067138672,208.3863983154297,205.77000427246094,206.125,9544633
2023-10-27 14:30:00-04:00,206.15989685058594,207.7899932861328,205.80999755859375,207.3800048828125,9275447
2023-10-27 15:30:00-04:00,207.35000610351562,207.75999450683594,205.9499969482422,207.32989501953125,6696227
2023-10-30 09:30:00-04:00,209.27999877929688,211.35000610351562,198.2100067138672,201.44000244140625,31070587
2023-10-30 10:30:00-04:00,201.4499969482422,204.75999450683594,193.3699951171875,198.33990478515625,30474491
2023-10-30 11:30:00-04:00,198.31629943847656,203.0500030517578,194.3300018310547,198.20559692382812,15818940
2023-10-30 12:30:00-04:00,198.1999969482422,201.42999267578125,191.25,196.5850067138672,17441602
2023-10-30 13:30:00-04:00,196.61810302734375,198.47000122070312,195.75999450683594,195.7801055908203,13786774
2023-10-30 14:30:00-04:00,195.78500366210938,198.88999938964844,195.55999755859375,198.101806640625,14451916
2023-10-30 15:30:00-04:00,198.10000610351562,198.22000122070312,196.92999267578125,197.27000427246094,9325300
2023-10-31 09:30:00-04:00,196.1199951171875,201.16000366210938,194.07000732421875,199.1699981689453,39454094
2023-10-31 10:30:00-04:00,199.21670532226562,199.77000427246094,196.37109375,196.5500030517578,19001657
2023-10-31 11:30:00-04:00,196.57000732421875,198.8300018310547,196.5,197.69000244140625,12079171
2023-10-31 12:30:00-04:00,197.71449279785156,199.75,197.0500030517578,199.75,10983279
2023-10-31 13:30:00-04:00,199.74000549316406,202.58990478515625,199.44009399414062,201.03329467773438,14834115
2023-10-31 14:30:00-04:00,201.0699005126953,202.8000030517578,201.0330047607422,201.69500732421875,10925203
2023-10-31 15:30:00-04:00,201.6999969482422,201.6999969482422,200.35000610351562,200.8300018310547,6980022
2023-11-01 09:30:00-04:00,204.0399932861328,204.72999572753906,200.25999450683594,201.5301055908203,31508753
2023-11-01 10:30:00-04:00,201.54139709472656,201.74000549316406,197.85000610351562,198.87010192871094,19543293
2023-11-01 11:30:00-04:00,198.8699951171875,201.67999267578125,198.74009704589844,201.3300018310547,12685325
2023-11-01 12:30:00-04:00,201.33599853515625,202.22999572753906,200.1300048828125,201.07949829101562,10380737
2023-11-01 13:30:00-04:00,201.06959533691406,202.6999053955078,199.86000061035156,201.25,11692346
2023-11-01 14:30:00-04:00,201.21029663085938,204.8800048828125,200.6300048828125,204.16000366210938,21334200
2023-11-01 15:30:00-04:00,204.13999938964844,205.99000549316406,203.92999267578125,205.6999969482422,10095739
2023-11-02 09:30:00-04:00,212.97000122070312,219.19000244140625,211.4499969482422,216.43080139160156,43279127
2023-11-02 10:30:00-04:00,216.4459991455078,217.80999755859375,215.3699951171875,216.1387939453125,19064441
2023-11-02 11:30:00-04:00,216.12139892578125,218.1199951171875,215.6300048828125,216.9842071533203,15225671
2023-11-02 12:30:00-04:00,216.97000122070312,217.8000030517578,216.13999938964844,216.94000244140625,11584854
2023-11-02 13:30:00-04:00,216.9499969482422,218.65989685058594,216.6199951171875,218.2397003173828,9915434
2023-11-02 14:30:00-04:00,218.24000549316406,219.1999969482422,217.67010498046875,217.69009399414062,11727475
2023-11-02 15:30:00-04:00,217.68499755859375,218.63999938964844,217.1999969482422,218.52999877929688,9227487
2023-11-03 09:30:00-04:00,221.14999389648438,226.37010192871094,220.52999877929688,222.6199951171875,39000751
2023-11-03 10:30:00-04:00,222.593505859375,223.02000427246094,219.77000427246094,219.99000549316406,20820865
2023-11-03 11:30:00-04:00,220.02999877929688,221.66000366210938,218.5,220.9600067138672,16254887
2023-11-03 12:30:00-04:00,220.9698944091797,221.36000061035156,218.9199981689453,219.3332061767578,10953721
2023-11-03 13:30:00-04:00,219.33999633789062,220.24000549316406,218.39999389648438,220.17750549316406,10237326
2023-11-03 14:30:00-04:00,220.17999267578125,220.82000732421875,218.92010498046875,219.40069580078125,10784516
2023-11-03 15:30:00-04:00,219.39999389648438,220.16990661621094,218.64999389648438,219.9499969482422,8301320
2023-11-06 09:30:00-05:00,223.97999572753906,226.32000732421875,219.0500030517578,221.1199951171875,36890729
2023-11-06 10:30:00-05:00,221.16000366210938,222.0500030517578,219.27999877929688,220.47999572753906,16145450
2023-11-06 11:30:00-05:00,220.47000122070312,220.75,216.83999633789062,217.57000732421875,14515601
2023-11-06 12:30:00-05:00,217.58999633789062,217.71800231933594,215.0,215.80999755859375,13869546
2023-11-06 13:30:00-05:00,215.82989501953125,217.24000549316406,215.00999450683594,217.22500610351562,11929533
2023-11-06 14:30:00-05:00,217.22000122070312,219.4199981689453,216.89999389648438,219.3000030517578,13532016
2023-11-06 15:30:00-05:00,219.30999755859375,219.76589965820312,218.6999969482422,219.32000732421875,7503827
2023-11-07 09:30:00-05:00,219.97999572753906,220.9597930908203,215.72000122070312,217.1551971435547,31256091
2023-11-07 10:30:00-05:00,217.13999938964844,218.82989501953125,216.36000061035156,218.66200256347656,18019021
2023-11-07 11:30:00-05:00,218.66000366210938,219.72000122070312,216.97909545898438,218.05999755859375,13548682
2023-11-07 12:30:00-05:00,218.05999755859375,220.19000244140625,217.3000030517578,219.2375030517578,12643762
2023-11-07 13:30:00-05:00,219.26519775390625,222.0,219.22000122070312,221.97000122070312,14148966
2023-11-07 14:30:00-05:00,221.9873046875,222.75,220.5399932861328,222.6688995361328,14427966
2023-11-07 15:30:00-05:00,222.64999389648438,223.1199951171875,221.75999450683594,222.27000427246094,9599790
2023-11-08 09:30:00-05:00,223.14999389648438,224.14999389648438,217.86000061035156,218.25999450683594,30510256
2023-11-08 10:30:00-05:00,218.28990173339844,220.66000366210938,218.0,220.46029663085938,18283175
2023-11-08 11:30:00-05:00,220.4499969482422,221.2375030517578,218.0500030517578,218.3800048828125,14518568
2023-11-08 12:30:00-05:00,218.41000366210938,220.14999389648438,217.63999938964844,219.99000549316406,11122870
2023-11-08 13:30:00-05:00,220.0,221.4600067138672,219.8800048828125,220.9499969482422,10069584
2023-11-08 14:30:00-05:00,220.9597930908203,222.08999633789062,220.27999877929688,221.94000244140625,11159674
2023-11-08 15:30:00-05:00,221.94000244140625,222.9499969482422,221.4600067138672,222.10000610351562,7741544
2023-11-09 09:30:00-05:00,219.75,220.8000030517578,213.5200958251953,213.9801025390625,34009787
2023-11-09 10:30:00-05:00,213.97999572753906,215.3000030517578,213.1300048828125,213.3249969482422,19398099
2023-11-09 11:30:00-05:00,213.33999633789062,213.49920654296875,209.14999389648438,209.6363067626953,20708630
2023-11-09 12:30:00-05:00,209.60499572753906,210.41000366210938,207.02000427246094,209.10499572753906,19315028
2023-11-09 13:30:00-05:00,209.08999633789062,210.49000549316406,207.16000366210938,209.0,17218384
2023-11-09 14:30:00-05:00,208.9700927734375,209.53500366210938,206.67999267578125,208.13009643554688,16111476
2023-11-09 15:30:00-05:00,208.1649932861328,210.53990173339844,208.11000061035156,209.94000244140625,10880671
2023-11-10 09:30:00-05:00,209.0,213.67999267578125,205.69000244140625,207.0998992919922,40025319
2023-11-10 10:30:00-05:00,207.06170654296875,211.24000549316406,206.63999938964844,210.42999267578125,20890699
2023-11-10 11:30:00-05:00,210.42999267578125,213.17999267578125,209.27999877929688,212.64999389648438,18007884
2023-11-10 12:30:00-05:00,212.6300048828125,213.4600067138672,211.9199981689453,213.22999572753906,12798562
2023-11-10 13:30:00-05:00,213.22000122070312,215.3800048828125,213.22000122070312,214.80999755859375,14355739
2023-11-10 14:30:00-05:00,214.80999755859375,215.35000610351562,213.6199951171875,214.8697052001953,12286516
2023-11-10 15:30:00-05:00,214.86000061035156,215.02890014648438,213.97999572753906,214.69000244140625,8968876
2023-11-13 09:30:00-05:00,215.60000610351562,220.4199981689453,211.610107421875,219.98500061035156,38837399
2023-11-13 10:30:00-05:00,219.97000122070312,223.9199981689453,219.3699951171875,223.52999877929688,26384434
2023-11-13 11:30:00-05:00,223.5500030517578,225.39999389648438,222.7100067138672,224.1300048828125,20160326
2023-11-13 12:30:00-05:00,224.1011962890625,224.3300018310547,221.57000732421875,222.12130737304688,14999487
2023-11-13 13:30:00-05:00,222.1199951171875,224.88999938964844,221.77000427246094,224.86000061035156,13243605
2023-11-13 14:30:00-05:00,224.8800048828125,224.97999572753906,222.86000061035156,224.0010986328125,13690039
2023-11-13 15:30:00-05:00,224.02000427246094,224.52999877929688,223.47999572753906,223.7050018310547,8768935
2023-11-14 09:30:00-05:00,234.0,235.58999633789062,230.72000122070312,232.7899932861328,51324486
2023-11-14 10:30:00-05:00,232.8000030517578,235.2635040283203,232.3699951171875,233.99000549316406,20785779
2023-11-14 11:30:00-05:00,233.96009826660156,235.9499969482422,233.10000610351562,234.0491943359375,16685866
2023-11-14 12:30:00-05:00,234.0500030517578,236.36399841308594,234.04010009765625,236.08999633789062,13199711
2023-11-14 13:30:00-05:00,236.10499572753906,236.57000732421875,234.05999755859375,236.0850067138672,14219150
2023-11-14 14:30:00-05:00,236.0751953125,237.97999572753906,235.86000061035156,237.8699951171875,16513111
2023-11-14 15:30:00-05:00,237.87989807128906,238.13499450683594,236.72000122070312,237.40499877929688,11374764
2023-11-15 09:30:00-05:00,239.2899932861328,243.1999969482422,236.4499969482422,242.16380310058594,46297114
2023-11-15 10:30:00-05:00,242.1699981689453,246.6999969482422,242.11000061035156,246.07859802246094,27445491
2023-11-15 11:30:00-05:00,246.07989501953125,246.13999938964844,241.6199951171875,243.89010620117188,20452799
2023-11-15 12:30:00-05:00,243.8800048828125,245.1699981689453,240.45030212402344,242.30999755859375,18253841
2023-11-15 13:30:00-05:00,242.32000732421875,244.139892578125,242.1699981689453,243.9250030517578,12956141
2023-11-15 14:30:00-05:00,243.92999267578125,244.4600067138672,242.72999572753906,244.02000427246094,12667963
2023-11-15 15:30:00-05:00,244.02999877929688,244.25999450683594,242.48809814453125,242.9250030517578,8471565
2023-11-16 09:30:00-05:00,239.25,240.8800048828125,236.00999450683594,237.10000610351562,37149514
2023-11-16 10:30:00-05:00,237.1300048828125,237.60000610351562,234.3000030517578,235.57989501953125,23774206
2023-11-16 11:30:00-05:00,235.55999755859375,236.42999267578125,234.5301055908203,235.8000030517578,15501513
2023-11-16 12:30:00-05:00,235.8000030517578,236.75,233.52999877929688,233.72999572753906,14225827
2023-11-16 13:30:00-05:00,233.77000427246094,234.32000732421875,230.9600067138672,232.04519653320312,18437594
2023-11-16 14:30:00-05:00,232.04989624023438,233.4499969482422,231.66000366210938,232.7100067138672,13546671
2023-11-16 15:30:00-05:00,232.75,234.5,232.28309631347656,233.5,9973675
2023-11-17 09:30:00-05:00,232.0,232.8699951171875,226.5399932861328,231.53550720214844,43701914
2023-11-17 10:30:00-05:00,231.5,236.13999938964844,230.75999450683594,235.75990295410156,27528274
2023-11-17 11:30:00-05:00,235.72500610351562,236.3300018310547,234.0800018310547,234.7100067138672,16944508
2023-11-17 12:30:00-05:00,234.7095947265625,237.0800018310547,234.25,236.52000427246094,13937328
2023-11-17 13:30:00-05:00,236.5500030517578,237.38999938964844,234.3074951171875,235.11000061035156,14363290
2023-11-17 14:30:00-05:00,235.1300048828125,235.35000610351562,233.4499969482422,234.68809509277344,14676484
2023-11-17 15:30:00-05:00,234.69000244140625,234.92999267578125,234.10000610351562,234.47999572753906,8018848
2023-11-20 09:30:00-05:00,234.0399932861328,236.1699981689453,231.02000427246094,233.74000549316406,38050018
2023-11-20 10:30:00-05:00,233.78660583496094,235.18600463867188,231.8300018310547,234.19000244140625,19699489
2023-11-20 11:30:00-05:00,234.1699981689453,235.1999969482422,233.5399932861328,233.77999877929688,12221340
2023-11-20 12:30:00-05:00,233.8000030517578,234.55999755859375,232.82000732421875,233.85499572753906,12496609
2023-11-20 13:30:00-05:00,233.85000610351562,235.0500030517578,233.36000061035156,234.40499877929688,10674439
2023-11-20 14:30:00-05:00,234.42999267578125,236.77499389648438,234.30999755859375,236.58999633789062,12327801
2023-11-20 15:30:00-05:00,236.60000610351562,237.10000610351562,235.1300048828125,235.7100067138672,8182115
2023-11-21 09:30:00-05:00,235.0399932861328,243.6199951171875,233.33999633789062,240.17269897460938,44253702
2023-11-21 10:30:00-05:00,240.17999267578125,242.13999938964844,239.27000427246094,241.95989990234375,21942700
2023-11-21 11:30:00-05:00,241.93980407714844,242.9600067138672,241.17999267578125,241.43280029296875,14322682
2023-11-21 12:30:00-05:00,241.42430114746094,242.13999938964844,239.86000061035156,240.35000610351562,11684561
2023-11-21 13:30:00-05:00,240.36680603027344,242.0399932861328,240.00999450683594,241.72999572753906,11384654
2023-11-21 14:30:00-05:00,241.7100067138672,242.22999572753906,240.91000366210938,241.05299377441406,9422526
2023-11-21 15:30:00-05:00,241.07000732421875,241.86000061035156,240.82229614257812,241.23500061035156,6475819
2023-11-22 09:30:00-05:00,243.41470336914062,244.00999450683594,232.5946044921875,234.36500549316406,40037207
2023-11-22 10:30:00-05:00,234.36500549316406,236.08999633789062,231.46380615234375,231.97000122070312,21833389
2023-11-22 11:30:00-05:00,231.9604034423828,233.74989318847656,231.7100067138672,232.39010620117188,13371522
2023-11-22 12:30:00-05:00,232.38999938964844,234.22999572753906,231.57009887695312,234.1750030517578,11010944
2023-11-22 13:30:00-05:00,234.17999267578125,234.8206024169922,232.9499969482422,233.20950317382812,11111214
2023-11-22 14:30:00-05:00,233.17999267578125,233.36000061035156,231.39999389648438,233.07919311523438,11377377
2023-11-22 15:30:00-05:00,233.0758056640625,234.5,233.00999450683594,234.21009826660156,6988335
2023-11-24 09:30:00-05:00,233.75,236.82000732421875,232.3300018310547,235.35980224609375,26995527
2023-11-24 10:30:00-05:00,235.36000061035156,238.75,235.17999267578125,237.84710693359375,17856356
2023-11-24 11:30:00-05:00,237.82000732421875,238.22000122070312,236.6300048828125,237.35000610351562,11802980
2023-11-27 09:30:00-05:00,237.42999267578125,237.5,232.10000610351562,234.19000244140625,35260133
2023-11-27 10:30:00-05:00,234.19000244140625,236.34519958496094,233.57000732421875,234.3498992919922,17714835
2023-11-27 11:30:00-05:00,234.3249969482422,237.0,234.02000427246094,236.97999572753906,13152895
2023-11-27 12:30:00-05:00,236.97999572753906,238.25999450683594,236.6800994873047,237.44000244140625,14623754
2023-11-27 13:30:00-05:00,237.44000244140625,237.9499969482422,236.5,237.08160400390625,10570614
2023-11-27 14:30:00-05:00,237.08309936523438,237.6199951171875,235.72000122070312,236.64500427246094,11588271
2023-11-27 15:30:00-05:00,236.66000366210938,237.17880249023438,235.9842071533203,236.11000061035156,6692697
2023-11-28 09:30:00-05:00,236.67999267578125,239.1898956298828,234.30999755859375,235.7899932861328,33685616
2023-11-28 10:30:00-05:00,235.75,241.99000549316406,234.00999450683594,240.9499969482422,30528092
2023-11-28 11:30:00-05:00,240.9571075439453,242.8699951171875,240.77000427246094,242.5749969482422,21466831
2023-11-28 12:30:00-05:00,242.56109619140625,244.0,241.5500030517578,243.81820678710938,17264786
2023-11-28 13:30:00-05:00,243.8249969482422,245.6199951171875,243.64999389648438,245.40750122070312,17354717
2023-11-28 14:30:00-05:00,245.41000366210938,246.42999267578125,244.86000061035156,245.38999938964844,14700567
2023-11-28 15:30:00-05:00,245.3699951171875,247.0,245.3300018310547,246.7209014892578,9548228
2023-11-29 09:30:00-05:00,249.2100067138672,252.75,247.72000122070312,251.22999572753906,43770425
2023-11-29 10:30:00-05:00,251.25,251.5500030517578,245.36000061035156,245.57000732421875,24491639
2023-11-29 11:30:00-05:00,245.60000610351562,249.0399932861328,245.5399932861328,248.95950317382812,15101002
2023-11-29 12:30:00-05:00,248.96499633789062,249.05999755859375,246.44000244140625,247.11000061035156,12813359
2023-11-29 13:30:00-05:00,247.1199951171875,247.5,245.75999450683594,246.2550048828125,11841055
2023-11-29 14:30:00-05:00,246.256103515625,246.30999755859375,242.75999450683594,243.1580047607422,16512627
2023-11-29 15:30:00-05:00,243.1699981689453,244.58990478515625,243.11000061035156,244.14999389648438,8199606
2023-11-30 09:30:00-05:00,245.13999938964844,245.22000122070312,239.50999450683594,243.44000244140625,36209220
2023-11-30 10:30:00-05:00,243.4600067138672,244.4698944091797,239.66000366210938,239.8802947998047,20443914
2023-11-30 11:30:00-05:00,239.8800048828125,241.08999633789062,239.09519958496094,240.17999267578125,15179493
2023-11-30 12:30:00-05:00,240.1876983642578,241.60000610351562,239.27999877929688,239.7198944091797,12937627
2023-11-30 13:30:00-05:00,239.72000122070312,240.30999755859375,238.22999572753906,239.9600067138672,12038592
2023-11-30 14:30:00-05:00,239.94729614257812,241.85000610351562,238.74000549316406,239.4199981689453,14631549
2023-11-30 15:30:00-05:00,239.4600067138672,240.50999450683594,236.91000366210938,239.99000549316406,13016128
2023-12-01 09:30:00-05:00,233.13999938964844,236.3300018310547,231.89999389648438,233.2550048828125,37892650
2023-12-01 10:30:00-05:00,233.25619506835938,237.7100067138672,232.3300018310547,236.99000549316406,22005444
2023-12-01 11:30:00-05:00,236.97000122070312,239.5,235.82000732421875,239.47500610351562,17767358
2023-12-01 12:30:00-05:00,239.47500610351562,240.19000244140625,238.22999572753906,238.91000366210938,13119956
2023-12-01 13:30:00-05:00,238.91000366210938,239.00889587402344,236.61669921875,238.0749969482422,11007136
2023-12-01 14:30:00-05:00,238.08999633789062,238.9199981689453,237.5500946044922,238.65420532226562,10548729
2023-12-01 15:30:00-05:00,238.65499877929688,239.0800018310547,238.02999877929688,238.7899932861328,6713128
2023-12-04 09:30:00-05:00,235.75,239.37330627441406,234.67999267578125,235.8000030517578,30248423
2023-12-04 10:30:00-05:00,235.80999755859375,236.30850219726562,233.2902069091797,235.44000244140625,18816176
2023-12-04 11:30:00-05:00,235.44630432128906,237.5399932861328,235.0,237.1699981689453,12962057
2023-12-04 12:30:00-05:00,237.17999267578125,238.4199981689453,236.4199981689453,236.4600067138672,9701734
2023-12-04 13:30:00-05:00,236.4600067138672,237.58729553222656,235.89999389648438,237.1199951171875,10795561
2023-12-04 14:30:00-05:00,237.12539672851562,237.42999267578125,235.72999572753906,236.1334991455078,10782701
2023-12-04 15:30:00-05:00,236.13999938964844,237.08999633789062,235.4199981689453,235.55999755859375,7669184
2023-12-05 09:30:00-05:00,233.8699951171875,243.28660583496094,233.6999969482422,242.10000610351562,35861112
2023-12-05 10:30:00-05:00,242.12379455566406,246.66000366210938,241.97999572753906,244.72500610351562,26763083
2023-12-05 11:30:00-05:00,244.70010375976562,245.08999633789062,242.5500030517578,243.40240478515625,16158332
2023-12-05 12:30:00-05:00,243.42999267578125,243.5500030517578,239.74000549316406,240.10000610351562,18035353
2023-12-05 13:30:00-05:00,240.11000061035156,240.35000610351562,237.58999633789062,239.2209014892578,17645870
2023-12-05 14:30:00-05:00,239.22000122070312,240.4499969482422,238.02999877929688,239.38999938964844,13432238
2023-12-05 15:30:00-05:00,239.38999938964844,239.94000244140625,238.1699981689453,238.7301025390625,7735320
2023-12-06 09:30:00-05:00,242.9199981689453,246.1999969482422,241.3450927734375,242.02999877929688,39241808
2023-12-06 10:30:00-05:00,242.0399932861328,245.30999755859375,241.9600067138672,245.13690185546875,19774018
2023-12-06 11:30:00-05:00,245.1199951171875,245.38999938964844,243.10000610351562,244.61109924316406,14707863
2023-12-06 12:30:00-05:00,244.6300048828125,246.57000732421875,242.05999755859375,242.4149932861328,17638333
2023-12-06 13:30:00-05:00,242.42100524902344,243.02000427246094,241.25999450683594,241.64830017089844,11457702
2023-12-06 14:30:00-05:00,241.65499877929688,243.1199951171875,239.7899932861328,239.9600067138672,11879551
2023-12-06 15:30:00-05:00,239.9499969482422,240.7899932861328,239.1708984375,239.41209411621094,8200217
2023-12-07 09:30:00-05:00,241.5500030517578,242.6999969482422,236.97999572753906,240.0500030517578,31313004
2023-12-07 10:30:00-05:00,240.0240936279297,244.0800018310547,239.25,242.07000732421875,22568561
2023-12-07 11:30:00-05:00,242.0500030517578,243.35000610351562,241.1199951171875,241.27000427246094,13296763
2023-12-07 12:30:00-05:00,241.27999877929688,241.3000030517578,239.39999389648438,239.985107421875,12654073
2023-12-07 13:30:00-05:00,239.99000549316406,241.8699951171875,239.9199981689453,241.41940307617188,9517512
2023-12-07 14:30:00-05:00,241.41990661621094,241.8300018310547,240.32000732421875,241.7899932861328,8359489
2023-12-07 15:30:00-05:00,241.78579711914062,242.8585968017578,241.32000732421875,242.63999938964844,6812461
2023-12-08 09:30:00-05:00,240.27000427246094,244.89849853515625,239.2700958251953,244.66000366210938,29379280
2023-12-08 10:30:00-05:00,244.63999938964844,245.27000427246094,242.5,244.2572021484375,18145451
2023-12-08 11:30:00-05:00,244.25999450683594,244.6699981689453,240.47999572753906,241.34010314941406,14693053
2023-12-08 12:30:00-05:00,241.3800048828125,242.74000549316406,240.69000244140625,242.53500366210938,10725047
2023-12-08 13:30:00-05:00,242.5399932861328,244.32530212402344,242.5,244.00990295410156,10275616
2023-12-08 14:30:00-05:00,244.00999450683594,244.74000549316406,243.0500030517578,243.77000427246094,11178802
2023-12-08 15:30:00-05:00,243.77000427246094,244.0,243.22000122070312,243.77000427246094,6101583
2023-12-11 09:30:00-05:00,242.0,243.0500030517578,239.4499969482422,239.55499267578125,29064896
2023-12-11 10:30:00-05:00,239.58999633789062,242.0699005126953,239.3249969482422,239.75,15836962
2023-12-11 11:30:00-05:00,239.75999450683594,239.89999389648438,237.4499969482422,238.70849609375,13669728
2023-12-11 12:30:00-05:00,238.7100067138672,239.66990661621094,238.2899932861328,238.71800231933594,9403390
2023-12-11 13:30:00-05:00,238.6999969482422,240.3800048828125,238.1199951171875,240.20199584960938,9416266
2023-12-11 14:30:00-05:00,240.1999969482422,240.6699981689453,239.0800018310547,239.610107421875,11084476
2023-12-11 15:30:00-05:00,239.6114959716797,239.99989318847656,239.16000366210938,239.64999389648438,6555951
2023-12-12 09:30:00-05:00,238.5500030517578,238.99000549316406,233.8699951171875,236.0,31327712
2023-12-12 10:30:00-05:00,235.9893035888672,236.6199951171875,234.33079528808594,235.69000244140625,15511100
2023-12-12 11:30:00-05:00,235.7100067138672,236.0,233.8800048828125,234.3699951171875,11017710
2023-12-12 12:30:00-05:00,234.36500549316406,235.8699951171875,234.33009338378906,234.6865997314453,9815726
2023-12-12 13:30:00-05:00,234.6699981689453,236.99000549316406,234.5399932861328,236.75,10224929
2023-12-12 14:30:00-05:00,236.75999450683594,237.5261993408203,236.27000427246094,236.94219970703125,9312796
2023-12-12 15:30:00-05:00,236.9481964111328,237.08999633789062,236.41000366210938,236.97000122070312,5704249
2023-12-13 09:30:00-05:00,234.19000244140625,236.89999389648438,232.1999969482422,233.86000061035156,30453262
2023-12-13 10:30:00-05:00,233.86000061035156,234.4600067138672,228.1999969482422,229.4001007080078,24582388
2023-12-13 11:30:00-05:00,229.4199981689453,230.8800048828125,228.77999877929688,230.44000244140625,17724119
2023-12-13 12:30:00-05:00,230.45989990234375,231.639892578125,229.6999969482422,230.3300018310547,11206184
2023-12-13 13:30:00-05:00,230.33599853515625,234.4600067138672,230.00999450683594,233.94009399414062,15754221
2023-12-13 14:30:00-05:00,233.9459991455078,240.3000030517578,232.7100067138672,236.80999755859375,31241800
2023-12-13 15:30:00-05:00,236.7899932861328,239.3000030517578,236.5301055908203,239.27999877929688,11338084
2023-12-14 09:30:00-05:00,242.25,248.0399932861328,241.77999877929688,246.7698974609375,42318037
2023-12-14 10:30:00-05:00,246.75,249.8699951171875,246.1999969482422,248.27529907226562,24678391
2023-12-14 11:30:00-05:00,248.27999877929688,252.3000030517578,248.16000366210938,252.27999877929688,23875911
2023-12-14 12:30:00-05:00,252.27000427246094,253.8800048828125,249.41000366210938,249.5749969482422,24286956
2023-12-14 13:30:00-05:00,249.57000732421875,250.7100067138672,247.1999969482422,250.07000732421875,17958118
2023-12-14 14:30:00-05:00,250.0540008544922,252.14999389648438,249.77000427246094,251.10400390625,15207547
2023-12-14 15:30:00-05:00,251.10000610351562,251.5500030517578,249.91000366210938,251.14010620117188,9127180
2023-12-15 09:30:00-05:00,250.375,253.07000732421875,248.3000030517578,252.79049682617188,39296941
2023-12-15 10:30:00-05:00,252.8000030517578,253.3000030517578,250.13999938964844,251.8699951171875,17689204
2023-12-15 11:30:00-05:00,251.8699951171875,253.3699951171875,250.82000732421875,253.19320678710938,14197106
2023-12-15 12:30:00-05:00,253.19000244140625,253.67999267578125,251.77999877929688,252.80990600585938,13224094
2023-12-15 13:30:00-05:00,252.7899932861328,252.9799041748047,250.60000610351562,250.71719360351562,10947852
2023-12-15 14:30:00-05:00,250.70480346679688,252.3000030517578,250.67999267578125,251.8907928466797,8573371
2023-12-15 15:30:00-05:00,251.8800048828125,254.1300048828125,251.86000061035156,253.33999633789062,10078455
2023-12-18 09:30:00-05:00,253.77999877929688,258.739990234375,252.55999755859375,258.3900146484375,32467551
2023-12-18 10:30:00-05:00,258.3900146484375,258.489990234375,255.4801025390625,255.77999877929688,17611495
2023-12-18 11:30:00-05:00,255.7899932861328,256.3741149902344,253.25059509277344,254.50999450683594,17112510
2023-12-18 12:30:00-05:00,254.5,255.37939453125,254.02000427246094,254.14430236816406,12031644
2023-12-18 13:30:00-05:00,254.14500427246094,254.97000122070312,252.64010620117188,252.71359252929688,12026431
2023-12-18 14:30:00-05:00,252.72999572753906,253.6199951171875,252.13999938964844,252.78460693359375,12845087
2023-12-18 15:30:00-05:00,252.75999450683594,252.88999938964844,251.36000061035156,252.02000427246094,7893149
2023-12-19 09:30:00-05:00,253.47999572753906,256.9700012207031,253.00999450683594,256.96990966796875,29493260
2023-12-19 10:30:00-05:00,256.9599914550781,258.33990478515625,255.5500030517578,257.9299011230469,20715436
2023-12-19 11:30:00-05:00,257.94000244140625,258.14990234375,255.24000549316406,256.04998779296875,14831676
2023-12-19 12:30:00-05:00,256.06500244140625,256.45001220703125,254.66000366210938,256.2250061035156,11148023
2023-12-19 13:30:00-05:00,256.2300109863281,256.95001220703125,255.1999969482422,256.17999267578125,11654701
2023-12-19 14:30:00-05:00,256.1971130371094,256.8999938964844,255.57150268554688,256.1000061035156,8957140
2023-12-19 15:30:00-05:00,256.0600891113281,257.25,256.010009765625,257.19500732421875,6208436
2023-12-20 09:30:00-05:00,255.5,259.8399963378906,254.87010192871094,258.48040771484375,30511696
2023-12-20 10:30:00-05:00,258.4800109863281,258.9200134277344,256.7601013183594,256.90008544921875,16210798
2023-12-20 11:30:00-05:00,256.8999938964844,257.6700134277344,255.60000610351562,255.78689575195312,12434680
2023-12-20 12:30:00-05:00,255.77000427246094,256.92999267578125,255.1999969482422,256.8599853515625,10257531
2023-12-20 13:30:00-05:00,256.8399963378906,257.44000244140625,254.5,254.50120544433594,10497984
2023-12-20 14:30:00-05:00,254.5164031982422,254.58999633789062,247.2899932861328,248.5500030517578,28641275
2023-12-20 15:30:00-05:00,248.5800018310547,249.4600067138672,247.0,247.23989868164062,12048781
2023-12-21 09:30:00-05:00,251.89999389648438,253.9499969482422,248.5500030517578,249.63499450683594,33687166
2023-12-21 10:30:00-05:00,249.69000244140625,253.0,249.52999877929688,252.97799682617188,17319020
2023-12-21 11:30:00-05:00,252.97760009765625,254.00999450683594,250.6999969482422,251.2758026123047,16519891
2023-12-21 12:30:00-05:00,251.3000030517578,252.17999267578125,250.07009887695312,251.22999572753906,11023217
2023-12-21 13:30:00-05:00,251.25999450683594,253.5500030517578,251.08999633789062,252.95460510253906,10635270
2023-12-21 14:30:00-05:00,252.9600067138672,254.6199951171875,252.63999938964844,254.56480407714844,10619236
2023-12-21 15:30:00-05:00,254.55999755859375,254.79989624023438,253.74000549316406,254.51910400390625,6814491
2023-12-22 09:30:00-05:00,256.760009765625,258.2200012207031,255.02999877929688,256.25,29436659
2023-12-22 10:30:00-05:00,256.2799987792969,256.6499938964844,254.25999450683594,255.125,14583014
2023-12-22 11:30:00-05:00,255.1302947998047,256.3399963378906,254.8300018310547,255.87010192871094,10871278
2023-12-22 12:30:00-05:00,255.8800048828125,256.3900146484375,255.4199981689453,255.53500366210938,7162723
2023-12-22 13:30:00-05:00,255.51510620117188,255.73080444335938,251.6999969482422,251.78500366210938,12774414
2023-12-22 14:30:00-05:00,251.7899932861328,253.4199981689453,251.3699951171875,253.3249969482422,10894475
2023-12-22 15:30:00-05:00,253.3101043701172,253.33990478515625,252.14999389648438,252.53900146484375,5668758
2023-12-26 09:30:00-05:00,254.49000549316406,256.9800109863281,252.91000366210938,256.1700134277344,23597405
2023-12-26 10:30:00-05:00,256.1600036621094,257.47900390625,255.38999938964844,256.3949890136719,16301358
2023-12-26 11:30:00-05:00,256.4096984863281,257.5190124511719,256.1000061035156,257.44500732421875,10913268
2023-12-26 12:30:00-05:00,257.440185546875,257.82000732421875,256.5899963378906,257.7200012207031,10000497
2023-12-26 13:30:00-05:00,257.7300109863281,257.9700012207031,257.210205078125,257.50299072265625,7486594
2023-12-26 14:30:00-05:00,257.510009765625,257.6300048828125,256.17999267578125,256.8550109863281,9028449
2023-12-26 15:30:00-05:00,256.8699951171875,257.4599914550781,256.3399963378906,256.7099914550781,6316474
2023-12-27 09:30:00-05:00,258.3500061035156,263.3399963378906,257.5199890136719,262.8399963378906,35431511
2023-12-27 10:30:00-05:00,262.8299865722656,262.95001220703125,260.69000244140625,262.25,17608896
2023-12-27 11:30:00-05:00,262.2449951171875,262.9599914550781,261.9200134277344,262.4649963378906,10357630
2023-12-27 12:30:00-05:00,262.4800109863281,262.9200134277344,261.8299865722656,262.8428955078125,9866313
2023-12-27 13:30:00-05:00,262.8500061035156,263.2499084472656,261.6099853515625,262.2398986816406,10437709
2023-12-27 14:30:00-05:00,262.239990234375,262.44000244140625,260.1424865722656,260.5899963378906,9099133
2023-12-27 15:30:00-05:00,260.5799865722656,261.54998779296875,260.45001220703125,261.54998779296875,10075626
2023-12-28 09:30:00-05:00,263.6600036621094,265.1300048828125,259.82000732421875,260.8768005371094,32431136
2023-12-28 10:30:00-05:00,260.8700866699219,261.760009765625,258.6000061035156,259.0,17827634
2023-12-28 11:30:00-05:00,259.0,259.4200134277344,258.29998779296875,258.9800109863281,11563309
2023-12-28 12:30:00-05:00,258.9800109863281,259.8699951171875,256.4800109863281,256.6929931640625,13046323
2023-12-28 13:30:00-05:00,256.7052917480469,257.1799011230469,255.44000244140625,256.010009765625,10863166
2023-12-28 14:30:00-05:00,256.0199890136719,256.07000732421875,252.7100067138672,253.9654998779297,15313497
2023-12-28 15:30:00-05:00,253.9600067138672,254.47999572753906,252.8000030517578,253.19000244140625,9115282
2023-12-29 09:30:00-05:00,255.10000610351562,255.19000244140625,251.52000427246094,252.58999633789062,27174243
2023-12-29 10:30:00-05:00,252.60000610351562,252.7100067138672,247.42999267578125,248.02000427246094,21336449
2023-12-29 11:30:00-05:00,248.0399932861328,249.75,247.66000366210938,248.46009826660156,12067133
2023-12-29 12:30:00-05:00,248.47500610351562,250.0,247.79010009765625,249.81260681152344,11091456
2023-12-29 13:30:00-05:00,249.82000732421875,251.0500030517578,249.36000061035156,249.41799926757812,9664863
2023-12-29 14:30:00-05:00,249.4149932861328,250.7299041748047,249.39999389648438,250.40499877929688,8632590
2023-12-29 15:30:00-05:00,250.39999389648438,250.4199981689453,248.1199951171875,248.49000549316406,7525628
2024-01-02 09:30:00-05:00,250.0,251.25,244.41000366210938,249.61000061035156,36427280
2024-01-02 10:30:00-05:00,249.60000610351562,250.25999450683594,246.82000732421875,250.0,16932853
2024-01-02 11:30:00-05:00,249.9940948486328,251.0,247.9416961669922,248.35000610351562,12121725
2024-01-02 12:30:00-05:00,248.35499572753906,249.13299560546875,247.0,248.35169982910156,9300163
2024-01-02 13:30:00-05:00,248.38999938964844,249.3800048828125,247.3000030517578,248.13720703125,8770028
2024-01-02 14:30:00-05:00,248.10000610351562,248.3800048828125,246.3300018310547,246.77999877929688,9630581
2024-01-02 15:30:00-05:00,246.77000427246094,248.69000244140625,246.05999755859375,248.39999389648438,7973090
2024-01-03 09:30:00-05:00,245.5,245.67999267578125,236.32000732421875,237.93389892578125,40913390
2024-01-03 10:30:00-05:00,237.9600067138672,240.30999755859375,237.1199951171875,239.04010009765625,18878080
2024-01-03 11:30:00-05:00,239.0500030517578,240.8699951171875,238.35000610351562,240.45860290527344,13218333
2024-01-03 12:30:00-05:00,240.44000244140625,241.27999877929688,239.86000061035156,240.1658935546875,10145368
2024-01-03 13:30:00-05:00,240.1699981689453,241.57000732421875,238.8000030517578,241.2530059814453,12651798
2024-01-03 14:30:00-05:00,241.27999877929688,241.6199951171875,238.7100067138672,239.25010681152344,12699859
2024-01-03 15:30:00-05:00,239.2563934326172,239.74000549316406,237.99000549316406,238.4199981689453,7664219
2024-01-04 09:30:00-05:00,239.25,241.75999450683594,237.72999572753906,240.47500610351562,31465260
2024-01-04 10:30:00-05:00,240.49000549316406,242.6999969482422,240.4302978515625,241.7449951171875,17206314
2024-01-04 11:30:00-05:00,241.72000122070312,242.14999389648438,239.77999877929688,241.1999969482422,11727668
2024-01-04 12:30:00-05:00,241.19500732421875,241.8699951171875,240.35000610351562,241.1699981689453,9243366
2024-01-04 13:30:00-05:00,241.16310119628906,241.8000030517578,239.0102996826172,239.0500946044922,10211070
2024-01-04 14:30:00-05:00,239.0500030517578,240.2299041748047,238.67999267578125,239.860107421875,11165320
2024-01-04 15:30:00-05:00,239.8800048828125,240.25,237.8000030517578,237.9600067138672,7923570
2024-01-05 09:30:00-05:00,236.86000061035156,239.67999267578125,234.9001007080078,239.1967010498047,30252931
2024-01-05 10:30:00-05:00,239.1750030517578,240.11959838867188,238.1999969482422,238.44500732421875,13771103
2024-01-05 11:30:00-05:00,238.4698944091797,238.84970092773438,236.3300018310547,236.61000061035156,11254227
2024-01-05 12:30:00-05:00,236.60009765625,238.08999633789062,236.25999450683594,237.81419372558594,9636882
2024-01-05 13:30:00-05:00,237.8123016357422,239.3800048828125,237.7823944091797,238.2899932861328,9676695
2024-01-05 14:30:00-05:00,238.3000030517578,238.49000549316406,236.6999969482422,236.9600067138672,9461568
2024-01-05 15:30:00-05:00,236.9499969482422,237.83999633789062,236.7899932861328,237.43099975585938,5783967
2024-01-08 09:30:00-05:00,236.13999938964844,239.1999969482422,235.3000030517578,236.9499969482422,25738913
2024-01-08 10:30:00-05:00,236.97000122070312,238.4499969482422,236.0500946044922,238.27499389648438,13642686
2024-01-08 11:30:00-05:00,238.26010131835938,240.0,237.68499755859375,239.20950317382812,10782053
2024-01-08 12:30:00-05:00,239.2050018310547,239.8699951171875,238.74000549316406,238.92999267578125,8458017
2024-01-08 13:30:00-05:00,238.93850708007812,240.24989318847656,238.6699981689453,239.79989624023438,9095207
2024-01-08 14:30:00-05:00,239.79200744628906,241.16000366210938,239.6699981689453,240.73800659179688,8604334
2024-01-08 15:30:00-05:00,240.77000427246094,241.25,240.30059814453125,240.3800048828125,5631978
2024-01-09 09:30:00-05:00,238.11000061035156,238.964599609375,232.0399932861328,232.3249969482422,31344281
2024-01-09 10:30:00-05:00,232.31640625,235.2899932861328,232.1999969482422,234.29519653320312,16237364
2024-01-09 11:30:00-05:00,234.3000030517578,235.5800018310547,233.64999389648438,234.9199981689453,12078110
2024-01-09 12:30:00-05:00,234.9499969482422,235.42999267578125,233.82000732421875,234.15460205078125,9092026
2024-01-09 13:30:00-05:00,234.1750030517578,235.13999938964844,233.30999755859375,233.8988037109375,9923972
2024-01-09 14:30:00-05:00,233.89999389648438,235.00999450683594,233.88009643554688,234.81410217285156,8441947
2024-01-09 15:30:00-05:00,234.82000732421875,235.14999389648438,233.77999877929688,234.87969970703125,6739054
2024-01-10 09:30:00-05:00,235.10000610351562,235.5,231.2899932861328,233.02999877929688,26481426
2024-01-10 10:30:00-05:00,233.0500030517578,235.07989501953125,232.55670166015625,232.5930938720703,14928391
2024-01-10 11:30:00-05:00,232.61000061035156,233.99000549316406,232.41000366210938,232.6999969482422,10268870
2024-01-10 12:30:00-05:00,232.69790649414062,233.63999938964844,232.02000427246094,233.47860717773438,10698934
2024-01-10 13:30:00-05:00,233.47000122070312,235.16000366210938,233.47000122070312,234.5399932861328,9742673
2024-01-10 14:30:00-05:00,234.52499389648438,235.25,233.5399932861328,233.72999572753906,9832697
2024-01-10 15:30:00-05:00,233.75999450683594,234.0399932861328,232.77499389648438,233.88999938964844,6976760
2024-01-11 09:30:00-05:00,230.57000732421875,230.92999267578125,226.0399932861328,227.95370483398438,37046853
2024-01-11 10:30:00-05:00,227.97000122070312,228.60000610351562,225.5399932861328,226.02000427246094,16895972
2024-01-11 11:30:00-05:00,226.03939819335938,227.3699951171875,225.3699951171875,225.73809814453125,11284227
2024-01-11 12:30:00-05:00,225.74000549316406,227.45989990234375,225.74000549316406,226.64500427246094,9271783
2024-01-11 13:30:00-05:00,226.66000366210938,227.99000549316406,226.3101043701172,226.9398956298828,9658588
2024-01-11 14:30:00-05:00,226.9499969482422,228.6334991455078,226.75999450683594,228.25799560546875,10248789
2024-01-11 15:30:00-05:00,228.25999450683594,228.64999389648438,226.32000732421875,227.3052978515625,7656066
2024-01-12 09:30:00-05:00,220.0800018310547,225.33999633789062,219.60000610351562,221.6199951171875,39270458
2024-01-12 10:30:00-05:00,221.59719848632812,222.5457000732422,220.08999633789062,221.8000946044922,18151945
2024-01-12 11:30:00-05:00,221.80999755859375,222.0,217.3000030517578,218.6750030517578,21626644
2024-01-12 12:30:00-05:00,218.6999053955078,219.85000610351562,218.36000061035156,219.27499389648438,11164129
2024-01-12 13:30:00-05:00,219.27999877929688,219.36990356445312,217.77999877929688,217.77999877929688,10657445
2024-01-12 14:30:00-05:00,217.7899932861328,218.63999938964844,217.1501007080078,218.52040100097656,11259235
2024-01-12 15:30:00-05:00,218.5399932861328,219.3300018310547,218.2100067138672,218.82000732421875,7810716
2024-01-16 09:30:00-05:00,215.0,223.49000549316406,212.17999267578125,222.9600067138672,42524626
2024-01-16 10:30:00-05:00,222.9600067138672,223.44000244140625,219.75,221.4261932373047,20993815
2024-01-16 11:30:00-05:00,221.4499969482422,222.0,218.52999877929688,219.02999877929688,14187266
2024-01-16 12:30:00-05:00,219.0500030517578,221.3000030517578,218.91000366210938,221.2017059326172,9992065
2024-01-16 13:30:00-05:00,221.22999572753906,221.3300018310547,219.5500030517578,220.05999755859375,9025849
2024-01-16 14:30:00-05:00,220.07000732421875,220.68829345703125,219.35000610351562,219.6195068359375,9002380
2024-01-16 15:30:00-05:00,219.6300048828125,220.10000610351562,219.22000122070312,219.9987030029297,6255499
2024-01-17 09:30:00-05:00,214.86000061035156,215.55999755859375,212.34500122070312,213.19000244140625,33528396
2024-01-17 10:30:00-05:00,213.19000244140625,214.6300048828125,212.39999389648438,213.33999633789062,16311761
2024-01-17 11:30:00-05:00,213.33999633789062,214.44000244140625,212.50999450683594,214.0850067138672,12590912
2024-01-17 12:30:00-05:00,214.10000610351562,214.25,212.41009521484375,212.8000946044922,10378676
2024-01-17 13:30:00-05:00,212.7899932861328,213.91000366210938,212.00999450683594,213.88999938964844,10398732
2024-01-17 14:30:00-05:00,213.8699951171875,215.17999267578125,213.7100067138672,214.125,9849975
2024-01-17 15:30:00-05:00,214.13999938964844,215.6699981689453,214.07000732421875,215.5399932861328,7007435
2024-01-18 09:30:00-05:00,216.8800048828125,217.4499969482422,213.55999755859375,214.3000030517578,27637121
2024-01-18 10:30:00-05:00,214.39999389648438,214.5299072265625,210.5,211.97999572753906,21847359
2024-01-18 11:30:00-05:00,211.99000549316406,212.69000244140625,209.50999450683594,210.63999938964844,14509820
2024-01-18 12:30:00-05:00,210.65359497070312,210.92999267578125,208.74000549316406,209.27999877929688,11509719
2024-01-18 13:30:00-05:00,209.25999450683594,211.69000244140625,209.22000122070312,211.57000732421875,9706704
2024-01-18 14:30:00-05:00,211.58999633789062,211.94000244140625,210.16000366210938,211.60000610351562,11150328
2024-01-18 15:30:00-05:00,211.61000061035156,212.0,210.8300018310547,211.8000030517578,6820931
2024-01-19 09:30:00-05:00,209.99000549316406,213.19000244140625,208.89999389648438,210.02000427246094,29389487
2024-01-19 10:30:00-05:00,210.00010681152344,210.6300048828125,208.19000244140625,209.35060119628906,17953701
2024-01-19 11:30:00-05:00,209.33999633789062,209.4781036376953,207.55999755859375,209.29989624023438,12621094
2024-01-19 12:30:00-05:00,209.3000030517578,210.72999572753906,208.81539916992188,210.66000366210938,10248404
2024-01-19 13:30:00-05:00,210.6699981689453,211.97999572753906,210.22999572753906,211.5800018310547,9433263
2024-01-19 14:30:00-05:00,211.57049560546875,212.82000732421875,210.6907958984375,211.60009765625,12373451
2024-01-19 15:30:00-05:00,211.6199951171875,212.25999450683594,210.82000732421875,212.1699981689453,6739589
2024-01-22 09:30:00-05:00,212.25,217.8000030517578,210.11000061035156,212.71429443359375,35280778
2024-01-22 10:30:00-05:00,212.7100067138672,212.73939514160156,208.75,209.20010375976562,23286715
2024-01-22 11:30:00-05:00,209.2324981689453,210.52999877929688,208.58999633789062,210.14500427246094,11817756
2024-01-22 12:30:00-05:00,210.1757049560547,210.39999389648438,207.6199951171875,207.8000030517578,11203065
2024-01-22 13:30:00-05:00,207.80650329589844,209.19949340820312,206.27000427246094,206.93499755859375,13117201
2024-01-22 14:30:00-05:00,206.92999267578125,209.66000366210938,206.58999633789062,209.41470336914062,11640452
2024-01-22 15:30:00-05:00,209.4333038330078,209.5800018310547,208.61000061035156,208.75,7417726
2024-01-23 09:30:00-05:00,211.3000030517578,215.64999389648438,210.58099365234375,211.25819396972656,36119303
2024-01-23 10:30:00-05:00,211.25999450683594,211.85000610351562,209.44009399414062,209.73500061035156,17756881
2024-01-23 11:30:00-05:00,209.73500061035156,210.17999267578125,208.4600067138672,208.77999877929688,12002644
2024-01-23 12:30:00-05:00,208.75999450683594,209.60000610351562,208.25999450683594,208.32000732421875,9964318
2024-01-23 13:30:00-05:00,208.3300018310547,209.28990173339844,207.75160217285156,208.6750030517578,11331526
2024-01-23 14:30:00-05:00,208.50999450683594,209.6699981689453,208.33999633789062,209.14999389648438,8826781
2024-01-23 15:30:00-05:00,209.15499877929688,209.23989868164062,208.27999877929688,209.1300048828125,6464794
2024-01-24 09:30:00-05:00,211.8800048828125,212.72999572753906,208.55999755859375,210.02999877929688,30117905
2024-01-24 10:30:00-05:00,210.10000610351562,212.47999572753906,209.97999572753906,211.0500030517578,16282836
2024-01-24 11:30:00-05:00,211.05999755859375,211.72999572753906,210.0,211.70750427246094,11432940
2024-01-24 12:30:00-05:00,211.72000122070312,211.81900024414062,210.00999450683594,210.83999633789062,10320631
2024-01-24 13:30:00-05:00,210.87989807128906,211.07000732421875,208.1199951171875,208.4499969482422,12912991
2024-01-24 14:30:00-05:00,208.4326934814453,209.39999389648438,206.91000366210938,207.11000061035156,13465828
2024-01-24 15:30:00-05:00,207.1300048828125,208.32000732421875,206.77000427246094,207.75999450683594,9367148
2024-01-25 09:30:00-05:00,189.0,193.0,186.0,187.13999938964844,70997069
2024-01-25 10:30:00-05:00,187.125,187.38999938964844,185.0,186.3699951171875,26437743
2024-01-25 11:30:00-05:00,186.3699951171875,186.42999267578125,180.86000061035156,180.92999267578125,26063674
2024-01-25 12:30:00-05:00,180.92999267578125,182.0800018310547,180.05999755859375,181.94000244140625,23519514
2024-01-25 13:30:00-05:00,181.9199981689453,182.67999267578125,180.2100067138672,181.5850067138672,17372669
2024-01-25 14:30:00-05:00,181.60000610351562,183.49000549316406,181.1999969482422,182.25079345703125,17006951
2024-01-25 15:30:00-05:00,182.27000427246094,183.19000244140625,182.22000122070312,182.55999755859375,11003488
2024-01-26 09:30:00-05:00,185.5,186.77999877929688,182.50039672851562,183.83999633789062,39118435
2024-01-26 10:30:00-05:00,183.85110473632812,185.66000366210938,183.52999877929688,184.03799438476562,16907810
2024-01-26 11:30:00-05:00,184.0500030517578,185.17999267578125,183.86000061035156,184.10499572753906,10872421
2024-01-26 12:30:00-05:00,184.1031951904297,184.22000122070312,182.6999969482422,183.47999572753906,10801008
2024-01-26 13:30:00-05:00,183.49009704589844,183.6300048828125,182.10000610351562,182.2801055908203,8946872
2024-01-26 14:30:00-05:00,182.3000030517578,183.3800048828125,182.1199951171875,182.6300048828125,10014292
2024-01-26 15:30:00-05:00,182.62989807128906,183.47000122070312,182.61000061035156,183.2299041748047,7488537
2024-01-29 09:30:00-05:00,185.6300048828125,186.8800048828125,183.6699981689453,185.27999877929688,30072189
2024-01-29 10:30:00-05:00,185.27000427246094,190.89999389648438,185.00999450683594,189.86500549316406,28532747
2024-01-29 11:30:00-05:00,189.88999938964844,190.58999633789062,187.6199951171875,187.67999267578125,17491021
2024-01-29 12:30:00-05:00,187.66229248046875,188.97000122070312,187.1999969482422,187.42430114746094,12171668
2024-01-29 13:30:00-05:00,187.44000244140625,189.48910522460938,187.38999938964844,189.0323028564453,9023655
2024-01-29 14:30:00-05:00,189.0399932861328,191.22999572753906,188.2899932861328,191.1999969482422,12615585
2024-01-29 15:30:00-05:00,191.17999267578125,191.47999572753906,189.91009521484375,190.970703125,8962212
2024-01-30 09:30:00-05:00,195.3300018310547,195.50999450683594,192.19000244140625,194.79879760742188,35160197
2024-01-30 10:30:00-05:00,194.80999755859375,196.3592987060547,192.6199951171875,193.27110290527344,20099962
2024-01-30 11:30:00-05:00,193.27999877929688,194.39999389648438,191.3800048828125,191.64019775390625,14135090
2024-01-30 12:30:00-05:00,191.6199951171875,192.22999572753906,190.61000061035156,192.0850067138672,11681428
2024-01-30 13:30:00-05:00,192.10000610351562,192.39999389648438,191.13999938964844,191.8531951904297,9837273
2024-01-30 14:30:00-05:00,191.8634033203125,192.33999633789062,191.44000244140625,191.97999572753906,6735741
2024-01-30 15:30:00-05:00,191.99000549316406,192.27999877929688,191.5800018310547,191.58999633789062,5126552
2024-01-31 09:30:00-05:00,186.9949951171875,190.3699951171875,185.8459014892578,188.72970581054688,25540005
2024-01-31 10:30:00-05:00,188.7100067138672,191.35000610351562,188.59280395507812,190.52999877929688,14153400
2024-01-31 11:30:00-05:00,190.52999877929688,191.02999877929688,189.5399932861328,190.83270263671875,7848447
2024-01-31 12:30:00-05:00,190.8300018310547,191.85000610351562,190.3800048828125,191.32850646972656,8919731
2024-01-31 13:30:00-05:00,191.3199005126953,192.24000549316406,189.47000122070312,189.625,11193589
2024-01-31 14:30:00-05:00,189.6199951171875,193.97000122070312,188.50999450683594,189.20989990234375,19831156
2024-01-31 15:30:00-05:00,189.1999969482422,189.3424072265625,187.1300048828125,187.22000122070312,10186033
2024-02-01 09:30:00-05:00,188.5,189.8800048828125,186.88999938964844,187.5850067138672,24167624
2024-02-01 10:30:00-05:00,187.59210205078125,187.94000244140625,184.27999877929688,185.09010314941406,19631385
2024-02-01 11:30:00-05:00,185.10000610351562,187.14999389648438,184.89999389648438,186.7198944091797,11545095
2024-02-01 12:30:00-05:00,186.69000244140625,188.02999877929688,186.02999877929688,187.19200134277344,9528142
2024-02-01 13:30:00-05:00,187.19850158691406,188.22000122070312,186.89999389648438,187.59849548339844,8379575
2024-02-01 14:30:00-05:00,187.58999633789062,188.97000122070312,187.1199951171875,188.30999755859375,9028017
2024-02-01 15:30:00-05:00,188.30999755859375,189.02000427246094,188.12539672851562,188.8000030517578,6020525
2024-02-02 09:30:00-05:00,185.0,186.82969665527344,182.32000732421875,183.6999969482422,30650463
2024-02-02 10:30:00-05:00,183.6999969482422,184.08999633789062,182.41000366210938,183.41000366210938,16019695
2024-02-02 11:30:00-05:00,183.4199981689453,183.9698944091797,182.52999877929688,183.05999755859375,10534957
2024-02-02 12:30:00-05:00,183.0800018310547,185.3800048828125,182.0,185.27000427246094,15549902
2024-02-02 13:30:00-05:00,185.2899932861328,188.69000244140625,184.75999450683594,187.8511962890625,15300264
2024-02-02 14:30:00-05:00,187.86810302734375,188.3699951171875,187.19000244140625,188.25999450683594,11845053
2024-02-02 15:30:00-05:00,188.25999450683594,188.3699951171875,187.7100067138672,187.8300018310547,6809450
2024-02-05 09:30:00-05:00,184.25,184.30999755859375,178.72999572753906,178.92520141601562,33863217
2024-02-05 10:30:00-05:00,178.92999267578125,178.9600067138672,175.00999450683594,177.38999938964844,30794770
2024-02-05 11:30:00-05:00,177.3800048828125,180.36000061035156,177.36000061035156,180.3571014404297,16401063
2024-02-05 12:30:00-05:00,180.35000610351562,182.5800018310547,178.27999877929688,181.35499572753906,16207730
2024-02-05 13:30:00-05:00,181.3583984375,182.24000549316406,180.8000030517578,181.96029663085938,11308840
2024-02-05 14:30:00-05:00,181.97000122070312,182.3300018310547,179.27999877929688,180.50010681152344,13901899
2024-02-05 15:30:00-05:00,180.51499938964844,181.3000030517578,180.14999389648438,181.02999877929688,7640386
2024-02-06 09:30:00-05:00,177.2100067138672,186.49000549316406,177.11000061035156,182.86990356445312,42763774
2024-02-06 10:30:00-05:00,182.85989379882812,185.5,182.63999938964844,183.27999877929688,19622845
2024-02-06 11:30:00-05:00,183.27000427246094,183.72000122070312,181.22000122070312,183.02499389648438,15865368
2024-02-06 12:30:00-05:00,183.02999877929688,183.38999938964844,182.3300018310547,182.73989868164062,10643721
2024-02-06 13:30:00-05:00,182.75,183.60000610351562,182.3699951171875,183.0800018310547,11170855
2024-02-06 14:30:00-05:00,183.1020050048828,185.77000427246094,182.97999572753906,184.45399475097656,12141109
2024-02-06 15:30:00-05:00,184.45010375976562,185.11000061035156,183.86000061035156,185.10000610351562,7143401
2024-02-07 09:30:00-05:00,188.17999267578125,189.22000122070312,182.67999267578125,186.19000244140625,38283416
2024-02-07 10:30:00-05:00,186.22000122070312,187.5399932861328,185.58999633789062,187.1595001220703,19049940
2024-02-07 11:30:00-05:00,187.1699981689453,187.47999572753906,186.35020446777344,186.94500732421875,8644742
2024-02-07 12:30:00-05:00,186.95860290527344,189.4499969482422,186.47000122070312,189.1999969482422,12283972
2024-02-07 13:30:00-05:00,189.2100067138672,189.7899932861328,187.75,188.77999877929688,13406711
2024-02-07 14:30:00-05:00,188.79820251464844,189.05999755859375,187.89999389648438,188.67999267578125,9574312
2024-02-07 15:30:00-05:00,188.6999969482422,188.8300018310547,187.39999389648438,187.66990661621094,6133346
2024-02-08 09:30:00-05:00,189.0,189.22999572753906,185.5800018310547,188.15989685058594,23271830
2024-02-08 10:30:00-05:00,188.16000366210938,191.27999877929688,188.07000732421875,190.7899932861328,15994785
2024-02-08 11:30:00-05:00,190.8000030517578,191.61709594726562,190.11000061035156,190.66000366210938,11263594
2024-02-08 12:30:00-05:00,190.64500427246094,190.6649932861328,188.52000427246094,188.90989685058594,10875576
2024-02-08 13:30:00-05:00,188.91000366210938,190.19000244140625,188.67999267578125,189.61000061035156,8010199
2024-02-08 14:30:00-05:00,189.59129333496094,190.2100067138672,188.75999450683594,190.0050048828125,6808792
2024-02-08 15:30:00-05:00,190.00999450683594,190.0500946044922,189.11000061035156,189.47999572753906,4914073
2024-02-09 09:30:00-05:00,190.17999267578125,194.1199951171875,189.47999572753906,193.55999755859375,28110232
2024-02-09 10:30:00-05:00,193.5800018310547,193.73989868164062,190.77000427246094,191.07699584960938,15591181
2024-02-09 11:30:00-05:00,191.07000732421875,192.3000030517578,190.50999450683594,192.1199951171875,9454704
2024-02-09 12:30:00-05:00,192.125,193.1999969482422,191.35000610351562,193.13299560546875,8792961
2024-02-09 13:30:00-05:00,193.1300048828125,193.25,192.4499969482422,192.9185028076172,6542665
2024-02-09 14:30:00-05:00,192.9199981689453,193.3000030517578,192.1802978515625,192.75,6770856
2024-02-09 15:30:00-05:00,192.74000549316406,193.7100067138672,192.2899932861328,193.57000732421875,6777523
2024-02-12 09:30:00-05:00,192.11000061035156,194.72999572753906,191.42999267578125,192.56500244140625,25584046
2024-02-12 10:30:00-05:00,192.5500946044922,193.33999633789062,190.3800048828125,191.3101043701172,15722938
2024-02-12 11:30:00-05:00,191.3300018310547,191.97000122070312,187.6999969482422,188.32220458984375,15403976
2024-02-12 12:30:00-05:00,188.30999755859375,190.14999389648438,188.17999267578125,188.7899932861328,10956272
2024-02-12 13:30:00-05:00,188.7899932861328,189.10000610351562,187.27999877929688,188.53799438476562,10805809
2024-02-12 14:30:00-05:00,188.55679321289062,189.02999877929688,187.67349243164062,188.52000427246094,8274049
2024-02-12 15:30:00-05:00,188.50230407714844,188.77999877929688,187.75,187.97999572753906,5941738
2024-02-13 09:30:00-05:00,183.99000549316406,187.25999450683594,183.25,184.86000061035156,27029323
2024-02-13 10:30:00-05:00,184.86500549316406,185.72000122070312,183.6699981689453,184.5,13097421
2024-02-13 11:30:00-05:00,184.50999450683594,185.33999633789062,183.07000732421875,183.19020080566406,9933173
2024-02-13 12:30:00-05:00,183.19000244140625,184.64999389648438,183.0800018310547,184.3699951171875,8358222
2024-02-13 13:30:00-05:00,184.35000610351562,184.5,182.50999450683594,182.9499053955078,8969961
2024-02-13 14:30:00-05:00,182.94000244140625,183.47000122070312,182.10870361328125,182.44000244140625,8970379
2024-02-13 15:30:00-05:00,182.43679809570312,184.11000061035156,182.4010009765625,184.00999450683594,7148640
2024-02-14 09:30:00-05:00,185.3000030517578,187.05999755859375,183.35000610351562,186.0800018310547,23235462
2024-02-14 10:30:00-05:00,186.0850067138672,186.47999572753906,183.91000366210938,185.21009826660156,11562527
2024-02-14 11:30:00-05:00,185.22000122070312,186.17999267578125,184.91000366210938,186.05999755859375,8389857
2024-02-14 12:30:00-05:00,186.076904296875,186.74000549316406,185.42999267578125,186.19940185546875,7491651
2024-02-14 13:30:00-05:00,186.2100067138672,187.47000122070312,185.92999267578125,187.16000366210938,8829553
2024-02-14 14:30:00-05:00,187.1580047607422,188.10000610351562,186.66000366210938,188.0800018310547,7420664
2024-02-14 15:30:00-05:00,188.08999633789062,188.88999938964844,187.80999755859375,188.72000122070312,7022863
2024-02-15 09:30:00-05:00,189.16000366210938,195.75999450683594,188.8594970703125,195.16000366210938,31060806
2024-02-15 10:30:00-05:00,195.1699981689453,195.4499969482422,192.3699951171875,193.6470947265625,16887420
2024-02-15 11:30:00-05:00,193.63999938964844,196.3300018310547,193.52999877929688,195.5800018310547,12888095
2024-02-15 12:30:00-05:00,195.5800018310547,198.33230590820312,195.51010131835938,198.1114959716797,15179749
2024-02-15 13:30:00-05:00,198.1219940185547,198.74989318847656,197.0500030517578,197.89999389648438,14018797
2024-02-15 14:30:00-05:00,197.89999389648438,198.89999389648438,197.56500244140625,198.81500244140625,11762269
2024-02-15 15:30:00-05:00,198.80999755859375,200.8800048828125,198.80999755859375,200.49000549316406,13652658
2024-02-16 09:30:00-05:00,200.625,203.1699981689453,197.39999389648438,199.11000061035156,36686761
2024-02-16 10:30:00-05:00,199.1300048828125,201.6999969482422,198.02999877929688,201.22000122070312,15992329
2024-02-16 11:30:00-05:00,201.21730041503906,202.94000244140625,199.60000610351562,200.49989318847656,15553038
2024-02-16 12:30:00-05:00,200.49740600585938,201.28909301757812,198.11000061035156,199.414306640625,11965426
2024-02-16 13:30:00-05:00,199.39999389648438,201.11000061035156,198.75999450683594,200.86000061035156,9900287
2024-02-16 14:30:00-05:00,200.85049438476562,201.3699951171875,199.10000610351562,200.08999633789062,10398016
2024-02-16 15:30:00-05:00,200.08999633789062,200.22439575195312,199.32000732421875,199.94000244140625,7519851
2024-02-20 09:30:00-05:00,197.125,198.60000610351562,191.3300018310547,191.41879272460938,31821711
2024-02-20 10:30:00-05:00,191.4149932861328,193.74859619140625,191.0800018310547,192.63119506835938,14437865
2024-02-20 11:30:00-05:00,192.64300537109375,192.6699981689453,189.1699981689453,190.17999267578125,13767617
2024-02-20 12:30:00-05:00,190.1699981689453,191.13999938964844,189.1300048828125,190.53990173339844,12139057
2024-02-20 13:30:00-05:00,190.5399932861328,191.77000427246094,189.9499969482422,191.58999633789062,10804365
2024-02-20 14:30:00-05:00,191.56190490722656,193.17999267578125,191.39120483398438,193.13999938964844,10080021
2024-02-20 15:30:00-05:00,193.13670349121094,193.8800048828125,192.14500427246094,193.75999450683594,7248757
2024-02-21 09:30:00-05:00,194.33999633789062,199.44000244140625,193.99000549316406,196.1699981689453,31916156
2024-02-21 10:30:00-05:00,196.2050018310547,196.6699981689453,193.9499969482422,194.05999755859375,17291793
2024-02-21 11:30:00-05:00,194.07989501953125,194.56900024414062,192.5,193.02999877929688,12162665
2024-02-21 12:30:00-05:00,193.0399932861328,193.77000427246094,191.9499969482422,192.82000732421875,11766447
2024-02-21 13:30:00-05:00,192.80999755859375,194.69839477539062,192.47999572753906,193.47000122070312,10969228
2024-02-21 14:30:00-05:00,193.44000244140625,193.66000366210938,192.3000030517578,193.36000061035156,8680950
2024-02-21 15:30:00-05:00,193.3699951171875,194.8800048828125,193.28500366210938,194.87989807128906,6905876
2024-02-22 09:30:00-05:00,194.0,195.3699951171875,191.36000061035156,193.22500610351562,25080297
2024-02-22 10:30:00-05:00,193.22500610351562,194.27000427246094,191.38999938964844,193.89999389648438,15039979
2024-02-22 11:30:00-05:00,193.91000366210938,196.17999267578125,193.89010620117188,195.90499877929688,11368761
2024-02-22 12:30:00-05:00,195.9199981689453,197.39999389648438,195.3300018310547,197.28500366210938,12830229
2024-02-22 13:30:00-05:00,197.27999877929688,197.86000061035156,196.6999969482422,197.53500366210938,8868916
2024-02-22 14:30:00-05:00,197.5500030517578,197.99000549316406,196.5,197.66000366210938,8371154
2024-02-22 15:30:00-05:00,197.66000366210938,198.32000732421875,197.1699981689453,197.3800048828125,6757081
2024-02-23 09:30:00-05:00,195.30999755859375,197.57000732421875,191.5,193.5751953125,22848415
2024-02-23 10:30:00-05:00,193.5800018310547,195.5500030517578,193.4499969482422,194.52000427246094,12173116
2024-02-23 11:30:00-05:00,194.52000427246094,195.3800048828125,193.82000732421875,193.9199981689453,8404361
2024-02-23 12:30:00-05:00,193.92999267578125,194.07859802246094,192.71009826660156,193.97000122070312,9909803
2024-02-23 13:30:00-05:00,193.97000122070312,194.08999633789062,192.14999389648438,192.61000061035156,9216985
2024-02-23 14:30:00-05:00,192.61000061035156,193.25,191.89199829101562,191.97000122070312,7420957
2024-02-23 15:30:00-05:00,191.99000549316406,192.5399932861328,191.7100067138672,191.9199981689453,6255409
2024-02-26 09:30:00-05:00,194.07080078125,199.86000061035156,193.75,197.7100067138672,31238191
2024-02-26 10:30:00-05:00,197.72000122070312,200.2100067138672,197.22999572753906,199.9600067138672,20727340
2024-02-26 11:30:00-05:00,199.95970153808594,201.77999877929688,199.3000030517578,200.27999877929688,17812335
2024-02-26 12:30:00-05:00,200.27149963378906,200.74000549316406,199.07000732421875,199.22999572753906,13379703
2024-02-26 13:30:00-05:00,199.25,200.0,198.60000610351562,199.65499877929688,9114767
2024-02-26 14:30:00-05:00,199.6667938232422,200.0,198.52999877929688,199.42019653320312,9975553
2024-02-26 15:30:00-05:00,199.4199981689453,199.89500427246094,198.80029296875,199.35000610351562,6324319
2024-02-27 09:30:00-05:00,205.0,205.60000610351562,201.0,202.49850463867188,34902138
2024-02-27 10:30:00-05:00,202.49000549316406,203.59320068359375,201.08999633789062,201.97999572753906,15012545
2024-02-27 11:30:00-05:00,201.9499969482422,202.74000549316406,200.57000732421875,200.63429260253906,12264866
2024-02-27 12:30:00-05:00,200.6300048828125,200.9600067138672,198.33009338378906,198.61000061035156,15163084
2024-02-27 13:30:00-05:00,198.63999938964844,200.8000030517578,198.25999450683594,200.6649932861328,13519858
2024-02-27 14:30:00-05:00,200.6676025390625,200.9199981689453,199.42999267578125,199.98680114746094,9616992
2024-02-27 15:30:00-05:00,199.97999572753906,200.0399932861328,198.85499572753906,199.72000122070312,6333084
2024-02-28 09:30:00-05:00,200.4199981689453,203.3300018310547,198.44000244140625,202.75,30192577
2024-02-28 10:30:00-05:00,202.75799560546875,205.1999969482422,202.42999267578125,205.1199951171875,20692187
2024-02-28 11:30:00-05:00,205.1300048828125,205.3000030517578,202.94000244140625,203.25999450683594,12857169
2024-02-28 12:30:00-05:00,203.27000427246094,203.75,202.4199981689453,202.8000946044922,9438532
2024-02-28 13:30:00-05:00,202.82000732421875,203.72999572753906,202.14999389648438,202.1649932861328,9291830
2024-02-28 14:30:00-05:00,202.16690063476562,202.4398956298828,201.3000030517578,202.05130004882812,9589475
2024-02-28 15:30:00-05:00,202.0614013671875,202.41000366210938,201.66009521484375,202.14999389648438,4898985
2024-02-29 09:30:00-05:00,205.0,205.25,200.5,202.0399932861328,28276200
2024-02-29 10:30:00-05:00,202.03199768066406,202.22000122070312,199.50999450683594,199.6699981689453,14655480
2024-02-29 11:30:00-05:00,199.656005859375,200.4199981689453,198.44630432128906,199.57000732421875,10060500
2024-02-29 12:30:00-05:00,199.57000732421875,200.8699951171875,199.50999450683594,200.61000061035156,6074078
2024-02-29 13:30:00-05:00,200.6199951171875,201.05999755859375,199.83009338378906,200.0540008544922,6668995
2024-02-29 14:30:00-05:00,200.0500030517578,201.25,199.99000549316406,200.86399841308594,5775801
2024-02-29 15:30:00-05:00,200.86500549316406,202.19000244140625,200.74000549316406,201.75,6496202
2024-03-01 09:30:00-05:00,201.45840454101562,201.45840454101562,198.5,199.55799865722656,15958936
2024-03-01 10:30:00-05:00,199.55999755859375,200.97000122070312,198.91000366210938,200.86000061035156,17865566
2024-03-01 11:30:00-05:00,200.86680603027344,202.67999267578125,200.52040100097656,202.44500732421875,11235160
2024-03-01 12:30:00-05:00,202.4600067138672,204.42999267578125,202.1699981689453,204.27000427246094,10961678
2024-03-01 13:30:00-05:00,204.27999877929688,204.52000427246094,203.02000427246094,203.5800018310547,9969421
2024-03-01 14:30:00-05:00,203.57000732421875,203.8000030517578,202.47000122070312,203.32989501953125,8269849
2024-03-01 15:30:00-05:00,203.32000732421875,203.38999938964844,202.50999450683594,202.6999053955078,5299727
2024-03-04 09:30:00-05:00,199.22999572753906,199.75,191.80999755859375,192.06500244140625,34943494
2024-03-04 10:30:00-05:00,192.0751953125,192.5,190.1300048828125,190.55999755859375,3394204
2024-03-04 11:30:00-05:00,190.5500030517578,190.72000122070312,188.72999572753906,189.16400146484375,13071554
2024-03-04 12:30:00-05:00,189.15109252929688,189.3800048828125,186.83999633789062,187.35000610351562,13521637
2024-03-04 13:30:00-05:00,187.35499572753906,187.7100067138672,186.72000122070312,187.227294921875,9215318
2024-03-04 14:30:00-05:00,187.25,190.11000061035156,187.14019775390625,189.9915008544922,11744522
2024-03-04 15:30:00-05:00,190.00999450683594,190.13999938964844,188.1300048828125,188.1300048828125,42833382
2024-03-05 09:30:00-05:00,182.0,184.58999633789062,178.77000427246094,178.897705078125,40668030
2024-03-05 10:30:00-05:00,178.8699951171875,180.0,177.57000732421875,178.22459411621094,18864117
2024-03-05 11:30:00-05:00,178.8800048828125,181.2899932861328,178.42999267578125,181.24459838867188,0
2024-03-05 12:30:00-05:00,181.25,181.77000427246094,180.10549926757812,180.64990234375,7820470
2024-03-05 13:30:00-05:00,180.63999938964844,181.89990234375,180.5,180.89950561523438,7734700
2024-03-05 14:30:00-05:00,180.89999389648438,180.93460083007812,179.27000427246094,180.27999877929688,7815241
2024-03-05 15:30:00-05:00,180.27000427246094,181.08999633789062,179.8800048828125,180.8000030517578,37490918
2024-03-06 09:30:00-05:00,179.62570190429688,180.9600067138672,173.6999969482422,176.39500427246094,36707530
2024-03-06 10:30:00-05:00,176.3800048828125,178.13999938964844,176.27999877929688,176.6199951171875,378801
2024-03-06 11:30:00-05:00,176.6125946044922,178.99000549316406,176.05999755859375,178.66000366210938,8085199
2024-03-06 12:30:00-05:00,178.6699981689453,179.99000549316406,178.07000732421875,179.88009643554688,6509836
2024-03-06 13:30:00-05:00,179.89999389648438,180.0500030517578,176.30999755859375,177.0749969482422,9773182
2024-03-06 14:30:00-05:00,177.08999633789062,178.11709594726562,176.45559692382812,177.22000122070312,7355574
2024-03-06 15:30:00-05:00,177.22999572753906,177.24000549316406,176.19000244140625,176.5,33837205
2024-03-07 09:30:00-05:00,174.35000610351562,179.77999877929688,173.6999969482422,175.9199981689453,33558359
2024-03-07 10:30:00-05:00,175.9250030517578,179.1999969482422,175.25,177.37989807128906,17309544
2024-03-07 11:30:00-05:00,177.3800048828125,177.50999450683594,176.0,176.889892578125,11527795
2024-03-07 12:30:00-05:00,176.8699951171875,179.11000061035156,176.86000061035156,179.0,8941373
2024-03-07 13:30:00-05:00,179.01499938964844,179.80999755859375,178.2100067138672,179.4001007080078,11084017
2024-03-07 14:30:00-05:00,179.40040588378906,180.0399932861328,178.75999450683594,179.01800537109375,9710087
2024-03-07 15:30:00-05:00,179.00999450683594,179.6699981689453,178.49000549316406,178.57000732421875,6176931
2024-03-08 09:30:00-05:00,181.5,182.72999572753906,177.6999969482422,179.01499938964844,25953205
2024-03-08 10:30:00-05:00,179.03500366210938,179.22999572753906,174.77000427246094,175.05999755859375,18238810
2024-03-08 11:30:00-05:00,175.07000732421875,176.8199005126953,174.6999969482422,176.25,10327639
2024-03-08 12:30:00-05:00,176.27000427246094,176.33999633789062,175.14999389648438,176.07000732421875,6612918
2024-03-08 13:30:00-05:00,176.0500030517578,176.24000549316406,174.89999389648438,175.47999572753906,7025625
2024-03-08 14:30:00-05:00,175.47000122070312,176.8000030517578,175.47000122070312,175.60000610351562,7754498
2024-03-08 15:30:00-05:00,175.61000061035156,176.17999267578125,175.0399932861328,175.33999633789062,6098503
2024-03-11 09:30:00-04:00,175.0,182.8699951171875,174.8101043701172,179.8800048828125,32669310
2024-03-11 10:30:00-04:00,179.889892578125,180.60000610351562,177.85000610351562,177.88499450683594,12522286
2024-03-11 11:30:00-04:00,177.88800048828125,178.9499969482422,177.11000061035156,178.5050048828125,9774942
2024-03-11 12:30:00-04:00,178.52000427246094,179.08990478515625,177.89999389648438,178.91009521484375,7810491
2024-03-11 13:30:00-04:00,178.9207000732422,179.5800018310547,178.5,179.10049438476562,6280246
2024-03-11 14:30:00-04:00,179.110107421875,179.1300048828125,176.69000244140625,176.72999572753906,6814192
2024-03-11 15:30:00-04:00,176.75,177.89999389648438,176.52000427246094,177.8300018310547,6912466
2024-03-12 09:30:00-04:00,177.77000427246094,177.9600067138672,172.41009521484375,175.29989624023438,31864939
2024-03-12 10:30:00-04:00,175.3000030517578,178.77999877929688,174.83999633789062,178.5500030517578,15417467
2024-03-12 11:30:00-04:00,178.5679931640625,179.0800018310547,176.75999450683594,178.11000061035156,11641514
2024-03-12 12:30:00-04:00,178.11000061035156,178.1999969482422,176.8300018310547,178.10459899902344,7815653
2024-03-12 13:30:00-04:00,178.1199951171875,178.83999633789062,177.8000030517578,178.8300018310547,5513335
2024-03-12 14:30:00-04:00,178.82620239257812,179.42999267578125,178.50999450683594,179.05499267578125,6246539
2024-03-12 15:30:00-04:00,179.07000732421875,179.08999633789062,177.32000732421875,177.4810028076172,5377583
2024-03-13 09:30:00-04:00,173.0500030517578,176.0500030517578,171.7100067138672,172.36000061035156,30933107
2024-03-13 10:30:00-04:00,172.3699951171875,172.9600067138672,170.60000610351562,172.7050018310547,19034874
2024-03-13 11:30:00-04:00,172.72000122070312,173.16000366210938,171.3800048828125,171.82000732421875,9469837
2024-03-13 12:30:00-04:00,171.80999755859375,172.0500030517578,170.85000610351562,171.7510986328125,7959884
2024-03-13 13:30:00-04:00,171.76280212402344,172.02999877929688,170.11000061035156,170.1699981689453,10034444
2024-03-13 14:30:00-04:00,170.1571044921875,171.0399932861328,169.2899932861328,169.56199645996094,11946926
2024-03-13 15:30:00-04:00,169.57000732421875,170.1199951171875,169.14999389648438,169.49000549316406,8498560
2024-03-14 09:30:00-04:00,167.77000427246094,171.1699981689453,165.0,166.04559326171875,34625098
2024-03-14 10:30:00-04:00,166.00010681152344,166.83999633789062,163.31149291992188,163.34910583496094,18732752
2024-03-14 11:30:00-04:00,163.36000061035156,163.86000061035156,161.8800048828125,162.58999633789062,19076589
2024-03-14 12:30:00-04:00,162.5970001220703,163.75,162.07000732421875,162.0998992919922,11238904
2024-03-14 13:30:00-04:00,162.0800018310547,163.5399932861328,161.67999267578125,162.36000061035156,10254002
2024-03-14 14:30:00-04:00,162.3699951171875,162.5500030517578,160.50999450683594,161.13999938964844,14676599
2024-03-14 15:30:00-04:00,161.14999389648438,162.67999267578125,160.6300048828125,162.47999572753906,10201732
2024-03-15 09:30:00-04:00,163.13999938964844,165.1844940185547,161.11000061035156,162.9199981689453,23558989
2024-03-15 10:30:00-04:00,162.94500732421875,164.14999389648438,162.36000061035156,163.59500122070312,9254816
2024-03-15 11:30:00-04:00,163.57000732421875,163.66000366210938,161.3300018310547,161.8300018310547,21234428
2024-03-15 12:30:00-04:00,161.8280029296875,162.19000244140625,160.75999450683594,161.9561004638672,0
2024-03-15 13:30:00-04:00,161.94749450683594,163.27000427246094,161.91000366210938,162.6602020263672,5853909
2024-03-15 14:30:00-04:00,162.6602020263672,163.88999938964844,162.57009887695312,163.19000244140625,6725803
2024-03-15 15:30:00-04:00,163.17999267578125,163.77870178222656,162.7100067138672,163.58999633789062,5018726
2024-03-18 09:30:00-04:00,170.15899658203125,171.2100067138672,165.9001007080078,171.14999389648438,32756011
2024-03-18 10:30:00-04:00,171.1501007080078,174.72000122070312,171.0,173.67999267578125,24876880
2024-03-18 11:30:00-04:00,173.6699981689453,174.10000610351562,172.4801025390625,172.80999755859375,12296519
2024-03-18 12:30:00-04:00,172.8000030517578,173.72000122070312,171.9499969482422,172.82000732421875,9137977
2024-03-18 13:30:00-04:00,172.83999633789062,174.1999969482422,172.02999877929688,174.15989685058594,8102949
2024-03-18 14:30:00-04:00,174.16000366210938,174.23399353027344,173.22000122070312,174.14999389648438,7790200
2024-03-18 15:30:00-04:00,174.14999389648438,174.40499877929688,173.3300018310547,173.94000244140625,7588624
2024-03-19 09:30:00-04:00,172.22999572753906,172.82000732421875,167.4199981689453,169.36000061035156,29584317
2024-03-19 10:30:00-04:00,169.36000061035156,171.83999633789062,168.84500122070312,171.75990295410156,12597093
2024-03-19 11:30:00-04:00,171.75999450683594,172.3300018310547,171.0,171.94000244140625,8040299
2024-03-19 12:30:00-04:00,171.92999267578125,172.72000122070312,171.1699981689453,171.72560119628906,7104257
2024-03-19 13:30:00-04:00,171.72000122070312,171.9199981689453,170.55870056152344,171.42999267578125,6069639
2024-03-19 14:30:00-04:00,171.4199981689453,172.1999969482422,171.02000427246094,171.22000122070312,6491916
2024-03-19 15:30:00-04:00,171.2113037109375,171.8000030517578,171.08999633789062,171.30999755859375,4573934
2024-03-20 09:30:00-04:00,172.95799255371094,174.3199005126953,170.82000732421875,171.1199951171875,21898797
2024-03-20 10:30:00-04:00,171.13999938964844,173.5,171.093994140625,172.64999389648438,12859939
2024-03-20 11:30:00-04:00,172.64999389648438,173.4600067138672,171.77999877929688,171.9149932861328,8055564
2024-03-20 12:30:00-04:00,171.91769409179688,173.1699981689453,171.7530059814453,172.9499969482422,5565501
2024-03-20 13:30:00-04:00,172.94000244140625,174.8271942138672,172.82000732421875,173.8699951171875,9891655
2024-03-20 14:30:00-04:00,173.8699951171875,175.63999938964844,172.47999572753906,175.3800048828125,14483825
2024-03-20 15:30:00-04:00,175.3699951171875,176.25,175.24000549316406,175.72999572753906,7013455
2024-03-21 09:30:00-04:00,176.35800170898438,178.08999633789062,173.8000030517578,175.05299377441406,23813682
2024-03-21 10:30:00-04:00,175.07000732421875,175.9499969482422,174.0800018310547,175.0800018310547,11343908
2024-03-21 11:30:00-04:00,175.08990478515625,175.2899932861328,173.75999450683594,174.25999450683594,8229898
2024-03-21 12:30:00-04:00,174.27000427246094,174.41650390625,172.83299255371094,173.3695068359375,7447560
2024-03-21 13:30:00-04:00,173.34500122070312,173.5800018310547,171.82000732421875,172.25010681152344,7539988
2024-03-21 14:30:00-04:00,172.25999450683594,173.25999450683594,171.8000030517578,173.09500122070312,6755584
2024-03-21 15:30:00-04:00,173.09950256347656,173.36000061035156,172.75999450683594,172.77000427246094,4729829
2024-03-22 09:30:00-04:00,166.7949981689453,170.02000427246094,166.3000030517578,169.32080078125,29563107
2024-03-22 10:30:00-04:00,169.3300018310547,170.72999572753906,168.6999969482422,170.6750030517578,11807350
2024-03-22 11:30:00-04:00,170.6750030517578,170.6885986328125,168.7100067138672,169.3699951171875,8480748
2024-03-22 12:30:00-04:00,169.3800048828125,170.4600067138672,169.30029296875,170.38999938964844,6585506
2024-03-22 13:30:00-04:00,170.39999389648438,170.97999572753906,170.11000061035156,170.89500427246094,6117863
2024-03-22 14:30:00-04:00,170.9199981689453,171.1999969482422,170.24000549316406,170.6199951171875,5610880
2024-03-22 15:30:00-04:00,170.63999938964844,171.14999389648438,170.49000549316406,170.77999877929688,4208041
2024-03-25 09:30:00-04:00,168.72999572753906,175.24000549316406,168.72999572753906,170.56500244140625,25717203
2024-03-25 10:30:00-04:00,170.58999633789062,171.27999877929688,169.5500030517578,171.17990112304688,12238562
2024-03-25 11:30:00-04:00,171.17999267578125,172.63999938964844,170.8802032470703,172.3249969482422,8335605
2024-03-25 12:30:00-04:00,172.33999633789062,173.0800018310547,172.10000610351562,172.27330017089844,7340495
2024-03-25 13:30:00-04:00,172.26199340820312,173.60000610351562,172.1699981689453,173.32260131835938,7450889
2024-03-25 14:30:00-04:00,173.32000732421875,173.7198944091797,171.92999267578125,171.97970581054688,6135414
2024-03-25 15:30:00-04:00,171.97000122070312,172.80999755859375,171.8800048828125,172.63999938964844,4172079
2024-03-26 09:30:00-04:00,178.60000610351562,183.32000732421875,177.63009643554688,182.23890686035156,43728498
2024-03-26 10:30:00-04:00,182.21200561523438,184.25,181.3820037841797,181.86500549316406,18572175
2024-03-26 11:30:00-04:00,181.86500549316406,182.27999877929688,179.7899932861328,180.52000427246094,15163750
2024-03-26 12:30:00-04:00,180.5019989013672,181.0,178.85000610351562,179.30499267578125,9668303
2024-03-26 13:30:00-04:00,179.30499267578125,179.8800048828125,178.7100067138672,179.02499389648438,7137225
2024-03-26 14:30:00-04:00,179.02000427246094,179.5959930419922,178.44000244140625,178.52200317382812,7294304
2024-03-26 15:30:00-04:00,178.54989624023438,178.5800018310547,177.3800048828125,177.69000244140625,6656129
2024-03-27 09:30:00-04:00,181.32000732421875,181.57699584960938,176.00999450683594,177.74920654296875,27545976
2024-03-27 10:30:00-04:00,177.72999572753906,179.4499969482422,177.24000549316406,179.04150390625,11109929
2024-03-27 11:30:00-04:00,179.0634002685547,180.75,178.25790405273438,180.64999389648438,10015515
2024-03-27 12:30:00-04:00,180.63819885253906,181.91000366210938,179.64999389648438,179.85000610351562,10967543
2024-03-27 13:30:00-04:00,179.86000061035156,180.5800018310547,179.42999267578125,180.4499969482422,6548483
2024-03-27 14:30:00-04:00,180.4499969482422,180.7899932861328,179.35000610351562,179.75,6869910
2024-03-27 15:30:00-04:00,179.75999450683594,180.17990112304688,179.1300048828125,179.91000366210938,5130886
2024-03-28 09:30:00-04:00,177.45899963378906,179.57000732421875,175.6999969482422,176.91200256347656,24062190
2024-03-28 10:30:00-04:00,176.9149932861328,177.85450744628906,176.3000030517578,176.6300048828125,11360889
2024-03-28 11:30:00-04:00,176.61000061035156,177.6300048828125,176.00999450683594,177.4595947265625,8794395
2024-03-28 12:30:00-04:00,177.44479370117188,177.97999572753906,176.97000122070312,177.15499877929688,7012787
2024-03-28 13:30:00-04:00,177.13999938964844,177.41000366210938,176.38999938964844,176.63999938964844,6500874
2024-03-28 14:30:00-04:00,176.63079833984375,176.94000244140625,175.8000030517578,175.86000061035156,7107024
2024-03-28 15:30:00-04:00,175.86000061035156,176.0,175.3000030517578,175.7899932861328,6751175
2024-04-01 09:30:00-04:00,176.16000366210938,176.38999938964844,171.60000610351562,171.72799682617188,23947033
2024-04-01 10:30:00-04:00,171.74000549316406,172.1898956298828,170.2100067138672,172.10499572753906,15778216
2024-04-01 11:30:00-04:00,172.08999633789062,172.42999267578125,170.88999938964844,172.27999877929688,8095873
2024-04-01 12:30:00-04:00,172.28819274902344,173.277099609375,171.74000549316406,171.88999938964844,7020081
2024-04-01 13:30:00-04:00,171.86000061035156,173.10499572753906,171.75,172.94000244140625,5705376
2024-04-01 14:30:00-04:00,172.9199981689453,174.08680725097656,172.59010314941406,173.9550018310547,7463119
2024-04-01 15:30:00-04:00,173.9499969482422,175.2899932861328,173.19009399414062,175.1199951171875,8080117
2024-04-02 09:30:00-04:00,164.68899536132812,167.19000244140625,163.42999267578125,165.57009887695312,45944518
2024-04-02 10:30:00-04:00,165.5800018310547,165.87069702148438,163.89999389648438,165.6699981689453,18110912
2024-04-02 11:30:00-04:00,165.6699981689453,166.64999389648438,165.11289978027344,166.25999450683594,11561980
2024-04-02 12:30:00-04:00,166.2550048828125,167.69000244140625,166.0,166.73019409179688,10328349
2024-04-02 13:30:00-04:00,166.73399353027344,167.0574951171875,165.90060424804688,165.9600067138672,7842816
2024-04-02 14:30:00-04:00,165.9600067138672,166.19189453125,165.25999450683594,166.06500244140625,9287165
2024-04-02 15:30:00-04:00,166.05999755859375,167.02000427246094,165.80999755859375,166.60000610351562,7624184
2024-04-03 09:30:00-04:00,164.0500030517578,167.38999938964844,163.27999877929688,167.22999572753906,28452113
2024-04-03 10:30:00-04:00,167.25999450683594,168.52999877929688,166.5,167.73500061035156,14697502
2024-04-03 11:30:00-04:00,167.74000549316406,168.4600067138672,167.0500030517578,168.16160583496094,9160986
2024-04-03 12:30:00-04:00,168.17820739746094,168.82000732421875,167.6699981689453,167.7100067138672,7548281
2024-04-03 13:30:00-04:00,167.72000122070312,168.27000427246094,167.35000610351562,168.0800018310547,6305017
2024-04-03 14:30:00-04:00,168.08999633789062,168.55999755859375,167.32200622558594,167.51499938964844,6905111
2024-04-03 15:30:00-04:00,167.50059509277344,168.44000244140625,167.1199951171875,168.38999938964844,5745474
2024-04-04 09:30:00-04:00,170.0,170.74000549316406,168.00999450683594,170.09500122070312,20654187
2024-04-04 10:30:00-04:00,170.09500122070312,172.05499267578125,169.9600067138672,171.86000061035156,14602418
2024-04-04 11:30:00-04:00,171.83999633789062,175.67999267578125,171.83999633789062,175.4499969482422,24235039
2024-04-04 12:30:00-04:00,175.4499969482422,177.19000244140625,175.3300018310547,175.92990112304688,18530524
2024-04-04 13:30:00-04:00,175.92599487304688,176.32000732421875,173.31300354003906,173.47000122070312,14591713
2024-04-04 14:30:00-04:00,173.4499969482422,173.4499969482422,170.75840759277344,170.875,16685229
2024-04-04 15:30:00-04:00,170.8800048828125,172.24000549316406,170.84500122070312,171.2100067138672,8411932
2024-04-05 09:30:00-04:00,168.9499969482422,170.86000061035156,167.1199951171875,169.10169982910156,24109286
2024-04-05 10:30:00-04:00,169.1199951171875,170.55999755859375,161.30999755859375,161.3699951171875,35832522
2024-04-05 11:30:00-04:00,161.35000610351562,168.08990478515625,160.52000427246094,167.0800018310547,33509094
2024-04-05 12:30:00-04:00,167.0850067138672,169.0,166.5800018310547,167.8000030517578,10851922
2024-04-05 13:30:00-04:00,167.82000732421875,168.17999267578125,164.25,164.281494140625,11943395
2024-04-05 14:30:00-04:00,164.35000610351562,165.44000244140625,164.0,165.08999633789062,9285106
2024-04-05 15:30:00-04:00,165.0677947998047,165.69000244140625,164.85000610351562,164.85000610351562,6992447
2024-04-08 09:30:00-04:00,169.2899932861328,173.16000366210938,167.7899932861328,171.48500061035156,34596513
2024-04-08 10:30:00-04:00,171.4600067138672,174.5,170.86000061035156,173.64999389648438,19988163
2024-04-08 11:30:00-04:00,173.64999389648438,173.73779296875,172.25999450683594,173.18910217285156,12411967
2024-04-08 12:30:00-04:00,173.1999969482422,173.99000549316406,172.16099548339844,173.8000030517578,10201723
2024-04-08 13:30:00-04:00,173.81900024414062,174.39999389648438,173.35110473632812,173.88600158691406,9209623
2024-04-08 14:30:00-04:00,173.875,174.0,172.85000610351562,173.33200073242188,7396057
2024-04-08 15:30:00-04:00,173.32000732421875,173.44000244140625,172.55340576171875,172.99000549316406,6713614
2024-04-09 09:30:00-04:00,172.97999572753906,179.22000122070312,171.9199981689453,177.13999938964844,38534303
2024-04-09 10:30:00-04:00,177.15939331054688,177.28990173339844,174.91000366210938,175.0605010986328,19330662
2024-04-09 11:30:00-04:00,175.0659942626953,175.82000732421875,174.33999633789062,175.39390563964844,10152558
2024-04-09 12:30:00-04:00,175.38839721679688,175.42999267578125,174.27000427246094,175.39109802246094,7607076
2024-04-09 13:30:00-04:00,175.3800048828125,176.47999572753906,175.27000427246094,176.02000427246094,8713931
2024-04-09 14:30:00-04:00,176.02000427246094,176.10000610351562,174.7532958984375,175.97000122070312,6993827
2024-04-09 15:30:00-04:00,175.9600067138672,177.0,175.8800048828125,177.0,6772251
2024-04-10 09:30:00-04:00,173.0699005126953,174.92999267578125,170.72000122070312,172.1363067626953,29727090
2024-04-10 10:30:00-04:00,172.1300048828125,173.08999633789062,171.11000061035156,172.47000122070312,11723015
2024-04-10 11:30:00-04:00,172.4600067138672,172.47999572753906,170.86000061035156,171.4149932861328,8092570
2024-04-10 12:30:00-04:00,171.41799926757812,172.0800018310547,170.44000244140625,171.39500427246094,9608981
2024-04-10 13:30:00-04:00,171.3699951171875,171.8000030517578,170.5399932861328,170.8000030517578,7503971
2024-04-10 14:30:00-04:00,170.79010009765625,176.8800048828125,170.00999450683594,171.42869567871094,8486909
2024-04-10 15:30:00-04:00,171.47109985351562,172.14349365234375,170.97000122070312,171.75,6302575
2024-04-11 09:30:00-04:00,172.47000122070312,174.16990661621094,168.50999450683594,169.35000610351562,25670244
2024-04-11 10:30:00-04:00,169.36000061035156,171.08999633789062,169.1199951171875,170.5050048828125,12999339
2024-04-11 11:30:00-04:00,170.51499938964844,172.49000549316406,170.39999389648438,172.0800018310547,11559257
2024-04-11 12:30:00-04:00,172.08999633789062,174.2899932861328,171.8800048828125,173.83999633789062,11448297
2024-04-11 13:30:00-04:00,173.85000610351562,175.19000244140625,173.77999877929688,174.9600067138672,11754921
2024-04-11 14:30:00-04:00,174.97000122070312,175.2899932861328,174.00999450683594,174.92709350585938,10267391
2024-04-11 15:30:00-04:00,174.92999267578125,175.8800048828125,174.52999877929688,174.59500122070312,7293139
2024-04-12 09:30:00-04:00,172.32000732421875,173.80990600585938,171.7071075439453,171.92019653320312,19577662
2024-04-12 10:30:00-04:00,171.9199981689453,172.63999938964844,171.2899932861328,172.4853973388672,9702448
2024-04-12 11:30:00-04:00,172.50999450683594,172.9499969482422,171.42999267578125,171.5605926513672,6703861
2024-04-12 12:30:00-04:00,171.5399932861328,171.8000030517578,170.36439514160156,170.60000610351562,7520044
2024-04-12 13:30:00-04:00,170.58999633789062,171.77999877929688,170.50999450683594,171.3043975830078,6074790
2024-04-12 14:30:00-04:00,171.30889892578125,171.5449981689453,170.6699981689453,171.07000732421875,5055516
2024-04-12 15:30:00-04:00,171.06500244140625,171.39999389648438,170.8300018310547,171.05999755859375,4466963
2024-04-15 09:30:00-04:00,170.2480010986328,170.69000244140625,164.6403045654297,166.06500244140625,29921374
2024-04-15 10:30:00-04:00,166.09750366210938,166.38999938964844,164.39999389648438,166.3000030517578,12788735
2024-04-15 11:30:00-04:00,166.30999755859375,166.94000244140625,164.75,164.77130126953125,9203764
2024-04-15 12:30:00-04:00,164.77000427246094,164.82989501953125,162.89999389648438,162.97000122070312,10776147
2024-04-15 13:30:00-04:00,162.97999572753906,163.4857940673828,162.5,162.5301971435547,8908224
2024-04-15 14:30:00-04:00,162.52999877929688,163.35000610351562,161.61000061035156,161.91079711914062,11282727
2024-04-15 15:30:00-04:00,161.92999267578125,162.52000427246094,161.3800048828125,161.4499969482422,8574824
2024-04-16 09:30:00-04:00,156.74200439453125,157.8000030517578,153.75,155.55999755859375,38351202
2024-04-16 10:30:00-04:00,155.5399932861328,158.19000244140625,154.86000061035156,158.02000427246094,14656370
2024-04-16 11:30:00-04:00,158.0050048828125,158.17990112304688,156.375,156.87989807128906,9228598
2024-04-16 12:30:00-04:00,156.86990356445312,157.99000549316406,156.72999572753906,156.72999572753906,7454988
2024-04-16 13:30:00-04:00,156.8000030517578,157.8300018310547,155.50990295410156,155.83999633789062,10353475
2024-04-16 14:30:00-04:00,155.7949981689453,157.3800048828125,155.69000244140625,157.3300018310547,7243796
2024-04-16 15:30:00-04:00,157.32000732421875,157.67999267578125,156.77999877929688,157.0800018310547,6338233
2024-04-17 09:30:00-04:00,157.6199951171875,157.7100067138672,153.77999877929688,154.86000061035156,24995934
2024-04-17 10:30:00-04:00,154.8699951171875,156.33999633789062,154.13999938964844,155.85000610351562,11793018
2024-04-17 11:30:00-04:00,155.86500549316406,156.61000061035156,155.35000610351562,155.64500427246094,8618435
2024-04-17 12:30:00-04:00,155.6300048828125,157.25999450683594,154.75010681152344,157.16810607910156,9292436
2024-04-17 13:30:00-04:00,157.1699981689453,158.0,156.75100708007812,157.0500030517578,9294652
2024-04-17 14:30:00-04:00,157.06979370117188,158.3300018310547,156.2100067138672,156.24000549316406,9202942
2024-04-17 15:30:00-04:00,156.25999450683594,156.5800018310547,155.3000030517578,155.4250030517578,5633897
2024-04-18 09:30:00-04:00,151.2899932861328,152.10000610351562,148.6999969482422,151.25999450683594,34312166
2024-04-18 10:30:00-04:00,151.27999877929688,152.1999969482422,150.72999572753906,150.8784942626953,12446849
2024-04-18 11:30:00-04:00,150.8542022705078,151.03799438476562,149.77000427246094,150.4813995361328,10636886
2024-04-18 12:30:00-04:00,150.48500061035156,150.9884033203125,149.50999450683594,150.87350463867188,9597411
2024-04-18 13:30:00-04:00,150.88499450683594,150.94000244140625,149.4199981689453,150.50010681152344,9857402
2024-04-18 14:30:00-04:00,150.52000427246094,151.41000366210938,149.9600067138672,150.66909790039062,8198626
2024-04-18 15:30:00-04:00,150.6699981689453,150.97999572753906,149.80999755859375,149.83999633789062,5958315
2024-04-19 09:30:00-04:00,148.94000244140625,150.92999267578125,148.10000610351562,149.52000427246094,26773639
2024-04-19 10:30:00-04:00,149.5,150.77999877929688,148.8300018310547,149.9600067138672,13604575
2024-04-19 11:30:00-04:00,149.9499969482422,150.08999633789062,148.0153045654297,148.18499755859375,9438158
2024-04-19 12:30:00-04:00,148.1699981689453,149.6699981689453,147.80999755859375,148.90499877929688,8880497
2024-04-19 13:30:00-04:00,148.9250030517578,149.3271026611328,147.66000366210938,147.72000122070312,6588926
2024-04-19 14:30:00-04:00,147.6999969482422,147.99000549316406,146.63999938964844,147.21499633789062,9230390
2024-04-19 15:30:00-04:00,147.1999969482422,147.24659729003906,146.22000122070312,147.02000427246094,7819742
2024-04-22 09:30:00-04:00,140.6020050048828,144.44000244140625,138.80250549316406,141.24009704589844,40381924
2024-04-22 10:30:00-04:00,141.24000549316406,147.0500030517578,139.61000061035156,140.1645965576172,17535915
2024-04-22 11:30:00-04:00,140.16000366210938,142.8300018310547,139.9600067138672,142.1342010498047,12884527
2024-04-22 12:30:00-04:00,142.12600708007812,142.72999572753906,141.52999877929688,142.1699981689453,9213473
2024-04-22 13:30:00-04:00,142.14999389648438,143.33999633789062,141.82000732421875,141.89199829101562,8546359
2024-04-22 14:30:00-04:00,141.88160705566406,142.57989501953125,141.4600067138672,142.35000610351562,7400265
2024-04-22 15:30:00-04:00,142.3679962158203,142.4835968017578,141.64999389648438,142.02999877929688,7025584
2024-04-23 09:30:00-04:00,143.2100067138672,145.75999450683594,141.11000061035156,144.75999450683594,28785535
2024-04-23 10:30:00-04:00,144.7550048828125,146.1840057373047,143.9499969482422,145.66000366210938,14803416
2024-04-23 11:30:00-04:00,145.65020751953125,146.89999389648438,144.52000427246094,146.87989807128906,11187740
2024-04-23 12:30:00-04:00,146.86000061035156,147.25,145.32000732421875,145.6999969482422,10735466
2024-04-23 13:30:00-04:00,145.6999969482422,145.72000122070312,145.0,145.41439819335938,8625956
2024-04-23 14:30:00-04:00,145.4250030517578,145.94000244140625,144.47000122070312,145.02999877929688,10945395
2024-04-23 15:30:00-04:00,145.0030059814453,145.1300048828125,144.52000427246094,144.8699951171875,8190649
2024-04-24 09:30:00-04:00,163.01800537109375,167.97000122070312,158.3000030517578,164.58299255371094,73656909
2024-04-24 10:30:00-04:00,164.52999877929688,165.13949584960938,160.75,161.3300018310547,26990022
2024-04-24 11:30:00-04:00,161.36000061035156,163.07530212402344,158.1699981689453,158.6199951171875,20352004
2024-04-24 12:30:00-04:00,158.6199951171875,161.02000427246094,157.50999450683594,160.7899932861328,15304837
2024-04-24 13:30:00-04:00,160.8000030517578,162.17469787597656,160.6999969482422,161.17999267578125,13481414
2024-04-24 14:30:00-04:00,161.19000244140625,162.57000732421875,160.32000732421875,161.88499450683594,13449539
2024-04-24 15:30:00-04:00,161.91000366210938,162.55999755859375,161.52999877929688,162.17999267578125,9810245
2024-04-25 09:30:00-04:00,158.9600067138672,165.78990173339844,158.36000061035156,165.49000549316406,36579401
2024-04-25 10:30:00-04:00,165.49000549316406,166.8800048828125,164.30999755859375,166.4499969482422,19323273
2024-04-25 11:30:00-04:00,166.447998046875,166.53990173339844,163.422607421875,163.65310668945312,11211932
2024-04-25 12:30:00-04:00,163.6800994873047,165.1699981689453,162.75070190429688,164.6342010498047,10399163
2024-04-25 13:30:00-04:00,164.5800018310547,167.1300048828125,164.5399932861328,166.14999389648438,10895509
2024-04-25 14:30:00-04:00,166.14599609375,170.8800048828125,165.75,169.36500549316406,18396779
2024-04-25 15:30:00-04:00,169.3699951171875,170.60000610351562,168.860107421875,170.30999755859375,12422091
2024-04-26 09:30:00-04:00,169.08999633789062,171.25,167.25999450683594,168.40310668945312,32563248
2024-04-26 10:30:00-04:00,168.42999267578125,171.10000610351562,168.27000427246094,170.6699981689453,13774022
2024-04-26 11:30:00-04:00,170.6999969482422,172.1199951171875,170.14010620117188,171.36000061035156,12463856
2024-04-26 12:30:00-04:00,171.3699951171875,172.0290069580078,170.75999450683594,170.9499969482422,9491685
2024-04-26 13:30:00-04:00,170.94000244140625,170.97999572753906,168.07000732421875,168.30999755859375,10796111
2024-04-26 14:30:00-04:00,168.32000732421875,168.47000122070312,166.3699951171875,167.58529663085938,18007587
2024-04-26 15:30:00-04:00,167.56500244140625,168.67999267578125,166.9199981689453,168.2899932861328,8824762
2024-04-29 09:30:00-04:00,186.24000549316406,190.8000030517578,184.5399932861328,185.61000061035156,75090478
2024-04-29 10:30:00-04:00,185.5836944580078,193.11959838867188,184.91000366210938,192.77999877929688,35448701
2024-04-29 11:30:00-04:00,192.77999877929688,198.61410522460938,191.1199951171875,198.5565948486328,43316610
2024-04-29 12:30:00-04:00,198.5596923828125,198.8699951171875,193.30279541015625,195.6300048828125,29737688
2024-04-29 13:30:00-04:00,195.63999938964844,195.66000366210938,192.1199951171875,193.2799072265625,17899208
2024-04-29 14:30:00-04:00,193.25999450683594,194.22999572753906,191.13999938964844,192.35499572753906,19409066
2024-04-29 15:30:00-04:00,192.33999633789062,195.1699981689453,192.0500030517578,194.19500732421875,13849701
2024-04-30 09:30:00-04:00,186.9600067138672,190.9499969482422,186.2899932861328,186.2960968017578,38036813
2024-04-30 10:30:00-04:00,186.306396484375,187.7899932861328,183.75,184.2799072265625,22629619
2024-04-30 11:30:00-04:00,184.2899932861328,185.7100067138672,183.00999450683594,185.40370178222656,17282261
2024-04-30 12:30:00-04:00,185.41009521484375,185.69000244140625,183.7100067138672,184.39999389648438,12882883
2024-04-30 13:30:00-04:00,184.39500427246094,185.89999389648438,184.15029907226562,184.66000366210938,9873548
2024-04-30 14:30:00-04:00,184.7050018310547,185.66000366210938,182.84010314941406,183.7050018310547,11346782
2024-04-30 15:30:00-04:00,183.6999969482422,184.8699951171875,183.22000122070312,183.3800048828125,8750890
2024-05-01 09:30:00-04:00,182.1999969482422,184.0500030517578,179.5601043701172,180.44500732421875,24060160
2024-05-01 10:30:00-04:00,180.49989318847656,182.22000122070312,179.00999450683594,180.4971923828125,14258516
2024-05-01 11:30:00-04:00,180.5,181.6300048828125,179.36000061035156,181.36619567871094,8530836
2024-05-01 12:30:00-04:00,181.27999877929688,182.8800048828125,179.82640075683594,180.00990295410156,7751209
2024-05-01 13:30:00-04:00,179.99850463867188,182.47999572753906,179.86000061035156,182.3000030517578,8332309
2024-05-01 14:30:00-04:00,182.3300018310547,185.86000061035156,180.75,183.7949981689453,15837148
2024-05-01 15:30:00-04:00,183.7949981689453,183.82000732421875,179.97999572753906,179.9949951171875,9553174
2024-05-02 09:30:00-04:00,182.86000061035156,184.60000610351562,176.02000427246094,177.92999267578125,27836617
2024-05-02 10:30:00-04:00,177.94000244140625,179.9541015625,177.2100067138672,179.9541015625,16222527
2024-05-02 11:30:00-04:00,179.95989990234375,180.44000244140625,178.61000061035156,179.7550048828125,11229712
2024-05-02 12:30:00-04:00,179.7480010986328,180.55999755859375,178.41000366210938,180.39500427246094,8898382
2024-05-02 13:30:00-04:00,180.39500427246094,181.22500610351562,179.58099365234375,180.8300018310547,7564950
2024-05-02 14:30:00-04:00,180.86900329589844,181.74989318847656,180.46009826660156,180.8885040283203,8114150
2024-05-02 15:30:00-04:00,180.8699951171875,181.30990600585938,179.79010009765625,180.02000427246094,5993646
2024-05-03 09:30:00-04:00,181.8300018310547,184.77999877929688,180.60000610351562,181.03990173339844,24000754
2024-05-03 10:30:00-04:00,181.02000427246094,181.38999938964844,178.5399932861328,179.60809326171875,13896005
2024-05-03 11:30:00-04:00,179.61000061035156,180.8800048828125,179.50999450683594,179.96009826660156,9146702
2024-05-03 12:30:00-04:00,179.9499969482422,181.4492950439453,179.75999450683594,181.3300018310547,7057860
2024-05-03 13:30:00-04:00,181.38999938964844,181.8300018310547,180.6199951171875,181.5,6323332
2024-05-03 14:30:00-04:00,181.47999572753906,182.02000427246094,180.75,181.4199981689453,6843926
2024-05-03 15:30:00-04:00,181.39999389648438,181.63999938964844,180.86099243164062,181.24000549316406,4485453
2024-05-06 09:30:00-04:00,183.802001953125,187.55999755859375,183.32850646972656,184.43499755859375,26129893
2024-05-06 10:30:00-04:00,184.05499267578125,185.44000244140625,181.19000244140625,183.16990661621094,16246957
2024-05-06 11:30:00-04:00,183.22500610351562,183.7386932373047,182.1999969482422,182.8300018310547,9098173
2024-05-06 12:30:00-04:00,182.83949279785156,184.5800018310547,182.60000610351562,184.52999877929688,9805159
2024-05-06 13:30:00-04:00,184.52000427246094,185.39999389648438,184.16000366210938,185.33770751953125,7954680
2024-05-06 14:30:00-04:00,185.32000732421875,185.37899780273438,183.5500030517578,183.63999938964844,6685422
2024-05-06 15:30:00-04:00,183.61000061035156,184.88999938964844,183.51010131835938,184.88999938964844,4971914
2024-05-07 09:30:00-04:00,182.4199981689453,183.25,178.16000366210938,179.1649932861328,24290368
2024-05-07 10:30:00-04:00,179.1688995361328,180.6199951171875,178.32000732421875,179.50990295410156,10508670
2024-05-07 11:30:00-04:00,179.47000122070312,180.08999633789062,178.89999389648438,179.69500732421875,10428024
2024-05-07 12:30:00-04:00,179.70799255371094,179.9398956298828,178.55999755859375,179.39999389648438,6974535
2024-05-07 13:30:00-04:00,179.41000366210938,179.5800018310547,177.6199951171875,178.13999938964844,7226245
2024-05-07 14:30:00-04:00,178.11000061035156,178.39999389648438,177.39999389648438,178.14239501953125,7078075
2024-05-07 15:30:00-04:00,178.14990234375,178.40989685058594,177.6300048828125,177.80999755859375,4567128
2024-05-08 09:30:00-04:00,171.5019989013672,174.30999755859375,170.14999389648438,174.09010314941406,30845527
2024-05-08 10:30:00-04:00,174.09019470214844,175.69000244140625,173.8800048828125,174.97120666503906,13431105
2024-05-08 11:30:00-04:00,174.97999572753906,176.05990600585938,174.14999389648438,174.27999877929688,10218208
2024-05-08 12:30:00-04:00,174.2899932861328,174.94000244140625,173.8699951171875,174.4783935546875,6355748
2024-05-08 13:30:00-04:00,174.4499969482422,175.0800018310547,174.28050231933594,174.91200256347656,5430277
2024-05-08 14:30:00-04:00,174.93350219726562,174.97000122070312,174.05409240722656,174.7301025390625,4772692
2024-05-08 15:30:00-04:00,174.71499633789062,174.9600067138672,174.22000122070312,174.77999877929688,4742302
2024-05-09 09:30:00-04:00,175.0,175.6199951171875,173.14999389648438,173.5345001220703,17247258
2024-05-09 10:30:00-04:00,173.55999755859375,174.64810180664062,172.25999450683594,172.5,11752556
2024-05-09 11:30:00-04:00,172.5247039794922,173.3800048828125,172.00999450683594,173.05419921875,9410537
2024-05-09 12:30:00-04:00,173.04989624023438,173.4499969482422,172.5399932861328,173.15989685058594,5967441
2024-05-09 13:30:00-04:00,173.14999389648438,173.14999389648438,172.0800018310547,172.32200622558594,5910272
2024-05-09 14:30:00-04:00,172.30999755859375,172.42999267578125,171.54049682617188,171.77999877929688,7036495
2024-05-09 15:30:00-04:00,171.75999450683594,172.22999572753906,171.3800048828125,171.9600067138672,4831694
2024-05-10 09:30:00-04:00,173.00999450683594,173.05990600585938,169.11000061035156,169.22999572753906,22622907
2024-05-10 10:30:00-04:00,169.22999572753906,169.61000061035156,167.86000061035156,169.15249633789062,15377578
2024-05-10 11:30:00-04:00,169.1614990234375,169.25999450683594,167.75,168.4199981689453,10154465
2024-05-10 12:30:00-04:00,168.4199981689453,169.0800018310547,168.2100067138672,168.6199951171875,5604634
2024-05-10 13:30:00-04:00,168.63600158691406,169.04989624023438,167.77650451660156,168.5500030517578,5919526
2024-05-10 14:30:00-04:00,168.55380249023438,169.1999969482422,168.3300018310547,169.1540069580078,4962462
2024-05-10 15:30:00-04:00,169.16000366210938,169.30999755859375,168.44000244140625,168.4600067138672,4785931
2024-05-13 09:30:00-04:00,170.00999450683594,175.39999389648438,169.02999877929688,174.4801025390625,24931464
2024-05-13 10:30:00-04:00,174.48890686035156,174.72999572753906,172.36000061035156,172.4499969482422,11007307
2024-05-13 11:30:00-04:00,172.42999267578125,173.07000732421875,171.4600067138672,171.8699951171875,8172218
2024-05-13 12:30:00-04:00,171.88999938964844,172.0583038330078,170.83059692382812,171.58999633789062,6163019
2024-05-13 13:30:00-04:00,171.5800018310547,172.1699981689453,170.94000244140625,172.11000061035156,4994879
2024-05-13 14:30:00-04:00,172.10069274902344,172.39999389648438,171.72999572753906,171.8699951171875,4964265
2024-05-13 15:30:00-04:00,171.86990356445312,172.1999969482422,171.6300048828125,171.9199981689453,3675533
2024-05-14 09:30:00-04:00,175.61000061035156,177.86000061035156,174.42050170898438,176.10989379882812,27073084
2024-05-14 10:30:00-04:00,176.11000061035156,179.49000549316406,175.11000061035156,178.92999267578125,18137215
2024-05-14 11:30:00-04:00,178.92190551757812,179.0399932861328,176.83200073242188,177.02000427246094,9869506
2024-05-14 12:30:00-04:00,177.02999877929688,177.66990661621094,175.75999450683594,176.25,8365875
2024-05-14 13:30:00-04:00,176.23089599609375,176.99000549316406,175.9199981689453,176.5924072265625,7387378
2024-05-14 14:30:00-04:00,176.5800018310547,177.82000732421875,176.35000610351562,177.60000610351562,6955918
2024-05-14 15:30:00-04:00,177.58999633789062,178.0,177.28500366210938,177.61000061035156,5287905
2024-05-15 09:30:00-04:00,179.9929962158203,180.0,173.1999969482422,173.2100067138672,32366070
2024-05-15 10:30:00-04:00,173.27999877929688,175.1199951171875,173.11000061035156,174.84010314941406,12987751
2024-05-15 11:30:00-04:00,174.86000061035156,175.42909240722656,174.16000366210938,174.89999389648438,7988120
2024-05-15 12:30:00-04:00,174.90989685058594,175.47999572753906,174.85000610351562,175.30990600585938,6262411
2024-05-15 13:30:00-04:00,175.2899932861328,175.60000610351562,174.39999389648438,174.72500610351562,5688111
2024-05-15 14:30:00-04:00,174.74000549316406,175.07000732421875,174.55999755859375,174.63600158691406,4273147
2024-05-15 15:30:00-04:00,174.6300048828125,174.77999877929688,173.75999450683594,174.08990478515625,5311126
2024-05-16 09:30:00-04:00,174.1199951171875,174.27999877929688,171.42999267578125,174.21389770507812,19791967
2024-05-16 10:30:00-04:00,174.22500610351562,175.7899932861328,174.22500610351562,174.36099243164062,12541396
2024-05-16 11:30:00-04:00,174.3699951171875,175.41830444335938,173.8800048828125,175.3249969482422,7114996
2024-05-16 12:30:00-04:00,175.31019592285156,175.37989807128906,174.11000061035156,174.2747039794922,5141734
2024-05-16 13:30:00-04:00,174.27499389648438,174.5800018310547,173.96009826660156,174.39990234375,4447139
2024-05-16 14:30:00-04:00,174.38999938964844,175.22000122070312,174.3300018310547,174.9600067138672,4285482
2024-05-16 15:30:00-04:00,174.9499969482422,175.2100067138672,174.58999633789062,174.86000061035156,3827266
2024-05-17 09:30:00-04:00,173.75,175.89999389648438,172.75,175.79469299316406,15893921
2024-05-17 10:30:00-04:00,175.7899932861328,178.4550018310547,175.7899932861328,177.87440490722656,18257580
2024-05-17 11:30:00-04:00,177.79879760742188,179.45730590820312,177.51519775390625,179.2550048828125,13519731
2024-05-17 12:30:00-04:00,179.25,179.6300048828125,177.1199951171875,177.22000122070312,8607406
2024-05-17 13:30:00-04:00,177.22999572753906,177.69000244140625,176.0,176.17010498046875,7511839
2024-05-17 14:30:00-04:00,176.18499755859375,177.35069274902344,176.13999938964844,177.12010192871094,6191770
2024-05-17 15:30:00-04:00,177.11000061035156,177.64999389648438,176.92999267578125,177.57000732421875,4355541
2024-05-20 09:30:00-04:00,177.55999755859375,177.75399780273438,173.82020568847656,174.74000549316406,22238476
2024-05-20 10:30:00-04:00,174.72500610351562,175.75,174.06190490722656,174.3582000732422,9889840
2024-05-20 11:30:00-04:00,174.3300018310547,174.88900756835938,173.60000610351562,174.08999633789062,7828000
2024-05-20 12:30:00-04:00,174.0802001953125,175.25,173.8800048828125,174.24949645996094,5824040
2024-05-20 13:30:00-04:00,174.25,174.5800018310547,173.52000427246094,174.26390075683594,5243885
2024-05-20 14:30:00-04:00,174.2698974609375,174.92999267578125,174.16009521484375,174.9084014892578,4155814
2024-05-20 15:30:00-04:00,174.89999389648438,175.02000427246094,174.47000122070312,174.97000122070312,4001966
2024-05-21 09:30:00-04:00,175.49000549316406,179.69000244140625,174.74000549316406,178.1300048828125,25305450
2024-05-21 10:30:00-04:00,178.13999938964844,179.1999969482422,177.7707061767578,178.89599609375,10499161
2024-05-21 11:30:00-04:00,178.88999938964844,182.16000366210938,178.13009643554688,181.85000610351562,15054308
2024-05-21 12:30:00-04:00,181.86000061035156,182.1999969482422,180.5500030517578,181.64999389648438,10506818
2024-05-21 13:30:00-04:00,181.63999938964844,185.52000427246094,181.57000732421875,184.41000366210938,19257623
2024-05-21 14:30:00-04:00,184.41000366210938,186.5500030517578,184.3699951171875,184.76829528808594,17891554
2024-05-21 15:30:00-04:00,184.7698974609375,186.875,184.63999938964844,186.69000244140625,10595135
2024-05-22 09:30:00-04:00,182.8000030517578,183.8000030517578,180.39999389648438,181.11000061035156,28409000
2024-05-22 10:30:00-04:00,181.11199951171875,182.1999969482422,180.38099670410156,180.47500610351562,13024837
2024-05-22 11:30:00-04:00,180.47000122070312,181.10000610351562,180.25999450683594,180.8300018310547,9843889
2024-05-22 12:30:00-04:00,180.83990478515625,180.89999389648438,179.5500030517578,179.66969299316406,8797078
2024-05-22 13:30:00-04:00,179.6699981689453,179.98829650878906,178.13999938964844,178.1898956298828,9000171
2024-05-22 14:30:00-04:00,178.1699981689453,179.74989318847656,178.1199951171875,179.61000061035156,6866229
2024-05-22 15:30:00-04:00,179.61000061035156,180.2100067138672,178.89010620117188,180.1959991455078,5318433
2024-05-23 09:30:00-04:00,181.8699951171875,181.89999389648438,175.91000366210938,176.64999389648438,23590223
2024-05-23 10:30:00-04:00,176.6580047607422,176.91990661621094,175.14999389648438,176.50010681152344,11191091
2024-05-23 11:30:00-04:00,176.50999450683594,177.88999938964844,176.47500610351562,177.75,6365449
2024-05-23 12:30:00-04:00,177.75840759277344,177.89999389648438,176.3699951171875,177.02000427246094,5905273
2024-05-23 13:30:00-04:00,177.02000427246094,177.10000610351562,173.4600067138672,173.5399932861328,9540047
2024-05-23 14:30:00-04:00,173.52999877929688,174.06919860839844,173.25999450683594,173.7209930419922,6050446
2024-05-23 15:30:00-04:00,173.72860717773438,174.30499267578125,173.5399932861328,173.74000549316406,4874167
2024-05-24 09:30:00-04:00,174.80999755859375,177.97999572753906,173.72999572753906,177.8199005126953,19174737
2024-05-24 10:30:00-04:00,177.8699951171875,179.5,177.0,178.49000549316406,13179281
2024-05-24 11:30:00-04:00,178.47030639648438,178.94000244140625,177.7899932861328,178.80999755859375,7119451
2024-05-24 12:30:00-04:00,178.81959533691406,179.35000610351562,178.52000427246094,179.0500946044922,6496071
2024-05-24 13:30:00-04:00,179.05999755859375,179.9199981689453,178.92999267578125,179.8000030517578,6363772
2024-05-24 14:30:00-04:00,179.7899932861328,179.89999389648438,178.83999633789062,179.52000427246094,5147493
2024-05-24 15:30:00-04:00,179.52999877929688,180.07980346679688,178.97000122070312,179.33999633789062,4545287
2024-05-28 09:30:00-04:00,176.30099487304688,176.3300018310547,173.16000366210938,175.55999755859375,22387730
2024-05-28 10:30:00-04:00,175.55999755859375,176.5399932861328,174.7100067138672,176.08999633789062,8415391
2024-05-28 11:30:00-04:00,176.11000061035156,178.24989318847656,175.85000610351562,177.3000030517578,7786665
2024-05-28 12:30:00-04:00,177.27999877929688,177.2949981689453,175.7100067138672,176.0247039794922,4746570
2024-05-28 13:30:00-04:00,176.02999877929688,176.6699981689453,175.22000122070312,175.34500122070312,4456972
2024-05-28 14:30:00-04:00,175.3300018310547,176.4398956298828,174.82000732421875,176.3011932373047,5367771
2024-05-28 15:30:00-04:00,176.3000030517578,176.8800048828125,176.07000732421875,176.74000549316406,3588710
2024-05-29 09:30:00-04:00,174.1199951171875,178.14999389648438,174.01499938964844,175.5041961669922,16877980
2024-05-29 10:30:00-04:00,175.52000427246094,176.3000030517578,174.8000030517578,175.21400451660156,7541709
2024-05-29 11:30:00-04:00,175.2050018310547,176.47999572753906,174.8101043701172,176.10690307617188,6482306
2024-05-29 12:30:00-04:00,176.08380126953125,177.55999755859375,176.05799865722656,176.8300018310547,7077148
2024-05-29 13:30:00-04:00,176.80499267578125,177.25,176.2100067138672,176.44000244140625,4445038
2024-05-29 14:30:00-04:00,176.41000366210938,177.8249969482422,176.30999755859375,177.625,4985519
2024-05-29 15:30:00-04:00,177.55540466308594,178.00999450683594,176.0500030517578,176.2100067138672,4496951
2024-05-30 09:30:00-04:00,178.60000610351562,182.6699981689453,177.22000122070312,181.06480407714844,26180175
2024-05-30 10:30:00-04:00,181.0,181.42999267578125,175.3834991455078,176.70010375976562,16795965
2024-05-30 11:30:00-04:00,176.7198944091797,177.51499938964844,176.0500030517578,176.8699951171875,6310480
2024-05-30 12:30:00-04:00,176.88009643554688,178.5800018310547,176.41000366210938,178.38999938964844,6231529
2024-05-30 13:30:00-04:00,178.38999938964844,179.9499969482422,178.2899932861328,179.51589965820312,8086079
2024-05-30 14:30:00-04:00,179.52499389648438,180.28500366210938,178.625,178.94000244140625,6621663
2024-05-30 15:30:00-04:00,178.9250030517578,179.17999267578125,177.52000427246094,178.8300018310547,4255283
2024-05-31 09:30:00-04:00,178.4199981689453,180.32000732421875,176.8583984375,177.5399932861328,18274811
2024-05-31 10:30:00-04:00,177.47999572753906,177.48989868164062,175.1199951171875,175.4499969482422,9980867
2024-05-31 11:30:00-04:00,175.4698944091797,175.6999969482422,173.82009887695312,174.81350708007812,7993642
2024-05-31 12:30:00-04:00,174.8000030517578,176.0500030517578,174.60009765625,175.94000244140625,5493957
2024-05-31 13:30:00-04:00,175.95880126953125,176.33999633789062,175.52000427246094,175.6699981689453,4178140
2024-05-31 14:30:00-04:00,175.6656951904297,176.27999877929688,175.3800048828125,175.69000244140625,4355551
2024-05-31 15:30:00-04:00,175.6699981689453,178.27000427246094,175.55999755859375,178.05999755859375,6579300
2024-06-03 09:30:00-04:00,178.35000610351562,182.63890075683594,177.25,180.4149932861328,23619345
2024-06-03 10:30:00-04:00,180.42999267578125,180.63999938964844,178.1300048828125,179.0500030517578,9383241
2024-06-03 11:30:00-04:00,179.05999755859375,179.92999267578125,176.2899932861328,176.35000610351562,8866013
2024-06-03 12:30:00-04:00,176.33999633789062,176.61000061035156,174.49000549316406,175.79139709472656,9076381
2024-06-03 13:30:00-04:00,175.7899932861328,176.8300018310547,175.57009887695312,176.38600158691406,6348837
2024-06-03 14:30:00-04:00,176.38999938964844,176.80810546875,175.74000549316406,176.57400512695312,4831062
2024-06-03 15:30:00-04:00,176.60000610351562,176.64999389648438,175.56100463867188,176.3800048828125,3717740
2024-06-04 09:30:00-04:00,174.77499389648438,177.0800018310547,174.00999450683594,174.97000122070312,21893898
2024-06-04 10:30:00-04:00,174.9176025390625,176.41000366210938,174.66580200195312,176.05999755859375,9400785
2024-06-04 11:30:00-04:00,176.05999755859375,176.3300018310547,174.69009399414062,175.64999389648438,5713011
2024-06-04 12:30:00-04:00,175.6949005126953,175.97000122070312,175.00999450683594,175.66050720214844,3926127
2024-06-04 13:30:00-04:00,175.7100067138672,176.85000610351562,175.1501007080078,176.80999755859375,4339850
2024-06-04 14:30:00-04:00,176.8300018310547,177.7550048828125,175.5500030517578,175.74000549316406,7684661
2024-06-04 15:30:00-04:00,175.72000122070312,175.77999877929688,174.7100067138672,174.72000122070312,4660211
2024-06-05 09:30:00-04:00,175.27999877929688,175.30999755859375,172.1300048828125,173.9300994873047,20028018
2024-06-05 10:30:00-04:00,173.9499969482422,175.19769287109375,173.6699981689453,175.09010314941406,9141849
2024-06-05 11:30:00-04:00,175.1042938232422,175.99000549316406,175.0699005126953,175.5312957763672,7481746
2024-06-05 12:30:00-04:00,175.5500030517578,176.14990234375,175.1800994873047,175.5500030517578,4811381
2024-06-05 13:30:00-04:00,175.5500030517578,175.6199951171875,174.60000610351562,174.9001007080078,4620664
2024-06-05 14:30:00-04:00,174.89999389648438,175.49000549316406,174.5800018310547,174.70179748535156,4314752
2024-06-05 15:30:00-04:00,174.72000122070312,175.22000122070312,174.52000427246094,174.9600067138672,3624987
2024-06-06 09:30:00-04:00,174.4199981689453,176.9199981689453,172.72999572753906,173.77999877929688,18902092
2024-06-06 10:30:00-04:00,173.77999877929688,174.66940307617188,173.35000610351562,174.4398956298828,7315477
2024-06-06 11:30:00-04:00,174.42999267578125,175.97999572753906,174.35000610351562,175.89999389648438,6857842
2024-06-06 12:30:00-04:00,175.90989685058594,178.23500061035156,175.7899932861328,177.99009704589844,11637453
2024-06-06 13:30:00-04:00,178.01809692382812,179.72999572753906,177.9199981689453,178.2899932861328,10403777
2024-06-06 14:30:00-04:00,178.30189514160156,178.64999389648438,177.6300048828125,178.58999633789062,5898321
2024-06-06 15:30:00-04:00,178.57000732421875,179.08619689941406,177.82000732421875,177.94000244140625,5846036
2024-06-07 09:30:00-04:00,176.14999389648438,179.13999938964844,175.94000244140625,178.389892578125,17602305
2024-06-07 10:30:00-04:00,178.35009765625,179.35000610351562,177.5800018310547,178.33999633789062,9481418
2024-06-07 11:30:00-04:00,178.33999633789062,178.86000061035156,178.0500946044922,178.4582061767578,5874835
2024-06-07 12:30:00-04:00,178.4600067138672,178.69000244140625,177.07000732421875,177.49000549316406,5697717
2024-06-07 13:30:00-04:00,177.5,177.7698974609375,175.5800018310547,176.25,5976517
2024-06-07 14:30:00-04:00,176.24099731445312,177.38999938964844,176.1300048828125,177.3300018310547,4637943
2024-06-07 15:30:00-04:00,177.32000732421875,177.74000549316406,176.75,177.39999389648438,3960904
2024-06-10 09:30:00-04:00,176.05999755859375,178.57000732421875,175.62069702148438,176.752197265625,14101822
2024-06-10 10:30:00-04:00,176.75999450683594,176.88499450683594,175.29010009765625,175.94500732421875,7841860
2024-06-10 11:30:00-04:00,175.97999572753906,176.24000549316406,175.3000030517578,175.75999450683594,4879958
2024-06-10 12:30:00-04:00,175.77999877929688,176.08399963378906,174.35000610351562,174.86000061035156,5389855
2024-06-10 13:30:00-04:00,174.86500549316406,174.89999389648438,173.42999267578125,173.72999572753906,5312827
2024-06-10 14:30:00-04:00,173.72000122070312,175.00990295410156,173.1699981689453,175.0,5475787
2024-06-10 15:30:00-04:00,174.94000244140625,174.9499969482422,173.52000427246094,173.7899932861328,3939643
2024-06-11 09:30:00-04:00,173.9199981689453,174.75,167.6999969482422,169.7550048828125,21259041
2024-06-11 10:30:00-04:00,169.74000549316406,170.1699981689453,168.27000427246094,168.4123992919922,9834691
2024-06-11 11:30:00-04:00,168.41000366210938,169.1199951171875,167.4199981689453,167.84500122070312,8017373
2024-06-11 12:30:00-04:00,167.84640502929688,169.09629821777344,167.50999450683594,168.67999267578125,6208819
2024-06-11 13:30:00-04:00,168.67269897460938,170.16000366210938,168.67269897460938,170.02999877929688,5546817
2024-06-11 14:30:00-04:00,170.00999450683594,170.22999572753906,169.1300048828125,169.67840576171875,5815826
2024-06-11 15:30:00-04:00,169.67999267578125,170.72999572753906,169.24000549316406,170.5800018310547,4763283
2024-06-12 09:30:00-04:00,171.25,175.9199981689453,169.8000030517578,175.88999938964844,23229510
2024-06-12 10:30:00-04:00,175.86000061035156,178.44000244140625,175.66099548339844,178.41000366210938,15551335
2024-06-12 11:30:00-04:00,178.4199981689453,180.27000427246094,177.75999450683594,178.92999267578125,13951085
2024-06-12 12:30:00-04:00,178.94000244140625,179.82899475097656,178.52000427246094,178.9600067138672,6682099
2024-06-12 13:30:00-04:00,178.9499969482422,180.5500030517578,177.64999389648438,180.3300018310547,8775301
2024-06-12 14:30:00-04:00,180.30999755859375,180.47000122070312,178.0500030517578,178.05499267578125,9908220
2024-06-12 15:30:00-04:00,178.05999755859375,178.48980712890625,176.9600067138672,177.19000244140625,7244082
2024-06-13 09:30:00-04:00,188.42799377441406,191.0500030517578,183.47999572753906,185.05999755859375,51500769
2024-06-13 10:30:00-04:00,185.0500030517578,185.16000366210938,181.94009399414062,183.8699951171875,18846663
2024-06-13 11:30:00-04:00,183.86500549316406,185.5800018310547,183.35000610351562,184.4600067138672,11107560
2024-06-13 12:30:00-04:00,184.4600067138672,185.14999389648438,182.8000030517578,183.74989318847656,8039080
2024-06-13 13:30:00-04:00,183.72109985351562,184.86990356445312,183.64999389648438,184.46749877929688,6522802
2024-06-13 14:30:00-04:00,184.4499969482422,184.85000610351562,182.5500030517578,182.55999755859375,6789247
2024-06-13 15:30:00-04:00,182.5800018310547,183.0,181.27999877929688,182.56019592285156,7950205
2024-06-14 09:30:00-04:00,185.76499938964844,186.0,178.22000122070312,179.20989990234375,30806798
2024-06-14 10:30:00-04:00,179.2299041748047,179.82000732421875,178.52000427246094,179.1699981689453,12639953
2024-06-14 11:30:00-04:00,179.17930603027344,179.42999267578125,176.9199981689453,178.85000610351562,10135975
2024-06-14 12:30:00-04:00,178.83999633789062,179.72000122070312,178.5,179.16000366210938,6472900
2024-06-14 13:30:00-04:00,179.1649932861328,179.4199981689453,177.5500030517578,177.92999267578125,6048331
2024-06-14 14:30:00-04:00,177.94000244140625,178.75,177.5800018310547,178.63999938964844,6783180
2024-06-14 15:30:00-04:00,178.6300048828125,178.65989685058594,177.77999877929688,177.96499633789062,5476629
2024-06-17 09:30:00-04:00,177.9499969482422,182.2899932861328,177.0,181.96719360351562,23372206
2024-06-17 10:30:00-04:00,181.97000122070312,186.6300048828125,181.91000366210938,185.5800018310547,24402195
2024-06-17 11:30:00-04:00,185.5850067138672,187.15870666503906,185.25999450683594,186.16769409179688,12213924
2024-06-17 12:30:00-04:00,186.17999267578125,187.27999877929688,184.4499969482422,187.139892578125,10756746
2024-06-17 13:30:00-04:00,187.1300048828125,188.80999755859375,186.6699981689453,187.10000610351562,12094372
2024-06-17 14:30:00-04:00,187.11000061035156,188.5500030517578,186.25,188.4199981689453,10743366
2024-06-17 15:30:00-04:00,188.4199981689453,188.75,187.3000030517578,187.52000427246094,9455818
2024-06-18 09:30:00-04:00,186.59500122070312,187.1999969482422,183.22999572753906,183.4739990234375,25001940
2024-06-18 10:30:00-04:00,183.47999572753906,184.1199951171875,182.375,183.27000427246094,13345347
2024-06-18 11:30:00-04:00,183.27000427246094,184.89999389648438,182.89999389648438,184.6699981689453,7204863
2024-06-18 12:30:00-04:00,184.66000366210938,185.1999969482422,183.63999938964844,184.66720581054688,6152211
2024-06-18 13:30:00-04:00,184.6676025390625,185.35000610351562,183.83599853515625,185.0399932861328,5674766
2024-06-18 14:30:00-04:00,185.0399932861328,185.08999633789062,184.38999938964844,184.42990112304688,4365979
2024-06-18 15:30:00-04:00,184.39999389648438,185.10000610351562,184.1699981689453,184.88099670410156,3519355
2024-06-20 09:30:00-04:00,184.67999267578125,185.2100067138672,180.72000122070312,182.46319580078125,18894354
2024-06-20 10:30:00-04:00,182.44000244140625,184.1999969482422,182.0,182.79989624023438,8206286
2024-06-20 11:30:00-04:00,182.77999877929688,183.44000244140625,181.7100067138672,181.72500610351562,4934812
2024-06-20 12:30:00-04:00,181.7104949951172,181.89999389648438,180.08999633789062,180.19000244140625,6283227
2024-06-20 13:30:00-04:00,180.1999053955078,181.33470153808594,179.6699981689453,181.14999389648438,5274417
2024-06-20 14:30:00-04:00,181.13999938964844,181.35000610351562,180.1300048828125,181.08839416503906,4327111
2024-06-20 15:30:00-04:00,181.08999633789062,181.97000122070312,180.75,181.52000427246094,3772053
2024-06-21 09:30:00-04:00,181.8300018310547,183.9188995361328,180.69000244140625,181.7449951171875,20397613
2024-06-21 10:30:00-04:00,181.74000549316406,183.9499969482422,181.5,182.2100067138672,9540191
2024-06-21 11:30:00-04:00,182.2100067138672,182.8699951171875,181.71229553222656,182.6365966796875,4445180
2024-06-21 12:30:00-04:00,182.6300048828125,183.08999633789062,181.3300018310547,181.47000122070312,4092050
2024-06-21 13:30:00-04:00,181.43499755859375,182.1199951171875,181.0399932861328,182.00360107421875,4071579
2024-06-21 14:30:00-04:00,181.99000549316406,182.08999633789062,181.27000427246094,181.94500732421875,3733610
2024-06-21 15:30:00-04:00,181.9600067138672,183.6199951171875,181.5749969482422,183.0399932861328,6256377
2024-06-24 09:30:00-04:00,185.610107421875,188.3800048828125,183.74000549316406,183.97000122070312,25449582
2024-06-24 10:30:00-04:00,183.9600067138672,185.60000610351562,182.60000610351562,184.7899932861328,10961865
2024-06-24 11:30:00-04:00,184.7700958251953,185.5399932861328,184.55999755859375,185.27499389648438,4512822
2024-06-24 12:30:00-04:00,185.25999450683594,185.35000610351562,183.360107421875,183.4949951171875,4500454
2024-06-24 13:30:00-04:00,183.5,183.99000549316406,182.9300994873047,183.33990478515625,4245320
2024-06-24 14:30:00-04:00,183.33999633789062,184.3800048828125,183.1999969482422,184.2949981689453,4537312
2024-06-24 15:30:00-04:00,184.3000030517578,184.35000610351562,182.5500030517578,182.65780639648438,4395552
2024-06-25 09:30:00-04:00,184.1999969482422,187.00999450683594,182.00999450683594,186.11000061035156,19831866
2024-06-25 10:30:00-04:00,186.11839294433594,186.83999633789062,184.89999389648438,185.9600067138672,8823107
2024-06-25 11:30:00-04:00,185.97000122070312,187.97000122070312,185.72999572753906,185.96929931640625,9033918
2024-06-25 12:30:00-04:00,185.94500732421875,186.36000061035156,184.80999755859375,185.47999572753906,5641166
2024-06-25 13:30:00-04:00,185.4846954345703,186.82330322265625,184.69009399414062,186.82330322265625,5372795
2024-06-25 14:30:00-04:00,186.8179931640625,187.74000549316406,186.3300018310547,187.57000732421875,5685173
2024-06-25 15:30:00-04:00,187.5,187.72000122070312,186.6800994873047,187.42999267578125,3980354
2024-06-26 09:30:00-04:00,186.4199981689453,194.19000244140625,186.36000061035156,192.1750030517578,30500888
2024-06-26 10:30:00-04:00,192.14999389648438,193.66000366210938,191.6999969482422,193.08639526367188,11006490
2024-06-26 11:30:00-04:00,193.07000732421875,195.5,192.69000244140625,194.5299072265625,12639066
2024-06-26 12:30:00-04:00,194.51809692382812,195.17999267578125,192.94000244140625,194.9199981689453,7771004
2024-06-26 13:30:00-04:00,194.9199981689453,196.1999969482422,194.25999450683594,196.0449981689453,9763100
2024-06-26 14:30:00-04:00,196.0449981689453,196.9499969482422,195.44479370117188,196.63499450683594,9687429
2024-06-26 15:30:00-04:00,196.6300048828125,197.7550048828125,196.2899932861328,196.39999389648438,9259075
2024-06-27 09:30:00-04:00,195.2100067138672,198.7050018310547,194.1199951171875,196.80999755859375,27604291
2024-06-27 10:30:00-04:00,196.79010009765625,197.0500030517578,194.7100067138672,194.8209991455078,11679105
2024-06-27 11:30:00-04:00,194.8300018310547,196.44000244140625,194.1999969482422,196.0500946044922,7681449
2024-06-27 12:30:00-04:00,196.0500030517578,196.8800048828125,195.82000732421875,196.71800231933594,5580593
2024-06-27 13:30:00-04:00,196.72999572753906,197.11000061035156,195.16000366210938,195.85499572753906,5164761
2024-06-27 14:30:00-04:00,195.8114013671875,197.0,195.64999389648438,196.89999389648438,4884754
2024-06-27 15:30:00-04:00,196.8800048828125,197.99000549316406,196.81170654296875,197.39999389648438,6425266
2024-06-28 09:30:00-04:00,199.63999938964844,202.97999572753906,198.5800018310547,200.4199981689453,31663590
2024-06-28 10:30:00-04:00,200.39999389648438,203.1999969482422,200.36000061035156,200.8686981201172,13738003
2024-06-28 11:30:00-04:00,200.84500122070312,201.35000610351562,197.1300048828125,197.5688018798828,13376268
2024-06-28 12:30:00-04:00,197.5500030517578,197.74000549316406,195.3699951171875,196.83999633789062,9751737
2024-06-28 13:30:00-04:00,196.86500549316406,197.5800018310547,196.3800048828125,196.7740020751953,5035823
2024-06-28 14:30:00-04:00,196.77999877929688,196.94000244140625,195.82009887695312,196.1020050048828,5588993
2024-06-28 15:30:00-04:00,196.11199951171875,198.08999633789062,195.25999450683594,198.0,7806119
2024-07-01 09:30:00-04:00,201.0279998779297,210.0,200.85000610351562,209.8000030517578,43334831
2024-07-01 10:30:00-04:00,209.77000427246094,211.5500030517578,207.64999389648438,210.36000061035156,23544553
2024-07-01 11:30:00-04:00,210.36000061035156,211.3394012451172,209.27000427246094,210.22999572753906,12999734
2024-07-01 12:30:00-04:00,210.22000122070312,210.85000610351562,208.97999572753906,209.7834014892578,9330148
2024-07-01 13:30:00-04:00,209.77000427246094,213.22999572753906,208.97000122070312,212.17990112304688,15262650
2024-07-01 14:30:00-04:00,212.1699981689453,212.8699951171875,209.60000610351562,210.6280059814453,14670883
2024-07-01 15:30:00-04:00,210.6107940673828,212.0489959716797,209.32000732421875,209.860107421875,11024848
2024-07-02 09:30:00-04:00,218.87600708007812,229.5500030517578,218.07000732421875,229.44000244140625,73622009
2024-07-02 10:30:00-04:00,229.43499755859375,231.13999938964844,227.25,229.58099365234375,40081170
2024-07-02 11:30:00-04:00,229.58990478515625,229.86000061035156,226.82000732421875,229.0229034423828,21017667
2024-07-02 12:30:00-04:00,229.0395965576172,229.83999633789062,227.22999572753906,227.33999633789062,14462299
2024-07-02 13:30:00-04:00,227.36000061035156,229.30990600585938,225.8699951171875,228.89410400390625,17485747
2024-07-02 14:30:00-04:00,228.91000366210938,229.69000244140625,227.92999267578125,228.5850067138672,13829481
2024-07-02 15:30:00-04:00,228.57000732421875,231.2899932861328,228.49000549316406,231.24000549316406,14895715
2024-07-03 09:30:00-04:00,235.54409790039062,244.69000244140625,235.44000244140625,244.55999755859375,71003540
2024-07-03 10:30:00-04:00,244.57000732421875,248.35000610351562,241.35079956054688,242.13499450683594,48952000
2024-07-03 11:30:00-04:00,242.13409423828125,246.08999633789062,240.1199951171875,244.97000122070312,25523183
2024-07-05 09:30:00-04:00,249.97000122070312,252.3699951171875,242.46009826660156,246.66000366210938,54276039
2024-07-05 10:30:00-04:00,246.625,250.57000732421875,245.64999389648438,248.42550659179688,22722967
2024-07-05 11:30:00-04:00,248.38999938964844,249.4510040283203,245.79200744628906,245.85870361328125,15033144
2024-07-05 12:30:00-04:00,245.85000610351562,247.0800018310547,243.94000244140625,246.64500427246094,13828783
2024-07-05 13:30:00-04:00,246.6320037841797,250.30999755859375,246.39999389648438,249.21499633789062,16871953
2024-07-05 14:30:00-04:00,249.1909942626953,251.57000732421875,248.3000030517578,250.523193359375,15136314
2024-07-05 15:30:00-04:00,250.5500030517578,251.8300018310547,249.47999572753906,251.4199981689453,11194774
2024-07-08 09:30:00-04:00,247.6999969482422,254.13999938964844,244.57000732421875,250.5164031982422,39732723
2024-07-08 10:30:00-04:00,250.5,256.7598876953125,250.3699951171875,256.26129150390625,24857126
2024-07-08 11:30:00-04:00,256.2948913574219,259.4389953613281,255.6300048828125,256.1499938964844,23474007
2024-07-08 12:30:00-04:00,256.1383056640625,256.3800048828125,248.8000030517578,251.92999267578125,23325802
2024-07-08 13:30:00-04:00,251.92999267578125,253.00999450683594,250.80999755859375,251.81509399414062,14895592
2024-07-08 14:30:00-04:00,251.82000732421875,253.55999755859375,250.57000732421875,252.89599609375,14056742
2024-07-08 15:30:00-04:00,252.8699951171875,254.35000610351562,249.8800048828125,252.91000366210938,12711941
2024-07-09 09:30:00-04:00,251.0,258.20001220703125,250.3000030517578,256.0799865722656,37588834
2024-07-09 10:30:00-04:00,256.010009765625,259.8800048828125,254.74000549316406,258.70989990234375,22459695
2024-07-09 11:30:00-04:00,258.69000244140625,264.739990234375,257.9100036621094,264.2744140625,27271337
2024-07-09 12:30:00-04:00,264.2300109863281,264.9800109863281,260.1069030761719,260.4700012207031,24952439
2024-07-09 13:30:00-04:00,260.5,265.6099853515625,260.20001220703125,262.9700012207031,18316161
2024-07-09 14:30:00-04:00,262.9512023925781,264.1300048828125,261.75,262.5979919433594,15324132
2024-07-09 15:30:00-04:00,262.6028137207031,263.3599853515625,261.44000244140625,262.409912109375,9828673
2024-07-10 09:30:00-04:00,262.8299865722656,265.7200012207031,259.1600036621094,259.17999267578125,38946579
2024-07-10 10:30:00-04:00,259.17999267578125,263.3999938964844,257.8599853515625,261.96990966796875,21403881
2024-07-10 11:30:00-04:00,262.0,264.5,261.6400146484375,263.70001220703125,13761208
2024-07-10 12:30:00-04:00,263.6300048828125,265.6499938964844,263.5,265.2049865722656,13673701
2024-07-10 13:30:00-04:00,265.2362976074219,267.5899963378906,264.7099914550781,266.0050048828125,15570126
2024-07-10 14:30:00-04:00,266.0299987792969,266.7898864746094,263.95001220703125,265.5000915527344,12619474
2024-07-10 15:30:00-04:00,265.5,265.6485900878906,263.1600036621094,263.2598876953125,8299970
2024-07-11 09:30:00-04:00,263.375,271.0,262.6300048828125,266.2268981933594,48198511
2024-07-11 10:30:00-04:00,266.260009765625,268.14990234375,260.510009765625,261.7900085449219,26929787
2024-07-11 11:30:00-04:00,261.81500244140625,262.6600036621094,241.33999633789062,247.30999755859375,55325575
2024-07-11 12:30:00-04:00,247.31199645996094,250.89999389648438,244.32000732421875,248.07000732421875,24101902
2024-07-11 13:30:00-04:00,248.07000732421875,248.08990478515625,241.50999450683594,243.77000427246094,20557060
2024-07-11 14:30:00-04:00,243.72999572753906,245.69000244140625,240.27000427246094,240.46499633789062,19100182
2024-07-11 15:30:00-04:00,240.4600067138672,243.6575927734375,239.64999389648438,240.8699951171875,15527273
2024-07-12 09:30:00-04:00,235.72999572753906,247.97999572753906,233.09120178222656,246.46499633789062,57459666
2024-07-12 10:30:00-04:00,246.4600067138672,251.19000244140625,245.89999389648438,249.17999267578125,29203318
2024-07-12 11:30:00-04:00,249.1743927001953,251.83900451660156,248.60000610351562,249.51950073242188,19368095
2024-07-12 12:30:00-04:00,249.56939697265625,251.3000030517578,248.82000732421875,249.6685028076172,12388688
2024-07-12 13:30:00-04:00,249.6699981689453,250.97940063476562,249.08999633789062,250.9499969482422,11905462
2024-07-12 14:30:00-04:00,250.9499969482422,251.02000427246094,249.0500030517578,250.35000610351562,10105626
2024-07-12 15:30:00-04:00,250.3300018310547,250.75999450683594,247.6999969482422,248.3300018310547,11035968
2024-07-15 09:30:00-04:00,255.96499633789062,264.989990234375,252.86000061035156,264.2250061035156,47348520
2024-07-15 10:30:00-04:00,264.1700134277344,265.5799865722656,261.3599853515625,261.9800109863281,21170361
2024-07-15 11:30:00-04:00,261.9700012207031,263.21990966796875,257.5,259.8900146484375,18239409
2024-07-15 12:30:00-04:00,259.9132080078125,261.8699951171875,259.05999755859375,260.54998779296875,13162209
2024-07-15 13:30:00-04:00,260.4800109863281,261.0979919433594,258.4800109863281,259.3999938964844,10405714
2024-07-15 14:30:00-04:00,259.412109375,259.69000244140625,255.39999389648438,255.59979248046875,14336522
2024-07-15 15:30:00-04:00,255.64999389648438,255.77999877929688,251.72999572753906,252.77000427246094,14828122
2024-07-16 09:30:00-04:00,255.32000732421875,258.6199951171875,245.8000946044922,247.69200134277344,40692664
2024-07-16 10:30:00-04:00,247.72000122070312,253.1300048828125,247.4499969482422,251.89010620117188,18959234
2024-07-16 11:30:00-04:00,251.9250030517578,254.14999389648438,249.89999389648438,250.7176055908203,15286092
2024-07-16 12:30:00-04:00,250.72000122070312,255.10000610351562,249.9199981689453,254.5299072265625,12278404
2024-07-16 13:30:00-04:00,254.5050048828125,257.0,254.25999450683594,256.4390869140625,14096229
2024-07-16 14:30:00-04:00,256.4200134277344,257.4800109863281,254.9499969482422,255.989501953125,13092471
2024-07-16 15:30:00-04:00,255.97999572753906,257.3699951171875,255.64999389648438,256.44000244140625,8311100
2024-07-17 09:30:00-04:00,252.86500549316406,258.4700012207031,250.33999633789062,251.00999450683594,35357246
2024-07-17 10:30:00-04:00,251.0800018310547,254.6300048828125,248.70089721679688,250.02000427246094,18784795
2024-07-17 11:30:00-04:00,249.98370361328125,250.3498992919922,246.5500030517578,247.7277069091797,15712002
2024-07-17 12:30:00-04:00,247.73989868164062,250.08999633789062,247.66000366210938,249.89999389648438,11645762
2024-07-17 13:30:00-04:00,249.89999389648438,250.8000030517578,246.91009521484375,248.02000427246094,10145298
2024-07-17 14:30:00-04:00,248.01629638671875,249.2100067138672,246.1820068359375,248.889892578125,11015128
2024-07-17 15:30:00-04:00,248.8000946044922,249.3000030517578,246.83999633789062,248.49000549316406,7465528
2024-07-18 09:30:00-04:00,251.21800231933594,255.64999389648438,247.1999969482422,254.3820037841797,29721071
2024-07-18 10:30:00-04:00,254.39999389648438,255.60000610351562,250.3300018310547,253.52830505371094,18828989
2024-07-18 11:30:00-04:00,253.52499389648438,254.95849609375,251.6199951171875,253.91000366210938,12001683
2024-07-18 12:30:00-04:00,253.88819885253906,257.1400146484375,253.75,255.95640563964844,11649372
2024-07-18 13:30:00-04:00,255.9799041748047,256.42999267578125,250.74000549316406,250.7747039794922,10669932
2024-07-18 14:30:00-04:00,250.75999450683594,251.07989501953125,247.44000244140625,248.61000061035156,14958921
2024-07-18 15:30:00-04:00,248.58999633789062,250.47999572753906,247.77999877929688,249.27999877929688,7724123
2024-07-19 09:30:00-04:00,247.7209930419922,249.00999450683594,241.6999969482422,241.7554931640625,26175921
2024-07-19 10:30:00-04:00,241.7899932861328,244.33999633789062,240.1199951171875,240.28460693359375,14432564
2024-07-19 11:30:00-04:00,240.26010131835938,241.3000030517578,238.27999877929688,238.9550018310547,12815123
2024-07-19 12:30:00-04:00,238.9199981689453,239.3699951171875,236.8350067138672,239.27000427246094,9249296
2024-07-19 13:30:00-04:00,239.24000549316406,240.6199951171875,238.5500030517578,239.1699981689453,7735178
2024-07-19 14:30:00-04:00,239.14999389648438,241.1999969482422,238.3800048828125,240.52999877929688,6912571
2024-07-19 15:30:00-04:00,240.56500244140625,240.73739624023438,238.41000366210938,239.25999450683594,5800945
2024-07-22 09:30:00-04:00,244.21249389648438,251.57000732421875,243.75,246.39010620117188,32664469
2024-07-22 10:30:00-04:00,246.44000244140625,249.72999572753906,246.08999633789062,246.33999633789062,12960322
2024-07-22 11:30:00-04:00,246.36500549316406,249.67999267578125,246.16000366210938,249.36000061035156,11134458
2024-07-22 12:30:00-04:00,249.35499572753906,251.22000122070312,249.0399932861328,250.96499633789062,9857437
2024-07-22 13:30:00-04:00,250.97000122070312,252.4199981689453,250.63999938964844,251.39500427246094,9536735
2024-07-22 14:30:00-04:00,251.39999389648438,253.20989990234375,250.6699981689453,251.94500732421875,11331034
2024-07-22 15:30:00-04:00,251.94000244140625,252.7899932861328,251.2895965576172,251.69000244140625,7550706
2024-07-23 09:30:00-04:00,253.4499969482422,255.7593994140625,247.6999969482422,248.98350524902344,30608719
2024-07-23 10:30:00-04:00,249.02000427246094,249.66000366210938,245.6300048828125,249.0800018310547,15158734
2024-07-23 11:30:00-04:00,249.0500030517578,249.9199981689453,246.5,247.0155029296875,10587356
2024-07-23 12:30:00-04:00,247.00999450683594,247.92999267578125,246.02000427246094,247.50010681152344,9081683
2024-07-23 13:30:00-04:00,247.3800048828125,248.49000549316406,246.9300994873047,247.2698974609375,7084529
2024-07-23 14:30:00-04:00,247.35000610351562,249.4499969482422,247.0800018310547,249.3699951171875,7917590
2024-07-23 15:30:00-04:00,249.34500122070312,249.41000366210938,246.32000732421875,246.37899780273438,8562799
2024-07-24 09:30:00-04:00,225.39999389648438,225.99000549316406,214.7100067138672,217.06399536132812,61891916
2024-07-24 10:30:00-04:00,217.05999755859375,218.58999633789062,215.60000610351562,218.0137939453125,23586411
2024-07-24 11:30:00-04:00,218.03500366210938,222.63999938964844,218.01010131835938,221.26150512695312,22114907
2024-07-24 12:30:00-04:00,221.24929809570312,221.89990234375,219.72000122070312,220.77000427246094,13416708
2024-07-24 13:30:00-04:00,220.77999877929688,221.60000610351562,218.3000030517578,219.8968048095703,11358068
2024-07-24 14:30:00-04:00,219.8800048828125,220.6300048828125,217.77000427246094,217.8000946044922,10978471
2024-07-24 15:30:00-04:00,217.7899932861328,219.22000122070312,215.5,215.5,12492984
2024-07-25 09:30:00-04:00,216.7949981689453,224.41000366210938,216.2310028076172,224.36000061035156,39538326
2024-07-25 10:30:00-04:00,224.36000061035156,224.97999572753906,221.66000366210938,222.60009765625,14960290
2024-07-25 11:30:00-04:00,222.69000244140625,224.22999572753906,221.5,223.5800018310547,8830787
2024-07-25 12:30:00-04:00,223.5800018310547,225.99000549316406,223.35400390625,223.8000030517578,9489761
2024-07-25 13:30:00-04:00,223.7700958251953,225.82000732421875,223.39999389648438,224.84100341796875,7035413
2024-07-25 14:30:00-04:00,224.8300018310547,225.47000122070312,222.3101043701172,224.2301025390625,8290726
2024-07-25 15:30:00-04:00,224.22999572753906,224.80999755859375,220.1699981689453,220.25,7546012
2024-07-26 09:30:00-04:00,221.19000244140625,222.2799072265625,215.72999572753906,216.74000549316406,29794607
2024-07-26 10:30:00-04:00,216.70030212402344,217.69000244140625,215.33999633789062,216.51669311523438,12768669
2024-07-26 11:30:00-04:00,216.49000549316406,220.60000610351562,216.49000549316406,219.63999938964844,11219473
2024-07-26 12:30:00-04:00,219.67999267578125,222.1300048828125,219.6717987060547,221.90499877929688,10404158
2024-07-26 13:30:00-04:00,221.89149475097656,222.18569946289062,219.42010498046875,220.46499633789062,10964294
2024-07-26 14:30:00-04:00,220.49000549316406,220.67999267578125,218.9199981689453,220.25010681152344,8988908
2024-07-26 15:30:00-04:00,220.3195037841797,220.4958953857422,219.1199951171875,219.9600067138672,5844514
2024-07-29 09:30:00-04:00,226.77000427246094,233.2100067138672,226.76629638671875,232.49000549316406,36409870
2024-07-29 10:30:00-04:00,232.47259521484375,234.27000427246094,228.19000244140625,229.322998046875,25476956
2024-07-29 11:30:00-04:00,229.3101043701172,231.3699951171875,227.08999633789062,230.94419860839844,16224532
2024-07-29 12:30:00-04:00,230.9600067138672,233.99000549316406,230.8511962890625,231.1750030517578,15968555
2024-07-29 13:30:00-04:00,231.1300048828125,232.9600067138672,230.8000030517578,231.3800048828125,11273953
2024-07-29 14:30:00-04:00,231.36000061035156,231.8800048828125,229.22000122070312,230.5,10459281
2024-07-29 15:30:00-04:00,230.49000549316406,232.69000244140625,230.30999755859375,232.1300048828125,7883344
2024-07-30 09:30:00-04:00,232.11000061035156,232.41000366210938,226.89999389648438,231.08999633789062,27811472
2024-07-30 10:30:00-04:00,231.0500030517578,231.88999938964844,226.24000549316406,226.70989990234375,15533367
2024-07-30 11:30:00-04:00,226.656494140625,226.9600067138672,221.3000030517578,221.9801025390625,14712048
2024-07-30 12:30:00-04:00,221.97999572753906,223.24989318847656,220.00999450683594,223.22000122070312,10708543
2024-07-30 13:30:00-04:00,223.22509765625,224.25,222.1656036376953,222.6750030517578,9011627
2024-07-30 14:30:00-04:00,222.64999389648438,223.139892578125,220.67999267578125,221.22999572753906,8314132
2024-07-30 15:30:00-04:00,221.26499938964844,224.1699981689453,220.4499969482422,222.5,9119249
2024-07-31 09:30:00-04:00,227.9199981689453,234.67999267578125,226.78750610351562,230.5,26163701
2024-07-31 10:30:00-04:00,230.5500030517578,232.10000610351562,230.3614959716797,231.7469940185547,8044026
2024-07-31 11:30:00-04:00,231.76820373535156,232.1699981689453,230.6999969482422,231.57000732421875,5001530
2024-07-31 12:30:00-04:00,231.5800018310547,232.25,230.82440185546875,231.00999450683594,3882591
2024-07-31 13:30:00-04:00,231.02000427246094,231.44000244140625,229.24000549316406,231.2100067138672,5356890
2024-07-31 14:30:00-04:00,231.22999572753906,233.4499969482422,230.5,231.2050018310547,7847766
2024-07-31 15:30:00-04:00,231.22999572753906,232.99000549316406,230.82000732421875,232.10000610351562,5073957
2024-08-01 09:30:00-04:00,227.67999267578125,231.86700439453125,226.42999267578125,226.8000030517578,19562544
2024-08-01 10:30:00-04:00,226.7899932861328,227.0800018310547,223.82679748535156,224.9398956298828,11793918
2024-08-01 11:30:00-04:00,224.91000366210938,225.25999450683594,221.97500610351562,222.29379272460938,8433570
2024-08-01 12:30:00-04:00,222.2790069580078,222.37680053710938,219.5200958251953,219.77999877929688,7936329
2024-08-01 13:30:00-04:00,219.82000732421875,220.58999633789062,217.13999938964844,217.60000610351562,9862869
2024-08-01 14:30:00-04:00,217.59930419921875,218.1199951171875,214.33279418945312,216.4600067138672,11885890
2024-08-01 15:30:00-04:00,216.4499969482422,217.49000549316406,215.52000427246094,216.75999450683594,7453786
2024-08-02 09:30:00-04:00,214.8350067138672,216.1300048828125,210.44500732421875,213.2675018310547,22183815
2024-08-02 10:30:00-04:00,213.15499877929688,214.52999877929688,207.1999969482422,208.9600067138672,16020906
2024-08-02 11:30:00-04:00,208.97000122070312,211.92990112304688,208.02999877929688,209.60000610351562,10036972
2024-08-02 12:30:00-04:00,209.55999755859375,210.36770629882812,207.5,207.5126953125,7143669
2024-08-02 13:30:00-04:00,207.49000549316406,208.35000610351562,205.8000030517578,208.32000732421875,7350847
2024-08-02 14:30:00-04:00,208.2899932861328,208.9499969482422,205.88999938964844,206.86000061035156,6573542
2024-08-02 15:30:00-04:00,206.85000610351562,208.07000732421875,205.77999877929688,207.60000610351562,7248617
2024-08-05 09:30:00-04:00,185.0800018310547,201.55999755859375,184.0,194.77499389648438,40424313
2024-08-05 10:30:00-04:00,194.80999755859375,203.74000549316406,194.7700958251953,201.41000366210938,15368467
2024-08-05 11:30:00-04:00,201.39500427246094,202.9384002685547,199.61000061035156,202.74009704589844,9424117
2024-08-05 12:30:00-04:00,202.7949981689453,202.8179931640625,198.75999450683594,199.88760375976562,7882360
2024-08-05 13:30:00-04:00,199.9199981689453,201.7299041748047,197.92999267578125,198.8300018310547,6426186
2024-08-05 14:30:00-04:00,198.76499938964844,199.4600067138672,196.0,198.23060607910156,7868143
2024-08-05 15:30:00-04:00,198.22000122070312,199.30999755859375,197.07000732421875,198.8699951171875,5550463
2024-08-06 09:30:00-04:00,200.75999450683594,201.22999572753906,192.6699981689453,196.0675048828125,24773593
2024-08-06 10:30:00-04:00,196.1699981689453,197.8000030517578,194.86000061035156,195.12010192871094,9952250
2024-08-06 11:30:00-04:00,195.14999389648438,201.2100067138672,195.1199951171875,200.28500366210938,10320734
2024-08-06 12:30:00-04:00,200.32000732421875,202.0800018310547,199.30999755859375,201.56500244140625,6132590
2024-08-06 13:30:00-04:00,201.58999633789062,202.47000122070312,200.83999633789062,202.2198944091797,5303094
2024-08-06 14:30:00-04:00,202.22000122070312,202.89999389648438,199.5,201.13499450683594,7527018
2024-08-06 15:30:00-04:00,201.14999389648438,201.81900024414062,200.02999877929688,200.36000061035156,5632714
2024-08-07 09:30:00-04:00,200.85000610351562,203.49000549316406,197.5218963623047,198.04989624023438,20213739
2024-08-07 10:30:00-04:00,197.97999572753906,200.4499969482422,197.17100524902344,198.88999938964844,9186186
2024-08-07 11:30:00-04:00,198.91009521484375,199.57000732421875,196.10000610351562,198.2100067138672,6462147
2024-08-07 12:30:00-04:00,198.2100067138672,198.5500030517578,195.22999572753906,195.86000061035156,6616771
2024-08-07 13:30:00-04:00,195.8300018310547,196.86000061035156,192.1199951171875,193.57989501953125,8488446
2024-08-07 14:30:00-04:00,193.5800018310547,194.4499969482422,191.86000061035156,193.2949981689453,8501010
2024-08-07 15:30:00-04:00,193.27000427246094,193.8000030517578,191.47999572753906,191.69000244140625,5648987
2024-08-08 09:30:00-04:00,195.6999969482422,197.44000244140625,192.0399932861328,197.39999389648438,18549200
2024-08-08 10:30:00-04:00,197.38999938964844,199.4586944580078,196.9499969482422,198.75990295410156,10656557
2024-08-08 11:30:00-04:00,198.80999755859375,199.0800018310547,196.92999267578125,197.43429565429688,6284871
2024-08-08 12:30:00-04:00,197.47999572753906,199.9499969482422,196.47000122070312,199.92999267578125,6660679
2024-08-08 13:30:00-04:00,199.94000244140625,200.6999969482422,199.0200958251953,200.03729248046875,6611382
2024-08-08 14:30:00-04:00,200.0699005126953,200.17999267578125,197.92010498046875,198.12989807128906,6251148
2024-08-08 15:30:00-04:00,198.13999938964844,199.44000244140625,197.63999938964844,199.01739501953125,5335514
2024-08-09 09:30:00-04:00,197.02000427246094,200.08999633789062,195.5800018310547,196.10000610351562,19575427
2024-08-09 10:30:00-04:00,196.11000061035156,199.17999267578125,195.11000061035156,197.74000549316406,9745314
2024-08-09 11:30:00-04:00,197.74000549316406,198.16000366210938,196.36000061035156,197.14999389648438,5554785
2024-08-09 12:30:00-04:00,197.13299560546875,200.23989868164062,197.11000061035156,200.2373046875,5149966
2024-08-09 13:30:00-04:00,200.22300720214844,200.8800048828125,199.16000366210938,199.49009704589844,6933667
2024-08-09 14:30:00-04:00,199.47000122070312,200.4600067138672,199.1800994873047,199.6300048828125,5342099
2024-08-09 15:30:00-04:00,199.61000061035156,200.14999389648438,199.39999389648438,200.02999877929688,3791396
2024-08-12 09:30:00-04:00,199.02000427246094,199.25999450683594,194.6750030517578,197.0,19474788
2024-08-12 10:30:00-04:00,197.0198974609375,198.3000030517578,195.9199981689453,196.6199951171875,9773737
2024-08-12 11:30:00-04:00,196.52000427246094,197.6699981689453,194.77999877929688,197.24009704589844,8079569
2024-08-12 12:30:00-04:00,197.25999450683594,197.99000549316406,196.22000122070312,197.42999267578125,6388532
2024-08-12 13:30:00-04:00,197.42999267578125,198.8300018310547,197.02000427246094,198.52999877929688,5629141
2024-08-12 14:30:00-04:00,198.47000122070312,198.47000122070312,197.4600067138672,197.67999267578125,4904156
2024-08-12 15:30:00-04:00,197.6999969482422,198.25999450683594,197.07000732421875,197.47999572753906,3796183
2024-08-13 09:30:00-04:00,198.77000427246094,205.8800048828125,197.05999755859375,205.1199951171875,25880045
2024-08-13 10:30:00-04:00,205.0800018310547,206.59019470214844,203.72999572753906,205.32000732421875,11426759
2024-08-13 11:30:00-04:00,205.32000732421875,205.5850067138672,204.25,205.3350067138672,6544179
2024-08-13 12:30:00-04:00,205.33999633789062,208.49000549316406,204.9199981689453,207.52000427246094,8609884
2024-08-13 13:30:00-04:00,207.52999877929688,207.6199951171875,205.77999877929688,207.05999755859375,6977880
2024-08-13 14:30:00-04:00,207.05999755859375,207.44000244140625,206.0500030517578,206.83009338378906,5924222
2024-08-13 15:30:00-04:00,206.83999633789062,208.4199981689453,206.76499938964844,207.92999267578125,6117019
2024-08-14 09:30:00-04:00,207.38999938964844,208.29859924316406,200.5,201.72219848632812,22552739
2024-08-14 10:30:00-04:00,201.67999267578125,202.34500122070312,199.80999755859375,202.07000732421875,11245196
2024-08-14 11:30:00-04:00,202.0800018310547,203.33999633789062,200.00999450683594,200.3795928955078,8315257
2024-08-14 12:30:00-04:00,200.36000061035156,200.75,198.75,200.72000122070312,8429152
2024-08-14 13:30:00-04:00,200.7100067138672,200.9600067138672,199.75999450683594,200.7301025390625,5828367
2024-08-14 14:30:00-04:00,200.72000122070312,200.87640380859375,199.6999969482422,200.24989318847656,5188418
2024-08-14 15:30:00-04:00,200.25010681152344,201.66000366210938,199.91000366210938,201.35000610351562,4611828
2024-08-15 09:30:00-04:00,205.02000427246094,214.67999267578125,204.82000732421875,214.47999572753906,32402752
2024-08-15 10:30:00-04:00,214.4600067138672,215.7899932861328,213.7100067138672,213.92999267578125,15140891
2024-08-15 11:30:00-04:00,213.9499969482422,214.50999450683594,212.86000061035156,213.92999267578125,9229338
2024-08-15 12:30:00-04:00,213.9456024169922,214.36000061035156,213.22999572753906,213.9250030517578,6059693
2024-08-15 13:30:00-04:00,213.94000244140625,215.8800048828125,213.87010192871094,214.03489685058594,8317936
2024-08-15 14:30:00-04:00,214.07000732421875,214.41000366210938,213.50999450683594,213.97000122070312,6949982
2024-08-15 15:30:00-04:00,213.97999572753906,215.05990600585938,213.6999969482422,214.13999938964844,6262977
2024-08-16 09:30:00-04:00,211.1199951171875,219.8000030517578,210.8000030517578,218.16000366210938,30918519
2024-08-16 10:30:00-04:00,218.168701171875,218.625,214.10009765625,214.72000122070312,15545035
2024-08-16 11:30:00-04:00,214.72999572753906,216.77999877929688,214.3300018310547,216.3350067138672,9435318
2024-08-16 12:30:00-04:00,216.32000732421875,217.66000366210938,215.97000122070312,217.63999938964844,6991370
2024-08-16 13:30:00-04:00,217.61000061035156,218.05999755859375,215.61000061035156,216.1199951171875,12098094
2024-08-16 14:30:00-04:00,216.1199951171875,216.64990234375,215.57000732421875,216.47000122070312,6529516
2024-08-16 15:30:00-04:00,216.4571990966797,216.68499755859375,215.956298828125,216.1199951171875,4610742
2024-08-19 09:30:00-04:00,219.34410095214844,221.95989990234375,214.08999633789062,221.86000061035156,30545235
2024-08-19 10:30:00-04:00,221.88400268554688,222.3800048828125,218.94239807128906,220.06500244140625,12758198
2024-08-19 11:30:00-04:00,220.07000732421875,221.36000061035156,219.4199981689453,220.94000244140625,6776894
2024-08-19 12:30:00-04:00,220.9001007080078,221.62750244140625,220.16000366210938,220.8300018310547,5262483
2024-08-19 13:30:00-04:00,220.85000610351562,221.38900756835938,220.39999389648438,221.3699951171875,4132438
2024-08-19 14:30:00-04:00,221.375,222.91990661621094,221.30999755859375,222.8699951171875,7639013
2024-08-19 15:30:00-04:00,222.8800048828125,222.97999572753906,222.2100067138672,222.83999633789062,4509379
2024-08-20 09:30:00-04:00,224.8800048828125,228.22000122070312,221.1999969482422,221.80499267578125,30218046
2024-08-20 10:30:00-04:00,221.80499267578125,222.61000061035156,219.55999755859375,221.41000366210938,12669569
2024-08-20 11:30:00-04:00,221.37010192871094,223.39999389648438,221.00999450683594,222.41000366210938,7069569
2024-08-20 12:30:00-04:00,222.42999267578125,223.42999267578125,220.07000732421875,221.02000427246094,6705494
2024-08-20 13:30:00-04:00,221.05999755859375,221.47999572753906,220.5800018310547,221.02000427246094,5122548
2024-08-20 14:30:00-04:00,221.02000427246094,222.14920043945312,221.02000427246094,221.5590057373047,5027763
2024-08-20 15:30:00-04:00,221.5500946044922,222.4600067138672,221.00799560546875,221.10000610351562,3876541
2024-08-21 09:30:00-04:00,222.64999389648438,224.65939331054688,218.86000061035156,220.7987060546875,24676894
2024-08-21 10:30:00-04:00,220.7899932861328,223.3300018310547,220.44000244140625,221.39010620117188,11618560
2024-08-21 11:30:00-04:00,221.41000366210938,221.45799255371094,219.30999755859375,221.22999572753906,7226905
2024-08-21 12:30:00-04:00,221.19000244140625,222.4499053955078,221.00999450683594,221.9597930908203,5733532
2024-08-21 13:30:00-04:00,221.99899291992188,223.57000732421875,221.99899291992188,223.5399932861328,6037421
2024-08-21 14:30:00-04:00,223.5399932861328,223.99000549316406,221.55499267578125,222.28500366210938,8398871
2024-08-21 15:30:00-04:00,222.2899932861328,223.39999389648438,222.05999755859375,223.22000122070312,3602472
2024-08-22 09:30:00-04:00,223.80999755859375,224.8000030517578,219.8699951171875,220.47999572753906,19018608
2024-08-22 10:30:00-04:00,220.44000244140625,220.5399932861328,217.5,218.33999633789062,12746713
2024-08-22 11:30:00-04:00,218.3459930419922,218.42999267578125,215.52000427246094,217.19000244140625,10246111
2024-08-22 12:30:00-04:00,217.19000244140625,217.85499572753906,215.60000610351562,215.66529846191406,6564971
2024-08-22 13:30:00-04:00,215.6300048828125,215.80990600585938,213.05999755859375,213.9499969482422,8558367
2024-08-22 14:30:00-04:00,213.88999938964844,214.14999389648438,212.75999450683594,212.8300018310547,6885961
2024-08-22 15:30:00-04:00,212.83999633789062,213.1699981689453,210.32000732421875,210.66000366210938,8267063
2024-08-23 09:30:00-04:00,214.4550018310547,220.94000244140625,214.2100067138672,220.69000244140625,25057699
2024-08-23 10:30:00-04:00,220.67999267578125,221.47000122070312,216.0,218.69500732421875,16100691
2024-08-23 11:30:00-04:00,218.72000122070312,219.5500030517578,216.11000061035156,216.69000244140625,9119092
2024-08-23 12:30:00-04:00,216.6999969482422,218.88999938964844,215.6699981689453,218.78160095214844,7192831
2024-08-23 13:30:00-04:00,218.8079071044922,219.9698944091797,218.6699981689453,219.57449340820312,5845184
2024-08-23 14:30:00-04:00,219.57000732421875,220.64999389648438,218.8300018310547,220.60000610351562,6610511
2024-08-23 15:30:00-04:00,220.5800018310547,220.88499450683594,219.75,220.2899932861328,5556601
2024-08-26 09:30:00-04:00,218.67999267578125,219.08999633789062,212.63009643554688,212.9600067138672,19424702
2024-08-26 10:30:00-04:00,212.9499969482422,213.85000610351562,211.5,213.50010681152344,10484785
2024-08-26 11:30:00-04:00,213.5,213.9499969482422,212.10000610351562,213.80999755859375,5751053
2024-08-26 12:30:00-04:00,213.80999755859375,214.36000061035156,212.63999938964844,212.75999450683594,4783173
2024-08-26 13:30:00-04:00,212.7899932861328,213.07000732421875,211.00999450683594,212.27999877929688,6574514
2024-08-26 14:30:00-04:00,212.25999450683594,213.27999877929688,212.15029907226562,212.84230041503906,4526793
2024-08-26 15:30:00-04:00,212.83999633789062,213.4499053955078,212.1999969482422,213.22999572753906,4318891
2024-08-27 09:30:00-04:00,213.22000122070312,215.64999389648438,206.94009399414062,209.11500549316406,24693434
2024-08-27 10:30:00-04:00,209.0800018310547,210.5,208.82130432128906,209.3300018310547,10962783
2024-08-27 11:30:00-04:00,209.35000610351562,210.45559692382812,208.45339965820312,209.25999450683594,7203350
2024-08-27 12:30:00-04:00,209.22999572753906,210.25999450683594,208.66419982910156,210.13999938964844,4452799
2024-08-27 13:30:00-04:00,210.13999938964844,210.5399932861328,209.05999755859375,209.36990356445312,4214157
2024-08-27 14:30:00-04:00,209.3699951171875,210.40069580078125,209.14999389648438,210.00999450683594,3977050
2024-08-27 15:30:00-04:00,209.99000549316406,210.25999450683594,209.08999633789062,209.1199951171875,3554501
2024-08-28 09:30:00-04:00,209.8280029296875,211.83999633789062,206.27000427246094,207.57000732421875,17528264
2024-08-28 10:30:00-04:00,207.59500122070312,207.89999389648438,204.27000427246094,205.1999969482422,11733506
2024-08-28 11:30:00-04:00,205.19000244140625,206.0699005126953,204.1999969482422,204.72999572753906,5187394
2024-08-28 12:30:00-04:00,204.72000122070312,207.10000610351562,204.64999389648438,206.0054931640625,4914451
2024-08-28 13:30:00-04:00,206.00999450683594,206.22000122070312,202.58999633789062,203.27499389648438,8448234
2024-08-28 14:30:00-04:00,203.25999450683594,205.46429443359375,202.77000427246094,205.4199981689453,7386627
2024-08-28 15:30:00-04:00,205.38999938964844,206.08560180664062,204.9499969482422,205.5500030517578,4681982
2024-08-29 09:30:00-04:00,209.8000030517578,214.88999938964844,209.50999450683594,211.50570678710938,22428060
2024-08-29 10:30:00-04:00,211.5449981689453,211.85000610351562,209.07000732421875,209.9499969482422,9242375
2024-08-29 11:30:00-04:00,209.9300994873047,212.42999267578125,209.8800048828125,212.30499267578125,4903078
2024-08-29 12:30:00-04:00,212.3000030517578,212.75999450683594,211.25,211.6999969482422,4309279
2024-08-29 13:30:00-04:00,211.6999969482422,212.67999267578125,208.89999389648438,209.04249572753906,4955418
2024-08-29 14:30:00-04:00,209.02000427246094,209.02000427246094,206.41000366210938,207.32000732421875,9042822
2024-08-29 15:30:00-04:00,207.35000610351562,208.07989501953125,205.97219848632812,206.28250122070312,4592002
2024-08-30 09:30:00-04:00,210.0,210.8300018310547,207.02999877929688,208.77999877929688,17862511
2024-08-30 10:30:00-04:00,208.75,210.10000610351562,208.3699951171875,209.63999938964844,7646326
2024-08-30 11:30:00-04:00,209.58999633789062,210.7698974609375,208.8802032470703,209.16990661621094,5965721
2024-08-30 12:30:00-04:00,209.14999389648438,210.639892578125,208.49000549316406,210.4774932861328,5763168
2024-08-30 13:30:00-04:00,210.47000122070312,212.02000427246094,210.4499969482422,211.0240020751953,6811587
2024-08-30 14:30:00-04:00,211.02000427246094,212.6199951171875,210.86000061035156,212.30599975585938,6318293
2024-08-30 15:30:00-04:00,212.3300018310547,214.57009887695312,211.78359985351562,214.0980987548828,6916235
2024-09-03 09:30:00-04:00,216.5399932861328,219.74000549316406,212.5308074951172,218.07989501953125,28106444
2024-09-03 10:30:00-04:00,218.00999450683594,218.0500030517578,213.22999572753906,213.39999389648438,12910588
2024-09-03 11:30:00-04:00,213.39500427246094,215.67999267578125,213.27000427246094,215.6300048828125,6565147
2024-09-03 12:30:00-04:00,215.6199951171875,215.6199951171875,213.8800048828125,215.06900024414062,4980610
2024-09-03 13:30:00-04:00,215.07000732421875,215.11990356445312,211.77999877929688,212.02999877929688,6364520
2024-09-03 14:30:00-04:00,212.0399932861328,212.5,210.42999267578125,211.47999572753906,7313319
2024-09-03 15:30:00-04:00,211.4600067138672,211.63999938964844,209.64010620117188,210.63999938964844,5605503
2024-09-04 09:30:00-04:00,210.75999450683594,219.49000549316406,210.6199951171875,219.4149932861328,27379447
2024-09-04 10:30:00-04:00,219.38009643554688,221.3300018310547,218.75999450683594,219.80999755859375,14812184
2024-09-04 11:30:00-04:00,219.81500244140625,220.83999633789062,218.51600646972656,220.74000549316406,7876736
2024-09-04 12:30:00-04:00,220.7200927734375,222.22000122070312,220.7200927734375,220.9550018310547,8637924
2024-09-04 13:30:00-04:00,220.91000366210938,221.58999633789062,220.14999389648438,221.2100067138672,5256291
2024-09-04 14:30:00-04:00,221.19000244140625,221.38999938964844,217.57000732421875,218.58999633789062,7428785
2024-09-04 15:30:00-04:00,218.58999633789062,220.4250030517578,217.83250427246094,219.4499969482422,5327801
2024-09-05 09:30:00-04:00,223.5,234.99000549316406,222.26600646972656,234.02999877929688,41644899
2024-09-05 10:30:00-04:00,234.1300048828125,234.77000427246094,227.5500030517578,227.66000366210938,19275001
2024-09-05 11:30:00-04:00,227.62600708007812,229.9698944091797,225.6199951171875,229.88099670410156,15945058
2024-09-05 12:30:00-04:00,229.89999389648438,230.57989501953125,227.3300018310547,227.47000122070312,11994494
2024-09-05 13:30:00-04:00,227.47999572753906,231.25990295410156,227.30999755859375,230.1300048828125,9779241
2024-09-05 14:30:00-04:00,230.1300048828125,231.14990234375,228.2100067138672,229.27859497070312,8871102
2024-09-05 15:30:00-04:00,229.2799072265625,230.19000244140625,228.52000427246094,230.17999267578125,6982518
2024-09-06 09:30:00-04:00,232.0,233.59950256347656,220.7100067138672,220.73500061035156,37356091
2024-09-06 10:30:00-04:00,220.6999969482422,221.22520446777344,216.4506072998047,216.83009338378906,19376181
2024-09-06 11:30:00-04:00,216.8699951171875,217.8699951171875,215.0800018310547,215.15570068359375,10578335
2024-09-06 12:30:00-04:00,215.1699981689453,216.9799041748047,214.30999755859375,215.87989807128906,9521040
2024-09-06 13:30:00-04:00,215.88499450683594,216.18960571289062,213.1300048828125,213.5800018310547,8708465
2024-09-06 14:30:00-04:00,213.58999633789062,215.1300048828125,213.1999969482422,213.610107421875,8030039
2024-09-06 15:30:00-04:00,213.66000366210938,213.66000366210938,210.55999755859375,210.7100067138672,9264732
2024-09-09 09:30:00-04:00,216.10000610351562,219.8699951171875,213.67999267578125,219.1699981689453,25086729
2024-09-09 10:30:00-04:00,218.3800048828125,218.63999938964844,214.3000030517578,215.61000061035156,11016612
2024-09-09 11:30:00-04:00,215.60000610351562,217.80999755859375,214.99009704589844,217.5500030517578,6868319
2024-09-09 12:30:00-04:00,217.55999755859375,218.83999633789062,217.0500030517578,217.71499633789062,5266704
2024-09-09 13:30:00-04:00,217.72000122070312,217.7899932861328,216.52999877929688,216.94970703125,5189522
2024-09-09 14:30:00-04:00,216.9001007080078,217.29510498046875,215.38499450683594,216.4199981689453,5135862
2024-09-09 15:30:00-04:00,216.43389892578125,217.17999267578125,216.1699981689453,216.47999572753906,4274786
2024-09-10 09:30:00-04:00,220.0,226.39999389648438,219.10000610351562,223.63999938964844,28728181
2024-09-10 10:30:00-04:00,223.61000061035156,224.36000061035156,221.3699951171875,223.74989318847656,10196863
2024-09-10 11:30:00-04:00,223.72999572753906,223.9799041748047,218.6376953125,219.0399932861328,9717439
2024-09-10 12:30:00-04:00,219.02999877929688,221.92999267578125,218.9199981689453,221.01400756835938,6931832
2024-09-10 13:30:00-04:00,221.0,223.1699981689453,220.9801025390625,222.9600067138672,5882772
2024-09-10 14:30:00-04:00,222.94000244140625,224.82000732421875,222.76409912109375,224.74000549316406,6412428
2024-09-10 15:30:00-04:00,224.66000366210938,226.3699951171875,224.25,226.1300048828125,6700484
2024-09-11 09:30:00-04:00,223.0,223.52999877929688,219.0,219.00999450683594,24339986
2024-09-11 10:30:00-04:00,218.39999389648438,220.32200622558594,216.80029296875,220.02000427246094,13646958
2024-09-11 11:30:00-04:00,220.00999450683594,223.13999938964844,219.8699951171875,222.42999267578125,10011195
2024-09-11 12:30:00-04:00,222.44000244140625,223.77000427246094,221.6699981689453,223.10000610351562,7249543
2024-09-11 13:30:00-04:00,223.1300048828125,225.5299072265625,222.82000732421875,225.3780975341797,6941401
2024-09-11 14:30:00-04:00,225.3699951171875,227.14999389648438,224.5601043701172,226.72000122070312,9993418
2024-09-11 15:30:00-04:00,226.7100067138672,228.41000366210938,226.20010375976562,228.08999633789062,7152150
2024-09-12 09:30:00-04:00,224.5,231.2899932861328,224.22000122070312,229.39999389648438,26237749
2024-09-12 10:30:00-04:00,229.36000061035156,230.24630737304688,226.5,228.1300048828125,12014288
2024-09-12 11:30:00-04:00,228.13999938964844,228.97999572753906,226.6999969482422,228.93499755859375,6663903
2024-09-12 12:30:00-04:00,228.9499969482422,230.63999938964844,227.80999755859375,230.16000366210938,6003037
2024-09-12 13:30:00-04:00,230.19000244140625,230.77999877929688,228.41000366210938,229.5500030517578,7052479
2024-09-12 14:30:00-04:00,229.52000427246094,230.16990661621094,227.35000610351562,229.7899932861328,6288366
2024-09-12 15:30:00-04:00,229.7899932861328,230.23989868164062,228.82000732421875,229.8300018310547,4539182
2024-09-13 09:30:00-04:00,227.0,232.6240997314453,226.32000732421875,227.75999450683594,20930898
2024-09-13 10:30:00-04:00,227.1925048828125,230.7299041748047,227.1925048828125,230.64500427246094,9437636
2024-09-13 11:30:00-04:00,230.63380432128906,230.95989990234375,227.82000732421875,228.5500030517578,6706123
2024-09-13 12:30:00-04:00,228.5500030517578,229.35000610351562,227.42999267578125,229.16119384765625,4804813
2024-09-13 13:30:00-04:00,229.14999389648438,230.20640563964844,228.45199584960938,229.03500366210938,5551878
2024-09-13 14:30:00-04:00,229.0467987060547,229.77000427246094,228.8000030517578,229.61500549316406,4184557
2024-09-13 15:30:00-04:00,229.61000061035156,230.38999938964844,229.58839416503906,230.27000427246094,4702045
2024-09-16 09:30:00-04:00,229.25,229.7899932861328,223.52999877929688,227.360107421875,17733737
2024-09-16 10:30:00-04:00,227.3699951171875,229.19000244140625,224.77999877929688,229.125,9074320
2024-09-16 11:30:00-04:00,229.13999938964844,229.9499969482422,227.44000244140625,228.1096954345703,7094727
2024-09-16 12:30:00-04:00,228.1199951171875,228.3300018310547,226.07000732421875,226.69000244140625,5460864
2024-09-16 13:30:00-04:00,226.69500732421875,227.6909942626953,226.3300018310547,227.55999755859375,4138800
2024-09-16 14:30:00-04:00,227.55999755859375,228.4499969482422,227.0,227.73500061035156,4765604
2024-09-16 15:30:00-04:00,227.7100067138672,227.92999267578125,226.63999938964844,226.74600219726562,3399798
2024-09-17 09:30:00-04:00,231.25,234.57000732421875,230.02999877929688,232.5800018310547,25871621
2024-09-17 10:30:00-04:00,232.56500244140625,233.1699981689453,230.83999633789062,231.97500610351562,8639712
2024-09-17 11:30:00-04:00,231.96200561523438,232.67999267578125,229.02000427246094,230.125,7277710
2024-09-17 12:30:00-04:00,230.10009765625,230.27999877929688,228.39999389648438,229.60000610351562,6241089
2024-09-17 13:30:00-04:00,229.59039306640625,230.0399932861328,227.14999389648438,227.78269958496094,5796328
2024-09-17 14:30:00-04:00,227.79820251464844,228.0800018310547,226.5532989501953,228.05999755859375,5467111
2024-09-17 15:30:00-04:00,228.0800018310547,228.42999267578125,227.52999877929688,227.88999938964844,3758499
2024-09-18 09:30:00-04:00,231.16419982910156,231.61000061035156,227.1699981689453,229.33999633789062,17294703
2024-09-18 10:30:00-04:00,229.3419952392578,229.97000122070312,227.82000732421875,228.22999572753906,6642908
2024-09-18 11:30:00-04:00,228.22999572753906,229.05999755859375,226.8800048828125,228.89999389648438,6231170
2024-09-18 12:30:00-04:00,228.8802032470703,230.44000244140625,228.57000732421875,230.14010620117188,5622019
2024-09-18 13:30:00-04:00,230.16000366210938,234.49000549316406,229.5800018310547,233.3699951171875,13517844
2024-09-18 14:30:00-04:00,233.34230041503906,235.67999267578125,228.1999969482422,231.13499450683594,17851579
2024-09-18 15:30:00-04:00,231.2100067138672,231.81759643554688,227.0,227.1699981689453,7027035
2024-09-19 09:30:00-04:00,234.0,239.6999969482422,232.52999877929688,239.47000122070312,30542314
2024-09-19 10:30:00-04:00,239.75,242.1699981689453,238.60000610351562,241.77000427246094,16809932
2024-09-19 11:30:00-04:00,241.7899932861328,243.66000366210938,241.72999572753906,242.5904998779297,14071583
2024-09-19 12:30:00-04:00,242.5800018310547,243.97000122070312,242.0800018310547,243.32009887695312,8538148
2024-09-19 13:30:00-04:00,243.2899932861328,244.24000549316406,242.8101043701172,243.9405059814453,8398381
2024-09-19 14:30:00-04:00,243.94000244140625,243.99000549316406,241.75,242.83999633789062,9308653
2024-09-19 15:30:00-04:00,242.84500122070312,244.0,242.22999572753906,243.85000610351562,7799629
2024-09-20 09:30:00-04:00,241.0,243.99000549316406,238.24000549316406,239.72999572753906,29619455
2024-09-20 10:30:00-04:00,239.77999877929688,239.86000061035156,235.9199981689453,238.1300048828125,12228284
2024-09-20 11:30:00-04:00,238.13999938964844,240.74000549316406,237.88999938964844,238.94000244140625,13005500
2024-09-20 12:30:00-04:00,238.89999389648438,239.47000122070312,237.92999267578125,238.2100067138672,6152181
2024-09-20 13:30:00-04:00,238.19500732421875,239.36000061035156,237.5500030517578,237.79269409179688,5357697
2024-09-20 14:30:00-04:00,237.8000030517578,240.19000244140625,237.4600067138672,239.9199981689453,6719865
2024-09-20 15:30:00-04:00,239.8800048828125,240.639892578125,237.80999755859375,238.25999450683594,6503731
2024-09-23 09:30:00-04:00,242.63999938964844,248.47999572753906,241.9199981689453,247.83999633789062,27832749
2024-09-23 10:30:00-04:00,247.83999633789062,249.41000366210938,247.05999755859375,248.22999572753906,14512551
2024-09-23 11:30:00-04:00,248.22500610351562,249.99000549316406,247.80999755859375,247.8699951171875,9771836
2024-09-23 12:30:00-04:00,247.889892578125,248.5800018310547,247.2100067138672,247.69500732421875,7656411
2024-09-23 13:30:00-04:00,247.64999389648438,249.39999389648438,247.44000244140625,249.3000030517578,6012349
2024-09-23 14:30:00-04:00,249.31500244140625,249.72000122070312,248.22000122070312,249.26170349121094,6167178
2024-09-23 15:30:00-04:00,249.25999450683594,250.0,248.8751983642578,250.0,6683880
2024-09-24 09:30:00-04:00,254.14999389648438,257.19000244140625,250.50999450683594,250.67999267578125,36532474
2024-09-24 10:30:00-04:00,250.7050018310547,254.3094024658203,249.0500946044922,253.4600067138672,16710557
2024-09-24 11:30:00-04:00,253.49659729003906,253.56500244140625,251.4199981689453,252.27499389648438,8416260
2024-09-24 12:30:00-04:00,252.27499389648438,252.72999572753906,251.17010498046875,252.42999267578125,4728119
2024-09-24 13:30:00-04:00,252.44000244140625,253.13999938964844,251.9300994873047,252.35000610351562,4285282
2024-09-24 14:30:00-04:00,252.36500549316406,253.23350524902344,251.72000122070312,252.56500244140625,5247545
2024-09-24 15:30:00-04:00,252.58999633789062,254.53990173339844,252.4499969482422,254.3800048828125,5222841
2024-09-25 09:30:00-04:00,254.25,256.3500061035156,253.25,254.64230346679688,22972264
2024-09-25 10:30:00-04:00,254.67999267578125,256.29998779296875,254.00999450683594,254.02999877929688,9949335
2024-09-25 11:30:00-04:00,254.40330505371094,256.909912109375,254.40330505371094,255.5,8655725
2024-09-25 12:30:00-04:00,255.5019989013672,256.218994140625,254.4600067138672,256.110107421875,5891774
2024-09-25 13:30:00-04:00,256.135009765625,256.32000732421875,255.02999877929688,256.0539855957031,4411989
2024-09-25 14:30:00-04:00,255.88009643554688,256.5400085449219,255.71499633789062,256.2257080078125,4499070
2024-09-25 15:30:00-04:00,256.2200012207031,257.04998779296875,255.82000732421875,256.989990234375,4492211
2024-09-26 09:30:00-04:00,260.0,261.3598937988281,256.1499938964844,256.19000244140625,23097654
2024-09-26 10:30:00-04:00,256.4798889160156,256.4798889160156,251.52999877929688,254.2899932861328,16475579
2024-09-26 11:30:00-04:00,254.2899932861328,255.88999938964844,253.4499969482422,254.60000610351562,6558513
2024-09-26 12:30:00-04:00,254.6678924560547,254.9893035888672,252.4199981689453,253.28500366210938,4879488
2024-09-26 13:30:00-04:00,253.27999877929688,254.75,253.17999267578125,254.30999755859375,4169574
2024-09-26 14:30:00-04:00,254.32000732421875,254.63999938964844,252.58999633789062,253.74270629882812,4483708
2024-09-26 15:30:00-04:00,253.72999572753906,254.33999633789062,253.17999267578125,254.1699981689453,3156281
2024-09-27 09:30:00-04:00,258.0,259.1899108886719,254.42140197753906,254.80999755859375,19863135
2024-09-27 10:30:00-04:00,254.86000061035156,257.139892578125,254.27999877929688,256.7799072265625,8732267
2024-09-27 11:30:00-04:00,256.74560546875,259.8699951171875,256.3973083496094,258.989990234375,11030257
2024-09-27 12:30:00-04:00,258.96539306640625,259.7200012207031,257.8500061035156,258.7900085449219,6601464
2024-09-27 13:30:00-04:00,258.7699890136719,260.3299865722656,258.1499938964844,258.7298889160156,6919569
2024-09-27 14:30:00-04:00,258.7099914550781,260.69989013671875,258.20001220703125,260.639892578125,6582622
2024-09-27 15:30:00-04:00,260.6199951171875,260.69000244140625,259.81500244140625,260.4649963378906,5404942
2024-09-30 09:30:00-04:00,258.875,264.8599853515625,258.1000061035156,259.6300048828125,25611591
2024-09-30 10:30:00-04:00,259.6300048828125,260.2900085449219,256.80999755859375,259.489990234375,15520045
2024-09-30 11:30:00-04:00,259.70001220703125,261.4800109863281,258.2300109863281,260.71820068359375,7941888
2024-09-30 12:30:00-04:00,260.6513977050781,260.8999938964844,258.45001220703125,258.5199890136719,5519846
2024-09-30 13:30:00-04:00,258.4877014160156,260.29998779296875,255.77000427246094,256.8699035644531,7360994
2024-09-30 14:30:00-04:00,256.82000732421875,259.2300109863281,256.1000061035156,258.7200012207031,7236084
2024-09-30 15:30:00-04:00,258.6600036621094,261.8699951171875,258.25518798828125,261.6050109863281,6621084
2024-10-01 09:30:00-04:00,262.5,262.7820129394531,250.1300048828125,250.1300048828125,25533756
2024-10-01 10:30:00-04:00,250.13330078125,253.5,248.87939453125,252.24000549316406,16978550
2024-10-01 11:30:00-04:00,252.24000549316406,255.139892578125,251.8007049560547,255.0500030517578,8572712
2024-10-01 12:30:00-04:00,255.02999877929688,255.8365020751953,252.20010375976562,253.0800018310547,8220133
2024-10-01 13:30:00-04:00,253.05999755859375,259.0491027832031,253.0283966064453,258.6700134277344,11075585
2024-10-01 14:30:00-04:00,258.625,259.1499938964844,257.739990234375,258.0871887207031,7420032
2024-10-01 15:30:00-04:00,258.07000732421875,258.1300048828125,256.6300048828125,258.010009765625,5730920
2024-10-02 09:30:00-04:00,247.52999877929688,250.77000427246094,241.5,243.1699981689453,38780956
2024-10-02 10:30:00-04:00,243.18600463867188,248.8800048828125,242.66000366210938,248.72999572753906,14268476
2024-10-02 11:30:00-04:00,248.7790985107422,251.1584930419922,248.5131072998047,249.3406982421875,11706297
2024-10-02 12:30:00-04:00,249.375,249.37989807128906,247.14999389648438,248.5800018310547,7627881
2024-10-02 13:30:00-04:00,248.5500030517578,249.7198944091797,247.3101043701172,249.091796875,6499943
2024-10-02 14:30:00-04:00,249.1199951171875,250.02999877929688,248.631103515625,249.96009826660156,6095623
2024-10-02 15:30:00-04:00,249.97000122070312,250.07899475097656,247.89999389648438,248.98219299316406,5282195
2024-10-03 09:30:00-04:00,244.69500732421875,249.7899932861328,244.43600463867188,245.94000244140625,21382081
2024-10-03 10:30:00-04:00,245.95989990234375,246.5399932861328,242.77999877929688,243.6291961669922,13135874
2024-10-03 11:30:00-04:00,243.61000061035156,244.74989318847656,242.9199981689453,243.00050354003906,5960441
2024-10-03 12:30:00-04:00,243.0500030517578,243.1652069091797,238.91000366210938,240.24989318847656,13960846
2024-10-03 13:30:00-04:00,240.17630004882812,240.7899932861328,238.41000366210938,238.6999053955078,8476158
2024-10-03 14:30:00-04:00,238.66000366210938,239.94000244140625,237.8300018310547,238.92239379882812,7536081
2024-10-03 15:30:00-04:00,238.8699951171875,241.16000366210938,238.8300018310547,240.6999969482422,5814880
2024-10-04 09:30:00-04:00,246.6999969482422,249.75,244.5800018310547,247.2100067138672,27428791
2024-10-04 10:30:00-04:00,247.19000244140625,250.9600067138672,246.6199951171875,247.75,16976679
2024-10-04 11:30:00-04:00,247.74000549316406,247.74009704589844,244.6300048828125,247.30999755859375,13744876
2024-10-04 12:30:00-04:00,247.3300018310547,249.23989868164062,247.0500030517578,248.64999389648438,6664747
2024-10-04 13:30:00-04:00,248.64999389648438,249.8300018310547,248.023193359375,249.17999267578125,6514835
2024-10-04 14:30:00-04:00,249.14999389648438,249.9600067138672,248.30999755859375,249.89999389648438,5356741
2024-10-04 15:30:00-04:00,249.91000366210938,250.2799072265625,249.6199951171875,249.97999572753906,5204598
2024-10-07 09:30:00-04:00,248.99000549316406,249.8300018310547,244.86000061035156,246.5399932861328,19605808
2024-10-07 10:30:00-04:00,246.5229034423828,246.63999938964844,242.52000427246094,244.21499633789062,13689540
2024-10-07 11:30:00-04:00,244.18780517578125,245.5500030517578,243.91000366210938,244.88999938964844,5670203
2024-10-07 12:30:00-04:00,244.89999389648438,245.3800048828125,243.9199981689453,243.9499969482422,4273085
2024-10-07 13:30:00-04:00,243.94500732421875,244.3699951171875,243.14999389648438,243.72120666503906,4769743
2024-10-07 14:30:00-04:00,243.7100067138672,243.7169952392578,240.97500610351562,241.74000549316406,8212124
2024-10-07 15:30:00-04:00,241.77999877929688,241.9499053955078,240.72000122070312,240.83999633789062,5332823
2024-10-08 09:30:00-04:00,243.76499938964844,246.2100067138672,240.57000732421875,244.1566925048828,19201124
2024-10-08 10:30:00-04:00,244.16000366210938,245.4600067138672,242.6999969482422,243.88999938964844,8835004
2024-10-08 11:30:00-04:00,243.86599731445312,245.64999389648438,243.6999969482422,245.1699981689453,6695488
2024-10-08 12:30:00-04:00,245.16000366210938,245.75,244.16000366210938,244.31300354003906,5474689
2024-10-08 13:30:00-04:00,244.31500244140625,245.34410095214844,244.14999389648438,244.39019775390625,3377468
2024-10-08 14:30:00-04:00,244.3939971923828,245.49000549316406,244.07009887695312,244.4499969482422,4512834
2024-10-08 15:30:00-04:00,244.4320068359375,245.42999267578125,244.2899932861328,244.5500030517578,3517557
2024-10-09 09:30:00-04:00,243.82000732421875,246.77830505371094,239.50999450683594,246.2100067138672,22030750
2024-10-09 10:30:00-04:00,246.25999450683594,247.42999267578125,244.08999633789062,244.27239990234375,11634940
2024-10-09 11:30:00-04:00,244.30419921875,245.05979919433594,242.8000030517578,244.6533966064453,7096345
2024-10-09 12:30:00-04:00,244.6501007080078,245.44000244140625,244.2899932861328,244.31039428710938,5334639
2024-10-09 13:30:00-04:00,244.3000030517578,244.52999877929688,242.5500946044922,243.46200561523438,5846460
2024-10-09 14:30:00-04:00,243.45440673828125,243.4799041748047,241.13009643554688,241.47999572753906,7464040
2024-10-09 15:30:00-04:00,241.5500030517578,242.22000122070312,241.0,241.02999877929688,4324251
2024-10-10 09:30:00-04:00,241.80999755859375,242.3300018310547,232.33999633789062,238.41810607910156,31783416
2024-10-10 10:30:00-04:00,238.41990661621094,239.86990356445312,236.8000030517578,238.91250610351562,12130769
2024-10-10 11:30:00-04:00,238.8699951171875,242.16000366210938,238.1999969482422,241.08880615234375,10157536
2024-10-10 12:30:00-04:00,241.11300659179688,242.78990173339844,240.3300018310547,241.8000030517578,7407800
2024-10-10 13:30:00-04:00,241.79490661621094,242.3800048828125,240.10000610351562,241.23500061035156,6348454
2024-10-10 14:30:00-04:00,241.18150329589844,242.42999267578125,240.89999389648438,240.92999267578125,5534164
2024-10-10 15:30:00-04:00,240.93499755859375,241.0500030517578,238.25,238.74000549316406,6562096
2024-10-11 09:30:00-04:00,220.1199951171875,221.5800018310547,214.39999389648438,220.5157012939453,63796985
2024-10-11 10:30:00-04:00,220.52999877929688,223.33999633789062,219.02000427246094,219.57000732421875,20995799
2024-10-11 11:30:00-04:00,219.5800018310547,220.94000244140625,218.5,220.55999755859375,12426407
2024-10-11 12:30:00-04:00,220.55999755859375,220.58999633789062,219.57000732421875,220.00469970703125,8141065
2024-10-11 13:30:00-04:00,220.00999450683594,220.35000610351562,218.44009399414062,219.29989624023438,8272650
2024-10-11 14:30:00-04:00,219.3000030517578,219.5699005126953,218.5500030517578,218.97689819335938,7703340
2024-10-11 15:30:00-04:00,218.9600067138672,218.97000122070312,217.2519073486328,217.69009399414062,11839411
2024-10-14 09:30:00-04:00,220.15499877929688,221.91000366210938,213.74000549316406,216.82009887695312,38071963
2024-10-14 10:30:00-04:00,216.83999633789062,220.0,216.6699981689453,218.5399932861328,17023336
2024-10-14 11:30:00-04:00,218.51559448242188,219.89999389648438,218.25100708007812,219.5050048828125,6938041
2024-10-14 12:30:00-04:00,219.52000427246094,220.37989807128906,219.2010040283203,219.2899932861328,5967933
2024-10-14 13:30:00-04:00,219.27999877929688,220.0,219.02999877929688,219.7899932861328,4388865
2024-10-14 14:30:00-04:00,219.78500366210938,219.83999633789062,218.360107421875,218.96499633789062,5457972
2024-10-14 15:30:00-04:00,218.9600067138672,219.60989379882812,218.72000122070312,219.1501007080078,4912280
2024-10-15 09:30:00-04:00,220.0,224.25999450683594,219.33509826660156,219.92869567871094,26328427
2024-10-15 10:30:00-04:00,219.9149932861328,220.25990295410156,217.1199951171875,219.98800659179688,12225213
2024-10-15 11:30:00-04:00,219.9499969482422,221.27000427246094,219.16000366210938,220.55999755859375,6164379
2024-10-15 12:30:00-04:00,220.5399932861328,221.03990173339844,219.6699981689453,219.8260040283203,3869126
2024-10-15 13:30:00-04:00,219.80999755859375,220.5399932861328,219.6300048828125,220.17010498046875,3355625
2024-10-15 14:30:00-04:00,220.1649932861328,220.58999633789062,218.9499969482422,219.39999389648438,3726799
2024-10-15 15:30:00-04:00,219.44000244140625,219.6699981689453,218.75999450683594,219.6699981689453,3473042
2024-10-16 09:30:00-04:00,221.39999389648438,222.8199005126953,218.92999267578125,221.1649932861328,20003609
2024-10-16 10:30:00-04:00,221.1750030517578,221.3498992919922,219.64999389648438,219.88290405273438,7110851
2024-10-16 11:30:00-04:00,219.8820037841797,220.99000549316406,219.00999450683594,220.86990356445312,5687800
2024-10-16 12:30:00-04:00,220.89649963378906,221.41000366210938,220.22000122070312,221.0,3892389
2024-10-16 13:30:00-04:00,221.00100708007812,221.97000122070312,220.5800018310547,221.71499633789062,3565405
2024-10-16 14:30:00-04:00,221.6999969482422,222.22000122070312,221.11000061035156,221.47000122070312,4163025
2024-10-16 15:30:00-04:00,221.46389770507812,221.77999877929688,221.13999938964844,221.36000061035156,2810027
2024-10-17 09:30:00-04:00,221.38999938964844,221.5800018310547,217.89999389648438,219.4600067138672,18141641
2024-10-17 10:30:00-04:00,219.468994140625,220.4550018310547,218.89999389648438,219.52000427246094,6478016
2024-10-17 11:30:00-04:00,219.5399932861328,220.22000122070312,219.41009521484375,219.72000122070312,3849880
2024-10-17 12:30:00-04:00,219.7344970703125,221.12989807128906,219.05999755859375,221.08070373535156,4690009
2024-10-17 13:30:00-04:00,221.0511932373047,222.0800018310547,220.02000427246094,220.27000427246094,7359822
2024-10-17 14:30:00-04:00,220.2519989013672,220.6699981689453,219.8800048828125,220.0500030517578,3092418
2024-10-17 15:30:00-04:00,220.07000732421875,221.05999755859375,219.66000366210938,220.88999938964844,3380388
2024-10-18 09:30:00-04:00,220.72000122070312,221.94960021972656,219.22999572753906,220.24000549316406,17090920
2024-10-18 10:30:00-04:00,220.2200927734375,222.27999877929688,220.07000732421875,221.88400268554688,11168016
2024-10-18 11:30:00-04:00,221.88999938964844,222.0,220.63999938964844,221.4149932861328,4171515
2024-10-18 12:30:00-04:00,221.39999389648438,221.5800018310547,220.85000610351562,220.94500732421875,3759616
2024-10-18 13:30:00-04:00,220.94979858398438,221.61000061035156,220.83999633789062,221.35000610351562,2549461
2024-10-18 14:30:00-04:00,221.3699951171875,222.17999267578125,221.16070556640625,221.49000549316406,4764149
2024-10-18 15:30:00-04:00,221.49000549316406,221.49000549316406,220.44000244140625,220.71499633789062,3639006
2024-10-21 09:30:00-04:00,218.89999389648438,220.47999572753906,215.7259979248047,219.4031982421875,19608678
2024-10-21 10:30:00-04:00,219.41000366210938,220.0399932861328,217.52999877929688,217.77999877929688,7787934
2024-10-21 11:30:00-04:00,217.74000549316406,219.0,217.71670532226562,218.55999755859375,4468187
2024-10-21 12:30:00-04:00,218.5749969482422,218.72999572753906,217.85000610351562,218.2100067138672,2753522
2024-10-21 13:30:00-04:00,218.2100067138672,218.33999633789062,216.94000244140625,217.5399932861328,3804199
2024-10-21 14:30:00-04:00,217.50999450683594,218.11680603027344,217.5,217.86000061035156,3359088
2024-10-21 15:30:00-04:00,217.84010314941406,218.97000122070312,217.51010131835938,218.89999389648438,3389574
2024-10-22 09:30:00-04:00,217.0635986328125,217.85000610351562,215.83999633789062,216.68389892578125,13147497
2024-10-22 10:30:00-04:00,216.68499755859375,217.44000244140625,215.5500030517578,216.27999877929688,8018988
2024-10-22 11:30:00-04:00,216.3000030517578,216.42999267578125,215.25999450683594,215.57530212402344,4974738
2024-10-22 12:30:00-04:00,215.57000732421875,216.83999633789062,215.5,216.6999969482422,3976804
2024-10-22 13:30:00-04:00,216.6840057373047,218.1396026611328,216.39439392089844,217.73199462890625,4668562
2024-10-22 14:30:00-04:00,217.73500061035156,217.8800048828125,217.0,217.85499572753906,3186237
2024-10-22 15:30:00-04:00,217.85000610351562,218.1999969482422,217.52000427246094,217.91000366210938,2966370
2024-10-23 09:30:00-04:00,217.0749969482422,218.72000122070312,215.38999938964844,216.32000732421875,14735216
2024-10-23 10:30:00-04:00,216.2801055908203,216.6699981689453,214.6999969482422,214.77200317382812,7468268
2024-10-23 11:30:00-04:00,214.77000427246094,215.939697265625,214.77000427246094,214.80999755859375,4551521
2024-10-23 12:30:00-04:00,214.8000030517578,214.875,212.89999389648438,213.3800048828125,5983476
2024-10-23 13:30:00-04:00,213.3800048828125,213.77000427246094,212.11000061035156,213.60000610351562,7191665
2024-10-23 14:30:00-04:00,213.5863037109375,213.9600067138672,213.05999755859375,213.66990661621094,5146534
2024-10-23 15:30:00-04:00,213.67999267578125,214.74000549316406,213.52000427246094,213.55999755859375,5445301
2024-10-24 09:30:00-04:00,244.60000610351562,251.10000610351562,242.64999389648438,248.94000244140625,73391487
2024-10-24 10:30:00-04:00,248.94129943847656,254.28509521484375,248.86000061035156,254.1136932373047,25262449
2024-10-24 11:30:00-04:00,254.11000061035156,255.13999938964844,252.27999877929688,254.95989990234375,21752617
2024-10-24 12:30:00-04:00,254.9597930908203,257.989990234375,254.60009765625,256.8999938964844,18485256
2024-10-24 13:30:00-04:00,256.9100036621094,258.69000244140625,256.40008544921875,257.8500061035156,15696847
2024-10-24 14:30:00-04:00,257.82501220703125,260.3399963378906,257.5199890136719,259.9200134277344,17273735
2024-10-24 15:30:00-04:00,259.9200134277344,262.1199035644531,259.6000061035156,260.5400085449219,18507161
2024-10-25 09:30:00-04:00,255.99000549316406,269.44000244140625,255.32000732421875,267.4700012207031,58550919
2024-10-25 10:30:00-04:00,267.44110107421875,267.6300048828125,260.8500061035156,266.75799560546875,29439267
2024-10-25 11:30:00-04:00,266.7900085449219,268.0899963378906,265.2099914550781,267.4800109863281,16074164
2024-10-25 12:30:00-04:00,267.5150146484375,269.1400146484375,266.25,267.1700134277344,13280607
2024-10-25 13:30:00-04:00,267.1700134277344,268.05999755859375,264.55999755859375,266.7650146484375,13619679
2024-10-25 14:30:00-04:00,266.7619934082031,267.7099914550781,265.29998779296875,267.55999755859375,12657059
2024-10-25 15:30:00-04:00,267.510009765625,269.489990234375,267.2799987792969,269.110107421875,11250439
2024-10-28 09:30:00-04:00,269.876708984375,272.7799987792969,266.010009765625,271.989990234375,36117081
2024-10-28 10:30:00-04:00,271.989990234375,273.5360107421875,270.80999755859375,272.0,13501485
2024-10-28 11:30:00-04:00,272.05499267578125,272.25,269.25,270.25,10460370
2024-10-28 12:30:00-04:00,270.2499084472656,270.25,267.7200012207031,269.239990234375,10416846
2024-10-28 13:30:00-04:00,269.2900085449219,269.75,267.04998779296875,267.3399963378906,6205171
2024-10-28 14:30:00-04:00,267.3500061035156,267.4200134277344,263.5299987792969,264.4200134277344,13866012
2024-10-28 15:30:00-04:00,264.44000244140625,264.79998779296875,262.239990234375,262.6600036621094,7921676
2024-10-29 09:30:00-04:00,264.5450134277344,264.9800109863281,258.75,261.04998779296875,24343613
2024-10-29 10:30:00-04:00,261.08990478515625,262.9599914550781,257.42999267578125,259.8800048828125,14412690
2024-10-29 11:30:00-04:00,259.8699951171875,259.989990234375,256.8299865722656,257.3200988769531,10103830
2024-10-29 12:30:00-04:00,257.3688049316406,258.8999938964844,255.50999450683594,258.59149169921875,10834259
2024-10-29 13:30:00-04:00,258.6000061035156,259.5899963378906,257.70001220703125,259.1005859375,6432525
2024-10-29 14:30:00-04:00,259.09698486328125,259.739990234375,258.6300964355469,259.24029541015625,5177228
2024-10-29 15:30:00-04:00,259.2300109863281,259.8500061035156,258.0400085449219,259.3999938964844,4711000
2024-10-30 09:30:00-04:00,258.0350036621094,262.4599914550781,255.82009887695312,262.4100036621094,16915416
2024-10-30 10:30:00-04:00,262.3800048828125,263.3500061035156,260.760009765625,262.8599853515625,9871247
2024-10-30 11:30:00-04:00,262.8800048828125,263.30999755859375,260.3900146484375,261.0400085449219,6236988
2024-10-30 12:30:00-04:00,261.05999755859375,262.94989013671875,260.5633850097656,262.3399963378906,4185410
2024-10-30 13:30:00-04:00,262.385009765625,262.8627014160156,260.82501220703125,261.6700134277344,3888840
2024-10-30 14:30:00-04:00,261.6400146484375,262.6654052734375,259.0,259.5784912109375,4795475
2024-10-30 15:30:00-04:00,259.55999755859375,259.69000244140625,257.3900146484375,257.6499938964844,4722454
2024-10-31 09:30:00-04:00,258.0199890136719,259.75,252.64999389648438,254.5500030517578,19660364
2024-10-31 10:30:00-04:00,254.5500030517578,255.3800048828125,250.67999267578125,251.7899932861328,10176323
2024-10-31 11:30:00-04:00,251.77000427246094,253.29989624023438,251.0,252.85000610351562,6413528
2024-10-31 12:30:00-04:00,252.89999389648438,253.64999389648438,251.860107421875,252.635498046875,6132173
2024-10-31 13:30:00-04:00,252.58999633789062,252.81410217285156,249.6999969482422,250.27969360351562,6132932
2024-10-31 14:30:00-04:00,250.27000427246094,251.2198944091797,249.27999877929688,250.3101043701172,6172656
2024-10-31 15:30:00-04:00,250.32000732421875,251.5800018310547,249.4040069580078,249.7799072265625,4350029
2024-11-01 09:30:00-04:00,252.04299926757812,254.0,249.66000366210938,252.14669799804688,15793046
2024-11-01 10:30:00-04:00,252.1898956298828,253.4499969482422,250.63999938964844,252.6199951171875,7004714
2024-11-01 11:30:00-04:00,252.6320037841797,252.99000549316406,248.6999969482422,248.89999389648438,8360137
2024-11-01 12:30:00-04:00,248.92950439453125,249.2845001220703,246.6300048828125,248.54550170898438,8229630
2024-11-01 13:30:00-04:00,248.51010131835938,248.716796875,246.81179809570312,248.22500610351562,5199834
2024-11-01 14:30:00-04:00,248.1800994873047,249.5500030517578,247.4499969482422,249.16000366210938,4532592
2024-11-01 15:30:00-04:00,249.11500549316406,249.35989379882812,248.13999938964844,248.85000610351562,4072267
2024-11-04 09:30:00-05:00,244.50999450683594,246.9199981689453,238.8800048828125,246.27000427246094,24784421
2024-11-04 10:30:00-05:00,246.27000427246094,248.89999389648438,245.64010620117188,246.02000427246094,10813724
2024-11-04 11:30:00-05:00,246.00689697265625,246.25999450683594,243.41000366210938,244.58799743652344,9869888
2024-11-04 12:30:00-05:00,244.67999267578125,245.60000610351562,244.1999969482422,244.80990600585938,5064151
2024-11-04 13:30:00-05:00,244.80059814453125,245.2899932861328,243.5435028076172,243.72500610351562,4686767
2024-11-04 14:30:00-05:00,243.67999267578125,244.8300018310547,242.77000427246094,243.38999938964844,4669791
2024-11-04 15:30:00-05:00,243.35000610351562,243.39340209960938,241.89999389648438,242.83009338378906,4533775
2024-11-05 09:30:00-05:00,247.39999389648438,253.49989318847656,246.21009826660156,251.1230010986328,23729856
2024-11-05 10:30:00-05:00,251.1793975830078,252.27740478515625,250.36000061035156,251.9499969482422,8036269
2024-11-05 11:30:00-05:00,251.9499969482422,254.7100067138672,251.85000610351562,254.5240020751953,8140681
2024-11-05 12:30:00-05:00,254.50999450683594,254.92999267578125,253.86000061035156,254.14999389648438,4492670
2024-11-05 13:30:00-05:00,254.19000244140625,255.2799072265625,253.44009399414062,254.39999389648438,5454246
2024-11-05 14:30:00-05:00,254.39999389648438,254.57960510253906,251.3699951171875,252.1999969482422,7124220
2024-11-05 15:30:00-05:00,252.17999267578125,253.17999267578125,250.8300018310547,251.5,4887071
2024-11-06 09:30:00-05:00,283.093994140625,289.5899963378906,275.6199951171875,281.2179870605469,77672528
2024-11-06 10:30:00-05:00,281.32501220703125,285.44000244140625,279.8399963378906,284.5768127441406,19108884
2024-11-06 11:30:00-05:00,284.54998779296875,287.5,283.239990234375,287.4049987792969,14173521
2024-11-06 12:30:00-05:00,287.4100036621094,289.25,286.3299865722656,289.2300109863281,11722317
2024-11-06 13:30:00-05:00,289.2099914550781,289.3299865722656,284.7572021484375,287.83551025390625,12697249
2024-11-06 14:30:00-05:00,287.8299865722656,289.4200134277344,286.8699951171875,288.6549987792969,10707228
2024-11-06 15:30:00-05:00,288.65130615234375,289.418701171875,287.7200012207031,288.4700012207031,8385264
2024-11-07 09:30:00-05:00,288.8800048828125,297.0723876953125,285.5199890136719,296.8500061035156,37395667
2024-11-07 10:30:00-05:00,296.8258056640625,298.3500061035156,296.010009765625,297.6449890136719,17769457
2024-11-07 11:30:00-05:00,297.5400085449219,299.739990234375,297.1499938964844,298.5950012207031,13977388
2024-11-07 12:30:00-05:00,298.57501220703125,299.0,295.29998779296875,296.8799133300781,10132483
2024-11-07 13:30:00-05:00,296.80999755859375,298.989990234375,295.4700012207031,297.5971984863281,9903320
2024-11-07 14:30:00-05:00,297.6131896972656,299.6600036621094,296.2799987792969,297.5716857910156,12994813
2024-11-07 15:30:00-05:00,297.5899963378906,299.0,296.67999267578125,296.75,7662936
2024-11-08 09:30:00-05:00,299.1600036621094,314.9800109863281,297.6600036621094,314.5400085449219,51742915
2024-11-08 10:30:00-05:00,314.55999755859375,319.44000244140625,311.6000061035156,317.7300109863281,40138473
2024-11-08 11:30:00-05:00,317.760009765625,318.989990234375,314.92010498046875,317.29998779296875,17232778
2024-11-08 12:30:00-05:00,317.281005859375,321.8399963378906,316.6199951171875,321.1000061035156,17376207
2024-11-08 13:30:00-05:00,321.0400085449219,328.70001220703125,320.8800048828125,326.7099914550781,28924244
2024-11-08 14:30:00-05:00,326.65740966796875,326.7204895019531,316.70001220703125,319.0487060546875,27340838
2024-11-08 15:30:00-05:00,319.05999755859375,322.70001220703125,317.79010009765625,321.260009765625,12738949
2024-11-11 09:30:00-05:00,346.364990234375,350.7099914550781,336.510009765625,344.9258117675781,70028742
2024-11-11 10:30:00-05:00,344.8299865722656,357.5,343.28009033203125,356.4100036621094,31473089
2024-11-11 11:30:00-05:00,356.4049987792969,358.1050109863281,342.7500915527344,344.3800048828125,30261813
2024-11-11 12:30:00-05:00,344.34210205078125,346.9800109863281,336.0,340.6400146484375,21029605
2024-11-11 13:30:00-05:00,340.6099853515625,349.9100036621094,340.43011474609375,345.42999267578125,19152030
2024-11-11 14:30:00-05:00,345.3599853515625,348.010009765625,342.1499938964844,346.7648010253906,14550598
2024-11-11 15:30:00-05:00,346.7449951171875,350.760009765625,345.82000732421875,350.6231994628906,12455699
2024-11-12 09:30:00-05:00,342.5799865722656,345.8399963378906,335.29998779296875,339.6007080078125,49876702
2024-11-12 10:30:00-05:00,339.70001220703125,345.54998779296875,339.1099853515625,340.1499938964844,15686529
2024-11-12 11:30:00-05:00,340.48748779296875,340.6492919921875,330.42999267578125,332.7200012207031,18113302
2024-11-12 12:30:00-05:00,332.7900085449219,334.75,323.30999755859375,325.07000732421875,20777906
2024-11-12 13:30:00-05:00,325.07000732421875,332.75,325.0303955078125,331.69500732421875,17358829
2024-11-12 14:30:00-05:00,331.6549987792969,334.17999267578125,327.5,328.3399963378906,13354846
2024-11-12 15:30:00-05:00,328.3999938964844,329.67999267578125,326.1099853515625,328.2300109863281,10202923
2024-11-13 09:30:00-05:00,335.92498779296875,344.59991455078125,327.3999938964844,331.0150146484375,47601829
2024-11-13 10:30:00-05:00,331.04998779296875,331.79998779296875,322.5,328.9020080566406,22922032
2024-11-13 11:30:00-05:00,328.6549987792969,333.75,326.5799865722656,331.760009765625,13159569
2024-11-13 12:30:00-05:00,331.75,331.8099060058594,327.79998779296875,330.2799987792969,9385410
2024-11-13 13:30:00-05:00,330.2699890136719,330.7298889160156,326.95001220703125,327.0953063964844,8084491
2024-11-13 14:30:00-05:00,327.0907897949219,329.010009765625,324.2099914550781,329.0,10129458
2024-11-13 15:30:00-05:00,329.0,332.25,328.2500915527344,330.19000244140625,8949404
2024-11-14 09:30:00-05:00,327.6650085449219,329.9800109863281,316.2799987792969,319.42498779296875,33559892
2024-11-14 10:30:00-05:00,319.4200134277344,321.1899108886719,316.9400939941406,320.2605895996094,13944281
2024-11-14 11:30:00-05:00,320.3500061035156,323.3999938964844,317.20001220703125,318.9059143066406,12560870
2024-11-14 12:30:00-05:00,318.75,319.3699951171875,314.260009765625,314.58990478515625,15031308
2024-11-14 13:30:00-05:00,314.5199890136719,315.84368896484375,310.3699951171875,313.02740478515625,14898607
2024-11-14 14:30:00-05:00,312.95001220703125,316.2699890136719,311.5600891113281,316.0497131347656,11948782
2024-11-14 15:30:00-05:00,316.07000732421875,316.25,310.3879089355469,311.17999267578125,10015968
2024-11-15 09:30:00-05:00,310.8550109863281,320.6600036621094,309.2200012207031,314.2898864746094,39399744
2024-11-15 10:30:00-05:00,314.1300048828125,322.6000061035156,314.080810546875,322.3299865722656,17961911
2024-11-15 11:30:00-05:00,322.3699951171875,324.6799011230469,317.7799987792969,318.6449890136719,17095462
2024-11-15 12:30:00-05:00,318.6449890136719,320.8810119628906,316.739990234375,319.85009765625,10935571
2024-11-15 13:30:00-05:00,319.860107421875,320.0,316.489990234375,318.377197265625,7901058
2024-11-15 14:30:00-05:00,318.4049987792969,321.6000061035156,317.95001220703125,319.9302978515625,8956828
2024-11-15 15:30:00-05:00,320.0,322.07000732421875,318.6199951171875,320.8299865722656,6760851
2024-11-18 09:30:00-05:00,340.7200012207031,347.34100341796875,335.0299987792969,346.7049865722656,45067823
2024-11-18 10:30:00-05:00,346.6700134277344,348.5498962402344,340.7099914550781,340.8599853515625,16405429
2024-11-18 11:30:00-05:00,340.9150085449219,344.59991455078125,340.1199951171875,344.0600891113281,12282477
2024-11-18 12:30:00-05:00,344.10369873046875,344.3988037109375,337.79010009765625,338.9200134277344,11160004
2024-11-18 13:30:00-05:00,338.9200134277344,339.4599914550781,330.4700012207031,330.6400146484375,14066728
2024-11-18 14:30:00-05:00,330.70989990234375,336.20001220703125,330.010009765625,336.11749267578125,11239755
2024-11-18 15:30:00-05:00,336.04998779296875,339.5,335.25,338.8699951171875,8047540
2024-11-19 09:30:00-05:00,335.79998779296875,344.3999938964844,332.75,344.364990234375,27783154
2024-11-19 10:30:00-05:00,344.33349609375,347.3799133300781,341.7601013183594,344.8099060058594,17909631
2024-11-19 11:30:00-05:00,344.69000244140625,346.7598876953125,342.75,343.8736877441406,10289532
2024-11-19 12:30:00-05:00,343.8500061035156,346.3800048828125,343.25,346.2471008300781,6715220
2024-11-19 13:30:00-05:00,346.1402893066406,346.3599853515625,342.3999938964844,342.67010498046875,7782497
2024-11-19 14:30:00-05:00,342.7195129394531,345.3299865722656,341.0101013183594,344.45001220703125,9256726
2024-11-19 15:30:00-05:00,344.4549865722656,346.3699951171875,344.1000061035156,346.0,5225947
2024-11-20 09:30:00-05:00,344.5,346.59991455078125,335.8999938964844,337.1499938964844,22032580
2024-11-20 10:30:00-05:00,337.1099853515625,340.510009765625,334.29998779296875,335.1700134277344,10218814
2024-11-20 11:30:00-05:00,335.19989013671875,338.94989013671875,334.53009033203125,338.05999755859375,7153706
2024-11-20 12:30:00-05:00,338.05499267578125,341.1300048828125,337.1300048828125,340.989990234375,6241489
2024-11-20 13:30:00-05:00,340.9700012207031,341.2933044433594,337.4200134277344,338.4750061035156,5562958
2024-11-20 14:30:00-05:00,338.44000244140625,341.3800048828125,338.17999267578125,341.3399963378906,4442967
2024-11-20 15:30:00-05:00,341.3399963378906,342.70001220703125,339.8999938964844,341.94000244140625,5215486
2024-11-21 09:30:00-05:00,343.99969482421875,347.9898986816406,336.7799987792969,337.19000244140625,22500104
2024-11-21 10:30:00-05:00,337.2099914550781,342.33990478515625,335.2799987792969,341.6852111816406,10127900
2024-11-21 11:30:00-05:00,341.69000244140625,344.3399963378906,338.82000732421875,343.7200012207031,6708555
2024-11-21 12:30:00-05:00,343.739990234375,344.6000061035156,342.3700866699219,343.4202880859375,5045252
2024-11-21 13:30:00-05:00,343.3500061035156,343.79998779296875,339.8500061035156,341.5801086425781,4327782
2024-11-21 14:30:00-05:00,341.6099853515625,342.1000061035156,340.04998779296875,340.56878662109375,3782542
2024-11-21 15:30:00-05:00,340.6499938964844,340.6700134277344,338.1000061035156,339.54998779296875,3726938
2024-11-22 09:30:00-05:00,341.0849914550781,344.9800109863281,337.70001220703125,343.3951110839844,21004015
2024-11-22 10:30:00-05:00,343.489990234375,356.639892578125,343.056396484375,354.260498046875,26299071
2024-11-22 11:30:00-05:00,354.26190185546875,355.45989990234375,351.4200134277344,354.0,10263993
2024-11-22 12:30:00-05:00,354.0,355.75,351.4200134277344,351.4244079589844,8115961
2024-11-22 13:30:00-05:00,351.45001220703125,354.5,350.7300109863281,353.8999938964844,7002834
2024-11-22 14:30:00-05:00,353.8999938964844,354.75,351.3699951171875,351.989990234375,5882421
2024-11-22 15:30:00-05:00,351.93499755859375,353.7799987792969,351.5,352.6000061035156,5566854
2024-11-25 09:30:00-05:00,360.5249938964844,361.9200134277344,347.65008544921875,349.57989501953125,32041892
2024-11-25 10:30:00-05:00,349.29998779296875,354.6600036621094,347.75,353.7099914550781,10810060
2024-11-25 11:30:00-05:00,353.8800048828125,354.7453918457031,346.8244934082031,347.2699890136719,9132389
2024-11-25 12:30:00-05:00,347.20001220703125,351.3599853515625,345.6199951171875,350.0111083984375,7742336
2024-11-25 13:30:00-05:00,350.04998779296875,350.9700012207031,346.15008544921875,347.5,4605935
2024-11-25 14:30:00-05:00,347.45989990234375,347.7699890136719,344.56201171875,346.6700134277344,5474543
2024-11-25 15:30:00-05:00,346.6000061035156,347.44989013671875,338.20001220703125,338.44000244140625,9453909
2024-11-26 09:30:00-05:00,341.44500732421875,346.3900146484375,338.4700012207031,346.20989990234375,21704507
2024-11-26 10:30:00-05:00,346.0700988769531,346.9599914550781,341.2200012207031,342.3599853515625,8469165
2024-11-26 11:30:00-05:00,342.3599853515625,344.6499938964844,341.3500061035156,344.54998779296875,5524512
2024-11-26 12:30:00-05:00,344.510009765625,345.3900146484375,342.1099853515625,342.9100036621094,4722946
2024-11-26 13:30:00-05:00,343.01361083984375,343.3999938964844,336.85009765625,338.3399963378906,7149271
2024-11-26 14:30:00-05:00,338.3800048828125,339.7099914550781,337.1000061035156,338.0692138671875,5208815
2024-11-26 15:30:00-05:00,338.010009765625,338.6000061035156,335.6600036621094,338.25,4540067
2024-11-27 09:30:00-05:00,341.9700012207031,342.54998779296875,329.17999267578125,329.9100036621094,18443164
2024-11-27 10:30:00-05:00,329.8999938964844,332.2298889160156,326.5899963378906,331.4104919433594,14584184
2024-11-27 11:30:00-05:00,331.3800048828125,333.36810302734375,329.3800048828125,331.30999755859375,6468621
2024-11-27 12:30:00-05:00,331.3158874511719,333.1700134277344,330.30010986328125,331.7012023925781,4168409
2024-11-27 13:30:00-05:00,331.67999267578125,334.3800048828125,331.3699951171875,333.17999267578125,4343757
2024-11-27 14:30:00-05:00,333.1499938964844,334.0400085449219,332.3399963378906,333.2296142578125,3782426
2024-11-27 15:30:00-05:00,333.20001220703125,333.5,332.0799865722656,332.7900085449219,2908255
2024-11-29 09:30:00-05:00,336.2300109863281,342.17999267578125,334.65008544921875,340.82989501953125,14317807
2024-11-29 10:30:00-05:00,340.82989501953125,341.33990478515625,337.7200012207031,339.1564025878906,6914568
2024-11-29 11:30:00-05:00,339.17999267578125,341.2699890136719,338.60009765625,339.75,5332859
2024-12-02 09:30:00-05:00,352.5150146484375,358.7799987792969,352.0600891113281,356.5697021484375,25381960
2024-12-02 10:30:00-05:00,356.6199951171875,357.3800048828125,351.15008544921875,352.2799987792969,10986629
2024-12-02 11:30:00-05:00,352.3800048828125,357.1199951171875,352.2200927734375,356.0400085449219,7586284
2024-12-02 12:30:00-05:00,356.07000732421875,359.44000244140625,355.79998779296875,356.0398864746094,9059211
2024-12-02 13:30:00-05:00,355.99688720703125,357.4800109863281,355.3500061035156,355.9200134277344,5187242
2024-12-02 14:30:00-05:00,355.9200134277344,359.29998779296875,355.8399963378906,359.14990234375,5377244
2024-12-02 15:30:00-05:00,359.17999267578125,360.0,356.20001220703125,357.0896911621094,6477717
2024-12-03 09:30:00-05:00,351.57501220703125,355.67999267578125,349.5,350.5199890136719,18361997
2024-12-03 10:30:00-05:00,350.4800109863281,352.6700134277344,348.20001220703125,352.1405944824219,10022860
2024-12-03 11:30:00-05:00,352.0793151855469,352.3799133300781,349.0299987792969,349.44000244140625,5737949
2024-12-03 12:30:00-05:00,349.44000244140625,351.1300048828125,348.7699890136719,349.07000732421875,5518399
2024-12-03 13:30:00-05:00,349.07000732421875,350.29998779296875,348.3999938964844,349.3411865234375,4027301
2024-12-03 14:30:00-05:00,349.3695068359375,350.25,348.5780029296875,349.1099853515625,4405700
2024-12-03 15:30:00-05:00,349.05999755859375,351.6099853515625,348.2200012207031,351.3800048828125,4678868
2024-12-04 09:30:00-05:00,353.0400085449219,353.4200134277344,348.6000061035156,351.44000244140625,13835859
2024-12-04 10:30:00-05:00,351.4158020019531,354.82000732421875,350.86029052734375,352.5400085449219,8681717
2024-12-04 11:30:00-05:00,352.5415954589844,353.0,350.5700988769531,351.18499755859375,4831033
2024-12-04 12:30:00-05:00,351.1600036621094,352.4100036621094,350.7300109863281,352.19000244140625,3056693
2024-12-04 13:30:00-05:00,352.1099853515625,353.95001220703125,351.2106018066406,353.8399963378906,4001867
2024-12-04 14:30:00-05:00,353.8410949707031,355.37640380859375,352.8500061035156,354.6600036621094,4755775
2024-12-04 15:30:00-05:00,354.62420654296875,358.1000061035156,354.2601013183594,357.92999267578125,5587388
2024-12-05 09:30:00-05:00,359.8699951171875,374.3599853515625,359.51019287109375,373.8699951171875,31697068
2024-12-05 10:30:00-05:00,373.9100036621094,375.4100036621094,368.0199890136719,371.125,13248693
2024-12-05 11:30:00-05:00,371.1499938964844,371.82000732421875,368.16009521484375,371.0,6596355
2024-12-05 12:30:00-05:00,371.0299987792969,373.3399963378906,368.17999267578125,369.2699890136719,7188302
2024-12-05 13:30:00-05:00,369.17999267578125,371.8800048828125,366.510009765625,371.44500732421875,7380172
2024-12-05 14:30:00-05:00,371.4100036621094,372.70001220703125,369.6000061035156,369.6499938964844,6330246
2024-12-05 15:30:00-05:00,369.6578063964844,371.7099914550781,369.0,369.489990234375,4461613
2024-12-06 09:30:00-05:00,377.2699890136719,377.5199890136719,370.79998779296875,373.9621887207031,23231521
2024-12-06 10:30:00-05:00,373.9621887207031,376.3299865722656,373.3500061035156,376.2200012207031,8567674
2024-12-06 11:30:00-05:00,376.29998779296875,376.6400146484375,373.2200012207031,374.5,5983337
2024-12-06 12:30:00-05:00,374.5198974609375,376.6400146484375,373.0700988769531,376.1099853515625,5209473
2024-12-06 13:30:00-05:00,376.13330078125,377.3900146484375,375.60009765625,376.49920654296875,5608867
2024-12-06 14:30:00-05:00,376.4682922363281,383.2900085449219,376.1499938964844,382.8999938964844,11405018
2024-12-06 15:30:00-05:00,382.8599853515625,389.489990234375,382.739990234375,389.3800048828125,13133052
2024-12-09 09:30:00-05:00,397.04998779296875,404.79998779296875,387.5600891113281,388.19000244140625,36402843
2024-12-09 10:30:00-05:00,388.2200012207031,389.2300109863281,378.010009765625,383.07000732421875,19942362
2024-12-09 11:30:00-05:00,382.95001220703125,384.9700012207031,380.79998779296875,381.6700134277344,8249013
2024-12-09 12:30:00-05:00,381.7449951171875,387.0400085449219,380.7500915527344,386.6499938964844,6082359
2024-12-09 13:30:00-05:00,386.6444091796875,387.85321044921875,384.7900085449219,385.7398986816406,6458672
2024-12-09 14:30:00-05:00,385.6700134277344,386.84991455078125,382.5,382.9360046386719,6161068
2024-12-09 15:30:00-05:00,382.9700012207031,390.0,382.60009765625,389.8576965332031,7105069
2024-12-10 09:30:00-05:00,392.6050109863281,407.8179931640625,390.8500061035156,403.70001220703125,31986429
2024-12-10 10:30:00-05:00,403.70001220703125,407.32000732421875,398.0199890136719,403.3399963378906,13234722
2024-12-10 11:30:00-05:00,403.3299865722656,406.6221008300781,400.5,405.6026916503906,9767002
2024-12-10 12:30:00-05:00,405.5849914550781,409.19000244140625,405.0,408.0,10869131
2024-12-10 13:30:00-05:00,408.010009765625,409.72491455078125,406.1400146484375,409.19659423828125,7233379
2024-12-10 14:30:00-05:00,409.20001220703125,409.29998779296875,399.5400085449219,403.7500915527344,12038060
2024-12-10 15:30:00-05:00,403.88861083984375,403.9800109863281,400.40008544921875,400.8800964355469,6449924
2024-12-11 09:30:00-05:00,409.79998779296875,412.5299987792969,402.3800048828125,409.95001220703125,27166795
2024-12-11 10:30:00-05:00,409.9010009765625,413.9800109863281,408.6600036621094,412.6600036621094,14257537
2024-12-11 11:30:00-05:00,412.5899963378906,415.0,410.8500061035156,413.43499755859375,10219649
2024-12-11 12:30:00-05:00,413.3999938964844,417.8500061035156,412.41009521484375,417.3594055175781,10949668
2024-12-11 13:30:00-05:00,417.3517150878906,419.909912109375,415.1000061035156,419.8100891113281,9637165
2024-12-11 14:30:00-05:00,419.8471984863281,420.69000244140625,418.3760070800781,419.92010498046875,12189683
2024-12-11 15:30:00-05:00,419.9200134277344,424.8800048828125,419.70001220703125,424.7950134277344,10471218
2024-12-12 09:30:00-05:00,424.8399963378906,426.9200134277344,416.7900085449219,425.3500061035156,32023065
2024-12-12 10:30:00-05:00,425.3500061035156,429.2699890136719,423.20001220703125,424.0299987792969,14358417
2024-12-12 11:30:00-05:00,424.1499938964844,425.3800048828125,418.29998779296875,420.6099853515625,9349583
2024-12-12 12:30:00-05:00,420.57501220703125,423.8500061035156,420.2500915527344,423.364990234375,5220578
2024-12-12 13:30:00-05:00,423.30999755859375,423.75,416.5950012207031,417.9100036621094,7396682
2024-12-12 14:30:00-05:00,417.87548828125,420.5398864746094,415.0,415.5450134277344,8239143
2024-12-12 15:30:00-05:00,415.5201110839844,421.0,415.5201110839844,417.6899108886719,6517800
2024-12-13 09:30:00-05:00,420.0,430.3999938964844,415.7099914550781,428.5362854003906,25402222
2024-12-13 10:30:00-05:00,428.5350036621094,431.6000061035156,421.5299987792969,424.7892150878906,14522032
2024-12-13 11:30:00-05:00,424.8500061035156,427.9800109863281,424.1000061035156,426.8399963378906,7220360
2024-12-13 12:30:00-05:00,426.8207092285156,429.70001220703125,425.739990234375,428.6099853515625,6826269
2024-12-13 13:30:00-05:00,428.6098937988281,434.3500061035156,428.25,433.0,11331537
2024-12-13 14:30:00-05:00,433.0849914550781,433.69000244140625,428.8999938964844,430.3800048828125,7727495
2024-12-13 15:30:00-05:00,430.3699951171875,436.29998779296875,429.4200134277344,436.19000244140625,8592526
2024-12-16 09:30:00-05:00,441.13250732421875,447.4100036621094,436.1499938964844,445.375,32720825
2024-12-16 10:30:00-05:00,445.3280029296875,458.9700012207031,444.6650085449219,458.3900146484375,21194265
2024-12-16 11:30:00-05:00,458.3673095703125,460.5199890136719,454.1300964355469,458.2215881347656,12979498
2024-12-16 12:30:00-05:00,458.260009765625,461.45001220703125,455.7900085449219,459.2298889160156,10823358
2024-12-16 13:30:00-05:00,459.1099853515625,461.2799987792969,456.7699890136719,458.4706115722656,7478682
2024-12-16 14:30:00-05:00,458.5,461.8399963378906,457.75,460.739990234375,8910350
2024-12-16 15:30:00-05:00,460.739990234375,463.19000244140625,457.6600036621094,463.19000244140625,8822583
2024-12-17 09:30:00-05:00,476.114990234375,483.989990234375,463.57000732421875,472.67999267578125,48299703
2024-12-17 10:30:00-05:00,472.7749938964844,480.6799011230469,470.05999755859375,471.5950012207031,16589860
2024-12-17 11:30:00-05:00,471.6300048828125,474.6299133300781,457.5101013183594,469.2499084472656,19406324
2024-12-17 12:30:00-05:00,469.25,476.2799987792969,467.80010986328125,474.00048828125,9600255
2024-12-17 13:30:00-05:00,474.0268859863281,475.5799865722656,469.0,475.1289978027344,7902871
2024-12-17 14:30:00-05:00,475.2149963378906,479.8900146484375,474.2200012207031,477.34100341796875,10803083
2024-12-17 15:30:00-05:00,477.3999938964844,482.44989013671875,477.0299987792969,479.8500061035156,9189650
2024-12-18 09:30:00-05:00,466.3599853515625,475.7699890136719,461.1099853515625,474.8099060058594,29685114
2024-12-18 10:30:00-05:00,474.7919921875,480.8999938964844,473.20001220703125,480.2449951171875,12440270
2024-12-18 11:30:00-05:00,480.25,488.5398864746094,477.17999267578125,478.260009765625,16423557
2024-12-18 12:30:00-05:00,478.260009765625,480.1991882324219,474.3554992675781,475.293212890625,8038563
2024-12-18 13:30:00-05:00,475.28009033203125,477.489990234375,466.75,469.2200927734375,13196833
2024-12-18 14:30:00-05:00,469.2099914550781,473.489990234375,437.3800048828125,437.8349914550781,29522396
2024-12-18 15:30:00-05:00,438.010009765625,448.1799011230469,427.0199890136719,440.1300048828125,23440813
2024-12-19 09:30:00-05:00,451.9200134277344,456.3599853515625,437.260009765625,438.17999267578125,36683349
2024-12-19 10:30:00-05:00,438.206298828125,446.2799987792969,434.3999938964844,441.1000061035156,15310512
2024-12-19 11:30:00-05:00,440.9200134277344,441.7598876953125,420.55010986328125,423.3299865722656,15430713
2024-12-19 12:30:00-05:00,423.4898986816406,434.8598937988281,420.0199890136719,433.9659118652344,16688028
2024-12-19 13:30:00-05:00,433.7200012207031,439.3399963378906,430.4200134277344,432.37908935546875,11549345
2024-12-19 14:30:00-05:00,432.2301025390625,440.889892578125,429.3500061035156,438.9399108886719,9385961
2024-12-19 15:30:00-05:00,438.8800048828125,440.40899658203125,432.55010986328125,436.1499938964844,8248784
2024-12-20 09:30:00-05:00,425.5050048828125,434.95001220703125,417.6400146484375,434.3900146484375,38459637
2024-12-20 10:30:00-05:00,434.29998779296875,444.3999938964844,434.1199951171875,440.94500732421875,16389263
2024-12-20 11:30:00-05:00,441.05999755859375,445.3299865722656,436.79998779296875,443.2099914550781,9910183
2024-12-20 12:30:00-05:00,443.0799865722656,447.0799865722656,439.7001037597656,443.45001220703125,9485817
2024-12-20 13:30:00-05:00,443.4590148925781,444.8999938964844,434.6200866699219,437.7572021484375,9529711
2024-12-20 14:30:00-05:00,437.75,441.3900146484375,434.44000244140625,434.8999938964844,7880311
2024-12-20 15:30:00-05:00,435.239990234375,435.79998779296875,420.1099853515625,420.6000061035156,13446531
2024-12-23 09:30:00-05:00,430.9624938964844,432.79998779296875,416.7300109863281,424.92498779296875,25287333
2024-12-23 10:30:00-05:00,424.8880920410156,434.20001220703125,424.010009765625,431.9556884765625,11742888
2024-12-23 11:30:00-05:00,431.9100036621094,434.510009765625,427.3500061035156,430.6700134277344,8442878
2024-12-23 12:30:00-05:00,430.6300048828125,434.05999755859375,429.3736877441406,433.4090881347656,5213538
2024-12-23 13:30:00-05:00,433.25,434.1559143066406,431.6600036621094,433.7041015625,3973037
2024-12-23 14:30:00-05:00,433.7391052246094,433.96990966796875,425.8999938964844,427.8200988769531,6573133
2024-12-23 15:30:00-05:00,427.9700012207031,431.25,427.6400146484375,431.239990234375,4660080
2024-12-24 09:30:00-05:00,435.8900146484375,451.95001220703125,435.1400146484375,449.54998779296875,24164695
2024-12-24 10:30:00-05:00,449.5780944824219,453.6199951171875,447.70001220703125,452.67999267578125,11448959
2024-12-24 11:30:00-05:00,452.5199890136719,455.6299133300781,450.79998779296875,455.5129089355469,8169148
2024-12-26 09:30:00-05:00,465.1499938964844,465.32989501953125,451.90008544921875,461.7500915527344,28068141
2024-12-26 10:30:00-05:00,461.7500915527344,463.17999267578125,453.5799865722656,455.05999755859375,10984691
2024-12-26 11:30:00-05:00,455.1000061035156,458.1824951171875,454.25,454.56500244140625,9440945
2024-12-26 12:30:00-05:00,454.5000915527344,456.29998779296875,451.0199890136719,455.80718994140625,7123845
2024-12-26 13:30:00-05:00,455.8999938964844,456.20001220703125,451.0400085449219,452.5801086425781,6119837
2024-12-26 14:30:00-05:00,452.69000244140625,458.0899963378906,451.8699951171875,457.55889892578125,6128525
2024-12-26 15:30:00-05:00,457.6000061035156,459.1099853515625,453.55010986328125,453.9599914550781,5827891
2024-12-27 09:30:00-05:00,449.49798583984375,449.8900146484375,426.5,434.0,27887011
2024-12-27 10:30:00-05:00,434.0935974121094,439.32989501953125,431.5101013183594,439.1199951171875,12778866
2024-12-27 11:30:00-05:00,439.2099914550781,439.31060791015625,431.6611022949219,433.59149169921875,9442354
2024-12-27 12:30:00-05:00,433.6344909667969,434.8800048828125,432.0299987792969,432.66729736328125,5577900
2024-12-27 13:30:00-05:00,432.5899963378906,435.19989013671875,429.1300048828125,429.70001220703125,6448906
2024-12-27 14:30:00-05:00,429.5799865722656,432.94000244140625,429.5299987792969,430.3699951171875,6680487
2024-12-27 15:30:00-05:00,430.30999755859375,431.9800109863281,428.6000061035156,431.7056884765625,6684724
2024-12-30 09:30:00-05:00,419.20001220703125,426.69879150390625,415.75,418.54998779296875,24020380
2024-12-30 10:30:00-05:00,418.6600036621094,423.29998779296875,417.3900146484375,421.5299987792969,8439762
2024-12-30 11:30:00-05:00,421.59820556640625,424.9800109863281,420.0299987792969,421.2799987792969,7313898
2024-12-30 12:30:00-05:00,421.3500061035156,423.3800048828125,419.6600036621094,422.0801086425781,5352922
2024-12-30 13:30:00-05:00,422.05999755859375,423.9800109863281,421.2001037597656,423.8724060058594,4325167
2024-12-30 14:30:00-05:00,423.8699951171875,424.489990234375,420.1700134277344,420.2300109863281,4311231
2024-12-30 15:30:00-05:00,420.2200012207031,420.9800109863281,416.8999938964844,417.2799987792969,5142685
2024-12-31 09:30:00-05:00,423.7900085449219,427.92999267578125,413.6962890625,422.322998046875,21387015
2024-12-31 10:30:00-05:00,422.4607849121094,422.97198486328125,412.135009765625,412.8100891113281,9981665
2024-12-31 11:30:00-05:00,412.8100891113281,416.8299865722656,412.32000732421875,412.69000244140625,6753654
2024-12-31 12:30:00-05:00,412.5799865722656,414.3999938964844,408.5799865722656,411.42999267578125,8498384
2024-12-31 13:30:00-05:00,411.42999267578125,412.6899108886719,405.37030029296875,405.972900390625,6939054
2024-12-31 14:30:00-05:00,405.81060791015625,409.9200134277344,403.1199951171875,409.67999267578125,9094005
2024-12-31 15:30:00-05:00,409.5799865722656,409.9700012207031,402.5400085449219,403.6400146484375,7106612
2025-01-02 09:30:00-05:00,390.6596984863281,392.7298889160156,373.4100036621094,380.33660888671875,42082406
2025-01-02 10:30:00-05:00,380.2699890136719,382.7239990234375,376.25,382.5249938964844,15683322
2025-01-02 11:30:00-05:00,382.489990234375,386.1499938964844,378.3500061035156,378.67999267578125,9901739
2025-01-02 12:30:00-05:00,378.6752014160156,379.05999755859375,373.04998779296875,377.7099914550781,12269777
2025-01-02 13:30:00-05:00,377.6199951171875,380.32989501953125,374.8699951171875,377.227294921875,8053698
2025-01-02 14:30:00-05:00,377.3399963378906,380.1400146484375,375.989990234375,379.55499267578125,6878141
2025-01-02 15:30:00-05:00,379.614990234375,381.2432861328125,376.8800048828125,379.0299987792969,7405633
2025-01-03 09:30:00-05:00,381.6549987792969,389.95001220703125,379.45001220703125,384.7817077636719,24376852
2025-01-03 10:30:00-05:00,384.8399963378906,396.25,383.4700012207031,396.0,12176792
2025-01-03 11:30:00-05:00,395.8999938964844,396.94970703125,393.3299865722656,393.934814453125,9628204
2025-01-03 12:30:00-05:00,394.0,399.7699890136719,393.8299865722656,398.9849853515625,7634438
2025-01-03 13:30:00-05:00,398.9200134277344,406.5400085449219,397.7300109863281,404.8699951171875,12242793
2025-01-03 14:30:00-05:00,404.9599914550781,409.69000244140625,403.8999938964844,408.6300048828125,10659058
2025-01-03 15:30:00-05:00,408.55999755859375,411.8799133300781,407.92010498046875,410.7699890136719,8961596
2025-01-06 09:30:00-05:00,423.30999755859375,426.42999267578125,411.2001037597656,416.3399963378906,30530722
2025-01-06 10:30:00-05:00,416.4800109863281,418.1300048828125,407.95001220703125,411.1000061035156,12232787
2025-01-06 11:30:00-05:00,411.07501220703125,411.7398986816406,406.8800048828125,409.2200012207031,9043377
2025-01-06 12:30:00-05:00,409.2950134277344,410.9200134277344,405.16778564453125,406.6499938964844,6524079
2025-01-06 13:30:00-05:00,406.6639099121094,407.1199951171875,401.70001220703125,404.05999755859375,8214105
2025-01-06 14:30:00-05:00,403.96099853515625,407.9198913574219,402.1199951171875,407.5,6809279
2025-01-06 15:30:00-05:00,407.5299987792969,411.3699951171875,403.67120361328125,411.04998779296875,8253417
2025-01-07 09:30:00-05:00,405.80999755859375,414.3299865722656,395.3800048828125,396.572998046875,25474300
2025-01-07 10:30:00-05:00,396.6698913574219,400.0899963378906,391.20001220703125,398.79998779296875,13439365
2025-01-07 11:30:00-05:00,398.6300048828125,411.04998779296875,392.6499938964844,394.2200012207031,6701324
2025-01-07 12:30:00-05:00,394.17999267578125,398.95001220703125,392.9100036621094,398.4800109863281,5324015
2025-01-07 13:30:00-05:00,398.42291259765625,398.7398986816406,392.7200012207031,393.7099914550781,4972332
2025-01-07 14:30:00-05:00,393.6549987792969,394.6600036621094,390.7099914550781,391.07000732421875,6227239
2025-01-07 15:30:00-05:00,391.1600036621094,394.6199951171875,390.010009765625,394.5899963378906,7248405
2025-01-08 09:30:00-05:00,393.04998779296875,402.4999084472656,391.4100036621094,395.2200012207031,23220693
2025-01-08 10:30:00-05:00,395.2200012207031,398.46099853515625,392.94000244140625,394.3399963378906,8752129
2025-01-08 11:30:00-05:00,394.3399963378906,397.2699890136719,388.2099914550781,388.4700012207031,8024446
2025-01-08 12:30:00-05:00,388.5199890136719,399.6098937988281,387.4292907714844,398.7130126953125,9075245
2025-01-08 13:30:00-05:00,398.7831115722656,400.5158996582031,394.04998779296875,399.635986328125,7331717
2025-01-08 14:30:00-05:00,399.5400085449219,399.5400085449219,394.55999755859375,396.2850036621094,5651230
2025-01-08 15:30:00-05:00,396.2699890136719,397.8900146484375,394.5,395.0,5176233
2025-01-10 09:30:00-05:00,391.2225036621094,399.25,383.489990234375,390.0950012207031,21051200
2025-01-10 10:30:00-05:00,390.1462097167969,396.1499938964844,387.6000061035156,388.1413879394531,10050184
2025-01-10 11:30:00-05:00,388.0849914550781,391.9599914550781,387.0,391.46990966796875,5850880
2025-01-10 12:30:00-05:00,391.25,398.2998962402344,391.0899963378906,397.3599853515625,7338083
2025-01-10 13:30:00-05:00,397.5,397.7900085449219,393.67010498046875,395.760009765625,5234008
2025-01-10 14:30:00-05:00,395.8110046386719,396.95001220703125,393.1311950683594,393.9599914550781,4660858
2025-01-10 15:30:00-05:00,393.79998779296875,395.5,392.55999755859375,394.8599853515625,4549472
2025-01-13 09:30:00-05:00,383.2099914550781,392.45001220703125,380.07000732421875,385.94000244140625,19645872
2025-01-13 10:30:00-05:00,385.9599914550781,394.67999267578125,385.5679016113281,388.1199951171875,10187951
2025-01-13 11:30:00-05:00,388.1199951171875,396.3999938964844,387.1400146484375,395.9200134277344,7622337
2025-01-13 12:30:00-05:00,395.881591796875,397.5899963378906,393.6517028808594,395.07000732421875,6529460
2025-01-13 13:30:00-05:00,395.05499267578125,396.1643981933594,391.3999938964844,393.75,4858015
2025-01-13 14:30:00-05:00,393.6700134277344,395.25,392.0299987792969,392.54998779296875,4881889
2025-01-13 15:30:00-05:00,392.6199951171875,403.7900085449219,392.0199890136719,403.3699951171875,6910009
2025-01-14 09:30:00-05:00,414.44000244140625,422.6400146484375,411.5820007324219,412.5635986328125,28896801
2025-01-14 10:30:00-05:00,412.57000732421875,413.3800048828125,404.25,407.6698913574219,13148538
2025-01-14 11:30:00-05:00,407.510009765625,409.3598937988281,402.6700134277344,405.05120849609375,7535585
2025-01-14 12:30:00-05:00,405.09381103515625,408.989990234375,402.1600036621094,408.96600341796875,5906166
2025-01-14 13:30:00-05:00,408.989990234375,411.80999755859375,408.4548034667969,410.2349853515625,6549334
2025-01-14 14:30:00-05:00,410.2900085449219,412.0,396.0002136230469,398.2099914550781,11248331
2025-01-14 15:30:00-05:00,398.20001220703125,399.04998779296875,394.5400085449219,396.20001220703125,6661740
2025-01-15 09:30:00-05:00,409.8599853515625,418.95989990234375,405.6610107421875,417.510009765625,23833567
2025-01-15 10:30:00-05:00,417.4200134277344,418.04998779296875,412.3999938964844,417.0400085449219,10341253
2025-01-15 11:30:00-05:00,416.9800109863281,419.9299011230469,413.79998779296875,419.7933044433594,8290853
2025-01-15 12:30:00-05:00,419.7799987792969,420.79998779296875,416.8500061035156,420.7774963378906,6048870
2025-01-15 13:30:00-05:00,420.7850036621094,424.1000061035156,418.53009033203125,423.7550048828125,6762154
2025-01-15 14:30:00-05:00,423.6925048828125,427.8800048828125,422.79998779296875,426.80999755859375,9127865
2025-01-15 15:30:00-05:00,426.7701110839844,429.79998779296875,425.9027099609375,428.17999267578125,8770535
2025-01-16 09:30:00-05:00,423.489990234375,423.56500244140625,413.1099853515625,415.5400085449219,22667271
2025-01-16 10:30:00-05:00,415.55999755859375,417.1795959472656,412.6600036621094,415.5589904785156,9309354
2025-01-16 11:30:00-05:00,415.59991455078125,415.7799987792969,410.4801025390625,412.4549865722656,7562936
2025-01-16 12:30:00-05:00,412.489990234375,415.04998779296875,411.17999267578125,411.8500061035156,5152491
2025-01-16 13:30:00-05:00,411.81500244140625,412.5,409.1300048828125,412.1077880859375,6934036
2025-01-16 14:30:00-05:00,412.0799865722656,415.760009765625,411.54998779296875,413.50799560546875,6089881
2025-01-16 15:30:00-05:00,413.5596923828125,415.8800048828125,413.1499938964844,413.510009765625,5365340
2025-01-17 09:30:00-05:00,421.7200012207031,433.8599853515625,419.7701110839844,428.68341064453125,28440359
2025-01-17 10:30:00-05:00,428.87310791015625,434.17999267578125,425.7200012207031,433.8175048828125,12168112
2025-01-17 11:30:00-05:00,433.889892578125,436.7900085449219,431.5,436.40948486328125,9871888
2025-01-17 12:30:00-05:00,436.4049987792969,439.20001220703125,433.1099853515625,437.114990234375,9068816
2025-01-17 13:30:00-05:00,437.0899963378906,439.739990234375,437.05010986328125,438.43499755859375,7885874
2025-01-17 14:30:00-05:00,438.489990234375,438.95001220703125,428.6300048828125,428.7799987792969,12646921
2025-01-17 15:30:00-05:00,428.7699890136719,432.6300048828125,426.2300109863281,426.4800109863281,8389476
2025-01-21 09:30:00-05:00,432.80999755859375,432.9845886230469,406.30999755859375,412.375,32462885
2025-01-21 10:30:00-05:00,412.3800048828125,417.489990234375,411.2099914550781,415.0799865722656,12869537
2025-01-21 11:30:00-05:00,415.1300048828125,416.9508972167969,412.510009765625,415.9949951171875,7712153
2025-01-21 12:30:00-05:00,415.8999938964844,420.3299865722656,415.64300537109375,418.84991455078125,6966628
2025-01-21 13:30:00-05:00,418.7850036621094,421.29998779296875,416.6600036621094,418.1300048828125,6650715
2025-01-21 14:30:00-05:00,418.0799865722656,420.69000244140625,415.5101013183594,420.4949951171875,6224189
2025-01-21 15:30:00-05:00,420.41009521484375,424.659912109375,419.1199951171875,424.0799865722656,7706082
2025-01-22 09:30:00-05:00,416.7200012207031,428.0,416.10009765625,423.42999267578125,20498042
2025-01-22 10:30:00-05:00,423.3800048828125,424.2998962402344,419.5199890136719,422.5953063964844,8274875
2025-01-22 11:30:00-05:00,422.6070861816406,423.4049987792969,419.5899963378906,420.20001220703125,5236994
2025-01-22 12:30:00-05:00,420.17999267578125,424.1400146484375,419.6700134277344,421.29998779296875,5078701
2025-01-22 13:30:00-05:00,421.30499267578125,421.4465026855469,417.29010009765625,418.1300048828125,5653604
2025-01-22 14:30:00-05:00,418.20001220703125,419.8699951171875,417.55999755859375,417.6559143066406,4058835
2025-01-22 15:30:00-05:00,417.6499938964844,419.2200012207031,414.5899963378906,415.1000061035156,6017585
2025-01-23 09:30:00-05:00,415.989990234375,420.7300109863281,410.3500061035156,414.3900146484375,17747077
2025-01-23 10:30:00-05:00,414.3262023925781,416.239990234375,412.340087890625,413.2799987792969,6808481
2025-01-23 11:30:00-05:00,413.20001220703125,414.0989990234375,410.8299865722656,410.8800048828125,4739334
2025-01-23 12:30:00-05:00,410.8301086425781,412.7423095703125,408.95001220703125,412.3800048828125,5708842
2025-01-23 13:30:00-05:00,412.3800048828125,413.4100036621094,410.3999938964844,410.8900146484375,3767157
2025-01-23 14:30:00-05:00,411.04998779296875,411.68939208984375,409.3299865722656,410.4849853515625,4204113
2025-01-23 15:30:00-05:00,410.46990966796875,412.3800048828125,409.4200134277344,412.3699951171875,4244509
2025-01-24 09:30:00-05:00,414.39801025390625,418.010009765625,412.85980224609375,414.5498962402344,18437059
2025-01-24 10:30:00-05:00,414.5299987792969,416.4093933105469,411.7099914550781,413.510009765625,7437862
2025-01-24 11:30:00-05:00,413.3800964355469,415.69000244140625,410.8399963378906,411.3999938964844,5493396
2025-01-24 12:30:00-05:00,411.34100341796875,412.3800048828125,407.7699890136719,410.2099914550781,5829460
2025-01-24 13:30:00-05:00,410.2099914550781,410.6300048828125,407.2601013183594,407.95001220703125,5381502
2025-01-24 14:30:00-05:00,407.92498779296875,409.75,406.79998779296875,406.8500061035156,4577294
2025-01-24 15:30:00-05:00,406.92510986328125,407.8500061035156,405.7799987792969,406.5350036621094,4577762
2025-01-27 09:30:00-05:00,394.5320129394531,405.7598876953125,393.39300537109375,402.2749938964844,20392868
2025-01-27 10:30:00-05:00,402.2300109863281,406.6698913574219,398.6199951171875,399.2799987792969,7667701
2025-01-27 11:30:00-05:00,399.3299865722656,401.5075988769531,395.05010986328125,397.15478515625,5533368
2025-01-27 12:30:00-05:00,397.06500244140625,398.81988525390625,393.8399963378906,393.9534912109375,4460309
2025-01-27 13:30:00-05:00,393.9599914550781,397.32000732421875,393.4200134277344,396.4599914550781,4002206
2025-01-27 14:30:00-05:00,396.45001220703125,396.6098937988281,389.0,394.5,7026302
2025-01-27 15:30:00-05:00,394.5,397.45001220703125,392.3999938964844,397.05999755859375,4426955
2025-01-28 09:30:00-05:00,396.9100036621094,397.14990234375,386.5,393.04998779296875,13942036
2025-01-28 10:30:00-05:00,393.0799865722656,394.489990234375,387.510009765625,388.17999267578125,6949490
2025-01-28 11:30:00-05:00,388.1099853515625,394.2300109863281,387.4700012207031,393.5220031738281,5252923
2025-01-28 12:30:00-05:00,393.5199890136719,395.67999267578125,392.3500061035156,394.0342102050781,4123575
2025-01-28 13:30:00-05:00,394.1000061035156,396.5899963378906,392.42999267578125,396.3500061035156,3502718
2025-01-28 14:30:00-05:00,396.32000732421875,400.5899963378906,395.6099853515625,400.4100036621094,6238810
2025-01-28 15:30:00-05:00,400.29998779296875,400.30999755859375,397.34490966796875,398.1000061035156,3777704
2025-01-29 09:30:00-05:00,395.19000244140625,398.58990478515625,391.05169677734375,392.0400085449219,11559216
2025-01-29 10:30:00-05:00,392.05999755859375,393.70001220703125,389.4100036621094,389.7650146484375,5957156
2025-01-29 11:30:00-05:00,389.6639099121094,390.8999938964844,387.7348937988281,390.2550048828125,4995242
2025-01-29 12:30:00-05:00,390.2749938964844,391.510009765625,384.7200012207031,389.9989929199219,5691640
2025-01-29 13:30:00-05:00,389.9700012207031,390.55999755859375,385.05999755859375,385.05999755859375,4706590
2025-01-29 14:30:00-05:00,385.1099853515625,391.6899108886719,384.4800109863281,391.1400146484375,8361168
2025-01-29 15:30:00-05:00,391.2799987792969,391.8500061035156,386.8999938964844,388.0299987792969,5136360
2025-01-30 09:30:00-05:00,410.5,412.5,384.4100036621094,392.1300048828125,38277085
2025-01-30 10:30:00-05:00,392.3500061035156,397.29998779296875,388.9800109863281,397.114990234375,11751967
2025-01-30 11:30:00-05:00,397.07000732421875,401.17999267578125,395.80010986328125,399.1099853515625,9660590
2025-01-30 12:30:00-05:00,399.1199951171875,409.1000061035156,398.1650085449219,403.98748779296875,12022190
2025-01-30 13:30:00-05:00,403.8500061035156,406.2900085449219,401.30010986328125,404.1099853515625,6986207
2025-01-30 14:30:00-05:00,404.2049865722656,406.7445068359375,402.0400085449219,406.0277099609375,6968639
2025-01-30 15:30:00-05:00,405.8999938964844,407.5,398.9501037597656,400.4800109863281,7359961
2025-01-31 09:30:00-05:00,401.5150146484375,417.92999267578125,401.42498779296875,414.7785949707031,25170319
2025-01-31 10:30:00-05:00,414.6700134277344,418.44000244140625,413.8800048828125,415.0199890136719,9233301
2025-01-31 11:30:00-05:00,415.1419982910156,419.9800109863281,414.79998779296875,418.4599914550781,8663098
2025-01-31 12:30:00-05:00,418.54998779296875,419.805908203125,415.80999755859375,415.8970947265625,5981017
2025-01-31 13:30:00-05:00,415.8999938964844,416.95989990234375,407.29998779296875,408.5050048828125,12042768
2025-01-31 14:30:00-05:00,408.55938720703125,410.1499938964844,401.4400939941406,402.8500061035156,11400867
2025-01-31 15:30:00-05:00,402.7699890136719,405.3699951171875,402.25,404.5799865722656,6096507
2025-02-03 09:30:00-05:00,386.69000244140625,389.1700134277344,374.3900146484375,384.55999755859375,36603549
2025-02-03 10:30:00-05:00,384.4200134277344,389.1000061035156,382.2301025390625,384.29998779296875,14045165
2025-02-03 11:30:00-05:00,384.3037109375,387.1028137207031,379.29998779296875,379.4200134277344,10245819
2025-02-03 12:30:00-05:00,379.36749267578125,381.42999267578125,377.4100036621094,380.2807922363281,7289977
2025-02-03 13:30:00-05:00,380.385986328125,385.33990478515625,378.3299865722656,383.4664001464844,7021104
2025-02-03 14:30:00-05:00,383.489990234375,385.2991943359375,383.10540771484375,384.1900939941406,5588620
2025-02-03 15:30:00-05:00,384.3399963378906,385.06988525390625,381.3599853515625,383.8599853515625,5498643
2025-02-04 09:30:00-05:00,383.0,390.7300109863281,382.1300048828125,384.20001220703125,16974210
2025-02-04 10:30:00-05:00,384.2699890136719,386.5299987792969,381.3999938964844,383.4649963378906,7514180
2025-02-04 11:30:00-05:00,383.4624938964844,386.8999938964844,382.70001220703125,382.8599853515625,6459369
2025-02-04 12:30:00-05:00,382.95001220703125,387.45001220703125,382.67999267578125,386.82000732421875,4625665
2025-02-04 13:30:00-05:00,386.7799987792969,388.2298889160156,385.0799865722656,387.5398864746094,5080670
2025-02-04 14:30:00-05:00,387.4599914550781,389.9800109863281,385.5191955566406,389.80999755859375,6099070
2025-02-04 15:30:00-05:00,389.7799987792969,394.0,388.8700866699219,392.3999938964844,6908873
2025-02-05 09:30:00-05:00,387.510009765625,388.3900146484375,380.5199890136719,381.09991455078125,17273766
2025-02-05 10:30:00-05:00,380.9949951171875,384.4800109863281,380.0199890136719,382.29998779296875,7226674
2025-02-05 11:30:00-05:00,382.3240051269531,384.9560852050781,381.0199890136719,382.3299865722656,5334918
2025-02-05 12:30:00-05:00,382.3500061035156,382.8399963378906,380.04998779296875,380.4739990234375,4592583
2025-02-05 13:30:00-05:00,380.45001220703125,381.4800109863281,378.0,379.8971862792969,6455253
2025-02-05 14:30:00-05:00,379.8999938964844,380.2900085449219,377.5,377.8399963378906,5386645
2025-02-05 15:30:00-05:00,377.82000732421875,379.3500061035156,375.5299987792969,378.1700134277344,6869429
2025-02-06 09:30:00-05:00,373.1050109863281,375.3999938964844,363.17999267578125,367.57080078125,27724738
2025-02-06 10:30:00-05:00,367.7099914550781,369.14910888671875,363.8500061035156,366.0299987792969,11635831
2025-02-06 11:30:00-05:00,366.05499267578125,370.19000244140625,364.82000732421875,369.54010009765625,8413894
2025-02-06 12:30:00-05:00,369.5400085449219,371.7699890136719,368.3399963378906,371.7699890136719,6189988
2025-02-06 13:30:00-05:00,371.760009765625,374.0899963378906,369.80999755859375,370.1050109863281,7364740
2025-02-06 14:30:00-05:00,370.0899963378906,378.1700134277344,367.4200134277344,369.3599853515625,6654280
2025-02-06 15:30:00-05:00,369.42999267578125,374.32000732421875,369.4200134277344,374.30999755859375,6196275
2025-02-07 09:30:00-05:00,370.17999267578125,380.5458984375,369.1099853515625,372.30999755859375,20544879
2025-02-07 10:30:00-05:00,372.1600036621094,374.7699890136719,367.2799987792969,369.17669677734375,11276843
2025-02-07 11:30:00-05:00,369.17498779296875,370.25,366.30999755859375,368.7983093261719,7246299
2025-02-07 12:30:00-05:00,368.68450927734375,371.260009765625,367.55999755859375,369.5,4641968
2025-02-07 13:30:00-05:00,369.55419921875,370.0,363.4400939941406,363.86370849609375,6280189
2025-02-07 14:30:00-05:00,363.82000732421875,365.57000732421875,361.20001220703125,361.8699951171875,8026032
2025-02-07 15:30:00-05:00,361.8528137207031,362.8399963378906,360.3399963378906,361.489990234375,6786259
2025-02-10 09:30:00-05:00,356.239990234375,361.75,350.54998779296875,360.8999938964844,26149683
2025-02-10 10:30:00-05:00,360.9200134277344,362.6824951171875,358.6249084472656,360.7510070800781,9997298
2025-02-10 11:30:00-05:00,360.7449951171875,362.19989013671875,358.20001220703125,358.4696960449219,6630048
2025-02-10 12:30:00-05:00,358.4599914550781,361.3999938964844,357.6000061035156,359.9504089355469,5833230
2025-02-10 13:30:00-05:00,359.95001220703125,360.0,356.510009765625,357.6600036621094,5767250
2025-02-10 14:30:00-05:00,357.6400146484375,357.7300109863281,352.90008544921875,354.989990234375,8312971
2025-02-10 15:30:00-05:00,354.9800109863281,355.0,350.510009765625,350.6400146484375,8336029
2025-02-11 09:30:00-05:00,345.82501220703125,349.3699951171875,341.79998779296875,343.99029541015625,24873778
2025-02-11 10:30:00-05:00,343.92999267578125,345.1658020019531,335.7121887207031,337.3699951171875,18757988
2025-02-11 11:30:00-05:00,337.3299865722656,337.55999755859375,332.70001220703125,334.93499755859375,15643896
2025-02-11 12:30:00-05:00,335.0,335.05999755859375,329.1199951171875,329.69781494140625,13216361
2025-02-11 13:30:00-05:00,329.7298889160156,334.6000061035156,329.1499938964844,332.4849853515625,12201626
2025-02-11 14:30:00-05:00,332.4814147949219,332.7300109863281,326.1099853515625,326.41729736328125,14682047
2025-02-11 15:30:00-05:00,326.5299987792969,328.6499938964844,325.1000061035156,328.6400146484375,11779313
2025-02-12 09:30:00-05:00,329.9800109863281,339.3299865722656,329.1199951171875,338.3208923339844,35586318
2025-02-12 10:30:00-05:00,338.30999755859375,341.1600036621094,336.5199890136719,337.20001220703125,13170245
2025-02-12 11:30:00-05:00,337.20001220703125,343.70001220703125,337.1499938964844,343.360107421875,10429678
2025-02-12 12:30:00-05:00,343.3949890136719,345.6199951171875,342.69000244140625,344.92999267578125,9990698
2025-02-12 13:30:00-05:00,345.0199890136719,345.5799865722656,342.0799865722656,344.92999267578125,7854229
2025-02-12 14:30:00-05:00,344.9490051269531,346.3999938964844,343.9601135253906,345.81500244140625,7971880
2025-02-12 15:30:00-05:00,345.75,345.9798889160156,335.6600036621094,336.4599914550781,12397101
2025-02-13 09:30:00-05:00,345.0400085449219,355.839599609375,342.864990234375,354.92999267578125,28332106
2025-02-13 10:30:00-05:00,355.0,358.69000244140625,352.2200012207031,352.7550048828125,15808870
2025-02-13 11:30:00-05:00,352.75,352.97900390625,348.1700134277344,350.20001220703125,11211954
2025-02-13 12:30:00-05:00,350.19000244140625,352.34991455078125,348.4288024902344,350.4150085449219,7751443
2025-02-13 13:30:00-05:00,350.44000244140625,352.9849853515625,349.92999267578125,352.25,6714390
2025-02-13 14:30:00-05:00,352.25,355.07989501953125,351.78839111328125,355.0199890136719,6512988
2025-02-13 15:30:00-05:00,354.9800109863281,356.8999938964844,353.85009765625,356.0299987792969,7327935
2025-02-14 09:30:00-05:00,360.6199951171875,361.989990234375,351.6000061035156,352.4179992675781,23812203
2025-02-14 10:30:00-05:00,352.4798889160156,353.07000732421875,347.5,351.54998779296875,14124181
2025-02-14 11:30:00-05:00,351.54998779296875,352.739990234375,348.6200866699219,349.1099853515625,6574475
2025-02-14 12:30:00-05:00,349.1300048828125,351.84991455078125,348.8800048828125,351.2296142578125,4948936
2025-02-14 13:30:00-05:00,351.2217102050781,354.54998779296875,351.2001037597656,353.1400146484375,5499643
2025-02-14 14:30:00-05:00,353.1099853515625,356.17999267578125,352.30999755859375,355.8667907714844,5968838
2025-02-14 15:30:00-05:00,355.8299865722656,356.44000244140625,354.2799987792969,355.8999938964844,4756780
2025-02-18 09:30:00-05:00,355.2799987792969,359.1000061035156,352.54998779296875,353.94171142578125,19484469
2025-02-18 10:30:00-05:00,353.95001220703125,357.1499938964844,353.4599914550781,356.2550048828125,6364794
2025-02-18 11:30:00-05:00,356.1400146484375,357.1700134277344,353.79998779296875,354.4200134277344,4488174
2025-02-18 12:30:00-05:00,354.3999938964844,355.2598876953125,350.0199890136719,351.2900085449219,5938609
2025-02-18 13:30:00-05:00,351.29071044921875,353.468994140625,350.5,352.6700134277344,4616889
2025-02-18 14:30:00-05:00,352.67999267578125,354.6700134277344,352.3660888671875,352.760009765625,3772401
2025-02-18 15:30:00-05:00,352.760009765625,354.3299865722656,352.3299865722656,354.04998779296875,3271751
2025-02-19 09:30:00-05:00,353.9700012207031,367.3399963378906,353.7349853515625,363.32000732421875,23980440
2025-02-19 10:30:00-05:00,363.3299865722656,364.2499084472656,359.1400146484375,359.96600341796875,9909197
2025-02-19 11:30:00-05:00,359.9100036621094,365.1376953125,358.260009765625,364.60760498046875,8911581
2025-02-19 12:30:00-05:00,364.6242980957031,364.639892578125,361.590087890625,362.8699951171875,4999031
2025-02-19 13:30:00-05:00,362.9599914550781,364.25,359.6499938964844,362.55499267578125,5514769
2025-02-19 14:30:00-05:00,362.4599914550781,363.3399963378906,357.8699951171875,358.1091003417969,5095267
2025-02-19 15:30:00-05:00,358.0899963378906,361.94000244140625,357.35089111328125,360.6000061035156,4928309
2025-02-20 09:30:00-05:00,361.5400085449219,362.29998779296875,348.0,352.14410400390625,18238926
2025-02-20 10:30:00-05:00,352.05999755859375,354.2799987792969,349.79998779296875,354.19500732421875,7417614
2025-02-20 11:30:00-05:00,354.2300109863281,354.95001220703125,352.6000061035156,353.8999938964844,4266175
2025-02-20 12:30:00-05:00,353.9175109863281,355.32989501953125,351.67999267578125,353.4544982910156,3327636
2025-02-20 13:30:00-05:00,353.42999267578125,353.6499938964844,352.3609924316406,352.9800109863281,2440689
2025-02-20 14:30:00-05:00,352.9200134277344,354.7300109863281,350.8999938964844,353.70001220703125,3939279
2025-02-20 15:30:00-05:00,353.6451110839844,354.8799133300781,352.75,354.3800048828125,2811368
2025-02-21 09:30:00-05:00,353.1600036621094,354.9800109863281,348.610107421875,348.6499938964844,12870148
2025-02-21 10:30:00-05:00,348.6029052734375,348.69000244140625,344.80999755859375,346.0899963378906,10776053
2025-02-21 11:30:00-05:00,346.0400085449219,346.29998779296875,340.1017150878906,340.8900146484375,9198838
2025-02-21 12:30:00-05:00,340.8960876464844,341.2699890136719,337.2109069824219,340.1180114746094,9258720
2025-02-21 13:30:00-05:00,340.1400146484375,342.77911376953125,335.40008544921875,335.6513977050781,8243187
2025-02-21 14:30:00-05:00,335.6300048828125,338.7900085449219,334.4200134277344,336.4049987792969,9707201
2025-02-21 15:30:00-05:00,336.4200134277344,338.25,334.9200134277344,337.5400085449219,7027669
2025-02-24 09:30:00-05:00,338.1000061035156,342.3973083496094,324.70001220703125,326.6000061035156,30995350
2025-02-24 10:30:00-05:00,326.6000061035156,334.20001220703125,326.5,333.8399963378906,9822524
2025-02-24 11:30:00-05:00,333.8891906738281,338.9588928222656,331.8399963378906,337.0299987792969,8532793
2025-02-24 12:30:00-05:00,337.0899963378906,338.8800048828125,335.8999938964844,338.3999938964844,5038472
2025-02-24 13:30:00-05:00,338.3999938964844,338.54998779296875,333.3399963378906,333.4104919433594,5140634
2025-02-24 14:30:00-05:00,333.43499755859375,335.6000061035156,331.7300109863281,331.8680114746094,5546074
2025-02-24 15:30:00-05:00,331.8599853515625,333.6000061035156,329.8900146484375,330.3800048828125,5350028
2025-02-25 09:30:00-05:00,327.1300048828125,327.45001220703125,305.3900146484375,306.3699951171875,37458260
2025-02-25 10:30:00-05:00,306.44000244140625,308.760009765625,300.1099853515625,301.30999755859375,27200545
2025-02-25 11:30:00-05:00,301.3399963378906,306.4656982421875,298.7799987792969,303.4200134277344,17005802
2025-02-25 12:30:00-05:00,303.4949951171875,306.3699951171875,301.9599914550781,302.3699951171875,10123536
2025-02-25 13:30:00-05:00,302.3999938964844,304.2980041503906,297.2511901855469,298.30499267578125,11817592
2025-02-25 14:30:00-05:00,298.30499267578125,304.04998779296875,298.16009521484375,302.70001220703125,12451411
2025-02-25 15:30:00-05:00,302.67999267578125,303.739990234375,298.3500061035156,302.489990234375,10453529
2025-02-26 09:30:00-05:00,303.7149963378906,309.0,294.2301025390625,295.25,26876505
2025-02-26 10:30:00-05:00,295.29998779296875,301.0,295.29998779296875,298.781005859375,14767907
2025-02-26 11:30:00-05:00,298.7799987792969,302.260009765625,297.7502136230469,300.67999267578125,8179642
2025-02-26 12:30:00-05:00,300.6400146484375,301.29998779296875,293.4200134277344,293.4374084472656,10463098
2025-02-26 13:30:00-05:00,293.4396057128906,294.8999938964844,289.4100036621094,290.25,13888438
2025-02-26 14:30:00-05:00,290.25,292.6300048828125,288.0802001953125,289.01959228515625,11429741
2025-02-26 15:30:00-05:00,289.0,292.67999267578125,288.0400085449219,290.8900146484375,8686402
2025-02-27 09:30:00-05:00,291.0,297.2300109863281,280.8800048828125,293.3599853515625,34451993
2025-02-27 10:30:00-05:00,293.32000732421875,293.5199890136719,285.8500061035156,288.3999938964844,13645607
2025-02-27 11:30:00-05:00,288.5174865722656,289.19000244140625,284.3399963378906,285.95001220703125,8878072
2025-02-27 12:30:00-05:00,286.0,291.6698913574219,284.69000244140625,291.30999755859375,9536680
2025-02-27 13:30:00-05:00,291.3299865722656,291.82440185546875,284.6300048828125,284.93890380859375,8688742
2025-02-27 14:30:00-05:00,284.95001220703125,285.92999267578125,281.5,281.9299011230469,12162673
2025-02-27 15:30:00-05:00,281.92999267578125,284.6600036621094,281.2699890136719,281.9599914550781,7161280
2025-02-28 09:30:00-05:00,279.4599914550781,292.55999755859375,273.6000061035156,292.35260009765625,38676673
2025-02-28 10:30:00-05:00,292.3949890136719,293.0,287.42279052734375,287.94000244140625,14240424
2025-02-28 11:30:00-05:00,287.8901062011719,291.92999267578125,287.2001037597656,290.2699890136719,8115386
2025-02-28 12:30:00-05:00,290.239990234375,290.8489074707031,281.3500061035156,286.1199951171875,11343881
2025-02-28 13:30:00-05:00,286.05999755859375,287.4800109863281,282.80999755859375,285.9150085449219,8862670
2025-02-28 14:30:00-05:00,285.9100036621094,293.39691162109375,285.17999267578125,293.26220703125,12087085
2025-02-28 15:30:00-05:00,293.260009765625,293.6099853515625,288.8900146484375,293.30999755859375,9464073
2025-03-03 09:30:00-05:00,300.36749267578125,303.94000244140625,291.70001220703125,300.7300109863281,35304647
2025-03-03 10:30:00-05:00,300.7799987792969,301.69000244140625,294.8599853515625,298.94500732421875,12487012
2025-03-03 11:30:00-05:00,298.989990234375,302.47900390625,297.44110107421875,298.4800109863281,10050129
2025-03-03 12:30:00-05:00,298.4849853515625,298.69989013671875,285.0299987792969,285.4150085449219,16508753
2025-03-03 13:30:00-05:00,285.5086975097656,289.8089904785156,284.7099914550781,286.42498779296875,10088160
2025-03-03 14:30:00-05:00,286.42498779296875,290.260009765625,279.05999755859375,280.0924072265625,13903470
2025-03-03 15:30:00-05:00,280.05999755859375,284.9800109863281,277.29998779296875,284.7799987792969,10701428
2025-03-04 09:30:00-05:00,270.79998779296875,278.2799987792969,261.840087890625,265.6099853515625,43130221
2025-03-04 10:30:00-05:00,265.57000732421875,267.81561279296875,262.0751953125,262.760498046875,14951434
2025-03-04 11:30:00-05:00,262.67999267578125,273.010009765625,262.6117858886719,271.9891052246094,13398335
2025-03-04 12:30:00-05:00,271.9100036621094,274.45001220703125,268.6600036621094,271.135986328125,11449807
2025-03-04 13:30:00-05:00,271.1075134277344,281.489990234375,270.1199951171875,279.1600036621094,12348615
2025-03-04 14:30:00-05:00,279.239990234375,284.3299865722656,277.67999267578125,283.0299987792969,12299820
2025-03-04 15:30:00-05:00,282.9549865722656,283.31988525390625,270.33099365234375,272.0,12383747
2025-03-05 09:30:00-05:00,272.9599914550781,278.2698974609375,267.7099914550781,270.239990234375,30324652
2025-03-05 10:30:00-05:00,270.25,274.4599914550781,268.79998779296875,270.6000061035156,12730856
2025-03-05 11:30:00-05:00,270.54998779296875,274.1488952636719,268.0,273.18670654296875,10689026
2025-03-05 12:30:00-05:00,273.12750244140625,276.05999755859375,271.0,272.431884765625,9153503
2025-03-05 13:30:00-05:00,272.375,279.1600036621094,271.20001220703125,276.9800109863281,9379582
2025-03-05 14:30:00-05:00,277.0,278.139892578125,273.5199890136719,276.82000732421875,8850682
2025-03-05 15:30:00-05:00,276.739990234375,279.5400085449219,275.260009765625,279.260009765625,7015030
2025-03-06 09:30:00-05:00,272.0,272.1180114746094,264.3999938964844,270.6925048828125,26702168
2025-03-06 10:30:00-05:00,270.69500732421875,272.6499938964844,267.5799865722656,269.30999755859375,11485501
2025-03-06 11:30:00-05:00,269.3299865722656,271.239501953125,262.8500061035156,263.29998779296875,12655085
2025-03-06 12:30:00-05:00,263.3399963378906,264.7300109863281,261.7699890136719,262.95001220703125,9098353
2025-03-06 13:30:00-05:00,263.0,263.55029296875,260.0199890136719,260.55999755859375,10864097
2025-03-06 14:30:00-05:00,260.45001220703125,266.6099853515625,260.0199890136719,261.1650085449219,12802598
2025-03-06 15:30:00-05:00,261.1700134277344,264.3399963378906,260.54998779296875,263.42999267578125,8703774
2025-03-07 09:30:00-05:00,259.2749938964844,266.2499084472656,259.090087890625,260.9493103027344,26537801
2025-03-07 10:30:00-05:00,260.8999938964844,261.6000061035156,254.30999755859375,254.38999938964844,15854379
2025-03-07 11:30:00-05:00,254.4199981689453,256.0950012207031,250.72999572753906,256.0400085449219,15145976
2025-03-07 12:30:00-05:00,256.0899963378906,262.8699951171875,254.89999389648438,260.2049865722656,13885689
2025-03-07 13:30:00-05:00,260.2699890136719,264.2684020996094,259.6715087890625,263.1217956542969,9663231
2025-03-07 14:30:00-05:00,263.1499938964844,263.56939697265625,259.2300109863281,261.68609619140625,9220298
2025-03-07 15:30:00-05:00,261.5199890136719,263.5,258.4599914550781,262.6300048828125,8113262
2025-03-10 09:30:00-04:00,252.60000610351562,253.3699951171875,238.88999938964844,239.72999572753906,40927577
2025-03-10 10:30:00-04:00,239.91000366210938,241.49000549316406,237.60000610351562,240.16000366210938,19495395
2025-03-10 11:30:00-04:00,240.14999389648438,243.1092987060547,233.8000946044922,234.3000030517578,20551680
2025-03-10 12:30:00-04:00,234.3300018310547,234.94949340820312,225.58999633789062,227.0500030517578,27825802
2025-03-10 13:30:00-04:00,227.15989685058594,228.85000610351562,224.1300048828125,225.99920654296875,18614538
2025-03-10 14:30:00-04:00,226.02999877929688,227.10000610351562,220.85049438476562,221.5800018310547,23296862
2025-03-10 15:30:00-04:00,221.57000732421875,224.8000030517578,220.19000244140625,222.0800018310547,21582826
2025-03-11 09:30:00-04:00,225.2700958251953,236.2895965576172,222.0,222.6501007080078,58854090
2025-03-11 10:30:00-04:00,222.60000610351562,230.98989868164062,218.02999877929688,228.39999389648438,29364038
2025-03-11 11:30:00-04:00,228.38999938964844,232.6999969482422,225.91000366210938,228.23500061035156,16280892
2025-03-11 12:30:00-04:00,228.3300018310547,230.4499053955078,223.5500030517578,223.80999755859375,12475120
2025-03-11 13:30:00-04:00,223.75,234.44000244140625,223.5800018310547,233.22799682617188,15121712
2025-03-11 14:30:00-04:00,233.1699981689453,237.0648956298828,230.82000732421875,232.6820068359375,20248023
2025-03-11 15:30:00-04:00,232.72999572753906,234.99000549316406,229.6199951171875,230.5,11862356
2025-03-12 09:30:00-04:00,247.27000427246094,251.69000244140625,244.3000030517578,246.89500427246094,50358750
2025-03-12 10:30:00-04:00,247.0,247.36000061035156,241.10000610351562,244.8206024169922,21409822
2025-03-12 11:30:00-04:00,244.8800048828125,249.97999572753906,244.52999877929688,249.3000030517578,13996209
2025-03-12 12:30:00-04:00,249.30999755859375,251.83999633789062,247.39999389648438,250.23989868164062,13689525
2025-03-12 13:30:00-04:00,250.1199951171875,251.10000610351562,245.75,249.36990356445312,11225241
2025-03-12 14:30:00-04:00,249.42999267578125,249.82000732421875,247.4499969482422,247.70350646972656,9348190
2025-03-12 15:30:00-04:00,247.75999450683594,248.3800048828125,245.97999572753906,248.27999877929688,10404480
2025-03-13 09:30:00-04:00,248.125,248.2899932861328,234.0,239.4600067138672,40937913
2025-03-13 10:30:00-04:00,239.4774932861328,240.6999969482422,235.6999969482422,236.14999389648438,14679164
2025-03-13 11:30:00-04:00,236.1300048828125,236.44000244140625,233.52999877929688,235.3699951171875,12748608
2025-03-13 12:30:00-04:00,235.39999389648438,238.49000549316406,234.60009765625,236.07000732421875,10729898
2025-03-13 13:30:00-04:00,236.0399932861328,241.33999633789062,235.4499969482422,240.7100067138672,10646258
2025-03-13 14:30:00-04:00,240.75,242.60000610351562,239.27000427246094,239.7100067138672,10381525
2025-03-13 15:30:00-04:00,239.89999389648438,240.92999267578125,238.1510009765625,240.69000244140625,7160974
2025-03-14 09:30:00-04:00,247.30999755859375,250.639892578125,240.74000549316406,241.0399932861328,30773216
2025-03-14 10:30:00-04:00,241.1300048828125,248.72999572753906,240.8800048828125,248.5950927734375,15845456
2025-03-14 11:30:00-04:00,248.5800018310547,249.75999450683594,246.410400390625,246.80999755859375,12018596
2025-03-14 12:30:00-04:00,246.7899932861328,249.66000366210938,246.42149353027344,247.981201171875,8209748
2025-03-14 13:30:00-04:00,247.99000549316406,249.89999389648438,247.4199981689453,249.10000610351562,7760011
2025-03-14 14:30:00-04:00,249.11500549316406,251.5800018310547,248.0,248.49000549316406,11058332
2025-03-14 15:30:00-04:00,248.50999450683594,250.32989501953125,247.7899932861328,249.98049926757812,8356801
2025-03-17 09:30:00-04:00,244.97000122070312,245.01499938964844,237.1999969482422,237.33799743652344,30737986
2025-03-17 10:30:00-04:00,237.34500122070312,240.44000244140625,234.39999389648438,235.60000610351562,18107269
2025-03-17 11:30:00-04:00,235.60000610351562,236.1300048828125,233.02000427246094,233.3699951171875,14003139
2025-03-17 12:30:00-04:00,233.39999389648438,236.7093963623047,232.8000946044922,236.35499572753906,10683442
2025-03-17 13:30:00-04:00,236.35569763183594,239.32000732421875,235.79010009765625,239.2949981689453,10663875
2025-03-17 14:30:00-04:00,239.2899932861328,240.4199981689453,237.27999877929688,237.45010375976562,10107467
2025-03-17 15:30:00-04:00,237.4499969482422,239.89999389648438,237.14059448242188,237.8000030517578,7704728
2025-03-18 09:30:00-04:00,228.19000244140625,230.10000610351562,222.27999877929688,225.08999633789062,37621940
2025-03-18 10:30:00-04:00,225.0500030517578,228.8800048828125,223.0500030517578,227.9199981689453,17023578
2025-03-18 11:30:00-04:00,227.9199981689453,229.5500030517578,226.91009521484375,229.1699981689453,11342686
2025-03-18 12:30:00-04:00,229.19000244140625,229.24000549316406,226.1300048828125,226.99549865722656,9359556
2025-03-18 13:30:00-04:00,226.9550018310547,227.49920654296875,223.30059814453125,225.13999938964844,10875787
2025-03-18 14:30:00-04:00,225.13499450683594,227.9698944091797,225.125,226.41720581054688,9622196
2025-03-18 15:30:00-04:00,226.4257049560547,226.86000061035156,224.72000122070312,225.47999572753906,6744236
2025-03-19 09:30:00-04:00,231.61000061035156,234.1300048828125,229.2010040283203,231.3332977294922,31129548
2025-03-19 10:30:00-04:00,231.30999755859375,235.5,230.4199981689453,235.4149932861328,13355247
2025-03-19 11:30:00-04:00,235.42999267578125,237.07000732421875,234.6199951171875,235.17999267578125,11939188
2025-03-19 12:30:00-04:00,235.13999938964844,235.20449829101562,233.3699951171875,234.35079956054688,7932142
2025-03-19 13:30:00-04:00,234.3350067138672,235.14999389648438,232.07000732421875,233.4149932861328,10568906
2025-03-19 14:30:00-04:00,233.4199981689453,241.41000366210938,233.4199981689453,235.2969970703125,19909166
2025-03-19 15:30:00-04:00,235.3249969482422,238.14999389648438,235.13999938964844,235.72999572753906,9655736
2025-03-20 09:30:00-04:00,233.34500122070312,238.0,232.1300048828125,236.5399932861328,29460042
2025-03-20 10:30:00-04:00,236.5,237.07989501953125,234.14999389648438,234.1750030517578,11064190
2025-03-20 11:30:00-04:00,233.75999450683594,234.0,230.0500946044922,231.90980529785156,18054184
2025-03-20 12:30:00-04:00,231.85890197753906,235.6898956298828,231.85890197753906,234.2700958251953,9749691
2025-03-20 13:30:00-04:00,234.35000610351562,236.64999389648438,232.35000610351562,232.47500610351562,9434422
2025-03-20 14:30:00-04:00,232.44000244140625,235.0800018310547,231.88999938964844,233.69000244140625,9232350
2025-03-20 15:30:00-04:00,233.7100067138672,236.25999450683594,233.6800994873047,236.25,6303791
2025-03-21 09:30:00-04:00,234.98500061035156,243.75999450683594,234.5625,238.92990112304688,39806149
2025-03-21 10:30:00-04:00,238.9199981689453,242.6790008544922,237.85800170898438,240.25,14483529
2025-03-21 11:30:00-04:00,240.3000030517578,245.00999450683594,239.27999877929688,244.9499969482422,12846317
2025-03-21 12:30:00-04:00,244.9199981689453,246.8800048828125,244.44000244140625,245.36000061035156,15455552
2025-03-21 13:30:00-04:00,245.3699951171875,247.55999755859375,245.16000366210938,246.0749969482422,10491404
2025-03-21 14:30:00-04:00,246.07000732421875,247.41000366210938,244.52000427246094,245.02499389648438,11428643
2025-03-21 15:30:00-04:00,245.0,249.49000549316406,244.60000610351562,249.11500549316406,12216546
2025-03-24 09:30:00-04:00,258.07501220703125,274.3999938964844,256.3299865722656,274.2099914550781,54989616
2025-03-24 10:30:00-04:00,274.2025146484375,274.7200012207031,270.70050048828125,271.92999267578125,24990314
2025-03-24 11:30:00-04:00,271.92498779296875,273.2799987792969,270.0199890136719,272.31500244140625,15608681
2025-03-24 12:30:00-04:00,272.3312072753906,275.7699890136719,271.7699890136719,274.0400085449219,14529904
2025-03-24 13:30:00-04:00,274.0899963378906,275.45001220703125,273.30999755859375,275.2300109863281,12401941
2025-03-24 14:30:00-04:00,275.239990234375,276.3500061035156,273.6499938964844,276.1700134277344,13880558
2025-03-24 15:30:00-04:00,276.1499938964844,278.6400146484375,275.3800048828125,278.44000244140625,16044092
2025-03-25 09:30:00-04:00,283.5,283.5849914550781,271.2799987792969,277.154296875,53567044
2025-03-25 10:30:00-04:00,277.19000244140625,279.7099914550781,276.1700134277344,277.7300109863281,18994471
2025-03-25 11:30:00-04:00,277.7200012207031,279.20001220703125,275.1499938964844,278.07000732421875,12938374
2025-03-25 12:30:00-04:00,278.1199951171875,280.7200012207031,277.0,277.2441101074219,12487543
2025-03-25 13:30:00-04:00,277.260009765625,280.627685546875,277.1499938964844,279.6700134277344,9764616
2025-03-25 14:30:00-04:00,279.7300109863281,284.8699951171875,279.4410095214844,284.54998779296875,17869280
2025-03-25 15:30:00-04:00,284.5400085449219,288.20001220703125,284.35418701171875,288.1499938964844,15352239
2025-03-26 09:30:00-04:00,282.635009765625,284.8999938964844,272.6000061035156,275.8699951171875,43411866
2025-03-26 10:30:00-04:00,275.8550109863281,279.3280029296875,275.07000732421875,276.4800109863281,19623500
2025-03-26 11:30:00-04:00,276.5299987792969,277.7799987792969,272.79998779296875,274.3800048828125,15272398
2025-03-26 12:30:00-04:00,274.3800048828125,275.0,269.6499938964844,270.8949890136719,16690062
2025-03-26 13:30:00-04:00,270.8949890136719,273.49969482421875,268.6600036621094,271.67999267578125,15624876
2025-03-26 14:30:00-04:00,271.6216125488281,272.46990966796875,267.2500915527344,267.75421142578125,14116239
2025-03-26 15:30:00-04:00,267.7799987792969,272.57281494140625,266.510009765625,271.989990234375,13813701
2025-03-27 09:30:00-04:00,272.4800109863281,282.5497131347656,271.82159423828125,282.38079833984375,39865040
2025-03-27 10:30:00-04:00,282.4789123535156,291.8399963378906,282.2099914550781,286.9200134277344,32836779
2025-03-27 11:30:00-04:00,286.9700012207031,287.17999267578125,280.260009765625,280.4100036621094,22768054
2025-03-27 12:30:00-04:00,280.42999267578125,281.9104919433594,273.79998779296875,273.92999267578125,20001861
2025-03-27 13:30:00-04:00,273.9599914550781,278.6000061035156,273.7251892089844,276.05999755859375,13066682
2025-03-27 14:30:00-04:00,276.04998779296875,279.6700134277344,275.260009765625,278.20001220703125,12845491
2025-03-27 15:30:00-04:00,278.19000244140625,278.6400146484375,272.05999755859375,273.2300109863281,11541953
2025-03-28 09:30:00-04:00,275.5,276.1000061035156,264.1499938964844,265.0,37328818
2025-03-28 10:30:00-04:00,265.0,267.3233947753906,260.7900085449219,265.8562927246094,23256140
2025-03-28 11:30:00-04:00,265.75,268.1099853515625,261.75,263.5,13777917
2025-03-28 12:30:00-04:00,263.5484924316406,266.0,262.85009765625,263.2799987792969,9844478
2025-03-28 13:30:00-04:00,263.2900085449219,265.3999938964844,262.3599853515625,264.6700134277344,10344490
2025-03-28 14:30:00-04:00,264.75,265.1733093261719,262.3500061035156,263.05499267578125,11184014
2025-03-28 15:30:00-04:00,263.05499267578125,264.70001220703125,260.5799865722656,263.489990234375,10402229
2025-03-31 09:30:00-04:00,249.1699981689453,252.0800018310547,243.360107421875,245.38999938964844,41651785
2025-03-31 10:30:00-04:00,245.36000061035156,252.3000030517578,245.27000427246094,250.85000610351562,18533744
2025-03-31 11:30:00-04:00,250.90249633789062,255.25,250.17999267578125,254.83999633789062,14804221
2025-03-31 12:30:00-04:00,254.83999633789062,256.8999938964844,253.66000366210938,254.25,12407319
2025-03-31 13:30:00-04:00,254.3000030517578,258.7799072265625,252.6201934814453,258.5458984375,12451271
2025-03-31 14:30:00-04:00,258.5799865722656,260.3500061035156,256.5,256.706787109375,14638550
2025-03-31 15:30:00-04:00,256.69000244140625,260.55999755859375,256.3500061035156,259.2699890136719,10888065
2025-04-01 09:30:00-04:00,263.7349853515625,268.1199951171875,259.25,265.989990234375,36961818
2025-04-01 10:30:00-04:00,265.8900146484375,274.8299865722656,265.70001220703125,274.1700134277344,25912140
2025-04-01 11:30:00-04:00,274.19000244140625,277.45001220703125,272.5299987792969,273.7301025390625,19176163
2025-04-01 12:30:00-04:00,273.7900085449219,275.5,271.0,273.3384094238281,15736633
2025-04-01 13:30:00-04:00,273.29998779296875,275.9100036621094,269.1700134277344,269.8500061035156,15097651
2025-04-01 14:30:00-04:00,269.79998779296875,271.0799865722656,267.0899963378906,269.04998779296875,14511371
2025-04-01 15:30:00-04:00,269.0799865722656,271.05999755859375,268.20001220703125,268.4800109863281,10506787
2025-04-02 09:30:00-04:00,254.60000610351562,266.48919677734375,251.27000427246094,263.0299987792969,47891682
2025-04-02 10:30:00-04:00,262.9949951171875,276.9800109863281,260.1300048828125,275.5166015625,31555016
2025-04-02 11:30:00-04:00,275.5,284.389892578125,273.54998779296875,283.2200012207031,36251594
2025-04-02 12:30:00-04:00,283.2099914550781,284.20001220703125,268.4599914550781,283.5799865722656,26505661
2025-04-02 13:30:00-04:00,283.5849914550781,283.9100036621094,268.4599914550781,278.6400146484375,17370739
2025-04-02 14:30:00-04:00,278.6099853515625,283.260009765625,278.3800048828125,280.6700134277344,16539074
2025-04-02 15:30:00-04:00,280.6199951171875,284.989990234375,278.5299987792969,282.6700134277344,15968073
2025-04-03 09:30:00-04:00,265.239990234375,276.29998779296875,264.0,267.3575134277344,42989378
2025-04-03 10:30:00-04:00,267.29998779296875,268.4798889160156,261.5199890136719,265.5799865722656,22322398
2025-04-03 11:30:00-04:00,265.5400085449219,271.489990234375,265.0299987792969,270.8800048828125,16312651
2025-04-03 12:30:00-04:00,270.9599914550781,271.6000061035156,267.0,268.2799987792969,13889973
2025-04-03 13:30:00-04:00,268.2650146484375,270.5,266.5799865722656,267.0877990722656,9511327
2025-04-03 14:30:00-04:00,267.0801086425781,270.2200012207031,265.2099914550781,265.8999938964844,13470195
2025-04-03 15:30:00-04:00,265.9549865722656,268.3800048828125,264.8599853515625,267.81500244140625,8644705
2025-04-04 09:30:00-04:00,255.3699951171875,261.0,242.30999755859375,242.4136962890625,51747871
2025-04-04 10:30:00-04:00,242.47999572753906,248.79989624023438,236.0,243.75,36682565
2025-04-04 11:30:00-04:00,243.82000732421875,245.82980346679688,240.6999969482422,241.4199981689453,18147517
2025-04-04 12:30:00-04:00,241.41000366210938,243.19000244140625,239.36000061035156,241.01690673828125,16075365
2025-04-04 13:30:00-04:00,240.9600067138672,246.22999572753906,239.74099731445312,240.23500061035156,14242706
2025-04-04 14:30:00-04:00,240.27000427246094,243.9302978515625,238.4199981689453,242.7899932861328,16660250
2025-04-04 15:30:00-04:00,242.6699981689453,245.2626953125,238.7100067138672,239.33999633789062,14746733
2025-04-07 09:30:00-04:00,223.77999877929688,252.0,214.25,226.6999969482422,69866535
2025-04-07 10:30:00-04:00,229.50999450683594,237.19000244140625,224.19500732421875,225.82000732421875,29322174
2025-04-07 11:30:00-04:00,225.7082061767578,231.639892578125,225.13999938964844,228.85000610351562,16177634
2025-04-07 12:30:00-04:00,228.8699951171875,234.65769958496094,225.67010498046875,233.16990661621094,14899541
2025-04-07 13:30:00-04:00,233.0449981689453,237.3699951171875,230.52000427246094,231.55499267578125,15566365
2025-04-07 14:30:00-04:00,231.5574951171875,234.89990234375,227.75010681152344,229.4499969482422,15140109
2025-04-07 15:30:00-04:00,229.44000244140625,234.66000366210938,228.17010498046875,233.2899932861328,11034151
2025-04-08 09:30:00-04:00,245.0500030517578,249.94000244140625,241.343994140625,247.96600341796875,40574099
2025-04-08 10:30:00-04:00,247.97999572753906,250.44000244140625,242.42010498046875,243.4499969482422,22794506
2025-04-08 11:30:00-04:00,243.34500122070312,246.90989685058594,236.60009765625,237.81500244140625,17545794
2025-04-08 12:30:00-04:00,237.77999877929688,238.60000610351562,228.1999969482422,229.64999389648438,22849481
2025-04-08 13:30:00-04:00,229.57000732421875,235.19979858398438,228.84010314941406,229.0863037109375,15928357
2025-04-08 14:30:00-04:00,229.0449981689453,233.61990356445312,220.61599731445312,222.97940063476562,22599545
2025-04-08 15:30:00-04:00,222.97999572753906,223.19000244140625,217.8000030517578,221.5800018310547,18316517
2025-04-09 09:30:00-04:00,224.5625,234.6511993408203,223.88999938964844,231.58999633789062,43055288
2025-04-09 10:30:00-04:00,231.6999969482422,234.07240295410156,226.6300048828125,230.8000030517578,19809688
2025-04-09 11:30:00-04:00,230.82000732421875,233.8300018310547,227.42689514160156,232.65499877929688,14833847
2025-04-09 12:30:00-04:00,232.61000061035156,253.8000030517578,231.8699951171875,246.27310180664062,26109122
2025-04-09 13:30:00-04:00,246.39999389648438,266.8900146484375,232.5500030517578,265.0899963378906,40318863
2025-04-09 14:30:00-04:00,265.05999755859375,269.20989990234375,259.3822021484375,268.4800109863281,31867215
2025-04-09 15:30:00-04:00,268.4599914550781,274.69000244140625,267.20001220703125,272.0,20202687
2025-04-10 09:30:00-04:00,260.0299987792969,262.489990234375,252.80419921875,254.38999938964844,41933295
2025-04-10 10:30:00-04:00,254.55999755859375,257.54998779296875,251.19000244140625,251.25079345703125,18379734
2025-04-10 11:30:00-04:00,251.28550720214844,251.75,239.3300018310547,241.27499389648438,28476084
2025-04-10 12:30:00-04:00,241.27999877929688,250.1300048828125,240.89999389648438,245.85000610351562,23933820
2025-04-10 13:30:00-04:00,245.77499389648438,254.5800018310547,245.0200958251953,254.10000610351562,21021581
2025-04-10 14:30:00-04:00,254.13999938964844,256.5400085449219,247.7100067138672,247.75750732421875,21399172
2025-04-10 15:30:00-04:00,247.7899932861328,253.4398956298828,245.13999938964844,252.39999389648438,14548739
2025-04-11 09:30:00-04:00,251.83999633789062,257.2900085449219,244.5800018310547,244.85000610351562,36039860
2025-04-11 10:30:00-04:00,244.89500427246094,249.75,242.15499877929688,243.89999389648438,19844440
2025-04-11 11:30:00-04:00,243.9499969482422,246.0,241.36289978027344,242.22000122070312,14209301
2025-04-11 12:30:00-04:00,242.22500610351562,251.22000122070312,242.2010040283203,245.52499389648438,19611723
2025-04-11 13:30:00-04:00,245.52980041503906,250.4199981689453,245.05999755859375,248.52999877929688,13344535
2025-04-11 14:30:00-04:00,248.57000732421875,251.46200561523438,246.57000732421875,250.4149932861328,11321490
2025-04-11 15:30:00-04:00,250.3699951171875,252.32000732421875,248.70010375976562,252.17999267578125,8993721
2025-04-14 09:30:00-04:00,258.32501220703125,261.5,252.4600067138672,257.2650146484375,27632331
2025-04-14 10:30:00-04:00,257.2650146484375,258.57000732421875,248.58999633789062,248.93499755859375,15832725
2025-04-14 11:30:00-04:00,248.9499969482422,250.47000122070312,246.2801055908203,247.0050048828125,14600593
2025-04-14 12:30:00-04:00,246.9499969482422,249.67999267578125,245.92999267578125,247.99000549316406,10166294
2025-04-14 13:30:00-04:00,247.97000122070312,249.89999389648438,247.1999969482422,249.19000244140625,7042681
2025-04-14 14:30:00-04:00,249.23289489746094,254.14999389648438,248.85000610351562,253.43609619140625,11169743
2025-04-14 15:30:00-04:00,253.44000244140625,256.0,251.9199981689453,252.36000061035156,8545474
2025-04-15 09:30:00-04:00,249.86000061035156,257.8599853515625,247.5500030517578,254.11000061035156,28038577
2025-04-15 10:30:00-04:00,254.14920043945312,258.75,254.14920043945312,255.22579956054688,13615895
2025-04-15 11:30:00-04:00,255.2899932861328,256.29998779296875,254.0500030517578,255.22000122070312,7756420
2025-04-15 12:30:00-04:00,255.22999572753906,255.64999389648438,251.58999633789062,252.14990234375,7887018
2025-04-15 13:30:00-04:00,252.0800018310547,253.92990112304688,250.83999633789062,251.9217071533203,7150101
2025-04-15 14:30:00-04:00,251.88250732421875,253.64199829101562,251.66000366210938,252.12969970703125,6358032
2025-04-15 15:30:00-04:00,252.11500549316406,254.2342987060547,252.08819580078125,254.1199951171875,4775502
2025-04-16 09:30:00-04:00,247.69000244140625,250.83999633789062,247.0301055908203,250.04710388183594,20622783
2025-04-16 10:30:00-04:00,250.0500030517578,251.35000610351562,248.1699981689453,250.79989624023438,10807537
2025-04-16 11:30:00-04:00,250.8000030517578,251.39999389648438,246.67999267578125,247.31500244140625,10165100
2025-04-16 12:30:00-04:00,247.30999755859375,248.25999450683594,245.1999969482422,246.6199951171875,8708344
2025-04-16 13:30:00-04:00,246.6699981689453,246.7220001220703,239.3699951171875,240.74000549316406,18905899
2025-04-16 14:30:00-04:00,240.72500610351562,240.99000549316406,233.88999938964844,234.3800048828125,18134989
2025-04-16 15:30:00-04:00,234.40499877929688,241.74000549316406,234.39999389648438,241.5500030517578,14481295
2025-04-17 09:30:00-04:00,243.39500427246094,244.33999633789062,238.65109252929688,238.8000946044922,23277613
2025-04-17 10:30:00-04:00,238.8800048828125,242.25,237.6833038330078,239.4499969482422,12291126
2025-04-17 11:30:00-04:00,239.5,242.10000610351562,238.47000122070312,241.781005859375,9929995
2025-04-17 12:30:00-04:00,241.83349609375,242.55999755859375,239.3009033203125,239.34339904785156,7433686
2025-04-17 13:30:00-04:00,239.39999389648438,242.16000366210938,238.75,241.24000549316406,7071337
2025-04-17 14:30:00-04:00,241.27000427246094,242.10000610351562,238.89999389648438,239.23980712890625,7811255
2025-04-17 15:30:00-04:00,239.27439880371094,241.75,239.14500427246094,241.5399932861328,8322309
2025-04-21 09:30:00-04:00,230.27000427246094,232.2100067138672,223.6699981689453,225.00999450683594,29074210
2025-04-21 10:30:00-04:00,225.00999450683594,226.85000610351562,223.94000244140625,224.73500061035156,11873070
2025-04-21 11:30:00-04:00,224.7899932861328,225.5500030517578,223.42999267578125,224.82000732421875,9585570
2025-04-21 12:30:00-04:00,224.81500244140625,226.07000732421875,223.17320251464844,223.4600067138672,7918037
2025-04-21 13:30:00-04:00,223.4499969482422,224.61000061035156,222.8000030517578,224.42320251464844,7392789
2025-04-21 14:30:00-04:00,224.36000061035156,225.22000122070312,223.25,224.57000732421875,8761204
2025-04-21 15:30:00-04:00,224.52999877929688,227.8699951171875,224.52000427246094,227.4499969482422,9457202
2025-04-22 09:30:00-04:00,230.9600067138672,237.80999755859375,229.85009765625,236.07000732421875,25576690
2025-04-22 10:30:00-04:00,235.1300048828125,239.3800048828125,234.62890625,238.11000061035156,13758590
2025-04-22 11:30:00-04:00,238.13999938964844,242.7899932861328,237.65109252929688,241.83999633789062,14784535
2025-04-22 12:30:00-04:00,241.88900756835938,242.07989501953125,235.64999389648438,235.8699951171875,12002774
2025-04-22 13:30:00-04:00,235.86500549316406,238.49000549316406,234.46270751953125,238.25999450683594,11098805
2025-04-22 14:30:00-04:00,238.24000549316406,238.5,235.25,235.38999938964844,9141686
2025-04-22 15:30:00-04:00,235.38999938964844,238.33999633789062,235.1300048828125,238.14999389648438,10096132
2025-04-23 09:30:00-04:00,254.86000061035156,255.47000122070312,244.42999267578125,254.63499450683594,51992931
2025-04-23 10:30:00-04:00,254.58999633789062,259.44000244140625,254.11000061035156,254.74879455566406,27652558
2025-04-23 11:30:00-04:00,254.75,256.07000732421875,251.0800018310547,252.6199951171875,15951477
2025-04-23 12:30:00-04:00,252.625,257.34039306640625,252.2012939453125,255.9149932861328,12332601
2025-04-23 13:30:00-04:00,255.99000549316406,258.2298889160156,254.7899932861328,256.5,11448301
2025-04-23 14:30:00-04:00,256.5199890136719,257.85211181640625,252.05999755859375,252.3800048828125,12131548
2025-04-23 15:30:00-04:00,252.4199981689453,253.4499969482422,250.33999633789062,250.7899932861328,10336844
2025-04-24 09:30:00-04:00,250.60000610351562,258.1494140625,249.1999969482422,256.389892578125,29388587
2025-04-24 10:30:00-04:00,256.2950134277344,257.510009765625,253.69009399414062,254.80369567871094,14371735
2025-04-24 11:30:00-04:00,254.80569458007812,255.39999389648438,252.47000122070312,254.84939575195312,11479866
2025-04-24 12:30:00-04:00,254.8300018310547,256.1000061035156,253.61000061035156,255.36000061035156,7701678
2025-04-24 13:30:00-04:00,255.36000061035156,257.239990234375,254.57009887695312,257.1680908203125,6987829
2025-04-24 14:30:00-04:00,257.1700134277344,257.989990234375,254.90499877929688,255.95010375976562,9138897
2025-04-24 15:30:00-04:00,256.0,259.5400085449219,255.9600067138672,259.510009765625,8359222
2025-04-25 09:30:00-04:00,261.69000244140625,271.2200012207031,259.6300048828125,270.625,37287923
2025-04-25 10:30:00-04:00,270.6499938964844,279.989990234375,269.739990234375,279.5201110839844,34773861
2025-04-25 11:30:00-04:00,279.5451965332031,284.4700012207031,278.90008544921875,284.17999267578125,24045371
2025-04-25 12:30:00-04:00,284.16339111328125,286.8500061035156,283.760009765625,286.6499938964844,17643631
2025-04-25 13:30:00-04:00,286.6400146484375,286.6400146484375,281.04998779296875,284.2308044433594,17487896
2025-04-25 14:30:00-04:00,284.2349853515625,286.0,282.2601013183594,282.55999755859375,13080832
2025-04-25 15:30:00-04:00,282.55499267578125,285.42999267578125,281.70001220703125,284.875,12767488
2025-04-28 09:30:00-04:00,288.9700012207031,294.8599853515625,283.4100036621094,286.4750061035156,48056437
2025-04-28 10:30:00-04:00,286.4237976074219,287.5,273.7799987792969,274.07000732421875,28147697
2025-04-28 11:30:00-04:00,274.0199890136719,277.7699890136719,272.4200134277344,274.6083068847656,18574605
2025-04-28 12:30:00-04:00,274.6400146484375,278.4200134277344,274.4306945800781,276.51409912109375,12190401
2025-04-28 13:30:00-04:00,276.55499267578125,281.82000732421875,275.3900146484375,280.94281005859375,12914397
2025-04-28 14:30:00-04:00,280.95001220703125,285.17999267578125,280.2300109863281,284.6492004394531,13648053
2025-04-28 15:30:00-04:00,284.6300048828125,286.7200012207031,283.8999938964844,285.8789978027344,10158741
2025-04-29 09:30:00-04:00,285.4775085449219,289.29998779296875,279.7099914550781,281.3999938964844,33674447
2025-04-29 10:30:00-04:00,281.4056091308594,283.6328125,279.4695129394531,281.9100036621094,16042828
2025-04-29 11:30:00-04:00,281.9100036621094,284.79998779296875,280.8999938964844,282.760009765625,10652401
2025-04-29 12:30:00-04:00,282.7369079589844,285.67999267578125,282.70001220703125,284.8900146484375,10573605
2025-04-29 13:30:00-04:00,284.9100036621094,286.8699951171875,284.1499938964844,285.74560546875,8851568
2025-04-29 14:30:00-04:00,285.75,286.8595886230469,284.9200134277344,286.8595886230469,7790412
2025-04-29 15:30:00-04:00,286.8599853515625,293.2900085449219,286.8453063964844,292.0104064941406,14073915
2025-04-30 09:30:00-04:00,279.8699951171875,280.44000244140625,270.7900085449219,277.0815124511719,38781428
2025-04-30 10:30:00-04:00,277.06988525390625,281.4200134277344,274.3500061035156,279.04998779296875,18497602
2025-04-30 11:30:00-04:00,279.0325012207031,279.79998779296875,275.989990234375,276.17999267578125,11836499
2025-04-30 12:30:00-04:00,276.17498779296875,278.1400146484375,275.1600036621094,278.0299987792969,10865425
2025-04-30 13:30:00-04:00,277.989990234375,281.1600036621094,277.7300109863281,279.2080078125,12331311
2025-04-30 14:30:00-04:00,279.1199951171875,282.6993103027344,277.8399963378906,281.3999938964844,13397450
2025-04-30 15:30:00-04:00,281.4200134277344,284.45001220703125,281.3599853515625,282.1171875,9906858
2025-05-01 09:30:00-04:00,280.0799865722656,287.2189025878906,279.9800109863281,286.2200012207031,27371768
2025-05-01 10:30:00-04:00,286.2699890136719,290.8688049316406,285.9599914550781,287.25,19656421
2025-05-01 11:30:00-04:00,287.30499267578125,287.4397888183594,282.29998779296875,284.130615234375,13206331
2025-05-01 12:30:00-04:00,284.14990234375,285.760009765625,282.5199890136719,284.0899963378906,9096670
2025-05-01 13:30:00-04:00,284.1199951171875,284.2900085449219,281.760009765625,283.1400146484375,8738330
2025-05-01 14:30:00-04:00,283.1400146484375,284.5799865722656,282.54998779296875,283.44500732421875,6746317
2025-05-01 15:30:00-04:00,283.4197998046875,284.6492919921875,279.80999755859375,280.510009765625,7919923
2025-05-02 09:30:00-04:00,285.010009765625,287.94000244140625,279.80999755859375,283.23431396484375,24841291
2025-05-02 10:30:00-04:00,283.2699890136719,287.3999938964844,282.010009765625,285.25,16073738
2025-05-02 11:30:00-04:00,285.260009765625,290.3299865722656,285.0058898925781,289.0799865722656,14822734
2025-05-02 12:30:00-04:00,289.1000061035156,294.489990234375,288.79998779296875,292.20001220703125,18122414
2025-05-02 13:30:00-04:00,292.1700134277344,294.7799987792969,291.6099853515625,293.1600036621094,11107638
2025-05-02 14:30:00-04:00,293.1549987792969,294.08709716796875,288.6199951171875,289.755615234375,14162950
2025-05-02 15:30:00-04:00,289.739990234375,289.80999755859375,285.7699890136719,287.25,10741485
2025-05-05 09:30:00-04:00,284.57000732421875,284.79998779296875,275.625,276.14801025390625,26861246
2025-05-05 10:30:00-04:00,276.1700134277344,277.5799865722656,274.3999938964844,276.7900085449219,15605339
2025-05-05 11:30:00-04:00,276.7699890136719,277.8500061035156,274.79998779296875,277.26971435546875,10012743
2025-05-05 12:30:00-04:00,277.2528991699219,280.92449951171875,277.1000061035156,280.4800109863281,10448583
2025-05-05 13:30:00-04:00,280.5400085449219,282.04998779296875,279.6099853515625,281.8299865722656,7912573
2025-05-05 14:30:00-04:00,281.82000732421875,283.389892578125,280.5899963378906,281.74920654296875,10907702
2025-05-05 15:30:00-04:00,281.7200012207031,282.2699890136719,279.30999755859375,280.20001220703125,6865353
2025-05-06 09:30:00-04:00,273.0899963378906,277.7300109863281,271.3599853515625,274.614990234375,25773518
2025-05-06 10:30:00-04:00,274.6340026855469,275.94989013671875,273.70001220703125,275.7349853515625,9700783
2025-05-06 11:30:00-04:00,275.66009521484375,276.1499938964844,272.25,273.44000244140625,10679924
2025-05-06 12:30:00-04:00,273.2699890136719,274.54998779296875,272.9800109863281,273.7156982421875,6590006
2025-05-06 13:30:00-04:00,273.7200012207031,275.1726989746094,272.75,275.0,6816119
2025-05-06 14:30:00-04:00,274.94000244140625,276.4794921875,274.3500061035156,276.0199890136719,6484599
2025-05-06 15:30:00-04:00,275.989990234375,276.7096862792969,275.0299987792969,275.25,5056103
2025-05-07 09:30:00-04:00,276.81500244140625,277.9200134277344,273.760009765625,276.4599914550781,18179042
2025-05-07 10:30:00-04:00,276.4543151855469,277.1700134277344,272.95001220703125,273.3450012207031,10340514
2025-05-07 11:30:00-04:00,273.28570556640625,273.88519287109375,272.1300964355469,272.7699890136719,6927070
2025-05-07 12:30:00-04:00,272.7799987792969,275.57000732421875,272.6401062011719,275.3699951171875,5370625
2025-05-07 13:30:00-04:00,275.37030029296875,275.989990234375,271.010009765625,273.4508056640625,9540816
2025-05-07 14:30:00-04:00,273.3900146484375,275.8599853515625,272.9100036621094,273.1300048828125,9470886
2025-05-07 15:30:00-04:00,273.14990234375,277.25,272.5000915527344,276.17999267578125,7385022
2025-05-08 09:30:00-04:00,279.6300048828125,286.739990234375,279.4100036621094,281.8999938964844,28056268
2025-05-08 10:30:00-04:00,281.9200134277344,287.1199951171875,280.6099853515625,286.6700134277344,14141596
2025-05-08 11:30:00-04:00,286.69000244140625,289.79998779296875,286.31109619140625,287.29998779296875,16579504
2025-05-08 12:30:00-04:00,287.3290100097656,288.67999267578125,286.1199951171875,287.07159423828125,8013585
2025-05-08 13:30:00-04:00,287.1099853515625,288.5599060058594,286.25,287.5201110839844,7341108
2025-05-08 14:30:00-04:00,287.57000732421875,289.7900085449219,286.8299865722656,289.0199890136719,9029018
2025-05-08 15:30:00-04:00,289.0199890136719,289.4599914550781,284.6099853515625,284.8900146484375,7436297
2025-05-09 09:30:00-04:00,290.18499755859375,307.0400085449219,290.03900146484375,302.17999267578125,50352062
2025-05-09 10:30:00-04:00,302.2049865722656,304.2598876953125,297.2300109863281,298.6600036621094,25052984
2025-05-09 11:30:00-04:00,298.6329040527344,299.9798889160156,296.3299865722656,296.6300048828125,12846873
2025-05-09 12:30:00-04:00,296.7298889160156,298.6000061035156,296.3399963378906,297.8999938964844,8692841
2025-05-09 13:30:00-04:00,297.9599914550781,301.0799865722656,297.5199890136719,298.4549865722656,11375914
2025-05-09 14:30:00-04:00,298.45220947265625,298.96990966796875,296.510009765625,297.80999755859375,9619696
2025-05-09 15:30:00-04:00,297.79998779296875,299.6199951171875,296.85009765625,298.1017150878906,8265009
2025-05-12 09:30:00-04:00,321.93499755859375,322.20001220703125,311.5,315.17999267578125,45262031
2025-05-12 10:30:00-04:00,315.2300109863281,320.30999755859375,313.8500061035156,319.7799987792969,16901927
2025-05-12 11:30:00-04:00,319.7672119140625,320.8699951171875,317.510009765625,318.5899963378906,10245416
2025-05-12 12:30:00-04:00,318.6300048828125,319.45001220703125,317.010009765625,318.29058837890625,7895396
2025-05-12 13:30:00-04:00,318.3349914550781,319.83819580078125,316.989990234375,317.0199890136719,7564254
2025-05-12 14:30:00-04:00,317.0899963378906,318.091796875,316.1401062011719,316.3450012207031,9148837
2025-05-12 15:30:00-04:00,316.3450012207031,318.7699890136719,316.1400146484375,318.6199951171875,7404623
2025-05-13 09:30:00-04:00,319.9549865722656,326.06988525390625,316.79998779296875,322.4949951171875,35114363
2025-05-13 10:30:00-04:00,322.4700927734375,324.5,318.78271484375,321.5150146484375,16894545
2025-05-13 11:30:00-04:00,321.6000061035156,322.9700012207031,320.42999267578125,321.7200012207031,8656624
2025-05-13 12:30:00-04:00,321.7200012207031,329.489990234375,321.4700012207031,329.44000244140625,16172144
2025-05-13 13:30:00-04:00,329.3900146484375,337.5893859863281,328.6700134277344,336.05120849609375,27225445
2025-05-13 14:30:00-04:00,336.1099853515625,337.1199951171875,333.8800048828125,334.9901123046875,14391115
2025-05-13 15:30:00-04:00,335.0299987792969,336.1820068359375,331.80999755859375,333.92999267578125,10716982
2025-05-14 09:30:00-04:00,342.4599914550781,345.5,337.0,340.28009033203125,41076412
2025-05-14 10:30:00-04:00,340.3900146484375,343.32000732421875,337.45001220703125,342.7322082519531,15960512
2025-05-14 11:30:00-04:00,342.739990234375,350.0,342.5299987792969,347.2300109863281,22342627
2025-05-14 12:30:00-04:00,347.2369079589844,349.2099914550781,343.239990234375,344.57000732421875,14152641
2025-05-14 13:30:00-04:00,344.5950012207031,349.29998779296875,343.3100891113281,346.726806640625,13128387
2025-05-14 14:30:00-04:00,346.7099914550781,350.0,346.41070556640625,347.92999267578125,13117562
2025-05-14 15:30:00-04:00,347.8999938964844,348.8900146484375,345.510009765625,347.4327087402344,9744188
2025-05-15 09:30:00-04:00,340.3450012207031,342.25,336.32000732421875,338.0375061035156,31813999
2025-05-15 10:30:00-04:00,338.0350036621094,339.69000244140625,334.7153015136719,339.1600036621094,15402099
2025-05-15 11:30:00-04:00,339.10009765625,343.1300048828125,338.4200134277344,342.44500732421875,10298326
2025-05-15 12:30:00-04:00,342.42999267578125,346.1393127441406,341.8299865722656,345.3800048828125,10960248
2025-05-15 13:30:00-04:00,345.44000244140625,345.4800109863281,341.6499938964844,343.2900085449219,8985220
2025-05-15 14:30:00-04:00,343.25,344.0199890136719,339.6000061035156,339.8399963378906,9021958
2025-05-15 15:30:00-04:00,339.8399963378906,344.1600036621094,339.8399963378906,342.7283935546875,7517899
2025-05-16 09:30:00-04:00,346.06500244140625,351.6199951171875,342.8800048828125,346.2200012207031,31585009
2025-05-16 10:30:00-04:00,346.19000244140625,347.8999938964844,342.3299865722656,347.7049865722656,14940828
2025-05-16 11:30:00-04:00,347.6600036621094,349.29998779296875,346.94000244140625,347.6600036621094,10295194
2025-05-16 12:30:00-04:00,347.6499938964844,348.4200134277344,346.2900085449219,347.8699951171875,6430939
2025-05-16 13:30:00-04:00,347.9200134277344,348.760009765625,346.8599853515625,347.3299865722656,5388465
2025-05-16 14:30:00-04:00,347.3800048828125,349.42999267578125,346.95001220703125,348.80999755859375,8362872
2025-05-16 15:30:00-04:00,348.8299865722656,349.92999267578125,347.8599853515625,349.79998779296875,7963739
2025-05-19 09:30:00-04:00,337.4410095214844,343.0,333.3800048828125,339.9028015136719,32190525
2025-05-19 10:30:00-04:00,339.88079833984375,340.6382141113281,337.2200012207031,337.5150146484375,10486033
2025-05-19 11:30:00-04:00,337.5,339.55999755859375,333.79998779296875,338.6449890136719,8595650
2025-05-19 12:30:00-04:00,338.69000244140625,342.85040283203125,337.760009765625,342.00738525390625,9882764
2025-05-19 13:30:00-04:00,342.0,342.3900146484375,334.7799987792969,339.8299865722656,7609617
2025-05-19 14:30:00-04:00,339.8299865722656,342.0899963378906,339.6600036621094,341.3450012207031,6813756
2025-05-19 15:30:00-04:00,341.3299865722656,342.7699890136719,341.2200012207031,341.92999267578125,6759962
2025-05-20 09:30:00-04:00,347.94000244140625,354.57330322265625,342.86749267578125,345.5400085449219,40152062
2025-05-20 10:30:00-04:00,345.5199890136719,347.07000732421875,344.6300048828125,346.2950134277344,10530582
2025-05-20 11:30:00-04:00,346.29998779296875,350.13958740234375,345.8800048828125,349.2900085449219,14257122
2025-05-20 12:30:00-04:00,349.29998779296875,352.1499938964844,349.2312927246094,350.3599853515625,13888892
2025-05-20 13:30:00-04:00,350.3399963378906,354.98040771484375,349.0,349.8900146484375,17710461
2025-05-20 14:30:00-04:00,349.79998779296875,350.1600036621094,341.6300048828125,344.7349853515625,20995600
2025-05-20 15:30:00-04:00,344.79998779296875,345.8599853515625,342.7699890136719,343.760009765625,8610508
2025-05-21 09:30:00-04:00,344.42999267578125,347.2200012207031,342.1199951171875,342.6199035644531,25194933
2025-05-21 10:30:00-04:00,342.6300048828125,346.20001220703125,341.54998779296875,345.3399963378906,13507862
2025-05-21 11:30:00-04:00,345.3399963378906,346.79998779296875,343.5799865722656,346.375,9339085
2025-05-21 12:30:00-04:00,346.3900146484375,347.3500061035156,335.5400085449219,336.0,13507219
2025-05-21 13:30:00-04:00,336.0263977050781,340.22979736328125,334.5,337.1300048828125,14353158
2025-05-21 14:30:00-04:00,337.17999267578125,338.4898986816406,332.20001220703125,333.3299865722656,11817469
2025-05-21 15:30:00-04:00,333.3299865722656,336.7799987792969,333.2325134277344,334.5299987792969,7846882
2025-05-22 09:30:00-04:00,331.94000244140625,341.0899963378906,331.3900146484375,340.69500732421875,29844638
2025-05-22 10:30:00-04:00,340.67999267578125,344.5299987792969,338.8599853515625,342.9518127441406,16192574
2025-05-22 11:30:00-04:00,342.9100036621094,344.010009765625,341.70001220703125,342.239990234375,9117127
2025-05-22 12:30:00-04:00,342.25,345.1499938964844,341.510009765625,344.7799987792969,7964980
2025-05-22 13:30:00-04:00,344.760009765625,345.989990234375,343.9800109863281,345.135009765625,8170798
2025-05-22 14:30:00-04:00,345.135009765625,347.2699890136719,344.94281005859375,346.4700012207031,10391308
2025-05-22 15:30:00-04:00,346.4700012207031,346.510009765625,340.6499938964844,340.9800109863281,9884659
2025-05-23 09:30:00-04:00,337.5150146484375,338.6499938964844,333.2099914550781,335.6499938964844,29400172
2025-05-23 10:30:00-04:00,335.6499938964844,338.8500061035156,335.1600036621094,337.2900085449219,11702741
2025-05-23 11:30:00-04:00,337.2300109863281,340.6400146484375,336.27069091796875,339.17999267578125,9549923
2025-05-23 12:30:00-04:00,339.20001220703125,343.17999267578125,338.3118896484375,343.03948974609375,9352345
2025-05-23 13:30:00-04:00,343.0299987792969,343.08990478515625,339.3371887207031,340.5199890136719,8429223
2025-05-23 14:30:00-04:00,340.4649963378906,341.7699890136719,339.6335144042969,340.3550109863281,6739873
2025-05-23 15:30:00-04:00,340.30999755859375,341.2900085449219,339.0199890136719,339.3900146484375,6055857
2025-05-27 09:30:00-04:00,347.3500061035156,357.6000061035156,347.32000732421875,356.32989501953125,36070780
2025-05-27 10:30:00-04:00,356.32000732421875,357.4599914550781,354.3900146484375,355.1099853515625,12519857
2025-05-27 11:30:00-04:00,355.0950012207031,359.3039855957031,354.8299865722656,358.30999755859375,12077050
2025-05-27 12:30:00-04:00,358.2908020019531,363.0,358.1300048828125,361.5075988769531,13683368
2025-05-27 13:30:00-04:00,361.489990234375,363.7900085449219,360.8999938964844,362.0,11094675
2025-05-27 14:30:00-04:00,362.0,362.4700012207031,358.6000061035156,359.8900146484375,13018958
2025-05-27 15:30:00-04:00,359.8999938964844,363.0,357.79998779296875,362.7510070800781,11523217
2025-05-28 09:30:00-04:00,364.8399963378906,365.0,358.6400146484375,361.6300048828125,31479971
2025-05-28 10:30:00-04:00,361.7008972167969,363.3799133300781,360.4306945800781,362.95001220703125,10593414
2025-05-28 11:30:00-04:00,363.010009765625,363.3799133300781,360.79998779296875,361.1300048828125,7382718
2025-05-28 12:30:00-04:00,361.1099853515625,362.8699951171875,360.510009765625,362.6199951171875,6467960
2025-05-28 13:30:00-04:00,362.5799865722656,363.989990234375,361.2601013183594,361.4200134277344,7489665
2025-05-28 14:30:00-04:00,361.4599914550781,361.69989013671875,357.3599853515625,359.03900146484375,10922682
2025-05-28 15:30:00-04:00,359.0,359.1000061035156,355.9100036621094,356.9200134277344,7592388
2025-05-29 09:30:00-04:00,365.2900085449219,367.7099914550781,359.4400939941406,362.0299987792969,27014785
2025-05-29 10:30:00-04:00,361.9599914550781,364.75,361.75,364.0820007324219,12177062
2025-05-29 11:30:00-04:00,364.04449462890625,364.3800048828125,360.3999938964844,362.43011474609375,8935970
2025-05-29 12:30:00-04:00,362.44000244140625,363.6600036621094,360.6600036621094,361.114990234375,6682661
2025-05-29 13:30:00-04:00,361.14990234375,362.4100036621094,356.0,357.260009765625,11660498
2025-05-29 14:30:00-04:00,357.32000732421875,359.95001220703125,357.2850036621094,358.1499938964844,8270734
2025-05-29 15:30:00-04:00,358.1300048828125,359.6199035644531,357.0400085449219,358.45001220703125,6049230
2025-05-30 09:30:00-04:00,355.5799865722656,361.95001220703125,353.82000732421875,361.8550109863281,22830464
2025-05-30 10:30:00-04:00,361.8299865722656,363.67999267578125,359.3500061035156,360.9100036621094,14514629
2025-05-30 11:30:00-04:00,360.8800048828125,361.5694885253906,353.6000061035156,354.07501220703125,11651497
2025-05-30 12:30:00-04:00,354.0199890136719,354.20001220703125,345.2900085449219,348.4064025878906,19292699
2025-05-30 13:30:00-04:00,348.375,351.8994140625,347.5799865722656,350.6000061035156,11240404
2025-05-30 14:30:00-04:00,350.6300048828125,352.42999267578125,348.45001220703125,351.6683044433594,10941828
2025-05-30 15:30:00-04:00,351.6700134277344,352.2799987792969,345.45001220703125,345.760009765625,12567137
2025-06-02 09:30:00-04:00,343.6400146484375,348.010009765625,335.5,338.5028076171875,28160125
2025-06-02 10:30:00-04:00,338.539794921875,339.0,333.3299865722656,336.1099853515625,15018003
2025-06-02 11:30:00-04:00,336.1086120605469,338.8493957519531,335.3800048828125,338.6700134277344,7815688
2025-06-02 12:30:00-04:00,338.5899963378906,339.010009765625,337.0299987792969,338.2099914550781,5922392
2025-06-02 13:30:00-04:00,338.2449951171875,341.25,337.8699951171875,341.05999755859375,8055883
2025-06-02 14:30:00-04:00,341.072998046875,342.599609375,339.760009765625,342.1000061035156,7170455
2025-06-02 15:30:00-04:00,342.07000732421875,343.05999755859375,340.67999267578125,342.70001220703125,6050064
2025-06-03 09:30:00-04:00,346.5950012207031,350.2200012207031,343.85009765625,346.0299987792969,24175853
2025-06-03 10:30:00-04:00,346.0299987792969,351.76470947265625,345.6000061035156,350.8699951171875,12799034
2025-06-03 11:30:00-04:00,350.8299865722656,352.67999267578125,349.8599853515625,352.526611328125,8022436
2025-06-03 12:30:00-04:00,352.510009765625,355.3999938964844,352.4200134277344,354.4800109863281,9301525
2025-06-03 13:30:00-04:00,354.49920654296875,354.53460693359375,344.7200012207031,347.55560302734375,17085583
2025-06-03 14:30:00-04:00,347.5299987792969,350.2799987792969,347.45001220703125,348.6000061035156,10710680
2025-06-03 15:30:00-04:00,348.5799865722656,348.5899963378906,343.0400085449219,344.4700012207031,10878002
2025-06-04 09:30:00-04:00,345.0950012207031,345.6000061035156,327.330810546875,332.20098876953125,37390308
2025-06-04 10:30:00-04:00,332.2099914550781,334.6000061035156,329.5,333.1600036621094,15307673
2025-06-04 11:30:00-04:00,333.2099914550781,335.04998779296875,330.79998779296875,331.7950134277344,10783022
2025-06-04 12:30:00-04:00,331.79998779296875,333.6000061035156,331.67999267578125,332.8550109863281,5775918
2025-06-04 13:30:00-04:00,332.8699951171875,335.6199951171875,331.95001220703125,333.1300048828125,9066966
2025-06-04 14:30:00-04:00,333.0899963378906,335.29998779296875,332.6705017089844,333.9200134277344,7540067
2025-06-04 15:30:00-04:00,333.94500732421875,335.05999755859375,332.0,332.2099914550781,6809129
2025-06-05 09:30:00-04:00,322.489990234375,324.5498962402344,312.7008972167969,317.5889892578125,46036914
2025-06-05 10:30:00-04:00,317.5400085449219,322.4224853515625,314.55010986328125,321.68499755859375,18233900
2025-06-05 11:30:00-04:00,321.67999267578125,322.9800109863281,312.25,313.6700134277344,22716903
2025-06-05 12:30:00-04:00,313.6700134277344,313.8193054199219,301.5,302.3500061035156,38223989
2025-06-05 13:30:00-04:00,302.3599853515625,305.0,297.30999755859375,297.53961181640625,25452297
2025-06-05 14:30:00-04:00,297.53961181640625,298.79449462890625,273.2099914550781,281.75,74198499
2025-06-05 15:30:00-04:00,281.66009521484375,288.3692932128906,281.2001037597656,284.731689453125,38989144
2025-06-06 09:30:00-04:00,298.8349914550781,302.54998779296875,291.2001037597656,295.25,62623386
2025-06-06 10:30:00-04:00,295.2650146484375,305.5,295.0,301.71551513671875,30516879
2025-06-06 11:30:00-04:00,301.090087890625,302.5,299.30999755859375,300.4549865722656,13827902
2025-06-06 12:30:00-04:00,300.43359375,302.04998779296875,299.12689208984375,300.06500244140625,9565690
2025-06-06 13:30:00-04:00,300.0643005371094,301.739990234375,299.1700134277344,300.2900085449219,8608433
2025-06-06 14:30:00-04:00,300.30999755859375,302.0,296.55999755859375,297.9898986816406,13412582
2025-06-06 15:30:00-04:00,297.94000244140625,298.2900085449219,293.1400146484375,295.125,15789319
2025-06-09 09:30:00-04:00,285.9200134277344,296.260009765625,281.8500061035156,292.4100036621094,44636282
2025-06-09 10:30:00-04:00,292.4599914550781,297.73870849609375,291.95001220703125,294.6355895996094,16416385
2025-06-09 11:30:00-04:00,294.70001220703125,296.8800048828125,293.67999267578125,295.0400085449219,10141301
2025-06-09 12:30:00-04:00,295.06988525390625,297.8500061035156,294.9100036621094,297.05999755859375,8301356
2025-06-09 13:30:00-04:00,297.0899963378906,300.95001220703125,296.8900146484375,299.5,11684136
2025-06-09 14:30:00-04:00,299.45001220703125,302.7998962402344,298.84259033203125,302.4599914550781,12413703
2025-06-09 15:30:00-04:00,302.4599914550781,309.8299865722656,302.0,308.65728759765625,22346933
2025-06-10 09:30:00-04:00,315.07000732421875,317.67999267578125,310.6669921875,313.86639404296875,41262264
2025-06-10 10:30:00-04:00,313.8717956542969,321.2200012207031,312.79998779296875,318.54998779296875,22313996
2025-06-10 11:30:00-04:00,318.5884094238281,320.2698974609375,315.6400146484375,318.3500061035156,14256619
2025-06-10 12:30:00-04:00,318.3399963378906,320.6199951171875,315.75,319.9800109863281,12775332
2025-06-10 13:30:00-04:00,320.0050048828125,322.67999267578125,318.0400085449219,321.9200134277344,15812783
2025-06-10 14:30:00-04:00,321.9599914550781,325.94000244140625,321.6300048828125,325.6400146484375,18025834
2025-06-10 15:30:00-04:00,325.6300048828125,327.8299865722656,324.3599853515625,326.1499938964844,15827237
2025-06-11 09:30:00-04:00,334.05499267578125,335.5,328.20001220703125,333.1199951171875,44002747
2025-06-11 10:30:00-04:00,333.0799865722656,334.2900085449219,330.1700134277344,331.9988098144531,14645333
2025-06-11 11:30:00-04:00,331.32000732421875,331.94000244140625,326.0299987792969,328.95001220703125,14866015
2025-06-11 12:30:00-04:00,328.8599853515625,331.30950927734375,328.57000732421875,330.92999267578125,9414147
2025-06-11 13:30:00-04:00,330.9200134277344,331.0799865722656,322.7699890136719,324.7200012207031,15737528
2025-06-11 14:30:00-04:00,324.7099914550781,326.489990234375,323.80999755859375,324.94000244140625,10820353
2025-06-11 15:30:00-04:00,324.7850036621094,326.739990234375,323.2200012207031,326.489990234375,8294492
2025-06-12 09:30:00-04:00,323.07501220703125,329.3528137207031,322.7699890136719,326.489990234375,27103832
2025-06-12 10:30:00-04:00,326.5299987792969,328.7499084472656,323.8900146484375,326.3999938964844,13670520
2025-06-12 11:30:00-04:00,326.3599853515625,332.54998779296875,325.04998779296875,326.3699951171875,16206774
2025-06-12 12:30:00-04:00,326.3800048828125,326.5293884277344,323.510009765625,325.09210205078125,11616958
2025-06-12 13:30:00-04:00,325.0849914550781,325.7699890136719,319.1000061035156,319.6600036621094,10941760
2025-06-12 14:30:00-04:00,319.69500732421875,320.7699890136719,316.8800048828125,319.5,14058786
2025-06-12 15:30:00-04:00,319.4342041015625,319.7900085449219,318.3599853515625,319.17498779296875,6655412
2025-06-13 09:30:00-04:00,314.0,320.3399963378906,313.29998779296875,314.45001220703125,28356816
2025-06-13 10:30:00-04:00,314.4800109863281,320.3900146484375,314.0199890136719,318.8500061035156,13601373
2025-06-13 11:30:00-04:00,318.8999938964844,325.6600036621094,318.6600036621094,324.55999755859375,14653438
2025-06-13 12:30:00-04:00,324.54998779296875,332.9700012207031,323.3299865722656,332.1600036621094,22673876
2025-06-13 13:30:00-04:00,332.1993103027344,332.9800109863281,326.2799987792969,326.9159851074219,16818005
2025-06-13 14:30:00-04:00,326.8599853515625,329.6400146484375,323.25,327.0450134277344,18451483
2025-06-13 15:30:00-04:00,327.0400085449219,327.989990234375,324.20001220703125,325.3500061035156,9496959
2025-06-16 09:30:00-04:00,331.17999267578125,332.04998779296875,326.4100036621094,330.04998779296875,25815590
2025-06-16 10:30:00-04:00,330.0,331.3340148925781,328.3500061035156,330.2206115722656,12435413
2025-06-16 11:30:00-04:00,330.25,331.7300109863281,328.718505859375,331.32000732421875,8207304
2025-06-16 12:30:00-04:00,331.29998779296875,331.34210205078125,328.7500915527344,329.239990234375,7568396
2025-06-16 13:30:00-04:00,329.1650085449219,330.5799865722656,327.2099914550781,330.3999938964844,8908582
2025-06-16 14:30:00-04:00,330.3999938964844,330.6784973144531,327.7101135253906,329.6199951171875,7869034
2025-06-16 15:30:00-04:00,329.54998779296875,329.989990234375,328.5199890136719,329.1099853515625,5945865
2025-06-17 09:30:00-04:00,326.0199890136719,327.260009765625,320.15008544921875,322.95001220703125,20928901
2025-06-17 10:30:00-04:00,322.8999938964844,324.489990234375,319.45001220703125,320.1199951171875,11446482
2025-06-17 11:30:00-04:00,320.114990234375,321.7298889160156,317.5,320.94000244140625,13130339
2025-06-17 12:30:00-04:00,320.989990234375,321.2799987792969,317.3399963378906,318.5849914550781,8621615
2025-06-17 13:30:00-04:00,318.5299987792969,320.69000244140625,314.75,315.54998779296875,12330545
2025-06-17 14:30:00-04:00,315.55999755859375,317.6300048828125,315.4200134277344,317.30999755859375,8497030
2025-06-17 15:30:00-04:00,317.3399963378906,318.70001220703125,316.19000244140625,316.2799987792969,7096714
2025-06-18 09:30:00-04:00,317.29998779296875,325.0899963378906,315.45001220703125,323.3699951171875,25046480
2025-06-18 10:30:00-04:00,323.4200134277344,325.4190979003906,322.25,324.989990234375,11278607
2025-06-18 11:30:00-04:00,324.8299865722656,329.29998779296875,324.4451904296875,324.79998779296875,14282459
2025-06-18 12:30:00-04:00,324.75,325.1499938964844,321.4779968261719,321.9649963378906,10500640
2025-06-18 13:30:00-04:00,322.0400085449219,325.0,320.3500061035156,323.94000244140625,11175979
2025-06-18 14:30:00-04:00,323.89239501953125,325.20001220703125,320.0899963378906,322.21710205078125,11617416
2025-06-18 15:30:00-04:00,322.2099914550781,324.3399963378906,321.75,322.0950012207031,6538903
2025-06-20 09:30:00-04:00,327.80999755859375,332.3599853515625,318.4200134277344,320.193603515625,34193830
2025-06-20 10:30:00-04:00,320.1400146484375,321.0,317.7799987792969,319.7200012207031,14393220
2025-06-20 11:30:00-04:00,319.8034973144531,323.8500061035156,319.8034973144531,323.3450012207031,11305944
2025-06-20 12:30:00-04:00,323.3399963378906,325.9200134277344,321.44000244140625,321.4800109863281,11858956
2025-06-20 13:30:00-04:00,321.4814147949219,324.260009765625,319.70001220703125,323.3550109863281,9721700
2025-06-20 14:30:00-04:00,323.3599853515625,324.6499938964844,320.7207946777344,321.2900085449219,9591097
2025-06-20 15:30:00-04:00,321.28009033203125,322.79998779296875,319.6300964355469,322.1700134277344,7901547
2025-06-23 09:30:00-04:00,327.5150146484375,353.1900939941406,327.5,353.0150146484375,61263949
2025-06-23 10:30:00-04:00,353.0331115722656,357.4700012207031,350.04998779296875,353.3900146484375,35558670
2025-06-23 11:30:00-04:00,353.5199890136719,356.2492980957031,348.1499938964844,349.5,21292404
2025-06-23 12:30:00-04:00,349.4324951171875,351.5,344.3999938964844,351.1199951171875,22949088
2025-06-23 13:30:00-04:00,351.19500732421875,354.8500061035156,350.3266906738281,350.46759033203125,14378647
2025-06-23 14:30:00-04:00,350.5199890136719,352.4784851074219,348.3999938964844,348.75201416015625,12417805
2025-06-23 15:30:00-04:00,348.7349853515625,349.889892578125,346.44000244140625,348.7099914550781,11198543
2025-06-24 09:30:00-04:00,356.1600036621094,356.2598876953125,340.739990234375,341.55999755859375,42681663
2025-06-24 10:30:00-04:00,341.5899963378906,344.8599853515625,340.44000244140625,343.8349914550781,18386088
2025-06-24 11:30:00-04:00,343.75,344.57000732421875,341.6000061035156,342.2200012207031,12081057
2025-06-24 12:30:00-04:00,342.2149963378906,344.3999938964844,341.29998779296875,342.239990234375,9432881
2025-06-24 13:30:00-04:00,342.2099914550781,343.2799987792969,341.1700134277344,342.4599914550781,8426028
2025-06-24 14:30:00-04:00,342.5,343.7099914550781,341.739990234375,341.8500061035156,7579924
2025-06-24 15:30:00-04:00,341.8500061035156,343.6000061035156,340.4800109863281,340.480712890625,8040310
2025-06-25 09:30:00-04:00,341.7900085449219,342.8599853515625,320.3999938964844,321.489990234375,46140050
2025-06-25 10:30:00-04:00,321.5299987792969,327.0199890136719,321.07000732421875,326.07000732421875,20513458
2025-06-25 11:30:00-04:00,326.07000732421875,327.1000061035156,324.6807861328125,325.8450012207031,10689391
2025-06-25 12:30:00-04:00,325.8500061035156,327.6099853515625,324.85009765625,326.9849853515625,7522555
2025-06-25 13:30:00-04:00,327.0249938964844,327.19000244140625,324.8399963378906,325.20001220703125,6596218
2025-06-25 14:30:00-04:00,325.20001220703125,328.3900146484375,322.6000061035156,327.5,14143715
2025-06-25 15:30:00-04:00,327.54730224609375,328.0799865722656,326.4700012207031,327.5899963378906,7672390
2025-06-26 09:30:00-04:00,324.6099853515625,331.04998779296875,324.5588073730469,325.94000244140625,25990081
2025-06-26 10:30:00-04:00,325.919189453125,330.1700134277344,323.6099853515625,325.76129150390625,16694664
2025-06-26 11:30:00-04:00,325.7900085449219,328.8399963378906,325.3900146484375,327.80999755859375,7550519
2025-06-26 12:30:00-04:00,327.8500061035156,329.55999755859375,327.6400146484375,329.00439453125,6599329
2025-06-26 13:30:00-04:00,329.010009765625,329.1300048828125,326.4100036621094,326.77178955078125,6185721
2025-06-26 14:30:00-04:00,326.79998779296875,327.91900634765625,324.75,327.80999755859375,7807367
2025-06-26 15:30:00-04:00,327.7799987792969,328.6600036621094,325.6400146484375,325.7699890136719,6203064
2025-06-27 09:30:00-04:00,324.4700012207031,329.33929443359375,320.07000732421875,326.5400085449219,24310144
2025-06-27 10:30:00-04:00,326.5700988769531,327.6499938964844,324.0907897949219,325.5299987792969,11069127
2025-06-27 11:30:00-04:00,325.57000732421875,326.3800048828125,323.2200012207031,324.739990234375,7324330
2025-06-27 12:30:00-04:00,324.739990234375,325.3695983886719,324.2699890136719,324.5050048828125,6717449
2025-06-27 13:30:00-04:00,324.5,325.8877868652344,320.6600036621094,320.7560119628906,9696017
2025-06-27 14:30:00-04:00,320.7850036621094,321.95001220703125,317.4949951171875,321.20001220703125,15547078
2025-06-27 15:30:00-04:00,321.1995849609375,324.3999938964844,320.8500061035156,323.79998779296875,7513695
2025-06-30 09:30:00-04:00,319.8999938964844,325.57989501953125,317.80999755859375,319.456787109375,23640088
2025-06-30 10:30:00-04:00,319.4750061035156,322.260009765625,319.0799865722656,320.5899963378906,9166933
2025-06-30 11:30:00-04:00,320.5466003417969,322.7629089355469,319.5,320.8999938964844,6947163
2025-06-30 12:30:00-04:00,320.8599853515625,321.3500061035156,319.510009765625,319.8008117675781,5501706
2025-06-30 13:30:00-04:00,319.82000732421875,320.1000061035156,318.1499938964844,318.2300109863281,6290202
2025-06-30 14:30:00-04:00,318.2099914550781,319.28961181640625,316.6000061035156,317.5436096191406,9299221
2025-06-30 15:30:00-04:00,317.489990234375,318.760009765625,316.8800048828125,317.6199951171875,6027666
2025-07-01 09:30:00-04:00,298.4200134277344,305.8800048828125,293.2099914550781,303.1899108886719,57483253
2025-07-01 10:30:00-04:00,303.1899108886719,305.0,297.1199951171875,300.7773132324219,22050189
2025-07-01 11:30:00-04:00,300.7049865722656,304.3800048828125,300.2500915527344,303.25,12407710
2025-07-01 12:30:00-04:00,303.20001220703125,304.626708984375,301.95001220703125,302.1000061035156,9504799
2025-07-01 13:30:00-04:00,302.1050109863281,302.25,298.3219909667969,301.0400085449219,14043307
2025-07-01 14:30:00-04:00,301.0,303.1600036621094,300.3299865722656,302.8900146484375,10610815
2025-07-01 15:30:00-04:00,302.9100036621094,304.4299011230469,300.4800109863281,300.7099914550781,10331262
2025-07-02 09:30:00-04:00,312.57501220703125,314.44000244140625,303.82000732421875,311.9200134277344,47456766
2025-07-02 10:30:00-04:00,311.9100036621094,316.8320007324219,310.17999267578125,313.82000732421875,22821767
2025-07-02 11:30:00-04:00,313.8599853515625,314.82000732421875,311.8900146484375,313.3550109863281,10017813
2025-07-02 12:30:00-04:00,313.389892578125,315.9800109863281,312.1199951171875,315.5267028808594,8184714
2025-07-02 13:30:00-04:00,315.527587890625,316.1698913574219,314.0799865722656,315.877197265625,6815402
2025-07-02 14:30:00-04:00,315.86920166015625,316.3800048828125,314.5899963378906,315.3500061035156,8030033
2025-07-02 15:30:00-04:00,315.29998779296875,315.69000244140625,312.68060302734375,315.6499938964844,8666861
2025-07-03 09:30:00-04:00,317.95001220703125,318.0,312.760009765625,313.8731994628906,24503067
2025-07-03 10:30:00-04:00,313.8800048828125,317.8999938964844,312.79998779296875,316.35009765625,14433610
2025-07-03 11:30:00-04:00,316.375,318.45001220703125,315.69000244140625,317.08990478515625,9600374
2025-07-07 09:30:00-04:00,291.3699951171875,296.1499938964844,288.7701110839844,293.17999267578125,53720290
2025-07-07 10:30:00-04:00,293.2200012207031,294.3854064941406,290.55999755859375,292.809814453125,17609979
2025-07-07 11:30:00-04:00,292.8564147949219,294.5199890136719,291.1000061035156,292.6099853515625,11698276
2025-07-07 12:30:00-04:00,292.6007080078125,293.0,291.1499938964844,291.3399963378906,9085336
2025-07-07 13:30:00-04:00,291.30999755859375,294.1499938964844,291.20001220703125,291.3840026855469,9572924
2025-07-07 14:30:00-04:00,291.42999267578125,294.3900146484375,291.3575134277344,293.9715881347656,9909853
2025-07-07 15:30:00-04:00,293.9599914550781,295.5299987792969,293.0,293.9200134277344,10470609
2025-07-08 09:30:00-04:00,296.8800048828125,300.3598937988281,295.6416015625,298.92999267578125,25485595
2025-07-08 10:30:00-04:00,298.95001220703125,304.0494079589844,298.8601989746094,301.9150085449219,19387942
2025-07-08 11:30:00-04:00,301.909912109375,302.989990234375,300.82000732421875,302.25,8552507
2025-07-08 12:30:00-04:00,302.260009765625,302.3999938964844,300.7300109863281,301.5339050292969,7002953
2025-07-08 13:30:00-04:00,301.5199890136719,303.4599914550781,300.42999267578125,302.9299011230469,8442336
2025-07-08 14:30:00-04:00,302.94000244140625,303.5799865722656,296.8599853515625,296.9555969238281,15089755
2025-07-08 15:30:00-04:00,296.9411926269531,298.5150146484375,294.3500061035156,297.8349914550781,13997477
2025-07-09 09:30:00-04:00,297.6050109863281,300.1499938964844,294.760009765625,295.4527893066406,22643247
2025-07-09 10:30:00-04:00,295.4700012207031,296.55999755859375,293.54998779296875,295.92999267578125,15031861
2025-07-09 11:30:00-04:00,295.9700012207031,296.3999938964844,294.3699951171875,294.8500061035156,6776530
2025-07-09 12:30:00-04:00,294.8599853515625,296.17999267578125,294.29998779296875,294.510009765625,5953681
2025-07-09 13:30:00-04:00,294.522705078125,297.1289978027344,293.9100036621094,296.57501220703125,7606437
2025-07-09 14:30:00-04:00,296.5899963378906,297.82000732421875,296.0,296.94000244140625,6656923
2025-07-09 15:30:00-04:00,296.9200134277344,297.7427978515625,295.75,295.82000732421875,7294086
2025-07-10 09:30:00-04:00,300.13018798828125,307.9200134277344,300.0,304.3500061035156,33785270
2025-07-10 10:30:00-04:00,304.3500061035156,306.79998779296875,303.75,304.6860046386719,10949399
2025-07-10 11:30:00-04:00,304.6007995605469,304.92999267578125,303.1199951171875,304.0199890136719,7555008
2025-07-10 12:30:00-04:00,304.0155029296875,304.8799133300781,301.54998779296875,301.8865966796875,8207409
2025-07-10 13:30:00-04:00,301.8830871582031,307.3999938964844,301.79998779296875,306.5299987792969,10750123
2025-07-10 14:30:00-04:00,306.52459716796875,310.4800109863281,306.1700134277344,309.239990234375,15157424
2025-07-10 15:30:00-04:00,309.19488525390625,310.29998779296875,308.45001220703125,309.93499755859375,10510130
2025-07-11 09:30:00-04:00,307.6199951171875,311.9100036621094,305.6600036621094,310.97918701171875,20852964
2025-07-11 10:30:00-04:00,310.92999267578125,311.019287109375,306.6400146484375,307.71038818359375,11700813
2025-07-11 11:30:00-04:00,307.7200012207031,310.0199890136719,306.9599914550781,309.85009765625,8213403
2025-07-11 12:30:00-04:00,309.87200927734375,311.57000732421875,309.75,310.8599853515625,7575924
2025-07-11 13:30:00-04:00,310.8399963378906,312.79998779296875,309.8599853515625,311.9599914550781,7360569
2025-07-11 14:30:00-04:00,311.9750061035156,313.4289855957031,310.29998779296875,312.67999267578125,10291474
2025-07-11 15:30:00-04:00,312.6549987792969,314.0899963378906,312.62060546875,313.5,8371920
2025-07-14 09:30:00-04:00,317.7300109863281,322.5986022949219,313.5299987792969,314.24969482421875,27158668
2025-07-14 10:30:00-04:00,314.2200012207031,315.6499938964844,312.6700134277344,314.3800048828125,11019327
2025-07-14 11:30:00-04:00,314.3999938964844,315.53961181640625,313.8800048828125,314.94000244140625,6751162
2025-07-14 12:30:00-04:00,314.92999267578125,316.659912109375,314.7099914550781,315.33758544921875,6665380
2025-07-14 13:30:00-04:00,315.3699951171875,315.92498779296875,312.8500061035156,315.02398681640625,7864917
2025-07-14 14:30:00-04:00,315.0249938964844,316.7650146484375,314.8299865722656,316.3251953125,7517769
2025-07-14 15:30:00-04:00,316.3349914550781,317.2699890136719,315.67999267578125,316.9100036621094,6255543
2025-07-15 09:30:00-04:00,319.67498779296875,321.20001220703125,316.4200134277344,317.6600036621094,21535742
2025-07-15 10:30:00-04:00,317.510009765625,317.5116882324219,312.70001220703125,314.07049560546875,14279261
2025-07-15 11:30:00-04:00,314.1199951171875,315.48431396484375,313.41009521484375,314.32000732421875,7386549
2025-07-15 12:30:00-04:00,314.30999755859375,315.09259033203125,312.80999755859375,314.0799865722656,6146924
2025-07-15 13:30:00-04:00,314.04998779296875,315.239990234375,313.3399963378906,314.6531982421875,5498863
2025-07-15 14:30:00-04:00,314.6195983886719,314.6400146484375,310.5,311.4549865722656,10182641
2025-07-15 15:30:00-04:00,311.4700012207031,312.3800048828125,310.6600036621094,310.6600036621094,6387722
2025-07-16 09:30:00-04:00,312.79998779296875,318.9100036621094,312.6300048828125,318.17999267578125,28056734
2025-07-16 10:30:00-04:00,318.17498779296875,321.1199951171875,317.739990234375,319.5080871582031,19139758
2025-07-16 11:30:00-04:00,319.5050048828125,321.70001220703125,316.0799865722656,321.2049865722656,13345444
2025-07-16 12:30:00-04:00,321.2200012207031,321.55999755859375,319.6099853515625,320.19500732421875,7360546
2025-07-16 13:30:00-04:00,320.2441101074219,320.989990234375,318.6600036621094,319.4800109863281,6952406
2025-07-16 14:30:00-04:00,319.4455871582031,322.95001220703125,319.4455871582031,322.0260925292969,9473650
2025-07-16 15:30:00-04:00,322.0400085449219,323.5,321.3800048828125,321.6700134277344,7666792
2025-07-17 09:30:00-04:00,323.1099853515625,324.3399963378906,319.8999938964844,321.8949890136719,23287077
2025-07-17 10:30:00-04:00,321.8599853515625,323.4710998535156,321.29998779296875,322.1202087402344,9789891
2025-07-17 11:30:00-04:00,322.1300048828125,322.3999938964844,319.75,320.52880859375,9499470
2025-07-17 12:30:00-04:00,320.5260009765625,321.8439025878906,317.69500732421875,319.4599914550781,7203699
2025-07-17 13:30:00-04:00,319.4801025390625,319.6698913574219,317.060302734375,319.010009765625,10048703
2025-07-17 14:30:00-04:00,319.0249938964844,319.8194885253906,318.28009033203125,318.92999267578125,5592454
2025-07-17 15:30:00-04:00,318.9049987792969,319.7099914550781,318.44000244140625,319.3699951171875,5454882
2025-07-18 09:30:00-04:00,322.0,330.7099914550781,321.4200134277344,327.07000732421875,31429456
2025-07-18 10:30:00-04:00,327.0799865722656,329.1000061035156,325.5,327.1606140136719,13983212
2025-07-18 11:30:00-04:00,327.20001220703125,329.0199890136719,327.1300964355469,328.05499267578125,7971654
2025-07-18 12:30:00-04:00,328.0044860839844,328.1099853515625,324.840087890625,327.57000732421875,11164943
2025-07-18 13:30:00-04:00,327.55999755859375,330.8599853515625,327.12060546875,329.80999755859375,10533493
2025-07-18 14:30:00-04:00,329.79998779296875,330.8999938964844,328.7799987792969,328.8399963378906,8622278
2025-07-18 15:30:00-04:00,328.8299865722656,329.8599853515625,328.1000061035156,329.54998779296875,6554328
2025-07-21 09:30:00-04:00,334.3599853515625,338.0,328.5,330.0994873046875,26985026
2025-07-21 10:30:00-04:00,330.1000061035156,330.3299865722656,327.79998779296875,329.1528015136719,11644305
2025-07-21 11:30:00-04:00,329.1199951171875,330.260009765625,326.8800048828125,328.72149658203125,8753831
2025-07-21 12:30:00-04:00,328.7699890136719,330.3599853515625,328.7401123046875,329.7300109863281,6428226
2025-07-21 13:30:00-04:00,329.7200012207031,330.8299865722656,329.1499938964844,329.70001220703125,6012774
2025-07-21 14:30:00-04:00,329.70001220703125,330.30999755859375,327.79998779296875,329.37921142578125,6644113
2025-07-21 15:30:00-04:00,329.3800048828125,329.8500061035156,327.9599914550781,328.5299987792969,4614530
2025-07-22 09:30:00-04:00,329.739990234375,330.4700012207031,321.54998779296875,327.6700134277344,19259194
2025-07-22 10:30:00-04:00,327.6700134277344,331.6000061035156,327.3305969238281,329.6600036621094,12351453
2025-07-22 11:30:00-04:00,329.6499938964844,332.3500061035156,329.4307861328125,330.1400146484375,9253227
2025-07-22 12:30:00-04:00,330.135009765625,332.2300109863281,329.6499938964844,331.8815002441406,6364568
2025-07-22 13:30:00-04:00,331.8599853515625,334.24530029296875,329.8299865722656,333.6449890136719,10487550
2025-07-22 14:30:00-04:00,333.5899963378906,335.4097900390625,333.114990234375,333.5065002441406,10487103
2025-07-22 15:30:00-04:00,333.5,333.7699890136719,332.0,332.0799865722656,5520347
2025-07-23 09:30:00-04:00,330.8699951171875,334.6000061035156,329.010009765625,333.45001220703125,18113998
2025-07-23 10:30:00-04:00,333.44000244140625,334.20001220703125,332.0799865722656,333.1099853515625,9376308
2025-07-23 11:30:00-04:00,333.04010009765625,336.1700134277344,332.75,333.2749938964844,8817832
2025-07-23 12:30:00-04:00,333.2749938964844,333.57000732421875,328.6700134277344,330.8599853515625,9914543
2025-07-23 13:30:00-04:00,330.8559875488281,333.6600036621094,329.4100036621094,332.8192138671875,9327558
2025-07-23 14:30:00-04:00,332.7875061035156,335.70001220703125,332.0,333.81500244140625,10175207
2025-07-23 15:30:00-04:00,333.81500244140625,334.3500061035156,332.0799865722656,333.0,6599207
2025-07-24 09:30:00-04:00,310.06500244140625,310.06500244140625,301.0,303.79998779296875,58076008
2025-07-24 10:30:00-04:00,303.75,305.489990234375,301.30999755859375,302.3052978515625,23008506
2025-07-24 11:30:00-04:00,302.2860107421875,303.3799133300781,300.4100036621094,301.25,15257797
2025-07-24 12:30:00-04:00,301.25,304.989990234375,301.02349853515625,304.2732849121094,12970749
2025-07-24 13:30:00-04:00,304.2799987792969,305.760009765625,302.17999267578125,303.82000732421875,11789127
2025-07-24 14:30:00-04:00,303.81500244140625,306.7099914550781,303.5505065917969,306.6499938964844,12919705
2025-07-24 15:30:00-04:00,306.6400146484375,307.4800109863281,305.0,305.07000732421875,11708131
2025-07-25 09:30:00-04:00,308.739990234375,314.5299987792969,308.010009765625,313.6499938964844,33831108
2025-07-25 10:30:00-04:00,313.67999267578125,318.7300109863281,312.1300048828125,318.4389953613281,19799265
2025-07-25 11:30:00-04:00,318.43170166015625,323.6300048828125,317.7699890136719,323.2900085449219,24842645
2025-07-25 12:30:00-04:00,323.2850036621094,323.29998779296875,317.0,317.7850036621094,19852089
2025-07-25 13:30:00-04:00,317.7900085449219,318.5799865722656,315.3699951171875,318.3900146484375,16300803
2025-07-25 14:30:00-04:00,318.3999938964844,318.5094909667969,312.70001220703125,314.21051025390625,16995740
2025-07-25 15:30:00-04:00,314.239990234375,316.7699890136719,313.80999755859375,316.1050109863281,10074181
2025-07-28 09:30:00-04:00,318.2099914550781,326.3999938964844,315.69000244140625,325.1387939453125,32710654
2025-07-28 10:30:00-04:00,325.1499938964844,328.95001220703125,322.6300048828125,327.3900146484375,19940849
2025-07-28 11:30:00-04:00,327.3999938964844,330.4800109863281,326.75,328.9649963378906,15029955
2025-07-28 12:30:00-04:00,328.97869873046875,329.30999755859375,326.8999938964844,328.1499938964844,10486336
2025-07-28 13:30:00-04:00,328.1600036621094,329.4656066894531,326.1499938964844,326.989990234375,10017533
2025-07-28 14:30:00-04:00,327.0199890136719,328.3699951171875,326.0600891113281,326.2300109863281,8332680
2025-07-28 15:30:00-04:00,326.20709228515625,327.20001220703125,325.3399963378906,325.5400085449219,8039572
2025-07-29 09:30:00-04:00,325.6524963378906,326.25,318.25,319.3299865722656,24067224
2025-07-29 10:30:00-04:00,319.32000732421875,322.6300048828125,318.3699951171875,318.5101013183594,14247050
2025-07-29 11:30:00-04:00,318.5400085449219,322.2250061035156,318.3590087890625,320.5539855957031,13021355
2025-07-29 12:30:00-04:00,320.54998779296875,321.75,319.6499938964844,320.44000244140625,6635866
2025-07-29 13:30:00-04:00,320.42999267578125,323.7799987792969,320.0921936035156,322.6300048828125,9133778
2025-07-29 14:30:00-04:00,322.6300048828125,324.05999755859375,322.20001220703125,322.3800048828125,7726183
2025-07-29 15:30:00-04:00,322.3999938964844,322.54998779296875,320.7699890136719,321.3999938964844,6389846
2025-07-30 09:30:00-04:00,322.19500732421875,324.44989013671875,320.0,322.2149963378906,18151148
2025-07-30 10:30:00-04:00,322.2395935058594,322.3999938964844,316.9100036621094,317.6698913574219,13822394
2025-07-30 11:30:00-04:00,317.6449890136719,319.3900146484375,317.3999938964844,317.68438720703125,8074813
2025-07-30 12:30:00-04:00,317.68438720703125,318.8800048828125,317.3399963378906,317.8660888671875,6002686
2025-07-30 13:30:00-04:00,317.8699951171875,318.8500061035156,315.8550109863281,316.6700134277344,8411105
2025-07-30 14:30:00-04:00,316.6600036621094,317.8298034667969,311.6174011230469,315.5899963378906,16091330
2025-07-30 15:30:00-04:00,315.6099853515625,319.260009765625,315.1400146484375,319.0400085449219,8661054
2025-07-31 09:30:00-04:00,319.5849914550781,321.3699035644531,315.94000244140625,316.2900085449219,17499945
2025-07-31 10:30:00-04:00,316.2900085449219,317.3999938964844,311.5,312.4200134277344,13931655
2025-07-31 11:30:00-04:00,312.44989013671875,314.1000061035156,311.7300109863281,313.5899963378906,9088220
2025-07-31 12:30:00-04:00,313.6000061035156,314.0799865722656,309.5899963378906,309.8840026855469,8250697
2025-07-31 13:30:00-04:00,309.85009765625,311.6499938964844,306.1000061035156,308.43499755859375,13304064
2025-07-31 14:30:00-04:00,308.3900146484375,310.989990234375,308.3301086425781,310.2001037597656,9202235
2025-07-31 15:30:00-04:00,310.2900085449219,310.7464904785156,307.94000244140625,308.19000244140625,6588832
2025-08-01 09:30:00-04:00,306.2049865722656,308.7598876953125,297.82000732421875,304.5450134277344,27589787
2025-08-01 10:30:00-04:00,304.57000732421875,307.364990234375,303.8800048828125,304.8550109863281,11502966
2025-08-01 11:30:00-04:00,304.8550109863281,309.30999755859375,304.75,307.17999267578125,9716761
2025-08-01 12:30:00-04:00,307.19500732421875,307.239990234375,302.739990234375,303.23638916015625,8847095
2025-08-01 13:30:00-04:00,303.2349853515625,304.8599853515625,301.3800048828125,303.29998779296875,10531506
2025-08-01 14:30:00-04:00,303.2615966796875,304.6000061035156,301.1600036621094,301.9800109863281,7831289
2025-08-01 15:30:00-04:00,301.8900146484375,303.6700134277344,301.1000061035156,302.6099853515625,7145836
2025-08-04 09:30:00-04:00,309.05499267578125,312.114990234375,305.55010986328125,309.0400085449219,23374894
2025-08-04 10:30:00-04:00,309.0567932128906,309.07000732421875,303.0000915527344,306.19500732421875,16039049
2025-08-04 11:30:00-04:00,306.1300048828125,308.989990234375,305.6200866699219,308.65008544921875,8853940
2025-08-04 12:30:00-04:00,308.6700134277344,309.75,306.79998779296875,308.489990234375,8158255
2025-08-04 13:30:00-04:00,308.4800109863281,310.1799011230469,307.48699951171875,309.39080810546875,6043622
2025-08-04 14:30:00-04:00,309.385009765625,310.8299865722656,308.92010498046875,308.99249267578125,6327458
2025-08-04 15:30:00-04:00,308.9649963378906,309.95001220703125,308.05999755859375,309.2998962402344,5121919
2025-08-05 09:30:00-04:00,308.95001220703125,312.44989013671875,305.5,307.9649963378906,18192096
2025-08-05 10:30:00-04:00,307.94110107421875,308.4999084472656,305.6199951171875,306.9599914550781,9123703
2025-08-05 11:30:00-04:00,306.8999938964844,308.1899108886719,306.3999938964844,307.0799865722656,5008661
2025-08-05 12:30:00-04:00,307.0295104980469,308.1698913574219,306.0317077636719,308.07000732421875,4816012
2025-08-05 13:30:00-04:00,308.1000061035156,310.9142150878906,308.0013122558594,309.25,7136367
2025-08-05 14:30:00-04:00,309.2699890136719,310.625,308.65008544921875,309.635009765625,5238186
2025-08-05 15:30:00-04:00,309.6600036621094,310.1199951171875,308.4100036621094,308.67999267578125,4602111
2025-08-06 09:30:00-04:00,307.8900146484375,317.3500061035156,307.4700012207031,314.86090087890625,21248663
2025-08-06 10:30:00-04:00,314.8900146484375,319.5,314.5700988769531,318.4949951171875,13465860
2025-08-06 11:30:00-04:00,318.489990234375,319.55999755859375,316.70001220703125,317.2049865722656,9756646
2025-08-06 12:30:00-04:00,317.2049865722656,318.7099914550781,316.2099914550781,318.53350830078125,6401192
2025-08-06 13:30:00-04:00,318.54998779296875,319.75,317.8599853515625,319.5899963378906,7170602
2025-08-06 14:30:00-04:00,319.5799865722656,320.4700012207031,318.8399963378906,319.2951965332031,8317323
2025-08-06 15:30:00-04:00,319.2699890136719,320.135009765625,318.4200134277344,319.9599914550781,6303663
2025-08-07 09:30:00-04:00,319.6099853515625,322.3999938964844,318.1000061035156,319.29998779296875,18459664
2025-08-07 10:30:00-04:00,319.2749938964844,320.2900085449219,317.6199951171875,317.935302734375,9751098
2025-08-07 11:30:00-04:00,317.94000244140625,320.9599914550781,317.67999267578125,320.82501220703125,8224665
2025-08-07 12:30:00-04:00,320.81500244140625,321.15948486328125,317.94000244140625,318.3900146484375,7676656
2025-08-07 13:30:00-04:00,318.3900146484375,318.8500061035156,316.1600036621094,317.34649658203125,6561795
2025-08-07 14:30:00-04:00,317.260009765625,319.1435852050781,316.67999267578125,318.95001220703125,5407177
2025-08-07 15:30:00-04:00,318.94500732421875,322.3599853515625,318.8399963378906,322.2900085449219,6650824
2025-08-08 09:30:00-04:00,321.42999267578125,333.92999267578125,320.9800109863281,331.7908935546875,31363311
2025-08-08 10:30:00-04:00,331.80999755859375,334.989990234375,330.94000244140625,333.19000244140625,16250012
2025-08-08 11:30:00-04:00,333.1600036621094,333.3500061035156,329.9200134277344,330.3192138671875,9348487
2025-08-08 12:30:00-04:00,330.29998779296875,331.760009765625,328.510009765625,328.6600036621094,8177271
2025-08-08 13:30:00-04:00,328.6980895996094,330.45001220703125,328.20001220703125,329.510498046875,6817637
2025-08-08 14:30:00-04:00,329.5299987792969,330.8800048828125,328.4750061035156,328.6300048828125,6954136
2025-08-08 15:30:00-04:00,328.6300048828125,329.7298889160156,327.2200012207031,329.67999267578125,7748147
2025-08-11 09:30:00-04:00,335.0,343.2550048828125,334.1499938964844,341.3349914550781,32449482
2025-08-11 10:30:00-04:00,341.364990234375,344.2900085449219,340.29998779296875,344.07000732421875,14819866
2025-08-11 11:30:00-04:00,344.05499267578125,346.4490051269531,343.3999938964844,346.3900146484375,14047983
2025-08-11 12:30:00-04:00,346.4100036621094,346.6400146484375,342.239990234375,342.4100036621094,10725540
2025-08-11 13:30:00-04:00,342.4115905761719,343.32989501953125,341.6000061035156,342.1600036621094,8329378
2025-08-11 14:30:00-04:00,342.1650085449219,344.0899963378906,340.650390625,341.9700012207031,10520859
2025-08-11 15:30:00-04:00,342.010009765625,342.0799865722656,338.7900085449219,339.18499755859375,8402070
2025-08-12 09:30:00-04:00,345.04998779296875,345.260009765625,332.94000244140625,334.9549865722656,27750007
2025-08-12 10:30:00-04:00,334.95928955078125,338.17999267578125,333.1199951171875,337.2650146484375,12941582
2025-08-12 11:30:00-04:00,337.30999755859375,339.0,336.25,338.031494140625,8193448
2025-08-12 12:30:00-04:00,338.031494140625,340.08990478515625,337.6200866699219,338.7900085449219,7377272
2025-08-12 13:30:00-04:00,338.760009765625,339.6736145019531,337.0299987792969,339.4136962890625,6436199
2025-08-12 14:30:00-04:00,339.42999267578125,341.44989013671875,338.92999267578125,340.8599853515625,7404982
2025-08-12 15:30:00-04:00,340.8800048828125,342.42999267578125,340.3800048828125,340.7550048828125,6284590
2025-08-13 09:30:00-04:00,341.69000244140625,348.9800109863281,340.239990234375,345.08990478515625,23273591
2025-08-13 10:30:00-04:00,345.1000061035156,345.5624084472656,338.54998779296875,340.7850036621094,12224375
2025-08-13 11:30:00-04:00,340.81500244140625,342.3299865722656,340.20001220703125,341.30010986328125,6451030
2025-08-13 12:30:00-04:00,341.29998779296875,341.659912109375,339.25,341.5050048828125,6283472
2025-08-13 13:30:00-04:00,341.5050048828125,341.8197937011719,338.2300109863281,340.2250061035156,6884780
2025-08-13 14:30:00-04:00,340.260009765625,341.4549865722656,339.20001220703125,340.7200012207031,5159534
2025-08-13 15:30:00-04:00,340.760009765625,341.25,339.20001220703125,339.3399963378906,4064061
2025-08-14 09:30:00-04:00,335.760009765625,338.3999938964844,334.80670166015625,337.1650085449219,17215391
2025-08-14 10:30:00-04:00,337.1935119628906,340.46990966796875,331.2821960449219,332.5498962402344,13347549
2025-08-14 11:30:00-04:00,332.5356140136719,333.2900085449219,330.3999938964844,331.4067077636719,12304838
2025-08-14 12:30:00-04:00,331.45001220703125,334.1300048828125,330.8517150878906,333.96270751953125,7861433
2025-08-14 13:30:00-04:00,333.9750061035156,334.5799865722656,332.760009765625,332.9700012207031,6702659
2025-08-14 14:30:00-04:00,332.9460144042969,334.87060546875,332.92999267578125,334.3699951171875,7062040
2025-08-14 15:30:00-04:00,334.3800048828125,336.0299987792969,334.010009765625,335.57000732421875,5623605
2025-08-15 09:30:00-04:00,337.6549987792969,339.29998779296875,331.8500061035156,332.8999938964844,18871909
2025-08-15 10:30:00-04:00,332.885009765625,333.7998962402344,331.8800048828125,332.9057922363281,8164869
2025-08-15 11:30:00-04:00,332.8999938964844,333.55499267578125,327.0199890136719,327.94000244140625,12912763
2025-08-15 12:30:00-04:00,327.93499755859375,331.4295959472656,327.93499755859375,330.8999938964844,9426179
2025-08-15 13:30:00-04:00,330.8800964355469,331.69989013671875,329.3399963378906,329.8299865722656,6017263
2025-08-15 14:30:00-04:00,329.8327941894531,330.1199951171875,328.0,329.05999755859375,7713775
2025-08-15 15:30:00-04:00,329.0899963378906,330.6700134277344,328.57000732421875,330.6000061035156,6091565
2025-08-18 09:30:00-04:00,329.5899963378906,334.2698974609375,329.5899963378906,333.69500732421875,17979032
2025-08-18 10:30:00-04:00,333.6700134277344,333.9800109863281,331.79998779296875,333.0249938964844,6680538
2025-08-18 11:30:00-04:00,333.0400085449219,335.349609375,332.70001220703125,334.8334045410156,6114542
2025-08-18 12:30:00-04:00,334.8793029785156,335.2900085449219,333.1700134277344,334.76251220703125,6094697
2025-08-18 13:30:00-04:00,334.7749938964844,335.75,333.66009521484375,334.2300109863281,4912974
2025-08-18 14:30:00-04:00,334.2300109863281,336.2699890136719,334.0400085449219,334.8500061035156,5708419
2025-08-18 15:30:00-04:00,334.82000732421875,335.3299865722656,333.8616943359375,335.1499938964844,4677572
2025-08-19 09:30:00-04:00,335.7900085449219,340.54998779296875,333.29998779296875,338.75,22451810
2025-08-19 10:30:00-04:00,338.82000732421875,339.2799987792969,330.6499938964844,332.1700134277344,15938726
2025-08-19 11:30:00-04:00,332.1499938964844,333.989990234375,331.95001220703125,333.1600036621094,6942597
2025-08-19 12:30:00-04:00,333.1549987792969,333.39990234375,327.8500061035156,329.70001220703125,9513454
2025-08-19 13:30:00-04:00,329.6199951171875,330.8599853515625,329.0,329.70941162109375,5363450
2025-08-19 14:30:00-04:00,329.6650085449219,330.2349853515625,328.0,329.94000244140625,6345459
2025-08-19 15:30:00-04:00,329.8999938964844,330.5899963378906,329.07501220703125,329.32000732421875,4661536
2025-08-20 09:30:00-04:00,329.2300109863281,331.3699951171875,316.6600036621094,317.3399963378906,24423830
2025-08-20 10:30:00-04:00,317.3599853515625,320.3900146484375,314.6000061035156,320.0566101074219,14091946
2025-08-20 11:30:00-04:00,320.0299987792969,322.0899963378906,317.489990234375,321.7546081542969,9793867
2025-08-20 12:30:00-04:00,321.760009765625,322.3399963378906,320.0780029296875,321.05499267578125,5893268
2025-08-20 13:30:00-04:00,321.04998779296875,324.05999755859375,319.55010986328125,319.8067932128906,8181865
2025-08-20 14:30:00-04:00,319.79998779296875,323.6700134277344,319.79998779296875,322.9800109863281,6530945
2025-08-20 15:30:00-04:00,322.97088623046875,324.7900085449219,322.6400146484375,323.9150085449219,5150852
2025-08-21 09:30:00-04:00,322.0,324.5799865722656,319.6600036621094,324.239990234375,17132751
2025-08-21 10:30:00-04:00,324.25,324.260009765625,321.1000061035156,321.9006042480469,7350445
2025-08-21 11:30:00-04:00,321.8800048828125,323.20001220703125,320.0400085449219,320.2200012207031,6354906
2025-08-21 12:30:00-04:00,320.2300109863281,321.0899963378906,318.67999267578125,319.3599853515625,6398413
2025-08-21 13:30:00-04:00,319.3299865722656,321.3399963378906,319.1300048828125,320.489990234375,5051208
2025-08-21 14:30:00-04:00,320.5249938964844,322.6000061035156,320.1199951171875,322.0150146484375,5827069
2025-08-21 15:30:00-04:00,322.0299987792969,322.1095886230469,320.0299987792969,320.0400085449219,4170369
2025-08-22 09:30:00-04:00,321.6600036621094,337.4599914550781,319.69000244140625,334.7099914550781,30347060
2025-08-22 10:30:00-04:00,334.760009765625,337.69989013671875,334.6200866699219,335.55999755859375,13700473
2025-08-22 11:30:00-04:00,335.5450134277344,336.3299865722656,333.760009765625,335.11700439453125,7922225
2025-08-22 12:30:00-04:00,335.114990234375,338.3299865722656,335.0675048828125,338.02178955078125,10529920
2025-08-22 13:30:00-04:00,338.0350036621094,338.75,337.1300048828125,338.30999755859375,7311225
2025-08-22 14:30:00-04:00,338.32000732421875,339.54998779296875,338.0201110839844,338.5000915527344,8601614
2025-08-22 15:30:00-04:00,338.510009765625,340.25,337.3399963378906,340.010009765625,9317874
2025-08-25 09:30:00-04:00,338.8900146484375,342.14990234375,335.0299987792969,340.82000732421875,22841923
2025-08-25 10:30:00-04:00,340.7799987792969,343.44000244140625,339.6099853515625,343.3399963378906,10212703
2025-08-25 11:30:00-04:00,343.364990234375,346.4200134277344,343.1400146484375,345.7699890136719,12230959
2025-08-25 12:30:00-04:00,345.7099914550781,348.70001220703125,344.70001220703125,348.34991455078125,10365280
2025-08-25 13:30:00-04:00,348.3500061035156,348.67999267578125,346.05999755859375,346.8299865722656,8939240
2025-08-25 14:30:00-04:00,346.8599853515625,349.5299987792969,346.260009765625,348.4601135253906,9890900
2025-08-25 15:30:00-04:00,348.5,348.7049865722656,346.5,346.5950012207031,7634926
2025-08-26 09:30:00-04:00,344.82000732421875,349.1400146484375,344.29998779296875,346.0899963378906,20712891
2025-08-26 10:30:00-04:00,346.04278564453125,347.7900085449219,345.1400146484375,347.07000732421875,8927284
2025-08-26 11:30:00-04:00,347.0400085449219,347.12701416015625,343.7200012207031,346.2799987792969,8505132
2025-08-26 12:30:00-04:00,346.30999755859375,347.2799987792969,345.7099914550781,347.1000061035156,5829459
2025-08-26 13:30:00-04:00,347.135009765625,347.20989990234375,345.07501220703125,346.94000244140625,5358454
2025-08-26 14:30:00-04:00,346.94000244140625,350.0,346.8999938964844,349.70001220703125,9711597
2025-08-26 15:30:00-04:00,349.7200012207031,351.8999938964844,349.1199951171875,351.7699890136719,9820010
2025-08-27 09:30:00-04:00,351.94000244140625,355.3900146484375,349.7799987792969,352.7532043457031,20984934
2025-08-27 10:30:00-04:00,352.7850036621094,354.1199951171875,351.20001220703125,352.9800109863281,9289833
2025-08-27 11:30:00-04:00,353.010009765625,353.32000732421875,349.156005859375,350.6401062011719,8480485
2025-08-27 12:30:00-04:00,350.635009765625,351.5,350.0,350.9849853515625,5661442
2025-08-27 13:30:00-04:00,350.9873962402344,352.0299987792969,350.30999755859375,351.3399963378906,4580631
2025-08-27 14:30:00-04:00,351.2929992675781,351.79998779296875,349.32000732421875,349.9115905761719,6536458
2025-08-27 15:30:00-04:00,349.9200134277344,351.1000061035156,349.45001220703125,349.5,5456036
2025-08-28 09:30:00-04:00,350.9849853515625,353.54998779296875,344.909912109375,345.0950012207031,18828815
2025-08-28 10:30:00-04:00,345.1099853515625,346.1299133300781,341.6099853515625,341.92999267578125,12406434
2025-08-28 11:30:00-04:00,341.9549865722656,343.25,340.2699890136719,343.20001220703125,10131733
2025-08-28 12:30:00-04:00,343.1700134277344,344.32000732421875,342.44000244140625,343.4549865722656,5722743
2025-08-28 13:30:00-04:00,343.4599914550781,345.20989990234375,343.4599914550781,345.0050048828125,4827917
2025-08-28 14:30:00-04:00,345.0,346.5,343.67999267578125,346.45001220703125,6486520
2025-08-28 15:30:00-04:00,346.44000244140625,346.7799987792969,345.79998779296875,345.79998779296875,5673146
2025-08-29 09:30:00-04:00,347.2300109863281,348.7499084472656,337.4800109863281,339.7091064453125,22126965
2025-08-29 10:30:00-04:00,339.7149963378906,340.16729736328125,337.70001220703125,338.9200134277344,8839259
2025-08-29 11:30:00-04:00,338.90008544921875,339.0899963378906,334.7799987792969,335.8851013183594,12176779
2025-08-29 12:30:00-04:00,335.9100036621094,336.59991455078125,332.6499938964844,333.7449951171875,8565346
2025-08-29 13:30:00-04:00,333.7474060058594,334.4100036621094,332.44000244140625,332.67999267578125,6382419
2025-08-29 14:30:00-04:00,332.69000244140625,333.06988525390625,331.70001220703125,332.114990234375,8068499
2025-08-29 15:30:00-04:00,332.12091064453125,334.4800109863281,332.1156921386719,333.9700012207031,8965451
2025-09-02 09:30:00-04:00,328.2300109863281,333.3283996582031,325.6000061035156,332.7550048828125,18522989
2025-09-02 10:30:00-04:00,332.7749938964844,332.7900085449219,327.8999938964844,328.40850830078125,8457833
2025-09-02 11:30:00-04:00,328.3800048828125,329.8689880371094,327.0299987792969,329.25,6914884
2025-09-02 12:30:00-04:00,329.2300109863281,330.3900146484375,328.45001220703125,329.79998779296875,5065715
2025-09-02 13:30:00-04:00,329.82000732421875,330.6400146484375,327.92999267578125,328.17999267578125,5076802
2025-09-02 14:30:00-04:00,328.20001220703125,329.489990234375,327.8699951171875,329.2850036621094,5045024
2025-09-02 15:30:00-04:00,329.2850036621094,329.877197265625,328.94000244140625,329.3699951171875,4153662
2025-09-03 09:30:00-04:00,335.1000061035156,337.30999755859375,328.510009765625,336.0799865722656,23334852
2025-09-03 10:30:00-04:00,336.08990478515625,342.5299987792969,336.010009765625,340.1499938964844,19473135
2025-09-03 11:30:00-04:00,340.1700134277344,343.3299865722656,339.3399963378906,341.7149963378906,10627653
2025-09-03 12:30:00-04:00,341.739990234375,342.5599060058594,340.52191162109375,341.7449951171875,6317426
2025-09-03 13:30:00-04:00,341.7611999511719,342.0299072265625,336.3900146484375,336.82000732421875,8432413
2025-09-03 14:30:00-04:00,336.7900085449219,336.8081970214844,334.6199951171875,335.6278076171875,10187732
2025-09-03 15:30:00-04:00,335.6283874511719,337.1487121582031,334.010009765625,334.0400085449219,6772611
2025-09-04 09:30:00-04:00,336.1700134277344,337.635009765625,331.4800109863281,333.760009765625,19435646
2025-09-04 10:30:00-04:00,333.7349853515625,334.9800109863281,332.4211120605469,334.7909851074219,8847257
2025-09-04 11:30:00-04:00,334.7703857421875,336.1000061035156,332.8601989746094,333.1825866699219,6692219
2025-09-04 12:30:00-04:00,333.20001220703125,335.1050109863281,333.0600891113281,335.0799865722656,4903020
2025-09-04 13:30:00-04:00,335.0516052246094,336.3299865722656,334.7572937011719,335.39910888671875,4814049
2025-09-04 14:30:00-04:00,335.3984069824219,337.7300109863281,335.38861083984375,336.8500061035156,6327169
2025-09-04 15:30:00-04:00,336.8800048828125,338.8900146484375,336.739990234375,338.56451416015625,5320932
2025-09-05 09:30:00-04:00,347.9800109863281,355.8699951171875,346.2300109863281,347.8599853515625,41713898
2025-09-05 10:30:00-04:00,347.8699951171875,349.1700134277344,344.68011474609375,348.55999755859375,15547953
2025-09-05 11:30:00-04:00,348.57000732421875,349.5,345.8399963378906,347.793701171875,9176713
2025-09-05 12:30:00-04:00,347.80999755859375,353.0,346.840087890625,352.07501220703125,9524856
2025-09-05 13:30:00-04:00,352.04998779296875,352.2892150878906,349.260009765625,351.17999267578125,9246120
2025-09-05 14:30:00-04:00,351.17999267578125,351.5400085449219,347.864990234375,348.82000732421875,10606400
2025-09-05 15:30:00-04:00,348.83880615234375,351.2699890136719,348.0400085449219,350.79998779296875,7999249
2025-09-08 09:30:00-04:00,354.68798828125,358.44000244140625,350.20001220703125,352.3299865722656,24325676
2025-09-08 10:30:00-04:00,352.32000732421875,352.4599914550781,347.45001220703125,349.283203125,12792337
2025-09-08 11:30:00-04:00,349.2799987792969,350.29998779296875,346.6300048828125,348.0,9348763
2025-09-08 12:30:00-04:00,347.9700012207031,348.0899963378906,344.8399963378906,347.42999267578125,8078343
2025-09-08 13:30:00-04:00,347.4800109863281,347.6300048828125,344.8999938964844,346.53851318359375,6495908
2025-09-08 14:30:00-04:00,346.5299987792969,347.2200012207031,345.4800109863281,346.1000061035156,5775860
2025-09-08 15:30:00-04:00,346.1300048828125,346.95001220703125,345.75,346.3999938964844,5156464
2025-09-09 09:30:00-04:00,348.45001220703125,350.760009765625,345.5,346.614990234375,17961191
2025-09-09 10:30:00-04:00,346.6400146484375,347.3699035644531,343.82000732421875,346.3800048828125,9666021
2025-09-09 11:30:00-04:00,346.3500061035156,348.5,346.0705871582031,347.6929931640625,5907576
2025-09-09 12:30:00-04:00,347.69000244140625,348.20001220703125,346.20001220703125,346.894287109375,4794972
2025-09-09 13:30:00-04:00,346.92999267578125,347.8399963378906,345.95001220703125,346.5849914550781,4079299
2025-09-09 14:30:00-04:00,346.6000061035156,347.156005859375,345.70001220703125,346.3500061035156,5327950
2025-09-09 15:30:00-04:00,346.3599853515625,347.20001220703125,346.0849914550781,347.0400085449219,4181752
2025-09-10 09:30:00-04:00,350.70001220703125,352.20001220703125,346.07000732421875,349.1600036621094,17505161
2025-09-10 10:30:00-04:00,349.0899963378906,356.32000732421875,349.07000732421875,354.6702880859375,15561690
2025-09-10 11:30:00-04:00,354.7200012207031,355.79998779296875,353.5,354.2330017089844,6879827
2025-09-10 12:30:00-04:00,354.239990234375,355.3815002441406,352.69000244140625,354.260009765625,6016079
2025-09-10 13:30:00-04:00,354.260986328125,356.2799987792969,353.2099914550781,353.6542053222656,6397367
2025-09-10 14:30:00-04:00,353.639892578125,354.4432067871094,347.1600036621094,347.45001220703125,9736011
2025-09-10 15:30:00-04:00,347.4800109863281,350.260009765625,347.3949890136719,347.7900085449219,6718007
2025-09-11 09:30:00-04:00,350.2200012207031,359.2799072265625,347.6000061035156,358.8800048828125,24289250
2025-09-11 10:30:00-04:00,358.8500061035156,363.29998779296875,357.0199890136719,361.6300048828125,20337630
2025-09-11 11:30:00-04:00,361.6099853515625,363.57000732421875,360.32000732421875,360.40899658203125,10056448
2025-09-11 12:30:00-04:00,360.4100036621094,364.32000732421875,360.17999267578125,364.089111328125,9235800
2025-09-11 13:30:00-04:00,364.0849914550781,367.6400146484375,363.6600036621094,365.260009765625,13779548
2025-09-11 14:30:00-04:00,365.2200012207031,368.3500061035156,364.9200134277344,367.06500244140625,10986615
2025-09-11 15:30:00-04:00,367.07000732421875,368.989990234375,365.82000732421875,368.7950134277344,8326710
2025-09-12 09:30:00-04:00,371.75,392.4288024902344,371.75,391.7650146484375,53519551
2025-09-12 10:30:00-04:00,391.79998779296875,394.19000244140625,386.8999938964844,388.2250061035156,26676814
2025-09-12 11:30:00-04:00,388.2250061035156,392.6700134277344,387.79998779296875,391.6650085449219,13875018
2025-09-12 12:30:00-04:00,391.6650085449219,395.989990234375,391.0799865722656,393.6000061035156,19010027
2025-09-12 13:30:00-04:00,393.57000732421875,395.5,393.20001220703125,394.95001220703125,12428407
2025-09-12 14:30:00-04:00,394.9750061035156,396.6899108886719,392.6099853515625,393.9800109863281,19328869
2025-09-12 15:30:00-04:00,393.9599914550781,396.5,391.8800964355469,396.0,12162526
2025-09-15 09:30:00-04:00,423.20001220703125,425.69989013671875,414.29998779296875,416.55999755859375,67189807
2025-09-15 10:30:00-04:00,416.54998779296875,424.1272888183594,415.6099853515625,422.3999938964844,19601078
2025-09-15 11:30:00-04:00,422.4100036621094,422.7300109863281,417.4056091308594,418.5,12007689
2025-09-15 12:30:00-04:00,418.510009765625,420.17999267578125,415.7900085449219,417.5249938964844,10289334
2025-09-15 13:30:00-04:00,417.5,418.20001220703125,406.6000061035156,406.6792907714844,16641777
2025-09-15 14:30:00-04:00,406.6600036621094,409.8500061035156,402.43011474609375,407.7300109863281,20903461
2025-09-15 15:30:00-04:00,407.7099914550781,411.239990234375,406.4100036621094,410.2449951171875,10594928
2025-09-16 09:30:00-04:00,414.0,419.5799865722656,411.42999267578125,416.1700134277344,24446595
2025-09-16 10:30:00-04:00,416.2085876464844,421.1499938964844,416.01129150390625,418.5801086425781,14123275
2025-09-16 11:30:00-04:00,418.6000061035156,420.6300048828125,417.0600891113281,420.1328125,9290715
2025-09-16 12:30:00-04:00,420.1400146484375,422.1199951171875,418.090087890625,418.77508544921875,8977429
2025-09-16 13:30:00-04:00,418.7749938964844,420.1400146484375,417.5,418.875,5629331
2025-09-16 14:30:00-04:00,418.860107421875,420.95001220703125,418.3599853515625,420.5530090332031,6257957
2025-09-16 15:30:00-04:00,420.54998779296875,423.25,420.5,421.54998779296875,7722967
2025-09-17 09:30:00-04:00,415.6050109863281,417.20001220703125,409.6700134277344,412.6200866699219,25362516
2025-09-17 10:30:00-04:00,412.6600036621094,418.6099853515625,411.9200134277344,417.20001220703125,11648950
2025-09-17 11:30:00-04:00,417.1700134277344,419.9595947265625,416.80999755859375,419.5364990234375,7865506
2025-09-17 12:30:00-04:00,419.55499267578125,420.4200134277344,416.6099853515625,419.73260498046875,6866508
2025-09-17 13:30:00-04:00,419.76141357421875,424.69000244140625,411.7699890136719,418.94500732421875,18409039
2025-09-17 14:30:00-04:00,418.9100036621094,427.92999267578125,414.45001220703125,427.135009765625,20703538
2025-09-17 15:30:00-04:00,427.135009765625,428.3121032714844,425.29998779296875,425.5899963378906,10716030
2025-09-18 09:30:00-04:00,428.864990234375,431.54998779296875,421.95001220703125,428.94000244140625,26176824
2025-09-18 10:30:00-04:00,428.9150085449219,432.21990966796875,424.58660888671875,424.7742004394531,13713048
2025-09-18 11:30:00-04:00,424.8299865722656,426.82000732421875,420.8299865722656,422.2121887207031,12120717
2025-09-18 12:30:00-04:00,422.20001220703125,426.32000732421875,421.79998779296875,423.4200134277344,8551866
2025-09-18 13:30:00-04:00,423.3830871582031,424.8500061035156,421.92999267578125,423.20001220703125,6944905
2025-09-18 14:30:00-04:00,423.2449951171875,424.760009765625,420.0,422.4599914550781,7991100
2025-09-18 15:30:00-04:00,422.3800048828125,422.489990234375,416.55999755859375,416.7099914550781,8578246
2025-09-19 09:30:00-04:00,421.9700012207031,429.4700012207031,421.7200012207031,426.7701110839844,30192173
2025-09-19 10:30:00-04:00,426.67999267578125,427.4100036621094,422.5799865722656,423.8244934082031,11591602
2025-09-19 11:30:00-04:00,423.82000732421875,424.9599914550781,421.8699951171875,422.7455139160156,9274622
2025-09-19 12:30:00-04:00,422.7449951171875,424.8800048828125,422.1499938964844,423.53729248046875,6665750
2025-09-19 13:30:00-04:00,423.55499267578125,426.1807861328125,423.0,425.69989013671875,6785589
2025-09-19 14:30:00-04:00,425.6600036621094,426.7099914550781,423.6343994140625,425.9573974609375,6737319
2025-09-19 15:30:00-04:00,426.010009765625,427.0,425.20001220703125,425.8699951171875,6152943
2025-09-22 09:30:00-04:00,431.1600036621094,444.9158935546875,429.1300048828125,444.260009765625,34135635
2025-09-22 10:30:00-04:00,444.34991455078125,444.9798889160156,439.9100036621094,442.5400085449219,12069885
2025-09-22 11:30:00-04:00,442.54998779296875,442.7699890136719,437.7799987792969,438.1496887207031,9340094
2025-09-22 12:30:00-04:00,438.1300048828125,438.510009765625,429.8999938964844,433.0299987792969,14678435
2025-09-22 13:30:00-04:00,432.989990234375,435.04998779296875,432.6000061035156,433.239990234375,8485436
2025-09-22 14:30:00-04:00,433.21160888671875,436.0,432.9100036621094,435.7749938964844,7073459
2025-09-22 15:30:00-04:00,435.8045959472656,436.29998779296875,433.3299865722656,434.0,6180090
2025-09-23 09:30:00-04:00,437.5400085449219,439.70001220703125,431.19171142578125,433.489990234375,17019032
2025-09-23 10:30:00-04:00,433.6000061035156,435.1799011230469,430.875,432.510009765625,8044015
2025-09-23 11:30:00-04:00,432.510009765625,435.46868896484375,432.4100036621094,434.1300048828125,5413128
2025-09-23 12:30:00-04:00,434.1799011230469,436.0400085449219,432.9200134277344,433.6650085449219,6031085
2025-09-23 13:30:00-04:00,433.6199951171875,434.7799987792969,423.7200012207031,425.6400146484375,25700600
2025-09-23 14:30:00-04:00,425.57000732421875,429.1400146484375,425.3399963378906,428.17999267578125,8638336
2025-09-23 15:30:00-04:00,428.2200012207031,429.4599914550781,425.54998779296875,425.8299865722656,6584979
2025-09-24 09:30:00-04:00,429.25,440.5400085449219,429.17010498046875,440.4544982910156,20691824
2025-09-24 10:30:00-04:00,440.4599914550781,440.464111328125,437.75,439.3299865722656,9278520
2025-09-24 11:30:00-04:00,439.3428955078125,440.5,433.2799987792969,437.1199951171875,10541613
2025-09-24 12:30:00-04:00,437.1300048828125,440.0899963378906,436.6700134277344,439.50689697265625,5749049
2025-09-24 13:30:00-04:00,439.5,440.510009765625,437.7200012207031,439.25,6739611
2025-09-24 14:30:00-04:00,439.4100036621094,443.95001220703125,439.0199890136719,443.4949951171875,9633583
2025-09-24 15:30:00-04:00,443.4700012207031,444.2099914550781,442.1700134277344,442.7699890136719,6702598
2025-09-25 09:30:00-04:00,432.0,432.20001220703125,423.41290283203125,429.159912109375,24690464
2025-09-25 10:30:00-04:00,429.1600036621094,430.3598937988281,425.9381103515625,426.8399963378906,9220566
2025-09-25 11:30:00-04:00,426.8299865722656,430.1700134277344,426.75,428.6600036621094,6289679
2025-09-25 12:30:00-04:00,428.7099914550781,429.67999267578125,425.8999938964844,426.9371032714844,5343186
2025-09-25 13:30:00-04:00,426.9100036621094,427.6000061035156,419.0799865722656,424.0299987792969,11524865
2025-09-25 14:30:00-04:00,423.9800109863281,427.0299072265625,423.0,425.79998779296875,7365559
2025-09-25 15:30:00-04:00,425.80499267578125,426.5400085449219,422.9800109863281,423.2300109863281,5175650
2025-09-26 09:30:00-04:00,428.0,434.6000061035156,421.0199890136719,423.30999755859375,22810487
2025-09-26 10:30:00-04:00,423.30999755859375,429.6700134277344,422.4129943847656,429.6127014160156,10193884
2025-09-26 11:30:00-04:00,429.6000061035156,431.42999267578125,427.20001220703125,431.25,7014852
2025-09-26 12:30:00-04:00,431.32000732421875,433.2699890136719,430.3599853515625,433.0899963378906,5886172
2025-09-26 13:30:00-04:00,433.0906066894531,439.8699951171875,432.7405090332031,439.79998779296875,10396706
2025-09-26 14:30:00-04:00,439.7900085449219,440.25,437.260009765625,439.4100036621094,9460104
2025-09-26 15:30:00-04:00,439.4599914550781,440.4700012207031,437.9100036621094,440.4198913574219,6673146
2025-09-29 09:30:00-04:00,446.0,450.9800109863281,440.94000244140625,443.7950134277344,23576012
2025-09-29 10:30:00-04:00,443.8699951171875,445.239990234375,440.80999755859375,442.2650146484375,8550547
2025-09-29 11:30:00-04:00,442.32000732421875,442.55999755859375,439.5,441.88031005859375,7604385
2025-09-29 12:30:00-04:00,441.95001220703125,442.7300109863281,439.67999267578125,441.760009765625,5096735
2025-09-29 13:30:00-04:00,441.8299865722656,443.8500061035156,441.0799865722656,443.1449890136719,4868455
2025-09-29 14:30:00-04:00,443.1499938964844,443.84930419921875,440.3999938964844,440.75,4688920
2025-09-29 15:30:00-04:00,440.760009765625,443.6400146484375,440.7190856933594,443.2099914550781,3918174
2025-09-30 09:30:00-04:00,442.0,442.5398864746094,436.7099914550781,438.6600036621094,14153282
2025-09-30 10:30:00-04:00,438.6449890136719,440.7998962402344,436.7799987792969,437.9750061035156,7401204
2025-09-30 11:30:00-04:00,437.92999267578125,438.3500061035156,433.1199951171875,434.8900146484375,7672621
2025-09-30 12:30:00-04:00,434.79998779296875,437.9200134277344,434.7900085449219,437.4599914550781,4698599
2025-09-30 13:30:00-04:00,437.5,444.4100036621094,436.4497985839844,443.3900146484375,7500932
2025-09-30 14:30:00-04:00,443.3500061035156,444.25,441.2550048828125,444.0400085449219,7490436
2025-09-30 15:30:00-04:00,444.0299987792969,445.0,443.0,444.5400085449219,5238816
2025-10-01 09:30:00-04:00,444.0,456.2900085449219,440.760009765625,455.6700134277344,22939924
2025-10-01 10:30:00-04:00,455.69500732421875,458.8699951171875,453.1199951171875,454.8550109863281,12718795
2025-10-01 11:30:00-04:00,454.8500061035156,456.42999267578125,452.4800109863281,456.2099914550781,6736158
2025-10-01 12:30:00-04:00,456.25,459.1000061035156,455.54998779296875,458.4700012207031,8551058
2025-10-01 13:30:00-04:00,458.4830017089844,461.1866149902344,457.8999938964844,459.3598937988281,24496802
2025-10-01 14:30:00-04:00,459.3456115722656,461.42999267578125,459.1900939941406,460.19500732421875,8283212
2025-10-01 15:30:00-04:00,460.2200012207031,462.2900085449219,459.010009765625,459.4700012207031,8367870
2025-10-02 09:30:00-04:00,470.5400085449219,470.75,453.3800048828125,454.75,44827170
2025-10-02 10:30:00-04:00,454.74700927734375,456.04998779296875,449.340087890625,450.3039855957031,17800295
2025-10-02 11:30:00-04:00,450.3492126464844,451.1400146484375,444.7300109863281,447.38299560546875,16576158
2025-10-02 12:30:00-04:00,447.37200927734375,447.79998779296875,441.4599914550781,445.8900146484375,13221154
2025-10-02 13:30:00-04:00,445.8900146484375,446.7799987792969,439.0799865722656,441.2484130859375,13814391
2025-10-02 14:30:00-04:00,441.19110107421875,444.20001220703125,438.45001220703125,442.7799987792969,12917989
2025-10-02 15:30:00-04:00,442.7850036621094,443.0400085449219,435.57000732421875,435.9700012207031,11471953
2025-10-03 09:30:00-04:00,443.2850036621094,446.7699890136719,427.79998779296875,428.1300048828125,34831930
2025-10-03 10:30:00-04:00,428.1199951171875,431.6899108886719,424.7200012207031,430.82000732421875,23119722
2025-10-03 11:30:00-04:00,430.8349914550781,431.84991455078125,426.8399963378906,427.9400939941406,11629010
2025-10-03 12:30:00-04:00,428.0,428.29998779296875,419.55999755859375,420.93499755859375,16584375
2025-10-03 13:30:00-04:00,420.92999267578125,424.3900146484375,416.57501220703125,424.24249267578125,16636800
2025-10-03 14:30:00-04:00,424.260009765625,429.2398986816406,421.5400085449219,428.1650085449219,15598449
2025-10-03 15:30:00-04:00,428.17498779296875,430.2273864746094,426.5889892578125,429.8399963378906,9199674
2025-10-06 09:30:00-04:00,440.9100036621094,447.0400085449219,436.69000244140625,443.0592956542969,28035298
2025-10-06 10:30:00-04:00,443.0450134277344,447.42999267578125,442.590087890625,446.07000732421875,11299527
2025-10-06 11:30:00-04:00,446.1099853515625,448.8599853515625,444.70111083984375,448.0,9690004
2025-10-06 12:30:00-04:00,448.0,449.989990234375,447.2300109863281,448.80950927734375,6834800
2025-10-06 13:30:00-04:00,448.7950134277344,449.7864990234375,447.79998779296875,449.3550109863281,5269533
2025-10-06 14:30:00-04:00,449.3949890136719,453.5198974609375,449.30621337890625,452.0899963378906,9913100
2025-10-06 15:30:00-04:00,452.1000061035156,453.54998779296875,449.82000732421875,453.3599853515625,7434737
2025-10-07 09:30:00-04:00,447.8599853515625,452.67999267578125,442.2930908203125,447.37249755859375,22299936
2025-10-07 10:30:00-04:00,447.42999267578125,448.9800109863281,439.7699890136719,443.5799865722656,13225428
2025-10-07 11:30:00-04:00,443.423095703125,443.8192138671875,436.3210144042969,443.072509765625,11589608
2025-10-07 12:30:00-04:00,443.07000732421875,448.93011474609375,442.9566955566406,448.6499938964844,8457802
2025-10-07 13:30:00-04:00,448.6000061035156,450.19989013671875,442.5201110839844,443.52740478515625,9851760
2025-10-07 14:30:00-04:00,443.4767150878906,445.1700134277344,432.79998779296875,434.6180114746094,19569242
2025-10-07 15:30:00-04:00,434.6099853515625,438.05999755859375,432.4501037597656,432.8699951171875,9974029
2025-10-08 09:30:00-04:00,437.75799560546875,437.7699890136719,425.2300109863281,434.54998779296875,24367840
2025-10-08 10:30:00-04:00,434.54998779296875,436.19000244140625,431.40008544921875,433.9800109863281,9184169
2025-10-08 11:30:00-04:00,433.93310546875,435.3125,432.1401062011719,433.89959716796875,6091445
2025-10-08 12:30:00-04:00,433.95001220703125,436.9989929199219,432.9599914550781,435.7025146484375,5884273
2025-10-08 13:30:00-04:00,435.739990234375,441.3299865722656,434.1499938964844,438.2699890136719,8632119
2025-10-08 14:30:00-04:00,438.2900085449219,439.7528991699219,435.80999755859375,437.93499755859375,7060812
2025-10-08 15:30:00-04:00,437.8399963378906,440.0899963378906,437.4800109863281,438.6000061035156,5391436
2025-10-09 09:30:00-04:00,431.739990234375,433.40008544921875,428.05999755859375,432.1799011230469,19895771
2025-10-09 10:30:00-04:00,430.0299987792969,430.8999938964844,426.7701110839844,429.8599853515625,12426890
2025-10-09 11:30:00-04:00,429.4516906738281,431.1449890136719,429.226806640625,430.6700134277344,5864018
2025-10-09 12:30:00-04:00,431.79998779296875,433.6099853515625,429.43011474609375,429.4700012207031,8532214
2025-10-09 13:30:00-04:00,429.7900085449219,432.010009765625,428.3699951171875,431.739990234375,7100424
2025-10-09 14:30:00-04:00,432.05499267578125,436.010009765625,431.7265930175781,435.9649963378906,8222097
2025-10-09 15:30:00-04:00,435.3760070800781,436.1610107421875,434.8299865722656,435.5299987792969,3968165
2025-10-10 09:30:00-04:00,437.6549987792969,443.1300048828125,434.37298583984375,436.2799987792969,20320752
2025-10-10 10:30:00-04:00,437.0050964355469,440.1415100097656,423.0,424.69000244140625,19961753
2025-10-10 11:30:00-04:00,421.5292053222656,425.53961181640625,417.54119873046875,421.3999938964844,18697896
2025-10-10 12:30:00-04:00,421.4800109863281,422.4267883300781,415.44000244140625,419.55999755859375,12629219
2025-10-10 13:30:00-04:00,419.4200134277344,420.34991455078125,417.16619873046875,418.9540100097656,7677872
2025-10-10 14:30:00-04:00,418.9100036621094,419.4800109863281,413.3699951171875,414.2900085449219,10345558
2025-10-10 15:30:00-04:00,414.3500061035156,416.1600036621094,411.45001220703125,413.29998779296875,10787182
2025-10-13 09:30:00-04:00,423.70001220703125,426.510009765625,419.70001220703125,423.364990234375,19405392
2025-10-13 10:30:00-04:00,423.3500061035156,428.989990234375,420.92999267578125,425.82501220703125,12659255
2025-10-13 11:30:00-04:00,425.760009765625,428.4100036621094,424.5400085449219,426.69000244140625,6817408
2025-10-13 12:30:00-04:00,426.7300109863281,429.32989501953125,425.6099853515625,429.0083923339844,5877327
2025-10-13 13:30:00-04:00,429.0199890136719,436.8900146484375,428.42999267578125,435.95001220703125,11616442
2025-10-13 14:30:00-04:00,435.92999267578125,436.3799133300781,431.6400146484375,433.20001220703125,9823498
2025-10-13 15:30:00-04:00,433.1099853515625,436.29998779296875,432.54998779296875,435.8999938964844,6835398
2025-10-14 09:30:00-04:00,426.7900085449219,426.8299865722656,417.8599853515625,424.79998779296875,22693211
2025-10-14 10:30:00-04:00,424.7699890136719,425.4200134277344,421.93011474609375,423.9100036621094,8541924
2025-10-14 11:30:00-04:00,423.9999084472656,431.6000061035156,423.7300109863281,430.6474914550781,10237214
2025-10-14 12:30:00-04:00,430.6340026855469,434.20001220703125,428.8800048828125,432.23919677734375,8942465
2025-10-14 13:30:00-04:00,432.260009765625,434.14990234375,430.6400146484375,433.54998779296875,5036215
2025-10-14 14:30:00-04:00,433.5799865722656,433.80999755859375,430.5,432.3949890136719,5808925
2025-10-14 15:30:00-04:00,432.3974914550781,432.4800109863281,426.8800048828125,429.2300109863281,6672158
2025-10-15 09:30:00-04:00,434.79998779296875,440.510009765625,429.70001220703125,439.44000244140625,19514905
2025-10-15 10:30:00-04:00,439.5199890136719,440.44000244140625,433.5675964355469,437.3299865722656,12743079
2025-10-15 11:30:00-04:00,437.3590087890625,438.04998779296875,431.2401123046875,434.79998779296875,8925894
2025-10-15 12:30:00-04:00,434.67010498046875,435.3900146484375,426.3301086425781,428.68499755859375,9161059
2025-10-15 13:30:00-04:00,428.7749938964844,433.17999267578125,428.44000244140625,432.0299987792969,6659068
2025-10-15 14:30:00-04:00,432.07000732421875,435.2699890136719,431.789306640625,434.85198974609375,6306390
2025-10-15 15:30:00-04:00,434.864990234375,435.42999267578125,432.4599914550781,435.19000244140625,5068441
2025-10-16 09:30:00-04:00,434.75,437.30999755859375,431.75,435.7799987792969,16324487
2025-10-16 10:30:00-04:00,435.8900146484375,439.3500061035156,434.6400146484375,435.57989501953125,10443659
2025-10-16 11:30:00-04:00,435.3999938964844,436.2099914550781,429.1099853515625,429.67999267578125,10487128
2025-10-16 12:30:00-04:00,429.6235046386719,431.9779968261719,425.80999755859375,431.04998779296875,10963606
2025-10-16 13:30:00-04:00,430.9200134277344,431.6499938964844,423.1400146484375,423.5799865722656,9237584
2025-10-16 14:30:00-04:00,423.70001220703125,428.4700012207031,421.3100891113281,425.3299865722656,9797672
2025-10-16 15:30:00-04:00,425.29998779296875,430.4352111816406,424.5,428.5849914550781,6203113
2025-10-17 09:30:00-04:00,425.5,440.75,423.6000061035156,439.1549987792969,27510518
2025-10-17 10:30:00-04:00,439.1600036621094,439.3699951171875,431.3395080566406,433.2434997558594,14355110
2025-10-17 11:30:00-04:00,433.3599853515625,439.3299865722656,430.80999755859375,438.7699890136719,10699527
2025-10-17 12:30:00-04:00,438.6700134277344,439.04998779296875,434.89581298828125,436.55999755859375,7586702
2025-10-17 13:30:00-04:00,436.635009765625,440.3999938964844,436.1099853515625,439.510009765625,8969950
2025-10-17 14:30:00-04:00,439.510009765625,441.455810546875,437.04998779296875,439.3999938964844,8956957
2025-10-17 15:30:00-04:00,439.42999267578125,439.8999938964844,437.6499938964844,439.2699890136719,6909285
2025-10-20 09:30:00-04:00,443.7875061035156,449.79998779296875,441.110107421875,445.4800109863281,21214043
2025-10-20 10:30:00-04:00,445.4100036621094,445.7298889160156,440.6099853515625,443.03009033203125,9333158
2025-10-20 11:30:00-04:00,443.05999755859375,447.2499084472656,441.9100036621094,444.1600036621094,8049449
2025-10-20 12:30:00-04:00,444.1679992675781,445.1499938964844,441.9100036621094,443.2513122558594,4914807
2025-10-20 13:30:00-04:00,443.2178955078125,445.6300048828125,442.52081298828125,444.4714050292969,5164338
2025-10-20 14:30:00-04:00,444.4844970703125,446.8999938964844,443.9599914550781,446.57000732421875,5876103
2025-10-20 15:30:00-04:00,446.5799865722656,447.9779968261719,446.3500061035156,447.3500061035156,5024663
2025-10-21 09:30:00-04:00,445.7550048828125,448.75,442.04998779296875,444.75,16515704
2025-10-21 10:30:00-04:00,444.70001220703125,447.1000061035156,443.70001220703125,446.289306640625,7368728
2025-10-21 11:30:00-04:00,446.25,449.29998779296875,445.44000244140625,448.2900085449219,7733851
2025-10-21 12:30:00-04:00,448.30999755859375,448.989990234375,444.75201416015625,445.697998046875,5859291
2025-10-21 13:30:00-04:00,445.6716003417969,446.5,444.32000732421875,445.6169128417969,4753623
2025-10-21 14:30:00-04:00,445.6000061035156,446.20989990234375,444.9700012207031,445.2699890136719,3987488
2025-10-21 15:30:00-04:00,445.2300109863281,446.54998779296875,442.5,442.510009765625,4988781
2025-10-22 09:30:00-04:00,443.45001220703125,445.53900146484375,433.3999938964844,434.1499938964844,16249140
2025-10-22 10:30:00-04:00,434.0635070800781,438.0899963378906,431.875,433.25,12877784
2025-10-22 11:30:00-04:00,433.29998779296875,436.3599853515625,432.2799987792969,433.94000244140625,7629534
2025-10-22 12:30:00-04:00,433.9364929199219,435.0899963378906,429.0,432.92498779296875,8534068
2025-10-22 13:30:00-04:00,432.92999267578125,433.8500061035156,429.54998779296875,433.7200012207031,7140246
2025-10-22 14:30:00-04:00,433.7200012207031,438.3900146484375,433.0,437.7749938964844,9558207
2025-10-22 15:30:00-04:00,437.79998779296875,439.5899963378906,437.0299987792969,438.8399963378906,7018353
2025-10-23 09:30:00-04:00,420.1000061035156,426.1600036621094,413.8999938964844,424.45989990234375,35801507
2025-10-23 10:30:00-04:00,424.42999267578125,431.8800048828125,420.5,430.8900146484375,16204170
2025-10-23 11:30:00-04:00,430.864990234375,436.7300109863281,430.760009765625,436.3500061035156,12023978
2025-10-23 12:30:00-04:00,436.4010925292969,449.39990234375,436.2300109863281,446.15008544921875,23969729
2025-10-23 13:30:00-04:00,446.135009765625,448.4200134277344,442.989990234375,448.2582092285156,12103933
2025-10-23 14:30:00-04:00,448.31988525390625,448.8399963378906,441.55999755859375,446.8399963378906,11364161
2025-10-23 15:30:00-04:00,446.7626037597656,449.29998779296875,445.9100036621094,448.9949951171875,9908004
2025-10-24 09:30:00-04:00,446.9800109863281,451.67999267578125,439.510009765625,440.968994140625,28096501
2025-10-24 10:30:00-04:00,440.8999938964844,441.489990234375,437.8399963378906,441.2669982910156,12400737
2025-10-24 11:30:00-04:00,441.239990234375,441.3699951171875,437.0700988769531,437.4289855957031,9054137
2025-10-24 12:30:00-04:00,437.4280090332031,437.8800048828125,434.510009765625,435.1736145019531,10244909
2025-10-24 13:30:00-04:00,435.1600036621094,436.4200134277344,432.8800048828125,433.4668884277344,9448147
2025-10-24 14:30:00-04:00,433.4778137207031,433.70001220703125,430.5,433.2669982910156,11687277
2025-10-24 15:30:00-04:00,433.25079345703125,434.1400146484375,430.1700134277344,433.5899963378906,8407232
2025-10-27 09:30:00-04:00,439.8900146484375,449.5899963378906,438.69000244140625,449.1498107910156,25075639
2025-10-27 10:30:00-04:00,449.1839904785156,455.19000244140625,445.6099853515625,454.0799865722656,16060952
2025-10-27 11:30:00-04:00,454.0650939941406,457.2200012207031,453.7300109863281,456.05499267578125,14599157
2025-10-27 12:30:00-04:00,456.07000732421875,459.1499938964844,455.510009765625,458.0,10260513
2025-10-27 13:30:00-04:00,457.9800109863281,460.1600036621094,456.79998779296875,456.8800048828125,9841184
2025-10-27 14:30:00-04:00,456.9200134277344,457.8793029785156,447.260009765625,448.29559326171875,15384512
2025-10-27 15:30:00-04:00,448.2898864746094,453.8999938964844,447.6000061035156,452.3500061035156,8671159
2025-10-28 09:30:00-04:00,454.6000061035156,464.7799987792969,451.6000061035156,463.260009765625,25284552
2025-10-28 10:30:00-04:00,463.2898864746094,465.29998779296875,460.1874084472656,464.4100036621094,11598781
2025-10-28 11:30:00-04:00,464.3699951171875,466.489990234375,463.010009765625,465.8851013183594,9309552
2025-10-28 12:30:00-04:00,465.8550109863281,467.0,462.6618957519531,464.2099914550781,7544455
2025-10-28 13:30:00-04:00,464.20001220703125,465.0400085449219,458.57000732421875,462.4549865722656,11148732
2025-10-28 14:30:00-04:00,462.4549865722656,462.56988525390625,459.3299865722656,461.92010498046875,6631940
2025-10-28 15:30:00-04:00,461.9700012207031,463.1199951171875,458.6700134277344,460.5400085449219,5463844
2025-10-29 09:30:00-04:00,462.42498779296875,465.70001220703125,457.92999267578125,461.8705139160156,18452969
2025-10-29 10:30:00-04:00,461.8550109863281,462.1600036621094,456.7900085449219,458.8734130859375,9342977
2025-10-29 11:30:00-04:00,458.8900146484375,459.5,457.5516052246094,459.3599853515625,5431705
2025-10-29 12:30:00-04:00,459.3599853515625,462.0,458.57000732421875,459.0,5022214
2025-10-29 13:30:00-04:00,458.8800048828125,462.95001220703125,458.55999755859375,460.731689453125,7086248
2025-10-29 14:30:00-04:00,460.7300109863281,462.07000732421875,452.6499938964844,461.1250915527344,13614810
2025-10-29 15:30:00-04:00,461.1300048828125,461.9200134277344,459.2300109863281,461.4700012207031,5581970
2025-10-30 09:30:00-04:00,451.04998779296875,455.0606994628906,443.8800048828125,444.4200134277344,15599444
2025-10-30 10:30:00-04:00,444.3599853515625,446.489990234375,441.79998779296875,442.614990234375,9005817
2025-10-30 11:30:00-04:00,442.5873107910156,445.57000732421875,439.6099853515625,445.139892578125,7947969
2025-10-30 12:30:00-04:00,445.1400146484375,446.75,443.2799987792969,445.8799133300781,4737578
2025-10-30 13:30:00-04:00,445.8034973144531,445.8699951171875,441.8200988769531,442.76800537109375,3680472
2025-10-30 14:30:00-04:00,442.7699890136719,444.07989501953125,440.79998779296875,441.94500732421875,4549305
2025-10-30 15:30:00-04:00,441.9800109863281,443.0,440.0,440.0299987792969,3942091
2025-10-31 09:30:00-04:00,446.7300109863281,456.2099914550781,446.1000061035156,455.010009765625,15092292
2025-10-31 10:30:00-04:00,455.04998779296875,457.7278137207031,453.7300109863281,456.32550048828125,8122712
2025-10-31 11:30:00-04:00,456.2799987792969,456.6400146484375,450.510009765625,453.8799133300781,7637331
2025-10-31 12:30:00-04:00,453.8399963378906,454.3999938964844,443.68548583984375,444.7795104980469,7966750
2025-10-31 13:30:00-04:00,444.7200012207031,453.6000061035156,444.5,452.42999267578125,7803484
2025-10-31 14:30:00-04:00,452.4800109863281,454.3999938964844,450.6806945800781,454.0899963378906,6805104
2025-10-31 15:30:00-04:00,454.1400146484375,456.8800048828125,453.1099853515625,456.5382080078125,5305936
2025-11-03 09:30:00-05:00,455.989990234375,474.07000732421875,453.8955078125,469.0799865722656,22611538
2025-11-03 10:30:00-05:00,469.07000732421875,473.1700134277344,466.7200012207031,468.94989013671875,10073726
2025-11-03 11:30:00-05:00,468.94500732421875,469.94000244140625,465.3059997558594,467.1171875,7986318
2025-11-03 12:30:00-05:00,467.1099853515625,470.7898864746094,466.7587890625,468.306396484375,5405468
2025-11-03 13:30:00-05:00,468.30999755859375,469.0,464.6499938964844,465.90899658203125,5102787
2025-11-03 14:30:00-05:00,465.9150085449219,470.72119140625,465.4100036621094,469.32000732421875,6454635
2025-11-03 15:30:00-05:00,469.3500061035156,470.27880859375,468.2200012207031,468.42999267578125,4240033
2025-11-04 09:30:00-05:00,454.3699951171875,460.2200012207031,447.70001220703125,458.0931091308594,18281155
2025-11-04 10:30:00-05:00,458.125,458.9798889160156,451.05010986328125,452.79998779296875,7977294
2025-11-04 11:30:00-05:00,452.79998779296875,454.6593933105469,448.1000061035156,450.7799987792969,7083157
2025-11-04 12:30:00-05:00,450.79998779296875,451.3399963378906,446.3699951171875,447.6000061035156,6965218
2025-11-04 13:30:00-05:00,447.5799865722656,451.5400085449219,446.34100341796875,449.3299865722656,6405753
2025-11-04 14:30:00-05:00,449.2799987792969,449.42999267578125,443.8599853515625,448.5,7363652
2025-11-04 15:30:00-05:00,448.5199890136719,449.4617004394531,443.8324890136719,444.19000244140625,5661481
2025-11-05 09:30:00-05:00,451.9200134277344,455.3900146484375,440.7099914550781,442.5450134277344,18078553
2025-11-05 10:30:00-05:00,442.5,451.5,442.25,450.94000244140625,7401407
2025-11-05 11:30:00-05:00,450.9399108886719,453.3299865722656,450.05999755859375,452.6099853515625,6516652
2025-11-05 12:30:00-05:00,452.6400146484375,458.20001220703125,452.29998779296875,457.9576110839844,5620079
2025-11-05 13:30:00-05:00,457.9735107421875,464.7699890136719,457.1000061035156,462.035400390625,9024313
2025-11-05 14:30:00-05:00,462.0,466.32989501953125,460.8399963378906,461.6300048828125,8152952
2025-11-05 15:30:00-05:00,461.6200866699219,462.7699890136719,459.6401062011719,462.25,5650818
2025-11-06 09:30:00-05:00,461.9599914550781,467.45001220703125,450.92999267578125,451.5198974609375,20192466
2025-11-06 10:30:00-05:00,451.57000732421875,452.260009765625,437.6400146484375,441.114990234375,13412792
2025-11-06 11:30:00-05:00,441.0899963378906,443.9599914550781,435.0899963378906,439.9988098144531,11829453
2025-11-06 12:30:00-05:00,439.9700012207031,447.739990234375,439.53070068359375,446.8299865722656,8344629
2025-11-06 13:30:00-05:00,446.82000732421875,451.25,446.29998779296875,451.1799011230469,9503219
2025-11-06 14:30:00-05:00,451.0899963378906,451.4599914550781,446.67010498046875,449.10009765625,8067924
2025-11-06 15:30:00-05:00,449.1099853515625,449.8599853515625,444.18499755859375,446.1099853515625,5949251
2025-11-07 09:30:00-05:00,437.8900146484375,437.9425048828125,423.3999938964844,434.2250061035156,25340627
2025-11-07 10:30:00-05:00,434.2250061035156,434.8599853515625,426.2900085449219,428.239990234375,10041263
2025-11-07 11:30:00-05:00,428.19000244140625,429.2799987792969,421.8800048828125,428.7434997558594,9926006
2025-11-07 12:30:00-05:00,428.7550048828125,429.8900146484375,424.44000244140625,429.8075866699219,6341342
2025-11-07 13:30:00-05:00,429.8099060058594,433.8900146484375,429.1000061035156,432.4059143066406,6470793
2025-11-07 14:30:00-05:00,432.44000244140625,437.6000061035156,431.010986328125,431.07659912109375,8798520
2025-11-07 15:30:00-05:00,431.1571960449219,432.3500061035156,428.1700134277344,429.3800048828125,5689978
2025-11-10 09:30:00-05:00,439.6300048828125,445.34991455078125,433.3599853515625,444.79998779296875,18250761
2025-11-10 10:30:00-05:00,444.75,449.6715087890625,442.2300109863281,446.8800048828125,10787934
2025-11-10 11:30:00-05:00,446.8500061035156,449.42999267578125,444.32000732421875,446.2099914550781,7231818
2025-11-10 12:30:00-05:00,446.2300109863281,448.70001220703125,444.45001220703125,444.5950012207031,4827067
2025-11-10 13:30:00-05:00,444.58221435546875,447.70001220703125,442.0799865722656,446.4700012207031,6468919
2025-11-10 14:30:00-05:00,446.510009765625,447.1505126953125,443.7699890136719,444.6105041503906,4826090
2025-11-10 15:30:00-05:00,444.5799865722656,446.04998779296875,443.54998779296875,445.260009765625,4032161
2025-11-11 09:30:00-05:00,439.3999938964844,442.489990234375,434.82000732421875,435.2665100097656,13387275
2025-11-11 10:30:00-05:00,435.32000732421875,436.3999938964844,432.739990234375,433.3699951171875,8678369
2025-11-11 11:30:00-05:00,433.3699951171875,435.4200134277344,432.3599853515625,433.9206848144531,6055282
2025-11-11 12:30:00-05:00,433.9700012207031,436.7099914550781,433.2300109863281,435.8301086425781,5069321
2025-11-11 13:30:00-05:00,435.8599853515625,437.7200012207031,434.08221435546875,437.375,4577265
2025-11-11 14:30:00-05:00,437.3995056152344,437.8500061035156,436.0,436.9800109863281,4225128
2025-11-11 15:30:00-05:00,436.9700012207031,440.45989990234375,436.4100036621094,439.3999938964844,4057469
2025-11-12 09:30:00-05:00,442.1099853515625,442.3290100097656,430.8999938964844,433.4432067871094,12428126
2025-11-12 10:30:00-05:00,433.3514099121094,433.659912109375,427.42999267578125,430.1787109375,8695506
2025-11-12 11:30:00-05:00,430.1099853515625,431.92999267578125,426.55999755859375,430.3699951171875,5924992
2025-11-12 12:30:00-05:00,430.3299865722656,432.3299865722656,429.5299987792969,431.4292907714844,4144114
2025-11-12 13:30:00-05:00,431.3900146484375,431.889892578125,429.6650085449219,430.38079833984375,3525640
2025-11-12 14:30:00-05:00,430.4700012207031,431.3299865722656,429.0,431.239990234375,4170233
2025-11-12 15:30:00-05:00,431.25,432.75,430.05999755859375,430.6199951171875,3458286
2025-11-13 09:30:00-05:00,423.17498779296875,424.5,408.55999755859375,410.3456115722656,22016417
2025-11-13 10:30:00-05:00,410.3900146484375,410.8699951171875,404.1300048828125,407.0799865722656,14310459
2025-11-13 11:30:00-05:00,407.0899963378906,407.8999938964844,400.5600891113281,403.5400085449219,12228019
2025-11-13 12:30:00-05:00,403.5299987792969,404.5799865722656,397.60009765625,398.3599853515625,11873308
2025-11-13 13:30:00-05:00,398.3599853515625,402.94000244140625,396.42010498046875,402.6925048828125,10567231
2025-11-13 14:30:00-05:00,402.6000061035156,403.57000732421875,398.2699890136719,402.2099914550781,10251092
2025-11-13 15:30:00-05:00,402.2099914550781,404.3299865722656,399.30999755859375,401.94000244140625,6887407
2025-11-14 09:30:00-05:00,386.239990234375,400.57000732421875,382.7799987792969,399.8800048828125,27474358
2025-11-14 10:30:00-05:00,400.0098876953125,410.32000732421875,398.2200012207031,408.3900146484375,14924250
2025-11-14 11:30:00-05:00,408.3699951171875,412.19000244140625,406.8900146484375,408.8099060058594,9739997
2025-11-14 12:30:00-05:00,408.80999755859375,410.57000732421875,404.8699951171875,405.92999267578125,7223070
2025-11-14 13:30:00-05:00,405.8900146484375,409.3299865722656,404.5299987792969,408.510009765625,6624753
2025-11-14 14:30:00-05:00,408.5,410.4200134277344,405.8900146484375,406.7200012207031,5887553
2025-11-14 15:30:00-05:00,406.6600036621094,407.07000732421875,403.5299987792969,404.3299865722656,4811508
2025-11-17 09:30:00-05:00,398.8900146484375,417.5899963378906,398.8309020996094,415.7499084472656,21181392
2025-11-17 10:30:00-05:00,415.6600036621094,418.8299865722656,412.82000732421875,418.75,11186316
2025-11-17 11:30:00-05:00,418.7300109863281,423.9599914550781,418.45001220703125,419.55999755859375,10730502
2025-11-17 12:30:00-05:00,419.6300048828125,419.8500061035156,411.239990234375,412.32000732421875,10016127
2025-11-17 13:30:00-05:00,412.2799987792969,413.82000732421875,406.8399963378906,408.9100036621094,9563571
2025-11-17 14:30:00-05:00,408.8800048828125,409.54998779296875,404.80999755859375,406.82000732421875,8473321
2025-11-17 15:30:00-05:00,406.8399963378906,409.79998779296875,404.92999267578125,408.94000244140625,5620183
2025-11-18 09:30:00-05:00,405.3800048828125,408.8999938964844,393.7099914550781,396.7200012207031,20165088
2025-11-18 10:30:00-05:00,396.7113037109375,405.2698974609375,394.6099853515625,404.0799865722656,10391383
2025-11-18 11:30:00-05:00,404.05499267578125,405.8500061035156,401.44000244140625,402.0899963378906,7130397
2025-11-18 12:30:00-05:00,402.07000732421875,408.6000061035156,401.260009765625,404.1036071777344,7536167
2025-11-18 13:30:00-05:00,404.0849914550781,406.3999938964844,402.010009765625,402.8699951171875,5903386
2025-11-18 14:30:00-05:00,402.8900146484375,406.6000061035156,400.7900085449219,402.1300048828125,5999859
2025-11-18 15:30:00-05:00,402.1499938964844,403.4916076660156,401.0,401.239013671875,4076218
2025-11-19 09:30:00-05:00,406.2099914550781,411.7799987792969,400.401611328125,410.9649963378906,15801818
2025-11-19 10:30:00-05:00,410.9649963378906,411.29998779296875,403.5899963378906,408.9241027832031,10137690
2025-11-19 11:30:00-05:00,408.93499755859375,409.4808044433594,401.5799865722656,403.0,7116508
2025-11-19 12:30:00-05:00,402.9200134277344,404.4200134277344,398.5,400.235107421875,6709017
2025-11-19 13:30:00-05:00,400.2099914550781,403.5799865722656,399.8599853515625,400.7250061035156,4530387
2025-11-19 14:30:00-05:00,400.6925964355469,406.0,400.1700134277344,404.60650634765625,5546428
2025-11-19 15:30:00-05:00,404.5799865722656,405.5398864746094,401.75,404.07000732421875,3623899
2025-11-20 09:30:00-05:00,414.6300048828125,428.1494140625,414.6300048828125,427.8081970214844,21450375
2025-11-20 10:30:00-05:00,427.8688049316406,428.94000244140625,417.1199951171875,418.3124084472656,13485983
2025-11-20 11:30:00-05:00,418.2799987792969,419.1099853515625,401.55999755859375,404.19500732421875,14939546
2025-11-20 12:30:00-05:00,404.1199951171875,408.1600036621094,398.4800109863281,405.20001220703125,12006142
2025-11-20 13:30:00-05:00,405.19000244140625,405.79998779296875,397.3900146484375,402.3778076171875,8431932
2025-11-20 14:30:00-05:00,402.3299865722656,404.57989501953125,398.0400085449219,399.739990234375,7190236
2025-11-20 15:30:00-05:00,399.7799987792969,400.6300048828125,394.7449951171875,395.0299987792969,6293044
2025-11-21 09:30:00-05:00,402.2950134277344,402.7200012207031,387.79998779296875,388.206298828125,19732698
2025-11-21 10:30:00-05:00,388.2099914550781,391.510009765625,384.239990234375,391.3800964355469,12712321
2025-11-21 11:30:00-05:00,391.4700012207031,401.2099914550781,389.7481994628906,400.375,12205100
2025-11-21 12:30:00-05:00,400.3900146484375,402.25,393.1701965332031,394.6400146484375,8240202
2025-11-21 13:30:00-05:00,394.6400146484375,402.32000732421875,394.3800048828125,401.70001220703125,8102757
2025-11-21 14:30:00-05:00,401.739990234375,402.010009765625,395.7099914550781,395.7904968261719,6210947
2025-11-21 15:30:00-05:00,395.760009765625,397.6000061035156,390.55999755859375,391.04998779296875,5417647
2025-11-24 09:30:00-05:00,402.1600036621094,416.25,401.1600036621094,414.69000244140625,21508410
2025-11-24 10:30:00-05:00,414.6650085449219,419.69000244140625,413.8999938964844,417.5600891113281,10991554
2025-11-24 11:30:00-05:00,417.55999755859375,420.3699951171875,416.6900939941406,418.95001220703125,7878639
2025-11-24 12:30:00-05:00,418.8999938964844,420.489990234375,418.010009765625,418.6000061035156,5343197
2025-11-24 13:30:00-05:00,418.6099853515625,421.7099914550781,418.1199951171875,419.25,5804149
2025-11-24 14:30:00-05:00,419.29998779296875,419.5,416.0,417.0799865722656,7144525
2025-11-24 15:30:00-05:00,417.0199890136719,421.45001220703125,416.6499938964844,417.5899963378906,5876049
2025-11-25 09:30:00-05:00,414.4100036621094,415.19000244140625,405.95001220703125,408.51849365234375,17268891
2025-11-25 10:30:00-05:00,408.489990234375,412.6650085449219,408.05029296875,412.4751892089844,8110342
2025-11-25 11:30:00-05:00,412.4949951171875,419.1300048828125,412.3999938964844,418.4200134277344,9228841
2025-11-25 12:30:00-05:00,418.4010009765625,420.4800109863281,417.2101135253906,418.6199951171875,5874250
2025-11-25 13:30:00-05:00,418.6300048828125,418.9700012207031,415.5199890136719,416.9700927734375,4625001
2025-11-25 14:30:00-05:00,416.9729919433594,418.4599914550781,414.6099853515625,417.54998779296875,5117371
2025-11-25 15:30:00-05:00,417.5799865722656,420.1600036621094,417.4700012207031,419.30999755859375,4224099
2025-11-26 09:30:00-05:00,423.9825134277344,425.5199890136719,416.8900146484375,419.5372009277344,15057444
2025-11-26 10:30:00-05:00,419.5504150390625,421.30999755859375,417.5,419.17999267578125,6789375
2025-11-26 11:30:00-05:00,419.29998779296875,421.8500061035156,418.2349853515625,420.7799987792969,5361915
2025-11-26 12:30:00-05:00,420.82000732421875,424.0899963378906,420.239990234375,423.5299987792969,5537855
2025-11-26 13:30:00-05:00,423.510009765625,426.409912109375,422.0199890136719,426.3114929199219,5628082
2025-11-26 14:30:00-05:00,426.30999755859375,426.4200134277344,423.32000732421875,425.1213073730469,5259126
2025-11-26 15:30:00-05:00,425.125,426.94000244140625,424.0,426.4750061035156,3985623
2025-11-28 09:30:00-05:00,429.8599853515625,432.92999267578125,426.20001220703125,427.3727111816406,12060539
2025-11-28 10:30:00-05:00,427.41949462890625,432.3800048828125,426.79998779296875,429.1600036621094,7093085
2025-11-28 11:30:00-05:00,429.1910095214844,430.3399963378906,428.45001220703125,429.71990966796875,4454518
2025-12-01 09:30:00-05:00,425.3500061035156,433.659912109375,425.29998779296875,428.29998779296875,14150394
2025-12-01 10:30:00-05:00,428.3163146972656,429.69000244140625,425.79998779296875,427.1299133300781,7086446
2025-12-01 11:30:00-05:00,427.0899963378906,429.55999755859375,426.6199951171875,429.1465148925781,4364528
2025-12-01 12:30:00-05:00,429.1300048828125,431.1099853515625,428.7900085449219,429.2799987792969,4514670
2025-12-01 13:30:00-05:00,429.31500244140625,429.3800048828125,427.010009765625,427.84820556640625,3860028
2025-12-01 14:30:00-05:00,427.7799987792969,428.8800048828125,426.32000732421875,428.82000732421875,4294187
2025-12-01 15:30:00-05:00,428.8399963378906,430.2998962402344,428.5400085449219,430.2998962402344,3692648
2025-12-02 09:30:00-05:00,431.32049560546875,436.79998779296875,427.739990234375,429.80999755859375,16409291
2025-12-02 10:30:00-05:00,429.864990234375,431.9700012207031,423.0899963378906,424.1997985839844,10380589
2025-12-02 11:30:00-05:00,424.1499938964844,426.2099914550781,422.1199951171875,425.51800537109375,6772953
2025-12-02 12:30:00-05:00,425.5299987792969,425.80999755859375,423.0,425.1195068359375,4296750
2025-12-02 13:30:00-05:00,425.0,427.57000732421875,424.05999755859375,426.82000732421875,4615365
2025-12-02 14:30:00-05:00,426.82000732421875,431.05999755859375,426.75,430.3900146484375,5926911
2025-12-02 15:30:00-05:00,430.3800048828125,430.5,428.9200134277344,429.010009765625,3325433
2025-12-03 09:30:00-05:00,431.8450012207031,442.6099853515625,431.1174011230469,441.2699890136719,20763558
2025-12-03 10:30:00-05:00,441.260009765625,444.3800048828125,437.75,439.50201416015625,10353635
2025-12-03 11:30:00-05:00,439.510009765625,442.30999755859375,439.19000244140625,441.29998779296875,6671392
2025-12-03 12:30:00-05:00,441.2799987792969,443.30499267578125,440.9700012207031,443.2799987792969,4184334
2025-12-03 13:30:00-05:00,443.29998779296875,447.9142150878906,442.7200012207031,446.9700012207031,8258123
2025-12-03 14:30:00-05:00,446.9700012207031,447.7699890136719,445.0299987792969,446.29998779296875,6411914
2025-12-03 15:30:00-05:00,446.2900085449219,447.2699890136719,445.2799987792969,446.8800048828125,4466139
2025-12-04 09:30:00-05:00,450.0,454.625,445.3900146484375,448.510009765625,19682343
2025-12-04 10:30:00-05:00,448.5299987792969,451.7099914550781,446.80999755859375,448.6300048828125,7780737
2025-12-04 11:30:00-05:00,448.5400085449219,450.79998779296875,448.30999755859375,449.80999755859375,5170784
2025-12-04 12:30:00-05:00,449.8299865722656,449.8760070800781,446.6000061035156,448.4599914550781,4446686
2025-12-04 13:30:00-05:00,448.4599914550781,449.3900146484375,446.20001220703125,447.5350036621094,4004408
2025-12-04 14:30:00-05:00,447.5199890136719,451.0299987792969,447.340087890625,450.7850036621094,5205730
2025-12-04 15:30:00-05:00,450.82000732421875,454.6300048828125,450.7799987792969,454.510009765625,5295455
2025-12-05 09:30:00-05:00,452.9700012207031,458.5,452.9700012207031,455.7701110839844,12966302
2025-12-05 10:30:00-05:00,455.7539978027344,458.8699951171875,452.4700012207031,453.125,9203876
2025-12-05 11:30:00-05:00,453.125,455.6000061035156,451.6600036621094,453.54998779296875,5131072
2025-12-05 12:30:00-05:00,453.4800109863281,455.5299987792969,453.29998779296875,455.2799987792969,3305869
2025-12-05 13:30:00-05:00,455.27899169921875,455.5899963378906,453.6499938964844,454.760009765625,3874632
2025-12-05 14:30:00-05:00,454.7650146484375,455.81500244140625,454.05999755859375,455.21978759765625,3854705
2025-12-05 15:30:00-05:00,455.2200012207031,455.4649963378906,454.29998779296875,454.94000244140625,3094596
2025-12-08 09:30:00-05:00,447.364990234375,449.7463073730469,442.17999267578125,443.4872131347656,14983165
2025-12-08 10:30:00-05:00,443.44000244140625,444.1099853515625,437.7300109863281,438.5180969238281,9173642
2025-12-08 11:30:00-05:00,438.5,439.4599914550781,436.5249938964844,437.29058837890625,6422787
2025-12-08 12:30:00-05:00,437.3128967285156,439.3900146484375,437.0799865722656,437.2695007324219,4944566
2025-12-08 13:30:00-05:00,437.20001220703125,437.20001220703125,435.25,436.4880065917969,4823133
2025-12-08 14:30:00-05:00,436.4700012207031,438.4100036621094,436.4599914550781,437.8399963378906,4604710
2025-12-08 15:30:00-05:00,437.8699951171875,439.739990234375,437.6000061035156,439.5899963378906,3726143
2025-12-09 09:30:00-05:00,439.5799865722656,445.510009765625,435.70001220703125,445.3948059082031,13370441
2025-12-09 10:30:00-05:00,445.3948059082031,448.3999938964844,444.8800048828125,446.44000244140625,7890607
2025-12-09 11:30:00-05:00,446.45001220703125,449.989990234375,446.19000244140625,449.7204895019531,6203286
2025-12-09 12:30:00-05:00,449.739990234375,452.3900146484375,449.7099914550781,450.5264892578125,5744384
2025-12-09 13:30:00-05:00,450.5264892578125,450.67999267578125,448.1700134277344,449.2200012207031,5187777
2025-12-09 14:30:00-05:00,449.2200012207031,449.3399963378906,446.8699951171875,447.2900085449219,3999222
2025-12-09 15:30:00-05:00,447.25,447.7300109863281,439.5799865722656,445.2099914550781,3409299
2025-12-10 09:30:00-05:00,446.010009765625,450.20001220703125,443.6099853515625,445.9700012207031,11281681
2025-12-10 10:30:00-05:00,445.9200134277344,447.2499084472656,444.0,446.044189453125,5474417
2025-12-10 11:30:00-05:00,446.04998779296875,446.4840087890625,444.9674987792969,445.01019287109375,3050612
2025-12-10 12:30:00-05:00,444.9700012207031,446.6300048828125,444.54998779296875,445.4259948730469,2829281
2025-12-10 13:30:00-05:00,445.4200134277344,449.9100036621094,444.2900085449219,447.9020080566406,6678185
2025-12-10 14:30:00-05:00,447.8900146484375,456.8800048828125,446.6600036621094,456.1796875,11778474
2025-12-10 15:30:00-05:00,456.1000061035156,456.2699890136719,451.17999267578125,451.4100036621094,5256362
2025-12-11 09:30:00-05:00,448.82501220703125,449.2698974609375,441.04998779296875,444.2200012207031,12967868
2025-12-11 10:30:00-05:00,444.2406005859375,444.55999755859375,440.3299865722656,441.4700012207031,7006235
2025-12-11 11:30:00-05:00,441.4700012207031,445.2300109863281,441.4100036621094,444.5409851074219,5058901
2025-12-11 12:30:00-05:00,444.6099853515625,447.3799133300781,444.5769958496094,446.1600036621094,4854618
2025-12-11 13:30:00-05:00,446.125,447.7699890136719,445.6400146484375,447.3999938964844,3508091
2025-12-11 14:30:00-05:00,447.4495849609375,448.0400085449219,444.510009765625,444.9599914550781,3780040
2025-12-11 15:30:00-05:00,444.9800109863281,447.0,444.17999267578125,446.94000244140625,3200355
2025-12-12 09:30:00-05:00,448.0899963378906,463.010009765625,448.0,450.1300048828125,21992395
2025-12-12 10:30:00-05:00,450.1600036621094,451.8900146484375,443.95001220703125,445.9283142089844,11132615
2025-12-12 11:30:00-05:00,445.92999267578125,449.17999267578125,441.6700134277344,448.06829833984375,7777515
2025-12-12 12:30:00-05:00,448.0400085449219,455.6600036621094,447.3599853515625,455.6099853515625,7984083
2025-12-12 13:30:00-05:00,455.6029968261719,456.3900146484375,450.0899963378906,450.9027099609375,7265756
2025-12-12 14:30:00-05:00,450.95001220703125,455.69000244140625,450.8999938964844,455.07000732421875,6481156
2025-12-12 15:30:00-05:00,455.05999755859375,459.1700134277344,453.75,459.1700134277344,6683835
2025-12-15 09:30:00-05:00,470.0,481.3699951171875,468.989990234375,472.1300048828125,31213366
2025-12-15 10:30:00-05:00,472.1400146484375,481.7694091796875,471.3836975097656,481.0400085449219,13841132
2025-12-15 11:30:00-05:00,481.0400085449219,481.6600036621094,475.0600891113281,476.989990234375,8704150
2025-12-15 12:30:00-05:00,476.9549865722656,478.44000244140625,474.489990234375,475.7296142578125,6203939
2025-12-15 13:30:00-05:00,475.7300109863281,478.3205871582031,474.57501220703125,476.6650085449219,6183543
2025-12-15 14:30:00-05:00,476.6722106933594,478.8711853027344,475.7300109863281,477.8689880371094,6782737
2025-12-15 15:30:00-05:00,477.8800048828125,480.6400146484375,475.0299987792969,475.07000732421875,7282640
2025-12-16 09:30:00-05:00,472.2850036621094,482.05999755859375,465.8299865722656,475.1449890136719,23349392
2025-12-16 10:30:00-05:00,475.1449890136719,477.9100036621094,472.5799865722656,475.7349853515625,9893547
2025-12-16 11:30:00-05:00,475.8284912109375,481.3489990234375,475.1499938964844,478.8800048828125,8335113
2025-12-16 12:30:00-05:00,478.8599853515625,480.79998779296875,475.5884094238281,477.24090576171875,6468420
2025-12-16 13:30:00-05:00,477.30499267578125,480.3599853515625,477.2099914550781,480.0799865722656,6070346
2025-12-16 14:30:00-05:00,480.0400085449219,487.7300109863281,479.42999267578125,487.614990234375,11968826
2025-12-16 15:30:00-05:00,487.6391906738281,491.5,487.2200012207031,489.79998779296875,9727102
2025-12-17 09:30:00-05:00,488.2149963378906,495.239990234375,486.2200012207031,490.70001220703125,21426056
2025-12-17 10:30:00-05:00,490.6700134277344,491.2598876953125,474.20001220703125,478.369384765625,16412954
2025-12-17 11:30:00-05:00,478.3399963378906,478.8800048828125,474.94000244140625,478.0600891113281,8406117
2025-12-17 12:30:00-05:00,478.1400146484375,479.3999938964844,472.7300109863281,474.5350036621094,7236381
2025-12-17 13:30:00-05:00,474.5299987792969,474.8699951171875,466.20001220703125,467.2300109863281,9711021
2025-12-17 14:30:00-05:00,467.2200012207031,471.25,466.8299865722656,470.489990234375,7804193
2025-12-17 15:30:00-05:00,470.45001220703125,470.8999938964844,466.8599853515625,467.1600036621094,5718526
2025-12-18 09:30:00-05:00,477.8999938964844,483.5199890136719,473.1199951171875,483.42010498046875,19224956
2025-12-18 10:30:00-05:00,483.4700012207031,490.44000244140625,483.3699951171875,488.17999267578125,13368819
2025-12-18 11:30:00-05:00,488.1700134277344,490.8599853515625,484.57000732421875,487.83990478515625,10073626
2025-12-18 12:30:00-05:00,487.77099609375,490.0400085449219,487.110107421875,488.62200927734375,6234161
2025-12-18 13:30:00-05:00,488.6050109863281,489.20001220703125,485.4601135253906,486.65020751953125,5437523
2025-12-18 14:30:00-05:00,486.62030029296875,487.70001220703125,483.3800048828125,486.56500244140625,7359817
2025-12-18 15:30:00-05:00,486.6199951171875,488.9200134277344,483.1700134277344,483.3949890136719,5528384
2025-12-19 09:30:00-05:00,488.5400085449219,490.489990234375,480.1000061035156,480.5450134277344,18757745
2025-12-19 10:30:00-05:00,480.5299987792969,481.7200012207031,477.739990234375,481.4549865722656,9150750
2025-12-19 11:30:00-05:00,481.4549865722656,481.8999938964844,474.75,479.3407897949219,8335489
2025-12-19 12:30:00-05:00,479.3450012207031,481.3299865722656,477.82000732421875,481.2449951171875,6143135
2025-12-19 13:30:00-05:00,481.2900085449219,483.8900146484375,481.19000244140625,483.8299865722656,5520387
2025-12-19 14:30:00-05:00,483.8175048828125,483.9700012207031,480.6199951171875,482.20001220703125,4797947
2025-12-19 15:30:00-05:00,482.1400146484375,484.0,480.55999755859375,480.9100036621094,4384803
2025-12-22 09:30:00-05:00,489.67999267578125,498.82000732421875,486.1000061035156,487.9649963378906,24124999
2025-12-22 10:30:00-05:00,488.0,493.29998779296875,485.3299865722656,492.8599853515625,10348812
2025-12-22 11:30:00-05:00,492.8487854003906,495.2300109863281,491.79998779296875,494.94000244140625,6958815
2025-12-22 12:30:00-05:00,494.92010498046875,495.6000061035156,492.79998779296875,494.6400146484375,5553182
2025-12-22 13:30:00-05:00,494.6400146484375,496.4100036621094,492.8699951171875,493.080810546875,6542059
2025-12-22 14:30:00-05:00,493.05999755859375,493.7200012207031,487.5,487.5299987792969,6711466
2025-12-22 15:30:00-05:00,487.5,489.5899963378906,487.44000244140625,488.7699890136719,4256722
2025-12-23 09:30:00-05:00,491.5,491.94000244140625,485.010009765625,486.7878112792969,14224330
2025-12-23 10:30:00-05:00,486.8299865722656,489.3500061035156,485.32000732421875,485.6592102050781,5795975
2025-12-23 11:30:00-05:00,485.67498779296875,487.20001220703125,484.29998779296875,485.7619934082031,5572697
2025-12-23 12:30:00-05:00,485.7767028808594,486.19000244140625,483.3500061035156,485.3800048828125,4866427
2025-12-23 13:30:00-05:00,485.3999938964844,486.05999755859375,482.84478759765625,483.92919921875,4630891
2025-12-23 14:30:00-05:00,483.92498779296875,487.4100036621094,483.4800109863281,486.8699951171875,5346981
2025-12-23 15:30:00-05:00,486.8599853515625,486.8999938964844,484.57000732421875,485.6099853515625,3560052
2025-12-24 09:30:00-05:00,490.0,490.0801086425781,476.79998779296875,477.3340148925781,13122566
2025-12-24 10:30:00-05:00,477.3340148925781,482.0599060058594,477.1300964355469,481.69000244140625,7898707
2025-12-24 11:30:00-05:00,481.68121337890625,482.92999267578125,481.1400146484375,481.7699890136719,5855715
2025-12-26 09:30:00-05:00,486.0,489.0899963378906,476.8999938964844,477.1700134277344,13003334
2025-12-26 10:30:00-05:00,477.1600036621094,479.4100036621094,473.82000732421875,478.4798889160156,9935893
2025-12-26 11:30:00-05:00,478.4800109863281,479.7112121582031,476.610107421875,479.6340026855469,4978982
2025-12-26 12:30:00-05:00,479.5899963378906,480.5,478.4200134277344,478.8800048828125,4158112
2025-12-26 13:30:00-05:00,478.8599853515625,479.239990234375,477.7200012207031,478.489990234375,3801625
2025-12-26 14:30:00-05:00,478.489990234375,478.8699035644531,477.75,478.3598937988281,3123700
2025-12-26 15:30:00-05:00,478.3550109863281,478.3599853515625,474.9800109863281,475.19000244140625,3785990
2025-12-29 09:30:00-05:00,468.0,469.3800048828125,461.32000732421875,466.2500915527344,16500909
2025-12-29 10:30:00-05:00,466.2300109863281,467.80999755859375,465.2300109863281,467.6300048828125,6876082
2025-12-29 11:30:00-05:00,467.6199951171875,469.20001220703125,465.8699951171875,466.1181945800781,5176453
2025-12-29 12:30:00-05:00,466.0950012207031,466.7900085449219,463.739990234375,464.0899963378906,4384021
2025-12-29 13:30:00-05:00,464.0600891113281,464.3800048828125,461.9501037597656,463.010009765625,4717342
2025-12-29 14:30:00-05:00,463.0299987792969,464.3450012207031,462.0920104980469,462.6700134277344,4991238
2025-12-29 15:30:00-05:00,462.69500732421875,462.7499084472656,459.29998779296875,459.6199951171875,5449426
2025-12-30 09:30:00-05:00,460.0,461.0299987792969,453.8299865722656,460.67999267578125,14993491
2025-12-30 10:30:00-05:00,460.6300048828125,462.2099914550781,459.0199890136719,461.1300048828125,6151326
2025-12-30 11:30:00-05:00,461.1099853515625,463.1199951171875,460.69000244140625,462.1700134277344,5468641
2025-12-30 12:30:00-05:00,462.1300048828125,462.2799987792969,458.5799865722656,460.4960021972656,4954327
2025-12-30 13:30:00-05:00,460.4700012207031,460.739990234375,457.8800048828125,458.614990234375,4209010
2025-12-30 14:30:00-05:00,458.6000061035156,458.7099914550781,456.1000061035156,456.1199951171875,5133024
2025-12-30 15:30:00-05:00,456.1400146484375,456.4599914550781,454.0400085449219,454.42999267578125,3950479
2025-12-31 09:30:00-05:00,455.0,456.5,452.29998779296875,454.5899963378906,9968144
2025-12-31 10:30:00-05:00,454.55999755859375,455.239990234375,453.2601013183594,453.81500244140625,4472767
2025-12-31 11:30:00-05:00,453.8500061035156,454.6199951171875,452.5799865722656,454.6000061035156,3778082
2025-12-31 12:30:00-05:00,454.6400146484375,455.8399963378906,453.260009765625,454.8550109863281,4758054
2025-12-31 13:30:00-05:00,454.8399963378906,455.0799865722656,452.6499938964844,453.2650146484375,2845274
2025-12-31 14:30:00-05:00,453.2799987792969,453.3800048828125,449.44000244140625,449.5,5803871
2025-12-31 15:30:00-05:00,449.5398864746094,450.9299011230469,449.29998779296875,449.54998779296875,4049826
2026-01-02 09:30:00-05:00,458.0,458.3299865722656,444.3699951171875,445.1000061035156,17466996
2026-01-02 10:30:00-05:00,445.0799865722656,448.25,440.8999938964844,444.0799865722656,10580582
2026-01-02 11:30:00-05:00,444.05999755859375,445.3299865722656,441.04998779296875,441.760009765625,6139173
2026-01-02 12:30:00-05:00,441.79998779296875,442.5899963378906,437.9200134277344,438.39990234375,6376852
2026-01-02 13:30:00-05:00,438.3800048828125,438.6300048828125,435.29998779296875,438.4100036621094,7333157
2026-01-02 14:30:00-05:00,438.3800048828125,441.6199951171875,438.3800048828125,440.3500061035156,6786236
2026-01-02 15:30:00-05:00,440.3299865722656,440.5159912109375,437.6000061035156,438.1000061035156,4330640
2026-01-05 09:30:00-05:00,447.7200012207031,455.8900146484375,444.57000732421875,455.32000732421875,16089065
2026-01-05 10:30:00-05:00,455.2900085449219,456.6499938964844,453.2699890136719,454.0299987792969,6815419
2026-01-05 11:30:00-05:00,454.04998779296875,457.5498962402344,453.9599914550781,456.0299987792969,5845587
2026-01-05 12:30:00-05:00,456.0299987792969,456.3399963378906,453.7900085449219,454.7099914550781,4058977
2026-01-05 13:30:00-05:00,454.67999267578125,457.1000061035156,454.3301086425781,455.7550048828125,3944415
2026-01-05 14:30:00-05:00,455.7355041503906,456.2300109863281,453.8500061035156,456.2099914550781,4853652
2026-01-05 15:30:00-05:00,456.2250061035156,456.239990234375,450.8599853515625,451.69000244140625,5043698
2026-01-06 09:30:00-05:00,446.364990234375,446.364990234375,435.3900146484375,439.0591125488281,17729194
2026-01-06 10:30:00-05:00,439.04998779296875,439.3500061035156,431.80999755859375,431.8550109863281,10502348
2026-01-06 11:30:00-05:00,431.8599853515625,433.3299865722656,430.3200988769531,432.0350036621094,7786683
2026-01-06 12:30:00-05:00,432.05999755859375,432.5400085449219,428.7799987792969,429.7699890136719,6770507
2026-01-06 13:30:00-05:00,429.7049865722656,433.69000244140625,429.1400146484375,433.26239013671875,6343238
2026-01-06 14:30:00-05:00,433.9849853515625,434.4200134277344,430.0400085449219,431.7449951171875,7764043
2026-01-06 15:30:00-05:00,431.7200012207031,433.440185546875,431.30999755859375,432.4898986816406,3393408
2026-01-07 09:30:00-05:00,435.885009765625,438.1300048828125,431.6000061035156,434.0350036621094,12591805
2026-01-07 10:30:00-05:00,434.0400085449219,437.3299865722656,433.85009765625,435.989990234375,6795114
2026-01-07 11:30:00-05:00,436.0,438.3699951171875,435.7099914550781,436.2200012207031,5209734
2026-01-07 12:30:00-05:00,436.2349853515625,437.75,435.989990234375,436.34710693359375,3577085
2026-01-07 13:30:00-05:00,436.3599853515625,437.510009765625,434.2699890136719,435.8599853515625,4386733
2026-01-07 14:30:00-05:00,435.8900146484375,437.5199890136719,435.8299865722656,436.1400146484375,4405936
2026-01-07 15:30:00-05:00,436.1600036621094,436.7900085449219,431.30999755859375,431.4200134277344,4503032
2026-01-08 09:30:00-05:00,426.0,435.04998779296875,424.364990234375,434.8900146484375,14297658
2026-01-08 10:30:00-05:00,434.8500061035156,435.17999267578125,432.05999755859375,434.26458740234375,5867301
2026-01-08 11:30:00-05:00,434.25,436.1400146484375,433.30999755859375,435.1944885253906,5063748
2026-01-08 12:30:00-05:00,435.17999267578125,436.8900146484375,433.739990234375,434.1300048828125,4209962
2026-01-08 13:30:00-05:00,434.1600036621094,434.94989013671875,432.42999267578125,433.760009765625,3460643
2026-01-08 14:30:00-05:00,433.7099914550781,435.79998779296875,433.6600036621094,434.9599914550781,3898513
2026-01-08 15:30:00-05:00,434.94000244140625,436.25,434.3500061035156,435.8399963378906,3225353
2026-01-09 09:30:00-05:00,435.94500732421875,443.8800048828125,430.3900146484375,443.6199951171875,15776840
2026-01-09 10:30:00-05:00,443.6499938964844,444.2898864746094,440.6499938964844,442.63238525390625,7978061
2026-01-09 11:30:00-05:00,442.6600036621094,445.239990234375,442.29998779296875,444.45001220703125,5233859
2026-01-09 12:30:00-05:00,444.44500732421875,449.04998779296875,444.1199951171875,447.17999267578125,6955198
2026-01-09 13:30:00-05:00,447.17999267578125,447.9198913574219,445.45001220703125,446.375,3925354
2026-01-09 14:30:00-05:00,446.3900146484375,446.6000061035156,444.510009765625,445.35528564453125,4624308
2026-01-09 15:30:00-05:00,445.3399963378906,445.9700012207031,444.3599853515625,444.989990234375,3287640
2026-01-12 09:30:00-05:00,441.2250061035156,450.2200012207031,438.0,449.80499267578125,14692874
2026-01-12 10:30:00-05:00,449.8299865722656,449.8999938964844,446.9200134277344,448.635009765625,5823610
2026-01-12 11:30:00-05:00,448.6388854980469,454.29998779296875,448.4071044921875,453.8299865722656,7715359
2026-01-12 12:30:00-05:00,453.75,453.9198913574219,449.95001220703125,450.82000732421875,5103407
2026-01-12 13:30:00-05:00,450.8450012207031,452.1300048828125,449.9100036621094,451.7409973144531,4532448
2026-01-12 14:30:00-05:00,451.7799072265625,451.9599914550781,449.45001220703125,450.92498779296875,4200452
2026-01-12 15:30:00-05:00,450.9100036621094,451.1000061035156,448.2699890136719,448.8800048828125,3784816
2026-01-13 09:30:00-05:00,449.07501220703125,451.6600036621094,445.3999938964844,447.0552062988281,12498471
2026-01-13 10:30:00-05:00,447.0899963378906,451.3900146484375,446.2699890136719,450.31939697265625,6576400
2026-01-13 11:30:00-05:00,450.3057861328125,451.80999755859375,448.6300964355469,449.3699951171875,4613782
2026-01-13 12:30:00-05:00,449.3500061035156,449.70001220703125,446.55999755859375,447.42999267578125,4004052
2026-01-13 13:30:00-05:00,447.45001220703125,448.17999267578125,443.95001220703125,445.07000732421875,5163171
2026-01-13 14:30:00-05:00,445.04998779296875,447.2300109863281,444.6099853515625,446.2349853515625,3662359
2026-01-13 15:30:00-05:00,446.239990234375,447.8299865722656,445.67999267578125,447.1300048828125,2783886
2026-01-14 09:30:00-05:00,442.42999267578125,443.9100036621094,437.3103942871094,440.04998779296875,12326753
2026-01-14 10:30:00-05:00,440.05499267578125,440.32989501953125,435.8800048828125,438.4200134277344,7463731
2026-01-14 11:30:00-05:00,438.3500061035156,438.7698974609375,434.2300109863281,436.1199951171875,5401322
2026-01-14 12:30:00-05:00,436.20001220703125,436.5,434.760009765625,436.4100036621094,3455285
2026-01-14 13:30:00-05:00,436.35809326171875,437.2698974609375,434.9100036621094,436.8800048828125,3597487
2026-01-14 14:30:00-05:00,436.9100036621094,438.3699951171875,435.0299987792969,435.1600036621094,4861407
2026-01-14 15:30:00-05:00,435.17999267578125,439.45001220703125,435.1400146484375,439.260009765625,4003494
2026-01-15 09:30:00-05:00,441.125,445.3299865722656,439.4800109863281,443.32000732421875,10805574
2026-01-15 10:30:00-05:00,443.3399963378906,445.3599853515625,441.95001220703125,442.8299865722656,6165480
2026-01-15 11:30:00-05:00,442.739990234375,443.5400085449219,441.9700012207031,443.1200866699219,3350804
2026-01-15 12:30:00-05:00,443.1628112792969,443.3999938964844,441.1000061035156,443.2174987792969,3330405
2026-01-15 13:30:00-05:00,443.2300109863281,443.82000732421875,441.0799865722656,441.31988525390625,3374349
2026-01-15 14:30:00-05:00,441.2900085449219,441.2944030761719,438.1600036621094,438.44000244140625,4609537
2026-01-15 15:30:00-05:00,438.489990234375,439.05999755859375,437.6499938964844,438.3299865722656,2951712
2026-01-16 09:30:00-05:00,439.5150146484375,447.25,436.3999938964844,436.8500061035156,13909602
2026-01-16 10:30:00-05:00,436.82501220703125,439.2200012207031,435.2601013183594,438.80999755859375,6504516
2026-01-16 11:30:00-05:00,438.8299865722656,439.7200012207031,437.7701110839844,438.55340576171875,4266930
2026-01-16 12:30:00-05:00,438.55999755859375,440.45001220703125,437.8299865722656,440.35009765625,3326552
2026-01-16 13:30:00-05:00,440.3500061035156,440.8500061035156,439.0199890136719,439.80999755859375,3817592
2026-01-16 14:30:00-05:00,439.79620361328125,440.80999755859375,439.6199951171875,439.8799133300781,2922863
2026-01-16 15:30:00-05:00,439.8299865722656,439.8800048828125,437.3599853515625,437.4700012207031,3427744
2026-01-20 09:30:00-05:00,429.3450012207031,430.7250061035156,423.4200134277344,426.94000244140625,13240316
2026-01-20 10:30:00-05:00,426.94000244140625,427.9200134277344,424.1300048828125,425.6499938964844,5597951
2026-01-20 11:30:00-05:00,425.6600036621094,427.3999938964844,423.8999938964844,426.260009765625,4329916
2026-01-20 12:30:00-05:00,426.260009765625,426.4599914550781,423.8800048828125,424.7925109863281,3291490
2026-01-20 13:30:00-05:00,424.82000732421875,425.0199890136719,422.0,422.239990234375,4204984
2026-01-20 14:30:00-05:00,422.2300109863281,422.3299865722656,417.8299865722656,417.9100036621094,6397274
2026-01-20 15:30:00-05:00,417.8900146484375,420.4800109863281,417.44000244140625,419.25,4642728
2026-01-21 09:30:00-05:00,421.5799865722656,428.2200012207031,419.6200866699219,427.43499755859375,11097689
2026-01-21 10:30:00-05:00,427.4700012207031,429.7699890136719,427.0199890136719,427.4873962402344,6856514
2026-01-21 11:30:00-05:00,427.44000244140625,427.49798583984375,420.05999755859375,423.6588134765625,7419969
2026-01-21 12:30:00-05:00,423.6700134277344,425.79998779296875,422.80999755859375,425.65771484375,4758354
2026-01-21 13:30:00-05:00,425.67999267578125,433.04998779296875,425.3551025390625,432.5400085449219,4046597
2026-01-21 14:30:00-05:00,432.5000915527344,438.1400146484375,432.375,433.5602111816406,8538003
2026-01-21 15:30:00-05:00,433.55999755859375,434.25,430.27099609375,431.4599914550781,4221585
2026-01-22 09:30:00-05:00,435.1600036621094,436.4100036621094,432.6293029785156,435.67999267578125,10420823
2026-01-22 10:30:00-05:00,435.739990234375,439.21990966796875,434.739990234375,437.9599914550781,6875441
2026-01-22 11:30:00-05:00,438.0,439.17999267578125,437.05999755859375,439.07000732421875,4464361
2026-01-22 12:30:00-05:00,439.07000732421875,448.260009765625,438.6499938964844,444.9501037597656,10229631
2026-01-22 13:30:00-05:00,444.9599914550781,448.8599853515625,444.5799865722656,448.42999267578125,6737862
2026-01-22 14:30:00-05:00,448.42999267578125,449.1199951171875,445.5,446.3800048828125,5582104
2026-01-22 15:30:00-05:00,446.3699951171875,449.4599914550781,446.10198974609375,449.3699951171875,4614063
2026-01-23 09:30:00-05:00,447.75,451.20001220703125,444.1600036621094,446.1099853515625,14625343
2026-01-23 10:30:00-05:00,446.114013671875,452.42999267578125,445.8399963378906,450.07000732421875,7637063
2026-01-23 11:30:00-05:00,450.0586853027344,450.3500061035156,447.6300048828125,448.909912109375,3943556
2026-01-23 12:30:00-05:00,448.8800048828125,449.2200012207031,445.2799987792969,446.7200012207031,4270276
2026-01-23 13:30:00-05:00,446.7452087402344,448.5799865722656,446.0299987792969,447.1549987792969,3459740
2026-01-23 14:30:00-05:00,447.1700134277344,448.8500061035156,446.8800048828125,447.2502136230469,3513970
2026-01-23 15:30:00-05:00,447.2699890136719,449.30999755859375,446.9200134277344,449.07000732421875,3149231
2026-01-26 09:30:00-05:00,445.0299987792969,445.0299987792969,437.6600036621094,437.94830322265625,10564496
2026-01-26 10:30:00-05:00,437.8999938964844,439.9800109863281,436.7099914550781,439.7099914550781,5898497
2026-01-26 11:30:00-05:00,439.760009765625,440.2699890136719,437.95001220703125,439.78680419921875,3657631
2026-01-26 12:30:00-05:00,439.81500244140625,439.8399963378906,437.82000732421875,438.55999755859375,2940576
2026-01-26 13:30:00-05:00,438.55999755859375,438.8599853515625,437.4200134277344,437.7300109863281,2957224
2026-01-26 14:30:00-05:00,437.739990234375,437.9599914550781,434.4700012207031,434.8927001953125,4767963
2026-01-26 15:30:00-05:00,434.8800048828125,436.3699951171875,434.2900085449219,435.20001220703125,3914313
2026-01-27 09:30:00-05:00,437.43499755859375,437.5199890136719,431.8299865722656,435.3900146484375,8220361
2026-01-27 10:30:00-05:00,435.364990234375,436.260009765625,433.7300109863281,434.8699951171875,3903183
2026-01-27 11:30:00-05:00,434.8999938964844,435.82000732421875,433.19000244140625,434.6650085449219,3033271
2026-01-27 12:30:00-05:00,434.6499938964844,434.95001220703125,432.2799987792969,432.78009033203125,2620034
2026-01-27 13:30:00-05:00,432.8099060058594,433.45001220703125,430.8299865722656,431.30010986328125,3411986
2026-01-27 14:30:00-05:00,431.31500244140625,433.8800048828125,430.69000244140625,433.7900085449219,3522732
2026-01-27 15:30:00-05:00,433.8031921386719,433.8031921386719,430.7099914550781,430.9100036621094,3400284
2026-01-28 09:30:00-05:00,431.79998779296875,438.260009765625,431.20001220703125,434.67730712890625,9586082
2026-01-28 10:30:00-05:00,434.6700134277344,434.9100036621094,432.0199890136719,434.09051513671875,9041588
2026-01-28 11:30:00-05:00,434.0799865722656,435.6099853515625,432.3399963378906,433.1199951171875,0
2026-01-28 12:30:00-05:00,433.0889892578125,435.5,432.3999938964844,434.82000732421875,3978822
2026-01-28 13:30:00-05:00,434.80029296875,435.55999755859375,432.739990234375,432.885009765625,3192653
2026-01-28 14:30:00-05:00,432.8500061035156,436.0,431.739990234375,434.2950134277344,4773622
2026-01-28 15:30:00-05:00,434.32000732421875,434.45001220703125,430.1000061035156,431.239990234375,3496783
2026-01-29 09:30:00-05:00,437.760009765625,440.2298889160156,421.260009765625,422.239990234375,18553363
2026-01-29 10:30:00-05:00,422.260009765625,423.1700134277344,414.6199951171875,421.8949890136719,12681972
2026-01-29 11:30:00-05:00,421.8599853515625,424.8399963378906,419.3800048828125,424.2080078125,5612715
2026-01-29 12:30:00-05:00,424.19000244140625,424.7799987792969,419.7799987792969,421.8699951171875,4596341
2026-01-29 13:30:00-05:00,421.79998779296875,422.94000244140625,419.80999755859375,420.3599853515625,4314741
2026-01-29 14:30:00-05:00,420.3999938964844,420.7900085449219,415.4599914550781,415.510009765625,5511584
2026-01-29 15:30:00-05:00,415.5199890136719,417.54998779296875,414.94000244140625,416.44000244140625,4951144
2026-01-30 09:30:00-05:00,425.5799865722656,435.3500061035156,422.70001220703125,433.5350036621094,16028132
2026-01-30 10:30:00-05:00,433.55499267578125,439.8800048828125,430.5,438.44000244140625,13245933
2026-01-30 11:30:00-05:00,438.4200134277344,439.8399963378906,433.95001220703125,438.4599914550781,7572847
2026-01-30 12:30:00-05:00,438.4200134277344,439.5299987792969,432.32000732421875,434.6700134277344,6660416
2026-01-30 13:30:00-05:00,434.70001220703125,436.6221923828125,432.135009765625,433.80499267578125,4750508
2026-01-30 14:30:00-05:00,433.79998779296875,435.4682922363281,430.20001220703125,430.6549987792969,5113107
2026-01-30 15:30:00-05:00,430.69000244140625,434.95001220703125,430.1000061035156,430.4360046386719,4455579
2026-02-02 09:30:00-05:00,421.31500244140625,421.70001220703125,414.5,420.1300048828125,12888722
2026-02-02 10:30:00-05:00,420.1466979980469,422.5,418.57000732421875,419.489990234375,5768568
2026-02-02 11:30:00-05:00,419.4700012207031,423.3699951171875,418.32000732421875,423.3262939453125,4417067
2026-02-02 12:30:00-05:00,423.29010009765625,426.94989013671875,422.6600036621094,426.30999755859375,4785480
2026-02-02 13:30:00-05:00,426.3399963378906,427.1499938964844,425.3599853515625,425.69500732421875,3690269
2026-02-02 14:30:00-05:00,425.6700134277344,425.6700134277344,422.5400085449219,423.92498779296875,4163914
2026-02-02 15:30:00-05:00,423.8999938964844,424.0557861328125,421.739990234375,421.7850036621094,2893745
2026-02-03 09:30:00-05:00,424.2699890136719,425.510009765625,419.75,422.8550109863281,10423831
2026-02-03 10:30:00-05:00,422.80999755859375,428.55999755859375,422.010009765625,423.17999267578125,7426334
2026-02-03 11:30:00-05:00,423.2099914550781,427.7200012207031,420.0899963378906,420.8450012207031,5616518
2026-02-03 12:30:00-05:00,420.8299865722656,421.4551086425781,416.8800048828125,418.11151123046875,5252640
2026-02-03 13:30:00-05:00,418.05999755859375,418.8399963378906,413.6900939941406,415.8699951171875,5724127
2026-02-03 14:30:00-05:00,415.94000244140625,419.2900085449219,414.8999938964844,418.590087890625,4190760
2026-02-03 15:30:00-05:00,418.6300048828125,422.20001220703125,418.5899963378906,421.80999755859375,3300597
2026-02-04 09:30:00-05:00,420.4599914550781,423.8999938964844,415.0299987792969,416.760009765625,11080274
2026-02-04 10:30:00-05:00,416.7900085449219,417.239990234375,407.0299987792969,408.82501220703125,9583418
2026-02-04 11:30:00-05:00,408.7900085449219,409.239990234375,402.9800109863281,403.1600036621094,7099575
2026-02-04 12:30:00-05:00,403.04998779296875,406.5,399.17999267578125,406.42498779296875,7625761
2026-02-04 13:30:00-05:00,406.4599914550781,406.489990234375,402.276611328125,404.7200927734375,5318617
2026-02-04 14:30:00-05:00,404.70001220703125,409.3500061035156,404.17010498046875,407.82501220703125,6457786
2026-02-04 15:30:00-05:00,407.80999755859375,409.1600036621094,405.3500061035156,405.8999938964844,4215172
2026-02-05 09:30:00-05:00,397.05999755859375,401.1499938964844,387.5309143066406,389.7799987792969,15306298
2026-02-05 10:30:00-05:00,389.7200012207031,396.9599914550781,387.7300109863281,396.87799072265625,7689346
2026-02-05 11:30:00-05:00,396.8800048828125,400.42999267578125,395.80999755859375,399.9700012207031,6531007
2026-02-05 12:30:00-05:00,400.0,402.1000061035156,398.4599914550781,399.6400146484375,5397301
2026-02-05 13:30:00-05:00,399.6099853515625,401.4700012207031,397.6499938964844,398.7550048828125,5119618
2026-02-05 14:30:00-05:00,398.7300109863281,398.7900085449219,393.79998779296875,394.1099853515625,5932483
2026-02-05 15:30:00-05:00,394.1099853515625,397.8299865722656,393.0199890136719,397.1000061035156,4796377
2026-02-06 09:30:00-05:00,400.8800048828125,410.3089904785156,397.7699890136719,410.10400390625,13617676
2026-02-06 10:30:00-05:00,410.19000244140625,412.2099914550781,408.70001220703125,410.2799987792969,6884037
2026-02-06 11:30:00-05:00,410.26251220703125,414.0400085449219,410.0350036621094,413.8699951171875,5024365
2026-02-06 12:30:00-05:00,413.8699951171875,414.54998779296875,411.7300109863281,412.17498779296875,4336097
2026-02-06 13:30:00-05:00,412.1650085449219,414.0400085449219,411.0799865722656,413.385009765625,3907698
2026-02-06 14:30:00-05:00,413.3999938964844,414.54998779296875,412.7699890136719,413.40618896484375,4270327
2026-02-06 15:30:00-05:00,413.3699951171875,414.54998779296875,410.6099853515625,411.010009765625,4303013
2026-02-09 09:30:00-05:00,409.9049987792969,415.3299865722656,407.2900085449219,412.9649963378906,10662546
2026-02-09 10:30:00-05:00,412.9649963378906,419.42999267578125,412.70001220703125,418.6650085449219,6843367
2026-02-09 11:30:00-05:00,418.6199951171875,421.25,417.9700012207031,420.5299987792969,5284227
2026-02-09 12:30:00-05:00,420.54998779296875,421.20989990234375,417.70001220703125,418.34991455078125,3548082
2026-02-09 13:30:00-05:00,418.30230712890625,420.6600036621094,417.7099914550781,420.1697082519531,3393895
2026-02-09 14:30:00-05:00,420.19000244140625,420.8999938964844,419.4070129394531,420.1199951171875,3389590
2026-02-09 15:30:00-05:00,420.0799865722656,420.4200134277344,417.1300964355469,417.1600036621094,3183939
2026-02-10 09:30:00-05:00,418.0899963378906,425.4599914550781,417.0,423.34161376953125,10943175
2026-02-10 10:30:00-05:00,423.3399963378906,425.4200134277344,420.71270751953125,421.7349853515625,6615508
2026-02-10 11:30:00-05:00,421.7099914550781,427.25,421.05999755859375,424.93499755859375,6045525
2026-02-10 12:30:00-05:00,424.8800048828125,426.114990234375,423.1499938964844,423.32000732421875,4257452
2026-02-10 13:30:00-05:00,423.2900085449219,425.1000061035156,422.35009765625,425.0398864746094,3627992
2026-02-10 14:30:00-05:00,425.05999755859375,426.3699951171875,423.6600036621094,424.45001220703125,3877717
2026-02-10 15:30:00-05:00,424.4100036621094,427.20001220703125,423.8169860839844,425.2200012207031,4465243
2026-02-11 09:30:00-05:00,427.9549865722656,436.3500061035156,421.54998779296875,421.7200012207031,14480611
2026-02-11 10:30:00-05:00,421.68231201171875,427.06939697265625,420.0299987792969,426.4049987792969,7864759
2026-02-11 11:30:00-05:00,426.4100036621094,426.6700134277344,422.05999755859375,424.7598876953125,5055253
2026-02-11 12:30:00-05:00,424.760009765625,426.17999267578125,422.1199951171875,424.7449951171875,4016085
2026-02-11 13:30:00-05:00,424.7200012207031,427.7300109863281,423.6199951171875,427.55999755859375,3807995
2026-02-11 14:30:00-05:00,427.5199890136719,427.64990234375,425.6400146484375,425.8599853515625,3215486
2026-02-11 15:30:00-05:00,425.82000732421875,429.1000061035156,425.4599914550781,428.1499938964844,3100922
2026-02-12 09:30:00-05:00,430.3500061035156,436.2300109863281,426.1300048828125,429.6700134277344,11620453
2026-02-12 10:30:00-05:00,429.7799987792969,430.489990234375,419.2799987792969,419.4100036621094,7175428
2026-02-12 11:30:00-05:00,419.4049987792969,421.409912109375,417.1199951171875,418.10980224609375,6221291
2026-02-12 12:30:00-05:00,418.06500244140625,420.1000061035156,414.0,416.7900085449219,4974259
2026-02-12 13:30:00-05:00,416.79998779296875,417.8699951171875,414.2500915527344,414.6625061035156,3857610
2026-02-12 14:30:00-05:00,414.6300048828125,416.8500061035156,414.5400085449219,414.80279541015625,3571749
2026-02-12 15:30:00-05:00,414.7099914550781,417.4200134277344,414.54998779296875,416.8399963378906,3513182
2026-02-13 09:30:00-05:00,414.1400146484375,417.70001220703125,410.8800048828125,416.1050109863281,9931507
2026-02-13 10:30:00-05:00,416.1050109863281,418.3699951171875,412.3800048828125,417.92999267578125,6179923
2026-02-13 11:30:00-05:00,417.9150085449219,420.94000244140625,416.4468078613281,420.4200134277344,4750659
2026-02-13 12:30:00-05:00,420.4800109863281,421.3299865722656,418.80999755859375,420.5798034667969,3564757
2026-02-13 13:30:00-05:00,420.70001220703125,424.05999755859375,420.29998779296875,420.5199890136719,4358821
2026-02-13 14:30:00-05:00,420.6300048828125,421.8598937988281,417.2099914550781,417.6099853515625,3900214
2026-02-13 15:30:00-05:00,417.56988525390625,418.5899963378906,416.5199890136719,417.4200134277344,2855438
2026-02-17 09:30:00-05:00,412.4020080566406,413.69000244140625,400.92999267578125,401.32501220703125,12373622
2026-02-17 10:30:00-05:00,401.3251037597656,409.6400146484375,400.510009765625,408.17498779296875,7547922
2026-02-17 11:30:00-05:00,408.18499755859375,408.5899963378906,404.8299865722656,406.6300048828125,5100846
2026-02-17 12:30:00-05:00,406.635009765625,410.30999755859375,403.4200134277344,409.4200134277344,5065104
2026-02-17 13:30:00-05:00,409.43798828125,413.1698913574219,408.79010009765625,411.3999938964844,5014738
2026-02-17 14:30:00-05:00,411.4200134277344,412.83099365234375,409.7113952636719,410.5599060058594,3604573
2026-02-17 15:30:00-05:00,410.4700012207031,411.8800048828125,409.6400146484375,410.5899963378906,2992308
2026-02-18 09:30:00-05:00,410.6700134277344,415.6700134277344,409.5799865722656,413.2699890136719,9006050
2026-02-18 10:30:00-05:00,413.2698974609375,416.32000732421875,411.5899963378906,414.3800048828125,5830830
2026-02-18 11:30:00-05:00,414.4100036621094,416.1499938964844,413.760009765625,415.2149963378906,3667109
2026-02-18 12:30:00-05:00,415.17999267578125,416.8999938964844,413.42999267578125,413.92999267578125,3606640
2026-02-18 13:30:00-05:00,413.92999267578125,414.20989990234375,412.5,412.6000061035156,3525168
2026-02-18 14:30:00-05:00,412.6000061035156,412.8399963378906,409.90008544921875,410.67999267578125,4436796
2026-02-18 15:30:00-05:00,410.6199951171875,412.1210021972656,410.4100036621094,411.20001220703125,2953314
2026-02-19 09:30:00-05:00,407.33349609375,410.6600036621094,404.1099853515625,408.69000244140625,9061292
2026-02-19 10:30:00-05:00,408.69000244140625,414.9800109863281,408.4599914550781,413.8500061035156,6692320
2026-02-19 11:30:00-05:00,413.8599853515625,415.2499084472656,411.94000244140625,413.7449951171875,4738635
2026-02-19 12:30:00-05:00,413.7449951171875,413.80999755859375,408.5799865722656,409.77508544921875,5285290
2026-02-19 13:30:00-05:00,409.7699890136719,411.1700134277344,408.6700134277344,409.7749938964844,3690433
2026-02-19 14:30:00-05:00,409.760009765625,411.3699951171875,408.5199890136719,409.9700012207031,3219928
2026-02-19 15:30:00-05:00,409.94000244140625,411.8999938964844,409.760009765625,411.72119140625,2412396
2026-02-20 09:30:00-05:00,408.2850036621094,413.2398986816406,405.5,409.8099060058594,10757721
2026-02-20 10:30:00-05:00,409.80999755859375,414.70001220703125,408.6000061035156,409.3973083496094,6659915
2026-02-20 11:30:00-05:00,409.3800048828125,411.489990234375,405.8900146484375,407.4100036621094,5189482
2026-02-20 12:30:00-05:00,407.44000244140625,410.8500061035156,406.3900146484375,409.3599853515625,5440903
2026-02-20 13:30:00-05:00,409.3876037597656,413.760009765625,408.6600036621094,411.0799865722656,4599772
2026-02-20 14:30:00-05:00,411.1099853515625,411.5899963378906,409.5299987792969,409.7900085449219,3411540
2026-02-20 15:30:00-05:00,409.7850036621094,412.239990234375,409.6700134277344,411.7099914550781,2596449
2026-02-23 09:30:00-05:00,407.2850036621094,407.70001220703125,402.0,403.3800048828125,10591210
2026-02-23 10:30:00-05:00,403.3999938964844,404.07000732421875,396.6199951171875,397.9700012207031,8461994
2026-02-23 11:30:00-05:00,397.989990234375,399.2698974609375,397.3900146484375,397.4200134277344,4886095
2026-02-23 12:30:00-05:00,397.41009521484375,397.4599914550781,394.239990234375,396.0400085449219,6773472
2026-02-23 13:30:00-05:00,396.05999755859375,396.3599853515625,394.1700134277344,394.3949890136719,4394057
2026-02-23 14:30:00-05:00,394.3951110839844,396.0299987792969,394.0400085449219,395.53118896484375,4861633
2026-02-23 15:30:00-05:00,395.5299987792969,400.0,395.45001220703125,399.8500061035156,6059604
2026-02-24 09:30:00-05:00,399.54998779296875,407.5400085449219,397.6400146484375,407.44500732421875,11029900
2026-02-24 10:30:00-05:00,407.45001220703125,407.7099914550781,402.80999755859375,403.3299865722656,6812426
2026-02-24 11:30:00-05:00,403.3299865722656,405.6700134277344,402.260009765625,404.04010009765625,4907449
2026-02-24 12:30:00-05:00,404.0899963378906,406.0299987792969,403.70001220703125,405.32989501953125,3316814
2026-02-24 13:30:00-05:00,405.3399963378906,409.54998779296875,405.1499938964844,408.6400146484375,5302925
2026-02-24 14:30:00-05:00,408.6400146484375,410.4100036621094,407.9100036621094,408.760009765625,4666369
2026-02-24 15:30:00-05:00,408.79998779296875,410.82000732421875,408.6700134277344,409.3599853515625,3668801
2026-02-25 09:30:00-05:00,412.1499938964844,420.3399963378906,412.1499938964844,414.8299865722656,11792494
2026-02-25 10:30:00-05:00,414.80999755859375,415.79998779296875,413.3599853515625,413.9601135253906,5681106
2026-02-25 11:30:00-05:00,413.95001220703125,416.9200134277344,413.1600036621094,414.0849914550781,5585583
2026-02-25 12:30:00-05:00,414.0950012207031,415.30999755859375,413.79998779296875,415.1300048828125,3208768
2026-02-25 13:30:00-05:00,415.1499938964844,416.54998779296875,414.8999938964844,415.9200134277344,2995514
2026-02-25 14:30:00-05:00,415.9516906738281,416.6000061035156,415.45001220703125,415.7073059082031,3293688
2026-02-25 15:30:00-05:00,415.69390869140625,417.6400146484375,414.8500061035156,417.3900146484375,4018059
2026-02-26 09:30:00-05:00,414.5,416.79998779296875,406.4700012207031,407.8175048828125,11463131
2026-02-26 10:30:00-05:00,407.80999755859375,410.29998779296875,404.8301086425781,409.08331298828125,5522506
2026-02-26 11:30:00-05:00,409.0799865722656,410.1700134277344,404.2799987792969,405.2099914550781,5978869
2026-02-26 12:30:00-05:00,405.2099914550781,406.46990966796875,403.6600036621094,405.2099914550781,4467298
2026-02-26 13:30:00-05:00,405.2200012207031,409.3890075683594,405.0799865722656,408.1899108886719,4046022
2026-02-26 14:30:00-05:00,408.17999267578125,409.0799865722656,407.1199951171875,407.7099914550781,3426907
2026-02-26 15:30:00-05:00,407.70001220703125,409.20001220703125,407.69000244140625,408.4800109863281,2644632
2026-02-27 09:30:00-05:00,402.94000244140625,407.1099853515625,400.8999938964844,406.85400390625,8592703
2026-02-27 10:30:00-05:00,406.8599853515625,406.9200134277344,401.8299865722656,402.30999755859375,10497247
2026-02-27 11:30:00-05:00,402.260009765625,403.5400085449219,399.0299987792969,400.909912109375,532089
2026-02-27 12:30:00-05:00,400.9200134277344,401.6099853515625,398.5299987792969,399.7300109863281,4264145
2026-02-27 13:30:00-05:00,399.70001220703125,400.4200134277344,398.1199951171875,399.7300109863281,3641343
2026-02-27 14:30:00-05:00,399.7349853515625,401.0199890136719,398.75,400.17999267578125,3782831
2026-02-27 15:30:00-05:00,400.1300048828125,403.3900146484375,399.2799987792969,402.4200134277344,4543627
2026-03-02 09:30:00-05:00,390.32000732421875,399.21868896484375,388.25,398.65411376953125,11632699
2026-03-02 10:30:00-05:00,398.6650085449219,403.7090148925781,397.739990234375,400.1700134277344,6369385
2026-03-02 11:30:00-05:00,400.2099914550781,404.5398864746094,399.739990234375,402.5199890136719,5307407
2026-03-02 12:30:00-05:00,402.4700012207031,403.19000244140625,400.9700012207031,401.75,3707542
2026-03-02 13:30:00-05:00,401.7862854003906,402.8699951171875,400.1000061035156,402.6499938964844,3484032
2026-03-02 14:30:00-05:00,402.6600036621094,402.79998779296875,398.9100036621094,399.55999755859375,3976509
2026-03-02 15:30:00-05:00,399.57000732421875,403.4399108886719,399.55999755859375,403.2349853515625,3836309
2026-03-03 09:30:00-05:00,395.0899963378906,396.3399963378906,386.55999755859375,386.7200012207031,17290057
2026-03-03 10:30:00-05:00,386.69000244140625,393.55999755859375,385.3999938964844,392.5400085449219,12190306
2026-03-03 11:30:00-05:00,392.5299987792969,393.54998779296875,389.8599853515625,392.0,6657822
2026-03-03 12:30:00-05:00,391.9599914550781,393.9200134277344,389.0799865722656,393.2900085449219,5541323
2026-03-03 13:30:00-05:00,393.29998779296875,394.7699890136719,391.0,391.635009765625,5557143
2026-03-03 14:30:00-05:00,391.6700134277344,394.70001220703125,391.2300109863281,392.54998779296875,5268077
2026-03-03 15:30:00-05:00,392.54010009765625,393.5,391.6700134277344,392.3500061035156,5308335
2026-03-04 09:30:00-05:00,397.8450012207031,407.8523864746094,394.5899963378906,407.6700134277344,20741277
2026-03-04 10:30:00-05:00,407.6700134277344,407.7900085449219,401.42999267578125,404.19500732421875,10733226
2026-03-04 11:30:00-05:00,404.17999267578125,407.1499938964844,403.8800048828125,404.8599853515625,7361876
2026-03-04 12:30:00-05:00,404.864990234375,405.0400085449219,403.2799987792969,403.7799987792969,6209136
2026-03-04 13:30:00-05:00,403.7799987792969,406.8399963378906,403.7200012207031,406.32501220703125,5290009
2026-03-04 14:30:00-05:00,406.3299865722656,407.3800048828125,404.8500061035156,406.95001220703125,5657840
2026-03-04 15:30:00-05:00,406.95001220703125,408.3299865722656,404.75,406.19000244140625,6921203
2026-03-05 09:30:00-05:00,401.57000732421875,407.3800048828125,400.29998779296875,403.6400146484375,12709534
2026-03-05 10:30:00-05:00,403.6700134277344,407.05999755859375,401.7699890136719,405.4153137207031,8003266
2026-03-05 11:30:00-05:00,405.4599914550781,408.6199035644531,403.04998779296875,403.15008544921875,6229475
2026-03-05 12:30:00-05:00,403.1700134277344,403.42999267578125,399.4200134277344,399.7300109863281,6761936
2026-03-05 13:30:00-05:00,399.70001220703125,402.7799987792969,399.55999755859375,401.75,4565821
2026-03-05 14:30:00-05:00,401.70001220703125,404.3800048828125,399.760009765625,402.7900085449219,5510901
2026-03-05 15:30:00-05:00,402.7699890136719,405.8900146484375,402.57000732421875,405.4700012207031,4828233
2026-03-06 09:30:00-05:00,398.18499755859375,398.5,394.2200012207031,397.30999755859375,16938293
2026-03-06 10:30:00-05:00,397.2699890136719,399.9549865722656,395.4100036621094,399.6199951171875,10989461
2026-03-06 11:30:00-05:00,399.6300048828125,401.4100036621094,397.71099853515625,398.8599853515625,8265638
2026-03-06 12:30:00-05:00,398.9100036621094,402.3500061035156,397.1499938964844,401.1700134277344,6641166
2026-03-06 13:30:00-05:00,401.1650085449219,401.75,398.29998779296875,399.30999755859375,5725425
2026-03-06 14:30:00-05:00,399.30999755859375,400.8299865722656,396.5,396.7200012207031,5982618
2026-03-06 15:30:00-05:00,396.7300109863281,398.20001220703125,396.20001220703125,396.54998779296875,5243627
2026-03-09 09:30:00-04:00,390.04998779296875,392.989990234375,381.3999938964844,383.4800109863281,18524354
2026-03-09 10:30:00-04:00,383.44000244140625,388.5899963378906,383.44000244140625,388.3299865722656,9618912
2026-03-09 11:30:00-04:00,388.2300109863281,390.8900146484375,387.17999267578125,390.1000061035156,7144403
2026-03-09 12:30:00-04:00,390.1600036621094,390.989990234375,388.68499755859375,389.010009765625,5999196
2026-03-09 13:30:00-04:00,389.0,391.7699890136719,388.510009765625,391.2900085449219,5254768
2026-03-09 14:30:00-04:00,391.2699890136719,400.70001220703125,391.04998779296875,400.6000061035156,9268636
2026-03-09 15:30:00-04:00,400.56500244140625,401.5780029296875,397.3299865722656,398.6400146484375,7205062
2026-03-10 09:30:00-04:00,402.05499267578125,406.5799865722656,400.8800048828125,401.2049865722656,17071551
2026-03-10 10:30:00-04:00,401.1499938964844,406.1000061035156,400.85809326171875,403.5799865722656,9194522
2026-03-10 11:30:00-04:00,403.54998779296875,403.80999755859375,400.95001220703125,402.64599609375,6836485
2026-03-10 12:30:00-04:00,402.6400146484375,404.19000244140625,402.07000732421875,403.3492126464844,5865567
2026-03-10 13:30:00-04:00,403.3299865722656,403.3550109863281,398.19000244140625,400.5649108886719,7508336
2026-03-10 14:30:00-04:00,400.58990478515625,401.95001220703125,399.3450012207031,399.8999938964844,5808032
2026-03-10 15:30:00-04:00,399.8565979003906,400.739990234375,398.2699890136719,399.2349853515625,4038194
2026-03-11 09:30:00-04:00,402.2200012207031,416.3799133300781,402.1499938964844,411.9112854003906,21665164
2026-03-11 10:30:00-04:00,411.8500061035156,412.6000061035156,408.9599914550781,409.0,9248841
2026-03-11 11:30:00-04:00,409.010009765625,409.1000061035156,406.2300109863281,407.4100036621094,7488315
2026-03-11 12:30:00-04:00,407.4049987792969,408.6600036621094,406.2301025390625,408.2149963378906,5396514
2026-03-11 13:30:00-04:00,408.2300109863281,408.3500061035156,403.95001220703125,405.53009033203125,5836827
2026-03-11 14:30:00-04:00,405.54998779296875,406.80999755859375,404.9200134277344,406.1300048828125,4508750
2026-03-11 15:30:00-04:00,406.1499938964844,408.25,406.1499938964844,407.8399963378906,4938915
2026-03-12 09:30:00-04:00,405.1000061035156,406.5,399.42999267578125,399.5199890136719,14160295
2026-03-12 10:30:00-04:00,399.5299987792969,399.9599914550781,394.6499938964844,396.99169921875,11842477
2026-03-12 11:30:00-04:00,396.95001220703125,400.1400146484375,396.4200134277344,398.8599853515625,7815650
2026-03-12 12:30:00-04:00,398.8572998046875,401.04998779296875,398.4599914550781,399.8900146484375,6045933
2026-03-12 13:30:00-04:00,399.8299865722656,400.4599914550781,396.2500915527344,397.82501220703125,6024103
2026-03-12 14:30:00-04:00,397.82501220703125,398.0799865722656,396.2799987792969,397.5899963378906,5524685
2026-03-12 15:30:00-04:00,397.6099853515625,398.1289978027344,395.0,395.0050048828125,4973877
2026-03-13 09:30:00-04:00,399.1650085449219,400.1600036621094,395.17999267578125,396.1427001953125,13798171
2026-03-13 10:30:00-04:00,396.1449890136719,397.739990234375,392.2200012207031,394.05999755859375,10266600
2026-03-13 11:30:00-04:00,394.05999755859375,395.1700134277344,392.29998779296875,395.0,6885592
2026-03-13 12:30:00-04:00,394.9800109863281,395.95989990234375,392.90899658203125,395.0150146484375,6704544
2026-03-13 13:30:00-04:00,394.9599914550781,395.2300109863281,392.1199951171875,393.1600036621094,5410913
2026-03-13 14:30:00-04:00,393.1499938964844,393.9599914550781,390.0799865722656,390.9100036621094,7067902
2026-03-13 15:30:00-04:00,390.9100036621094,392.1199951171875,389.95001220703125,391.1700134277344,5462800
2026-03-16 09:30:00-04:00,396.125,403.7300109863281,394.97601318359375,402.3208923339844,11808473
2026-03-16 10:30:00-04:00,402.3659973144531,402.3659973144531,399.2300109863281,400.1400146484375,6841364
2026-03-16 11:30:00-04:00,400.1570129394531,400.9800109863281,396.489990234375,396.8782043457031,5661503
2026-03-16 12:30:00-04:00,396.90301513671875,398.3399963378906,396.45001220703125,396.92010498046875,4104255
2026-03-16 13:30:00-04:00,396.9200134277344,398.42999267578125,396.4200134277344,398.05999755859375,3812889
2026-03-16 14:30:00-04:00,398.07000732421875,399.25,396.0,396.590087890625,4531017
2026-03-16 15:30:00-04:00,396.5899963378906,396.760009765625,394.4200134277344,395.489990234375,3288055
2026-03-17 09:30:00-04:00,395.69000244140625,398.32000732421875,393.0,397.3949890136719,10112589
2026-03-17 10:30:00-04:00,397.3700866699219,400.1199951171875,397.04998779296875,397.4280090332031,6445805
2026-03-17 11:30:00-04:00,397.4599914550781,397.92999267578125,395.75,397.239990234375,4472113
2026-03-17 12:30:00-04:00,397.260009765625,398.489990234375,396.79998779296875,397.70001220703125,3533821
2026-03-17 13:30:00-04:00,397.69000244140625,399.6400146484375,397.57000732421875,398.0,4165978
2026-03-17 14:30:00-04:00,397.9849853515625,398.8800048828125,397.1499938964844,398.67999267578125,3434958
2026-03-17 15:30:00-04:00,398.67999267578125,399.3500061035156,397.75,399.2200012207031,2806943
2026-03-18 09:30:00-04:00,399.0,403.06500244140625,397.57000732421875,397.8799133300781,10685521
2026-03-18 10:30:00-04:00,397.8659973144531,399.79998779296875,397.3399963378906,397.69000244140625,5504235
2026-03-18 11:30:00-04:00,397.6199951171875,398.6600036621094,397.4100036621094,397.8500061035156,3848898
2026-03-18 12:30:00-04:00,397.840087890625,398.239990234375,396.20001220703125,397.1700134277344,3262222
2026-03-18 13:30:00-04:00,397.17999267578125,398.54998779296875,396.45001220703125,397.2349853515625,3663814
2026-03-18 14:30:00-04:00,397.19000244140625,397.5799865722656,394.1600036621094,394.6789855957031,5280873
2026-03-18 15:30:00-04:00,394.67999267578125,394.8500061035156,392.30999755859375,392.8500061035156,3725580
2026-03-19 09:30:00-04:00,387.2049865722656,387.2049865722656,379.72320556640625,380.6499938964844,14152971
2026-03-19 10:30:00-04:00,380.6400146484375,384.2200012207031,380.239990234375,383.0199890136719,7620935
2026-03-19 11:30:00-04:00,383.05999755859375,383.6499938964844,380.82000732421875,381.8800048828125,5041379
2026-03-19 12:30:00-04:00,381.9100036621094,382.6300048828125,380.20001220703125,381.6400146484375,4475703
2026-03-19 13:30:00-04:00,381.6451110839844,382.8999938964844,380.6239929199219,381.4200134277344,3762912
2026-03-19 14:30:00-04:00,381.4200134277344,384.95001220703125,378.7300109863281,382.6600036621094,7602156
2026-03-19 15:30:00-04:00,382.67999267578125,382.8599853515625,380.04998779296875,380.239990234375,4176750
2026-03-20 09:30:00-04:00,379.3900146484375,379.8900146484375,369.8999938964844,372.3500061035156,21086415
2026-03-20 10:30:00-04:00,372.3301086425781,376.06500244140625,371.8900146484375,374.4901123046875,10113336
2026-03-20 11:30:00-04:00,374.4800109863281,376.9599914550781,374.25,376.4800109863281,6533783
2026-03-20 12:30:00-04:00,376.5,376.5299987792969,372.6900939941406,372.8599853515625,6417565
2026-03-20 13:30:00-04:00,372.87969970703125,373.1099853515625,369.0705871582031,369.69500732421875,7365566
2026-03-20 14:30:00-04:00,369.6600036621094,370.19000244140625,365.79998779296875,366.1899108886719,8577533
2026-03-20 15:30:00-04:00,366.19000244140625,368.07000732421875,364.4601135253906,367.9700012207031,9344546
2026-03-23 09:30:00-04:00,373.0849914550781,384.0,372.7300109863281,383.3609924316406,24058635
2026-03-23 10:30:00-04:00,383.3800048828125,385.3299865722656,382.3100891113281,383.4700012207031,10346233
2026-03-23 11:30:00-04:00,383.5,383.8800048828125,377.3070068359375,377.3900146484375,10920434
2026-03-23 12:30:00-04:00,377.3599853515625,379.5400085449219,376.4700012207031,377.5899963378906,6643910
2026-03-23 13:30:00-04:00,377.6700134277344,380.9195861816406,377.5899963378906,379.70001220703125,6165241
2026-03-23 14:30:00-04:00,379.70001220703125,382.25,379.5799865722656,381.25,6161024
2026-03-23 15:30:00-04:00,381.2550048828125,381.92999267578125,380.2200012207031,380.8500061035156,4840792
2026-03-24 09:30:00-04:00,376.69500732421875,386.3699951171875,376.30999755859375,384.55999755859375,17068790
2026-03-24 10:30:00-04:00,384.55999755859375,387.4700012207031,382.7200012207031,383.9599914550781,9783418
2026-03-24 11:30:00-04:00,383.92999267578125,384.45001220703125,381.67999267578125,384.1199951171875,6453264
2026-03-24 12:30:00-04:00,384.0899963378906,384.2900085449219,380.5508117675781,381.4100036621094,5145872
2026-03-24 13:30:00-04:00,381.3900146484375,383.7900085449219,379.67999267578125,383.4200134277344,6219491
2026-03-24 14:30:00-04:00,383.4200134277344,386.45001220703125,382.8399963378906,384.04998779296875,7368251
2026-03-24 15:30:00-04:00,384.0299987792969,384.8599853515625,382.29998779296875,383.1099853515625,4587433
2026-03-25 09:30:00-04:00,389.989990234375,396.2200012207031,389.2799987792969,393.8299865722656,16490321
2026-03-25 10:30:00-04:00,393.9800109863281,394.80999755859375,389.260009765625,392.6000061035156,8187843
2026-03-25 11:30:00-04:00,392.6000061035156,393.0409851074219,387.6000061035156,389.1099853515625,7738437
2026-03-25 12:30:00-04:00,389.1099853515625,390.1600036621094,387.8450012207031,388.2950134277344,5177004
2026-03-25 13:30:00-04:00,388.30999755859375,389.75,387.3399963378906,387.659912109375,5317171
2026-03-25 14:30:00-04:00,387.6510925292969,387.8699951171875,385.07501220703125,385.489990234375,6304054
2026-03-25 15:30:00-04:00,385.4700012207031,386.5,385.010009765625,385.94000244140625,3492460
2026-03-26 09:30:00-04:00,381.8299865722656,384.44000244140625,379.4800109863281,381.2170104980469,12983305
2026-03-26 10:30:00-04:00,381.210693359375,382.6099853515625,377.9800109863281,380.0,8009495
2026-03-26 11:30:00-04:00,380.010009765625,381.0899963378906,376.9599914550781,377.2200927734375,6390670
2026-03-26 12:30:00-04:00,377.25,378.09991455078125,376.32000732421875,377.0199890136719,5050209
2026-03-26 13:30:00-04:00,377.010009765625,377.7099914550781,374.4100036621094,374.75,6082779
2026-03-26 14:30:00-04:00,374.7699890136719,375.8399963378906,372.5101013183594,373.1449890136719,6762055
2026-03-26 15:30:00-04:00,373.1449890136719,374.0,371.8699951171875,372.239990234375,5288892
2026-03-27 09:30:00-04:00,369.69000244140625,369.8599853515625,361.3699951171875,363.1199951171875,15970750
2026-03-27 10:30:00-04:00,363.0751037597656,367.277587890625,363.010009765625,367.2300109863281,8647700
2026-03-27 11:30:00-04:00,367.260009765625,368.3299865722656,364.20001220703125,364.45001220703125,5823162
2026-03-27 12:30:00-04:00,364.44000244140625,364.7200012207031,361.7699890136719,361.7860107421875,6502396
2026-03-27 13:30:00-04:00,361.82000732421875,362.5,359.5299987792969,360.7200927734375,7979353
2026-03-27 14:30:00-04:00,360.7349853515625,362.1400146484375,359.4700012207031,361.3399963378906,7056637
2026-03-27 15:30:00-04:00,361.3800048828125,362.6199951171875,360.2300109863281,361.760009765625,5862853
2026-03-30 09:30:00-04:00,365.8599853515625,367.2799072265625,362.0400085449219,362.9800109863281,13881291
2026-03-30 10:30:00-04:00,362.94500732421875,365.4700012207031,360.7099914550781,361.8999938964844,9021092
2026-03-30 11:30:00-04:00,361.9649963378906,364.6499938964844,360.05010986328125,360.2200012207031,6840662
2026-03-30 12:30:00-04:00,360.17999267578125,360.9200134277344,357.4800109863281,357.6449890136719,7888377
2026-03-30 13:30:00-04:00,357.6199951171875,358.0799865722656,355.2250061035156,355.5899963378906,6865447
2026-03-30 14:30:00-04:00,355.5899963378906,356.3900146484375,352.3999938964844,352.6700134277344,10843883
2026-03-30 15:30:00-04:00,352.6925048828125,355.6400146484375,352.1400146484375,355.2799987792969,6286795
2026-03-31 09:30:00-04:00,361.6199951171875,365.9800109863281,361.239990234375,365.7900085449219,16808670
2026-03-31 10:30:00-04:00,365.7799987792969,366.1000061035156,361.7200012207031,364.1400146484375,9151406
2026-03-31 11:30:00-04:00,364.1400146484375,365.489990234375,362.3800048828125,365.1700134277344,5775699
2026-03-31 12:30:00-04:00,365.2099914550781,372.70001220703125,364.7900085449219,369.9599914550781,11268358
2026-03-31 13:30:00-04:00,369.94000244140625,371.6000061035156,368.010009765625,371.3699951171875,6777192
2026-03-31 14:30:00-04:00,371.3500061035156,373.3299865722656,370.9800109863281,372.1600036621094,7456385
2026-03-31 15:30:00-04:00,372.1700134277344,373.25,370.7101135253906,371.75,6081555
2026-04-01 09:30:00-04:00,378.7699890136719,379.1400146484375,374.0799865722656,378.510009765625,15439112
2026-04-01 10:30:00-04:00,378.5299987792969,382.4800109863281,376.95001220703125,380.9100036621094,9889207
2026-04-01 11:30:00-04:00,380.9200134277344,383.1400146484375,380.43499755859375,381.5400085449219,5982944
2026-04-01 12:30:00-04:00,381.57000732421875,382.239990234375,380.6400146484375,381.08990478515625,4038937
2026-04-01 13:30:00-04:00,381.07000732421875,381.71099853515625,377.0799865722656,377.6000061035156,5759894
2026-04-01 14:30:00-04:00,377.6099853515625,380.82989501953125,377.0199890136719,380.5159912109375,6192489
2026-04-01 15:30:00-04:00,380.5299987792969,381.5299987792969,379.54998779296875,381.32000732421875,5475774
2026-04-02 09:30:00-04:00,364.0273132324219,369.92999267578125,363.6499938964844,366.1199951171875,20650883
2026-04-02 10:30:00-04:00,366.1000061035156,370.260009765625,364.2099914550781,366.0199890136719,11620662
2026-04-02 11:30:00-04:00,366.0400085449219,366.94000244140625,363.8949890136719,364.385009765625,6810873
2026-04-02 12:30:00-04:00,364.3500061035156,366.2900085449219,363.3800048828125,365.010009765625,6694316
2026-04-02 13:30:00-04:00,365.0299987792969,365.1015930175781,359.1401062011719,359.4493103027344,12067539
2026-04-02 14:30:00-04:00,359.44000244140625,360.9700012207031,359.0299987792969,359.5600891113281,8141050
2026-04-02 15:30:00-04:00,359.5950012207031,361.489990234375,359.54998779296875,360.54998779296875,6607449
2026-04-06 09:30:00-04:00,362.5899963378906,367.70001220703125,357.6000061035156,358.989990234375,16467610
2026-04-06 10:30:00-04:00,358.9999084472656,360.19000244140625,352.92999267578125,353.3800048828125,11100953
2026-04-06 11:30:00-04:00,353.3900146484375,354.54998779296875,351.25,352.0802917480469,9814881
2026-04-06 12:30:00-04:00,352.04998779296875,352.25,346.6400146484375,348.875,11693970
2026-04-06 13:30:00-04:00,348.8999938964844,349.6199951171875,347.1000061035156,348.3399963378906,8145446
2026-04-06 14:30:00-04:00,348.32501220703125,351.9800109863281,348.1300048828125,351.70001220703125,9158480
2026-04-06 15:30:00-04:00,351.7049865722656,353.0799865722656,351.1000061035156,352.7900085449219,6708572
2026-04-07 09:30:00-04:00,347.3999938964844,348.0199890136719,340.239990234375,341.8599853515625,20066619
2026-04-07 10:30:00-04:00,341.8599853515625,342.79998779296875,337.25,339.0299987792969,12619351
2026-04-07 11:30:00-04:00,339.05999755859375,342.21929931640625,338.17999267578125,341.7550048828125,8000293
2026-04-07 12:30:00-04:00,341.7099914550781,343.1099853515625,340.7799987792969,341.8595886230469,5659839
2026-04-07 13:30:00-04:00,341.8800048828125,344.5199890136719,341.32000732421875,342.510009765625,6086120
2026-04-07 14:30:00-04:00,342.5299987792969,343.9200134277344,339.17999267578125,342.2829895019531,7507041
2026-04-07 15:30:00-04:00,342.2099914550781,346.75,341.7799987792969,346.55999755859375,5737502
2026-04-08 09:30:00-04:00,363.7950134277344,364.5,347.55999755859375,347.860107421875,23940544
2026-04-08 10:30:00-04:00,347.8800048828125,349.7200012207031,345.5,345.8900146484375,11407735
2026-04-08 11:30:00-04:00,345.9100036621094,349.239990234375,345.2099914550781,346.9400939941406,8758327
2026-04-08 12:30:00-04:00,346.9700012207031,348.7300109863281,346.5799865722656,347.4649963378906,6394424
2026-04-08 13:30:00-04:00,347.4549865722656,348.54998779296875,343.54998779296875,343.614990234375,7542597
2026-04-08 14:30:00-04:00,343.6300048828125,343.7799072265625,339.6700134277344,341.5480041503906,10089891
2026-04-08 15:30:00-04:00,341.489990234375,343.5,341.20001220703125,343.239990234375,6007518
2026-04-09 09:30:00-04:00,343.0329895019531,345.57989501953125,337.25,339.8399963378906,17145405
2026-04-09 10:30:00-04:00,339.8299865722656,343.71990966796875,338.7701110839844,340.2300109863281,9937122
2026-04-09 11:30:00-04:00,340.17999267578125,348.8800048828125,339.9100036621094,347.9585876464844,9951860
2026-04-09 12:30:00-04:00,347.94000244140625,348.239990234375,345.4100036621094,347.7300109863281,5723281
2026-04-09 13:30:00-04:00,347.739990234375,348.8500061035156,345.0700988769531,345.69500732421875,6008316
2026-04-09 14:30:00-04:00,345.69000244140625,346.5799865722656,344.489990234375,345.6000061035156,5991248
2026-04-09 15:30:00-04:00,345.614990234375,346.4700012207031,344.7401123046875,345.5899963378906,3934539
2026-04-10 09:30:00-04:00,346.2850036621094,350.3599853515625,344.6400146484375,346.55010986328125,13754020
2026-04-10 10:30:00-04:00,346.5799865722656,348.04998779296875,345.3299865722656,345.55999755859375,6986501
2026-04-10 11:30:00-04:00,345.6000061035156,345.92840576171875,343.3299865722656,344.0199890136719,6843223
2026-04-10 12:30:00-04:00,344.0249938964844,344.8399963378906,342.739990234375,343.989990234375,4746637
2026-04-10 13:30:00-04:00,343.95001220703125,347.25,343.65008544921875,346.9100036621094,5496139
2026-04-10 14:30:00-04:00,346.90509033203125,347.0090026855469,345.07000732421875,346.0679931640625,4849547
2026-04-10 15:30:00-04:00,346.0199890136719,349.0,345.95001220703125,348.8949890136719,4720919
2026-04-13 09:30:00-04:00,350.1700134277344,356.3500061035156,348.57000732421875,351.75,16270378
2026-04-13 10:30:00-04:00,351.7778015136719,353.2749938964844,349.7500915527344,350.3125915527344,7771954
2026-04-13 11:30:00-04:00,350.3299865722656,353.3299865722656,349.9599914550781,353.07501220703125,5233904
2026-04-13 12:30:00-04:00,353.0751037597656,354.57989501953125,351.70001220703125,354.4399108886719,5940828
2026-04-13 13:30:00-04:00,354.4200134277344,354.70001220703125,351.8699951171875,352.1700134277344,4658079
2026-04-13 14:30:00-04:00,352.1650085449219,352.2200012207031,350.2601013183594,351.42498779296875,5004231
2026-04-13 15:30:00-04:00,351.4049987792969,352.739990234375,350.6700134277344,352.4049987792969,4428146
2026-04-14 09:30:00-04:00,357.3550109863281,363.20001220703125,354.7699890136719,362.989990234375,16725044
2026-04-14 10:30:00-04:00,362.9800109863281,364.0400085449219,360.8999938964844,362.82501220703125,8509165
2026-04-14 11:30:00-04:00,362.82000732421875,367.489990234375,362.80999755859375,367.2550048828125,7478013
2026-04-14 12:30:00-04:00,367.24139404296875,367.6300048828125,364.3599853515625,365.2099914550781,6281965
2026-04-14 13:30:00-04:00,365.2099914550781,365.8699951171875,362.5400085449219,363.614990234375,4963515
2026-04-14 14:30:00-04:00,363.6199951171875,365.7298889160156,363.30999755859375,365.5870056152344,4811291
2026-04-14 15:30:00-04:00,365.6000061035156,365.6000061035156,363.4700012207031,364.1600036621094,4196039
2026-04-15 09:30:00-04:00,366.7950134277344,377.7149963378906,362.5,376.6700134277344,22129354
2026-04-15 10:30:00-04:00,376.70001220703125,389.54998779296875,376.2799987792969,388.52490234375,19934298
2026-04-15 11:30:00-04:00,388.57000732421875,394.4798889160156,387.6000061035156,392.9599914550781,21275563
2026-04-15 12:30:00-04:00,392.92999267578125,393.1499938964844,386.1000061035156,387.3500061035156,13738812
2026-04-15 13:30:00-04:00,387.3500061035156,390.7900085449219,386.7200927734375,390.07501220703125,9664845
2026-04-15 14:30:00-04:00,390.0802001953125,392.7698974609375,389.0,392.5,9381655
2026-04-15 15:30:00-04:00,392.4501037597656,394.6499938964844,391.45001220703125,392.0299987792969,9171728
2026-04-16 09:30:00-04:00,393.80999755859375,394.0,381.79998779296875,385.739990234375,22707633
2026-04-16 10:30:00-04:00,385.79998779296875,389.45001220703125,383.9200134277344,387.8949890136719,9847163
2026-04-16 11:30:00-04:00,387.79998779296875,390.67999267578125,387.4100036621094,389.764404296875,6820470
2026-04-16 12:30:00-04:00,389.7699890136719,389.8800048828125,386.70001220703125,388.55499267578125,5508295
2026-04-16 13:30:00-04:00,388.5199890136719,389.0,385.2001037597656,385.88720703125,5126233
2026-04-16 14:30:00-04:00,385.9071960449219,388.5400085449219,385.8800048828125,387.3699951171875,4814910
2026-04-16 15:30:00-04:00,387.375,389.989990234375,387.20001220703125,388.7900085449219,4402399
2026-04-17 09:30:00-04:00,395.9200134277344,399.04998779296875,391.6499938964844,396.5306091308594,20397410
2026-04-17 10:30:00-04:00,396.6000061035156,409.2799987792969,396.4599914550781,408.1300048828125,22853031
2026-04-17 11:30:00-04:00,408.135009765625,409.1000061035156,405.17999267578125,407.1199951171875,12914552
2026-04-17 12:30:00-04:00,407.1687927246094,407.9700012207031,400.57000732421875,401.5400085449219,8641358
2026-04-17 13:30:00-04:00,401.5199890136719,402.70001220703125,399.45001220703125,400.6600036621094,8281959
2026-04-17 14:30:00-04:00,400.7250061035156,403.0899963378906,400.2900085449219,401.79998779296875,7624231
2026-04-17 15:30:00-04:00,401.7799987792969,402.6199951171875,399.8299865722656,400.6600036621094,5311579
2026-04-20 09:30:00-04:00,402.5799865722656,406.79998779296875,392.0299987792969,392.989990234375,21565375
2026-04-20 10:30:00-04:00,393.0098876953125,394.8399963378906,388.3299865722656,393.25,12525906
2026-04-20 11:30:00-04:00,393.2099914550781,393.239990234375,390.29998779296875,392.45001220703125,7029758
2026-04-20 12:30:00-04:00,392.4599914550781,393.1698913574219,390.7799987792969,391.9599914550781,5080991
2026-04-20 13:30:00-04:00,391.9800109863281,393.3500061035156,391.69000244140625,392.9100036621094,4973314
2026-04-20 14:30:00-04:00,392.90008544921875,393.0498962402344,390.4800109863281,392.2699890136719,5461892
2026-04-20 15:30:00-04:00,392.29998779296875,393.510009765625,392.20001220703125,392.4599914550781,4260155
2026-04-21 09:30:00-04:00,393.04998779296875,393.95001220703125,389.0799865722656,392.2349853515625,13280966
2026-04-21 10:30:00-04:00,392.2005920410156,393.20001220703125,387.67999267578125,390.5249938964844,8598510
2026-04-21 11:30:00-04:00,390.4700012207031,391.32000732421875,388.0,388.3689880371094,5050425
2026-04-21 12:30:00-04:00,388.3399963378906,389.53509521484375,385.2200927734375,385.8399963378906,6346929
2026-04-21 13:30:00-04:00,385.8599853515625,390.1138000488281,385.82000732421875,389.05499267578125,5610215
2026-04-21 14:30:00-04:00,389.05499267578125,390.6000061035156,387.79998779296875,390.06500244140625,4577407
2026-04-21 15:30:00-04:00,390.0899963378906,390.3500061035156,385.82000732421875,386.4800109863281,4299665
2026-04-22 09:30:00-04:00,387.55999755859375,392.7799987792969,385.29998779296875,392.75830078125,13071936
2026-04-22 10:30:00-04:00,392.7013854980469,393.0,389.0899963378906,389.614990234375,6488881
2026-04-22 11:30:00-04:00,389.6300048828125,391.54998779296875,389.590087890625,390.54998779296875,4498785
